<Profiles>
    <EventProvider Id="Microsoft-Windows-WFP" Name="0C478C5B-0351-41B1-8C58-4A6737DA32E3" Level="4" />
    <EventProvider Id="Microsoft-Windows-NetworkSecurity" Name="7B702970-90BC-4584-8B20-C0799086EE5A" Level="4" />
    <EventProvider Id="Microsoft-Windows-Windows_Firewall-With-Advanced-Security" Name="D1BC9AFF-2ABF-4D71-9146-ECB2A986EB85" />
    <EventProvider Id="TCPIP_ServiceTrace" Name="EB004A05-9B1A-11D4-9123-0050047759BC">
      <Keywords>
        <Keyword Value="0xFFFFFFFFFFFFFFFF" />
      </Keywords>
    </EventProvider>
</Profiles>
