"4490628","Win2008R2_19_03_SSU_KB"," ","0","12-Mar-2020","LDR","4490628","Servicing stack update for Windows 7 SP1 and Windows Server 2008 R2 SP1: March 12, 2019","http://support.microsoft.com/kb/4490628","KB only","KB only","KB Only"," ","No Rollup"
"4474419","Win2008R2_19_09_SHA_KB"," ","0","23-Sep-2019","LDR","4474419","SHA-2 code signing support update for Windows Server 2008 R2, Windows 7, and Windows Server 2008: September 23, 2019","http://support.microsoft.com/kb/4474419","KB only","KB only","KB Only"," ","No Rollup"
"4562030","Win2008R2_20_06_SSU_KB"," ","0","09-Jun-2020","LDR","4562030","Servicing stack update for Windows 7 SP1 and Server 2008 R2 SP1: June 9, 2020","http://support.microsoft.com/kb/4562030","KB only","KB only","KB Only"," ","No Rollup"
"4538483","Win2008R2_20_02_ESU_KB"," ","0","11-Feb-2020","LDR","4538483","Extended Security Updates (ESU) Licensing Preparation Package for Windows 7 SP1 and Windows Server 2008 R2 SP1","http://support.microsoft.com/kb/4538483","KB only","KB only","KB Only"," ","No Rollup"
"3125574","Win2008R2_16_04B_rollup_KB"," ","0","07-May-2016","LDR","3125574 (v1.0)","Convenience roll-up update for Windows 7 SP1 and Windows Server 2008 R2 SP1","http://support.microsoft.com/kb/3125574","KB only","KB only","KB Only"," ","No Rollup"
"4565524","Win2008R2_20-07_B_rollup_KB"," ","0","14-Jul-2020","GDR","4565524 (v1.0)","July 14, 2020-KB4565524 (Monthly Rollup)","http://support.microsoft.com/kb/4565524","KB only","KB only","KB only"," ","20-07Rollup"
