"4490628","Win2008R2_19_03_SSU_KB"," ","0","12-Mar-2020","LDR","4490628","Servicing stack update for Windows 7 SP1 and Windows Server 2008 R2 SP1: March 12, 2019","http://support.microsoft.com/kb/4490628","KB only","KB only","KB Only"," ","No Rollup"
"4474419","Win2008R2_19_09_SHA_KB"," ","0","23-Sep-2019","LDR","4474419","SHA-2 code signing support update for Windows Server 2008 R2, Windows 7, and Windows Server 2008: September 23, 2019","http://support.microsoft.com/kb/4474419","KB only","KB only","KB Only"," ","No Rollup"
"4580970","Win2008R2_20_10_SSU_KB"," ","0","13-Oct-2020","LDR","4580970","Servicing stack update for Windows 7 SP1 and Server 2008 R2 SP1: October 13, 2020","http://support.microsoft.com/kb/4580970","KB only","KB only","KB Only"," ","No Rollup"
"4538483","Win2008R2_20_02_ESU_KB"," ","0","11-Feb-2020","LDR","4538483","Extended Security Updates (ESU) Licensing Preparation Package for Windows 7 SP1 and Windows Server 2008 R2 SP1","http://support.microsoft.com/kb/4538483","KB only","KB only","KB Only"," ","No Rollup"
"3125574","Win2008R2_16_04B_rollup_KB"," ","0","07-May-2016","LDR","3125574 (v1.0)","Convenience roll-up update for Windows 7 SP1 and Windows Server 2008 R2 SP1","http://support.microsoft.com/kb/3125574","KB only","KB only","KB Only"," ","No Rollup"
"4580345","Win2008R2_20-10_B_rollup_KB"," ","0","13-Oct-2020","GDR","4580345 (v1.0)","October 13, 2020-KB4580345 (Monthly Rollup)","http://support.microsoft.com/kb/4580345","KB only","KB only","KB only"," ","20-10Rollup"
