"Binary","Component","Version","Prio","Published","Branch","Article","Title","Link","LDROnlyKB","LDROnlyTitle","LDROnlyLink","Comment","RollupInfo"
"Ntoskrnl.exe","Core_Kernel","6.1.7601.24354","0","9-Jan-19","LDR","4486565","February 19, 2019-KB4486565 (Preview of Monthly Rollup)","http://support.microsoft.com/kb/4486565","No LDR Only available","No LDR Only available","No LDR Only available","rEX","19-02Rollup"
"ntkrnlpa.exe","Core_Kernel","6.1.7601.24354","0","9-Jan-19","LDR","4486565","February 19, 2019-KB4486565 (Preview of Monthly Rollup)","http://support.microsoft.com/kb/4486565","No LDR Only available","No LDR Only available","No LDR Only available","rEX","19-02Rollup"
"crashdmp.sys","Core_Kernel","6.1.7601.22277","0","12.03.2013","LDRGDR","2826910 (v1.0)","Secondary dump data is limited to 256 MB in Windows 7 and Windows Server 2008 R2","http://support.microsoft.com/kb/2826910","No LDR Only available","No LDR Only available","No LDR Only available"," ","16-04Rollup"
"win32k.sys","Core_Kernel","6.1.7601.24353","0","7-Jan-19","LDR","4486565","February 19, 2019-KB4486565 (Preview of Monthly Rollup)","http://support.microsoft.com/kb/4486565","No LDR Only available","No LDR Only available","No LDR Only available","rEX","19-02Rollup"
"rdpshell.exe","RDS_remote_App","6.1.7601.22137","0","13.08.2014","LDR","2775511 (v1.0)","An enterprise hotfix rollup is available for Windows 7 SP1 and Windows Server 2008 R2 SP1","http://support.microsoft.com/kb/2775511","2727101 (v1.0)","RemoteApp server starts a duplicate instance of a 32-bit RemoteApp application on a computer that is running Windows Server 2008 R2","http://support.microsoft.com/kb/2727101","rEX","16-04Rollup"
"tscfgwmi.dll","RDS_remote_App","6.1.7601.22757","0","01.08.2014","LDRGDR","2989007 (v1.0)","Update to support Ultra HD resolution for RDP sessions in Windows 7 and Windows Server 2008 R","http://support.microsoft.com/kb/2989007","2928492 (v1.0)","Can't connect to remote applications hosted on a Windows Server 2008 R2 SP1-based computer","http://support.microsoft.com/kb/2928492"," ","16-04Rollup"
"Audioeng.dll","RDS_devRdr","6.1.7601.23471","1","14-Jun-16","LDR","4486565","February 19, 2019-KB4486565 (Preview of Monthly Rollup)","http://support.microsoft.com/kb/4486565","No LDR Only available","No LDR Only available","No LDR Only available","rEX","19-02Rollup"
"Audiokse.dll","RDS_devRdr","6.1.7601.23471","1","14-Jun-16","LDR","4486565","February 19, 2019-KB4486565 (Preview of Monthly Rollup)","http://support.microsoft.com/kb/4486565","No LDR Only available","No LDR Only available","No LDR Only available","rEX","19-02Rollup"
"Audioses.dll","RDS_devRdr","6.1.7601.23471","1","14-Jun-16","LDR","4486565","February 19, 2019-KB4486565 (Preview of Monthly Rollup)","http://support.microsoft.com/kb/4486565","No LDR Only available","No LDR Only available","No LDR Only available","rEX","19-02Rollup"
"Audiosrv.dll","RDS_devRdr","6.1.7601.23471","1","14-Jun-16","LDR","4486565","February 19, 2019-KB4486565 (Preview of Monthly Rollup)","http://support.microsoft.com/kb/4486565","No LDR Only available","No LDR Only available","No LDR Only available","rEX","19-02Rollup"
"wsepno.dll","RDS_msTsc","7.0.7601.22244","1","08.02.2013","LDR","2809808 (v1.0)","Takes longer than expected to log off from a Windows Server 2008 R2 SP1-based RDS server remotely","http://support.microsoft.com/kb/2809808","2809808 (v1.0)","Takes longer than expected to log off from a Windows Server 2008 R2 SP1-based RDS server remotely","http://support.microsoft.com/kb/2809808"," ","16-04Rollup"
"Xpsgdiconverter.dll","RDS_msTsc","6.1.7601.23403","1","25-Mar-2016","LDR","3125574","Convenience roll-up update for Windows 7 SP1 and Windows Server 2008 R2 SP1","http://support.microsoft.com/kb/3125574","No LDR Only available","No LDR Only available","No LDR Only available","rEX","16-04Rollup"
"Tsvmhasvc.dll","RDS_vHost","6.1.7601.23403","0","25-Mar-2016","LDR","3125574","Convenience roll-up update for Windows 7 SP1 and Windows Server 2008 R2 SP1","http://support.microsoft.com/kb/3125574","No LDR Only available","No LDR Only available","No LDR Only available","rEX","16-04Rollup"
"aaedge.dll","RDS_gateway","6.1.7601.23121","1","09.07.2015","LDRGDR","3075220 (v1.0)","MS15-082: Description of the security update for RDP in Windows: August 11, 2015","http://support.microsoft.com/kb/3075220","2778863 (v1.0)","RD Gateway service crashes on a computer that is running Windows Server 2008 R2","http://support.microsoft.com/kb/2778863","rEX","16-04Rollup"
"licmgr.exe","RDS_license","6.1.7601.23403","1","25-Mar-2016","LDR","3125574","Convenience roll-up update for Windows 7 SP1 and Windows Server 2008 R2 SP1","http://support.microsoft.com/kb/3125574","No LDR Only available","No LDR Only available","No LDR Only available","rEX","16-04Rollup"
"dxgkrnl.sys","RDS_host","6.1.7601.24260","1","9-Sep-18","LDR","4486565","February 19, 2019-KB4486565 (Preview of Monthly Rollup)","http://support.microsoft.com/kb/4486565","No LDR Only available","No LDR Only available","No LDR Only available","rEX","19-02Rollup"
"sessenv.dll","RDS_host","6.1.7601.22443","1","06.09.2013","LDR","2884284 (v1.0)","New certificate is generated whenever you start a Windows 7 SP1 or Windows Server 2008 R2 SP1-based computer that uses NAP 802.1X","http://support.microsoft.com/kb/2884284","2884284 (v1.0)","New certificate is generated whenever you start a Windows 7 SP1 or Windows Server 2008 R2 SP1-based computer that uses NAP 802.1X","http://support.microsoft.com/kb/2884284","rEX","16-04Rollup"
"profprov.dll","Dom_ProfProc","6.1.7601.22913","1","20.12.2014","LDRGDR","3021674 (v1.2)","MS15-003: Vulnerability in Windows User Profile service could allow elevation of privilege: January 13, 201","http://support.microsoft.com/kb/3021674","3021674 (v1.2)","MS15-003: Vulnerability in Windows User Profile service could allow elevation of privilege: January 13, 201","http://support.microsoft.com/kb/3021674","rEX","16-04Rollup"
"profsvc.dll","Dom_ProfProc","6.1.7601.22940","1","22.01.2015","LDRGDR","3014783 (v1.0)","""RDS busy"" or ""The Group Policy Client failed logon"" error when you log on to an application in Windows Server 2008 R2","http://support.microsoft.com/kb/3014783","2915094 (v1.0)","Profile loading takes a long time due to full DFS namespace sync with PDC","http://support.microsoft.com/kb/2915094","rEX","16-04Rollup"
"Termdd.sys","Core_Sys","6.1.7601.24056","1","10-Feb-18","LDR","4486565","February 19, 2019-KB4486565 (Preview of Monthly Rollup)","http://support.microsoft.com/kb/4486565","No LDR Only available","No LDR Only available","No LDR Only available","rEX","19-02Rollup"
"userenv.dll","Dom_GPSVC","6.1.7601.22590","1","05.02.2014","LDR","2918893 (v2.0)","User profile corruption after you lose network connectivity or hibernate a Windows 7-based computer","http://support.microsoft.com/kb/2918893","2918893 (v2.0)","User profile corruption after you lose network connectivity or hibernate a Windows 7-based computer","http://support.microsoft.com/kb/2918893"," ","16-04Rollup"
"3177467","Win2008R2_16_09_SvcStack_KB"," ","0","09-Oct-2016","LDR","3177467 (v3.0)","Servicing stack update for Windows 7 SP1 and Windows Server 2008 R2 SP1: September 20, 2016","http://support.microsoft.com/kb/3177467","KB only","KB only","KB Only"," ","No Rollup"
"3125574","Win2008R2_16_04B_rollup_KB"," ","0","07-May-2016","LDR","3125574 (v1.0)","Convenience roll-up update for Windows 7 SP1 and Windows Server 2008 R2 SP1","http://support.microsoft.com/kb/3125574","KB only","KB only","KB Only"," ","No Rollup"
"4486565","Win2008R2_19_02_C_rollup_KB"," ","0","19-Feb-2019","LDR","4486565 (v1.0)","February 19, 2019-KB4486565 (Preview of Monthly Rollup)","https://support.microsoft.com/en-us/help/4486565","KB only","KB only","KB Only"," ","19-02Rollup"
