"Binary","Component","Version","Prio","Published","Branch","Article","Title","Link","LDROnlyKB","LDROnlyTitle","LDROnlyLink","Comment","RollupInfo"
"Vmswitch.sys","Hyper-V_Net","6.2.15063.1356","1","30-Aug-18","GDR","4499181","May 14, 2019-KB4499181 (OS Build 15063.1805)","http://support.microsoft.com/kb/4499181","No LDR Only available","No LDR Only available","No LDR Only available","rEX","19-05Rollup"
"Wnv.sys","Hyper-V_Net","6.2.15063.1746","1","2-Apr-19","GDR","4499181","May 14, 2019-KB4499181 (OS Build 15063.1805)","http://support.microsoft.com/kb/4499181","No LDR Only available","No LDR Only available","No LDR Only available","rEX","19-05Rollup"
"Ndisimplatform.sys","Hyper-V_Net","6.2.15063.994","1","2-Mar-18","GDR","4499181","May 14, 2019-KB4499181 (OS Build 15063.1805)","http://support.microsoft.com/kb/4499181","No LDR Only available","No LDR Only available","No LDR Only available","rEX","19-05Rollup"
"Vmms.exe","Hyper-V_Net","6.2.15063.1805","1","3-May-19","GDR","4499181","May 14, 2019-KB4499181 (OS Build 15063.1805)","http://support.microsoft.com/kb/4499181","No LDR Only available","No LDR Only available","No LDR Only available","rEX","19-05Rollup"
"Winnat.sys","Hyper-V_Net","6.2.15063.850","1","1-Jan-18","GDR","4499181","May 14, 2019-KB4499181 (OS Build 15063.1805)","http://support.microsoft.com/kb/4499181","No LDR Only available","No LDR Only available","No LDR Only available","rEX","19-05Rollup"
"pvhdparser.sys","Hyper-V_Net","6.2.15063.850","1","1-Jan-18","GDR","4499181","May 14, 2019-KB4499181 (OS Build 15063.1805)","http://support.microsoft.com/kb/4499181","No LDR Only available","No LDR Only available","No LDR Only available","rEX","19-05Rollup"
"Rasapi32.dll","HNV_Net","6.2.15063.997","1","18-Mar-18","GDR","4499181","May 14, 2019-KB4499181 (OS Build 15063.1805)","http://support.microsoft.com/kb/4499181","No LDR Only available","No LDR Only available","No LDR Only available","rEX","19-05Rollup"
"Vmwp.exe","Hyper-V_app","6.2.15063.1805","1","3-May-19","GDR","4499181","May 14, 2019-KB4499181 (OS Build 15063.1805)","http://support.microsoft.com/kb/4499181","No LDR Only available","No LDR Only available","No LDR Only available","rEX","19-05Rollup"
"4487327","Win2016_19_02_SvcStack_KB"," ","0","12-Feb-2019","GDR","4487327","Servicing stack update for Windows 10, version 1703: February 12, 2019","http://support.microsoft.com/kb/4487327","KB only","KB only","KB Only"," ","No Rollup"
"4493436","Win2016_19_04_C_rollup_KB"," ","0","25-Apr-2019","GDR","4493436 (v1.0)","April 25, 2019-KB4493436 (OS Build 15063.1784)","http://support.microsoft.com/kb/4493436","KB only","KB only","KB Only"," ","19-04Rollup"
"4499181","Win2016RS2_19-05_B_rollup_KB"," ","0","14-May-2019","GDR","4499181 (v1.0)","May 14, 2019-KB4499181 (OS Build 15063.1805)","http://support.microsoft.com/kb/4499181","KB only","KB only","KB only"," ","19-05Rollup"
