"Binary","Component","Version","Prio","Published","Branch","Article","Title","Link","LDROnlyKB","LDROnlyTitle","LDROnlyLink","Comment","RollupInfo"
"Netlogon.dll","Dom_NETLOGON","6.2.17763.652","0","1-Jul-19","GDR","4519338 (v1.0)","October 8, 2019-KB4519338 (OS Build 17763.806)","http://support.microsoft.com/kb/4519338","KB only","KB only","KB only"," ","19-10Rollup"
"Kerberos.dll","Dom_KERBEROS","6.2.17763.771","0","1-Jul-19","GDR","4519338","October 8, 2019-KB4519338 (OS Build 17763.806)","http://support.microsoft.com/kb/4519338","KB only","KB only","KB only","rEX","19-10Rollup"
"Msv1_0.dll","Dom_NTLM","6.2.17763.802","1","1-Jul-19","GDR","4519338","October 8, 2019-KB4519338 (OS Build 17763.806)","http://support.microsoft.com/kb/4519338","KB only","KB only","KB only","rEX","19-10Rollup"
"Wldap32.dll","Dom_LDAPClient","6.2.17763.475","0","1-Jul-19","GDR","4519338 (v1.0)","October 8, 2019-KB4519338 (OS Build 17763.806)","http://support.microsoft.com/kb/4519338","KB only","KB only","KB only"," ","19-10Rollup"
"Lsasrv.dll","Dom_LSA","6.2.17763.771","0","1-Jul-19","GDR","4519338","October 8, 2019-KB4519338 (OS Build 17763.806)","http://support.microsoft.com/kb/4519338","KB only","KB only","KB only","rEX","19-10Rollup"
"Ksecpkg.sys","Dom_LSA","6.2.17763.503","0","1-Jul-19","GDR","4519338 (v1.0)","October 8, 2019-KB4519338 (OS Build 17763.806)","http://support.microsoft.com/kb/4519338","KB only","KB only","KB only"," ","19-10Rollup"
"Secur32.dll","Dom_LSA","6.2.17763.1","0","1-Jul-19","GDR","4519338 (v1.0)","October 8, 2019-KB4519338 (OS Build 17763.806)","http://support.microsoft.com/kb/4519338","KB only","KB only","KB only"," ","19-10Rollup"
"Schannel.dll","Dom_LSA","6.2.17763.802","0","1-Jul-19","GDR","4519338","October 8, 2019-KB4519338 (OS Build 17763.806)","http://support.microsoft.com/kb/4519338","KB only","KB only","KB only","rEX","19-10Rollup"
"Wintrust.dll","Dom_CRYPTO","6.2.17763.348","1","1-Jul-19","GDR","4519338 (v1.0)","October 8, 2019-KB4519338 (OS Build 17763.806)","http://support.microsoft.com/kb/4519338","KB only","KB only","KB only"," ","19-10Rollup"
"Cryptdll.dll","Dom_CRYPTO","6.2.17763.503","1","1-Jul-19","GDR","4519338 (v1.0)","October 8, 2019-KB4519338 (OS Build 17763.806)","http://support.microsoft.com/kb/4519338","KB only","KB only","KB only"," ","19-10Rollup"
"Userenv.dll","Dom_GPSVC","6.2.17763.557","0","1-Jul-19","GDR","4519338 (v1.0)","October 8, 2019-KB4519338 (OS Build 17763.806)","http://support.microsoft.com/kb/4519338","KB only","KB only","KB only"," ","19-10Rollup"
"Profsvc.dll","Dom_ProfProc","6.2.17763.592","0","1-Jul-19","GDR","4519338 (v1.0)","October 8, 2019-KB4519338 (OS Build 17763.806)","http://support.microsoft.com/kb/4519338","KB only","KB only","KB only"," ","19-10Rollup"
"Esent.dll","Dom_ESENT","6.2.17763.529","0","1-Jul-19","GDR","4519338 (v1.0)","October 8, 2019-KB4519338 (OS Build 17763.806)","http://support.microsoft.com/kb/4519338","KB only","KB only","KB only"," ","19-10Rollup"
"Ntdsai.dll","Dom_NTDSAI","6.2.17763.719","0","1-Jul-19","GDR","4519338 (v1.0)","October 8, 2019-KB4519338 (OS Build 17763.806)","http://support.microsoft.com/kb/4519338","KB only","KB only","KB only"," ","19-10Rollup"
"Ntdsutil.exe","Dom_NTDSAI","6.2.17763.503","0","1-Jul-19","GDR","4519338 (v1.0)","October 8, 2019-KB4519338 (OS Build 17763.806)","http://support.microsoft.com/kb/4519338","KB only","KB only","KB only"," ","19-10Rollup"
"Samsrv.dll","Dom_SAMSRV","6.2.17763.771","0","1-Jul-19","GDR","4519338","October 8, 2019-KB4519338 (OS Build 17763.806)","http://support.microsoft.com/kb/4519338","KB only","KB only","KB only","rEX","19-10Rollup"
"Samlib.dll","Dom_SAMSRV","6.2.17763.1","0","1-Jul-19","GDR","4519338 (v1.0)","October 8, 2019-KB4519338 (OS Build 17763.806)","http://support.microsoft.com/kb/4519338","KB only","KB only","KB only"," ","19-10Rollup"
"Mrxsmb.sys","Net_SMB_Client","6.2.17763.737","0","1-Jul-19","GDR","4519338 (v1.0)","October 8, 2019-KB4519338 (OS Build 17763.806)","http://support.microsoft.com/kb/4519338","KB only","KB only","KB only"," ","19-10Rollup"
"Mrxsmb10.sys","Net_SMB_Client","6.2.17763.379","0","1-Jul-19","GDR","4519338 (v1.0)","October 8, 2019-KB4519338 (OS Build 17763.806)","http://support.microsoft.com/kb/4519338","KB only","KB only","KB only"," ","19-10Rollup"
"Mrxsmb20.sys","Net_SMB_Client","6.2.17763.529","0","1-Jul-19","GDR","4519338 (v1.0)","October 8, 2019-KB4519338 (OS Build 17763.806)","http://support.microsoft.com/kb/4519338","KB only","KB only","KB only"," ","19-10Rollup"
"Rdbss.sys","Net_SMB_Client","6.2.17763.802","0","1-Jul-19","GDR","4519338","October 8, 2019-KB4519338 (OS Build 17763.806)","http://support.microsoft.com/kb/4519338","KB only","KB only","KB only","rEX","19-10Rollup"
"Netbt.sys","Net_SMB_Client","6.2.17763.437","0","1-Jul-19","GDR","4519338 (v1.0)","October 8, 2019-KB4519338 (OS Build 17763.806)","http://support.microsoft.com/kb/4519338","KB only","KB only","KB only"," ","19-10Rollup"
"Mup.sys","Net_SMB_Client","6.2.17763.1","0","1-Jul-19","GDR","4519338 (v1.0)","October 8, 2019-KB4519338 (OS Build 17763.806)","http://support.microsoft.com/kb/4519338","KB only","KB only","KB only"," ","19-10Rollup"
"wkssvc.dll","Net_SMB_Client","6.2.17763.592","0","1-Jul-19","GDR","4519338 (v1.0)","October 8, 2019-KB4519338 (OS Build 17763.806)","http://support.microsoft.com/kb/4519338","KB only","KB only","KB only"," ","19-10Rollup"
"Tcpip.sys","Net_Protocol","6.2.17763.771","0","1-Jul-19","GDR","4519338 (v1.0)","October 8, 2019-KB4519338 (OS Build 17763.806)","http://support.microsoft.com/kb/4519338","KB only","KB only","KB only"," ","19-10Rollup"
"Afd.sys","Net_Protocol","6.2.17763.379","0","1-Jul-19","GDR","4519338 (v1.0)","October 8, 2019-KB4519338 (OS Build 17763.806)","http://support.microsoft.com/kb/4519338","KB only","KB only","KB only"," ","19-10Rollup"
"Netio.sys","Net_Protocol","6.2.17763.771","0","1-Jul-19","GDR","4519338 (v1.0)","October 8, 2019-KB4519338 (OS Build 17763.806)","http://support.microsoft.com/kb/4519338","KB only","KB only","KB only"," ","19-10Rollup"
"Ndis.sys","Net_Protocol","6.2.17763.404","0","1-Jul-19","GDR","4519338 (v1.0)","October 8, 2019-KB4519338 (OS Build 17763.806)","http://support.microsoft.com/kb/4519338","KB only","KB only","KB only"," ","19-10Rollup"
"Netiohlp.dll","Net_Protocol","6.2.17763.292","0","1-Jul-19","GDR","4519338 (v1.0)","October 8, 2019-KB4519338 (OS Build 17763.806)","http://support.microsoft.com/kb/4519338","KB only","KB only","KB only"," ","19-10Rollup"
"Iphlpapi.dll","Net_Protocol","6.2.17763.615","0","1-Jul-19","GDR","4519338 (v1.0)","October 8, 2019-KB4519338 (OS Build 17763.806)","http://support.microsoft.com/kb/4519338","KB only","KB only","KB only"," ","19-10Rollup"
"Dfsc.sys","Net_DFS-N_Client","6.2.17763.1","0","1-Jul-19","GDR","4519338 (v1.0)","October 8, 2019-KB4519338 (OS Build 17763.806)","http://support.microsoft.com/kb/4519338","KB only","KB only","KB only"," ","19-10Rollup"
"Cscapi.dll","Net_CSC_Offline","6.2.17763.404","0","1-Jul-19","GDR","4519338 (v1.0)","October 8, 2019-KB4519338 (OS Build 17763.806)","http://support.microsoft.com/kb/4519338","KB only","KB only","KB only"," ","19-10Rollup"
"Cscdll.dll","Net_CSC_Offline","6.2.17763.404","0","1-Jul-19","GDR","4519338 (v1.0)","October 8, 2019-KB4519338 (OS Build 17763.806)","http://support.microsoft.com/kb/4519338","KB only","KB only","KB only"," ","19-10Rollup"
"Cscsvc.dll","Net_CSC_Offline","6.2.17763.404","0","1-Jul-19","GDR","4519338 (v1.0)","October 8, 2019-KB4519338 (OS Build 17763.806)","http://support.microsoft.com/kb/4519338","KB only","KB only","KB only"," ","19-10Rollup"
"Mrxdav.sys","Net_WebDAV","6.2.17763.771","0","1-Jul-19","GDR","4519338","October 8, 2019-KB4519338 (OS Build 17763.806)","http://support.microsoft.com/kb/4519338","KB only","KB only","KB only","rEX","19-10Rollup"
"Shell32.dll","Net_WebDAV","6.2.17763.771","0","1-Jul-19","GDR","4519338","October 8, 2019-KB4519338 (OS Build 17763.806)","http://support.microsoft.com/kb/4519338","KB only","KB only","KB only","rEX","19-10Rollup"
"Winhttp.dll","Net_WebDAV","6.2.17763.771","0","1-Jul-19","GDR","4519338","October 8, 2019-KB4519338 (OS Build 17763.806)","http://support.microsoft.com/kb/4519338","KB only","KB only","KB only","rEX","19-10Rollup"
"Dhcpcore.dll","Net_DHCP_Client","6.2.17763.404","0","1-Jul-19","GDR","4519338 (v1.0)","October 8, 2019-KB4519338 (OS Build 17763.806)","http://support.microsoft.com/kb/4519338","KB only","KB only","KB only"," ","19-10Rollup"
"Dhcpcsvc.dll","Net_DHCP_Client","6.2.17763.1","0","1-Jul-19","GDR","4519338 (v1.0)","October 8, 2019-KB4519338 (OS Build 17763.806)","http://support.microsoft.com/kb/4519338","KB only","KB only","KB only"," ","19-10Rollup"
"dnsapi.dll","Net_DNS_Client","6.2.17763.652","0","1-Jul-19","GDR","4519338 (v1.0)","October 8, 2019-KB4519338 (OS Build 17763.806)","http://support.microsoft.com/kb/4519338","KB only","KB only","KB only"," ","19-10Rollup"
"dnsrslvr.dll","Net_DNS_Client","6.2.17763.652","0","1-Jul-19","GDR","4519338 (v1.0)","October 8, 2019-KB4519338 (OS Build 17763.806)","http://support.microsoft.com/kb/4519338","KB only","KB only","KB only"," ","19-10Rollup"
"Rpcss.dll","Net_RPC","6.2.17763.771","1","1-Jul-19","GDR","4519338","October 8, 2019-KB4519338 (OS Build 17763.806)","http://support.microsoft.com/kb/4519338","KB only","KB only","KB only","rEX","19-10Rollup"
"Rpcrt4.dll","Net_RPC","6.2.17763.719","1","1-Jul-19","GDR","4519338 (v1.0)","October 8, 2019-KB4519338 (OS Build 17763.806)","http://support.microsoft.com/kb/4519338","KB only","KB only","KB only"," ","19-10Rollup"
"Bfe.dll","Net_Ipsec_BFE","6.2.17763.771","1","1-Jul-19","GDR","4519338","October 8, 2019-KB4519338 (OS Build 17763.806)","http://support.microsoft.com/kb/4519338","KB only","KB only","KB only","rEX","19-10Rollup"
"Ikeext.dll","Net_Ipsec_BFE","6.2.17763.771","1","1-Jul-19","GDR","4519338","October 8, 2019-KB4519338 (OS Build 17763.806)","http://support.microsoft.com/kb/4519338","KB only","KB only","KB only","rEX","19-10Rollup"
"Fwpuclnt.dll","Net_Ipsec_BFE","6.2.17763.771","1","1-Jul-19","GDR","4519338","October 8, 2019-KB4519338 (OS Build 17763.806)","http://support.microsoft.com/kb/4519338","KB only","KB only","KB only","rEX","19-10Rollup"
"Iphlpsvc.dll","Net_DirectAccess_Client","6.2.17763.678","1","1-Jul-19","GDR","4519338 (v1.0)","October 8, 2019-KB4519338 (OS Build 17763.806)","http://support.microsoft.com/kb/4519338","KB only","KB only","KB only"," ","19-10Rollup"
"Rdpcore.dll","Net_DirectAccess_Client","6.2.17763.615","1","1-Jul-19","GDR","4519338 (v1.0)","October 8, 2019-KB4519338 (OS Build 17763.806)","http://support.microsoft.com/kb/4519338","KB only","KB only","KB only"," ","19-10Rollup"
"Rastls.dll","Net_IEEE802.1x","6.2.17763.592","1","1-Jul-19","GDR","4519338 (v1.0)","October 8, 2019-KB4519338 (OS Build 17763.806)","http://support.microsoft.com/kb/4519338","KB only","KB only","KB only"," ","19-10Rollup"
"wlansvc.dll","Net_WLAN_Client","6.2.17763.615","1","1-Jul-19","GDR","4519338 (v1.0)","October 8, 2019-KB4519338 (OS Build 17763.806)","http://support.microsoft.com/kb/4519338","KB only","KB only","KB only"," ","19-10Rollup"
"wlanmsm.dll","Net_WLAN_Client","6.2.17763.592","1","1-Jul-19","GDR","4519338 (v1.0)","October 8, 2019-KB4519338 (OS Build 17763.806)","http://support.microsoft.com/kb/4519338","KB only","KB only","KB only"," ","19-10Rollup"
"wlanapi.dll","Net_WLAN_Client","6.2.17763.615","1","1-Jul-19","GDR","4519338 (v1.0)","October 8, 2019-KB4519338 (OS Build 17763.806)","http://support.microsoft.com/kb/4519338","KB only","KB only","KB only"," ","19-10Rollup"
"wlansec.dll","Net_WLAN_Client","6.2.17763.1","1","1-Jul-19","GDR","4519338 (v1.0)","October 8, 2019-KB4519338 (OS Build 17763.806)","http://support.microsoft.com/kb/4519338","KB only","KB only","KB only"," ","19-10Rollup"
"wlansvcpal.dll","Net_WLAN_Client","6.2.17763.1","1","1-Jul-19","GDR","4519338 (v1.0)","October 8, 2019-KB4519338 (OS Build 17763.806)","http://support.microsoft.com/kb/4519338","KB only","KB only","KB only"," ","19-10Rollup"
"wlanhlp.dll","Net_WLAN_Client","6.2.17763.1","1","1-Jul-19","GDR","4519338 (v1.0)","October 8, 2019-KB4519338 (OS Build 17763.806)","http://support.microsoft.com/kb/4519338","KB only","KB only","KB only"," ","19-10Rollup"
"Rasapi32.dll","HNV_Net","6.2.17763.292","1","1-Jul-19","GDR","4519338 (v1.0)","October 8, 2019-KB4519338 (OS Build 17763.806)","http://support.microsoft.com/kb/4519338","KB only","KB only","KB only"," ","19-10Rollup"
"Dhcpcore6.dll","Net_IPv6","6.2.17763.404","1","1-Jul-19","GDR","4519338 (v1.0)","October 8, 2019-KB4519338 (OS Build 17763.806)","http://support.microsoft.com/kb/4519338","KB only","KB only","KB only"," ","19-10Rollup"
"Dhcpcsvc6.dll","Net_IPv6","6.2.17763.1","1","1-Jul-19","GDR","4519338 (v1.0)","October 8, 2019-KB4519338 (OS Build 17763.806)","http://support.microsoft.com/kb/4519338","KB only","KB only","KB only"," ","19-10Rollup"
"Mpsdrv.sys","Net_Firewall","6.2.17763.404","1","1-Jul-19","GDR","4519338 (v1.0)","October 8, 2019-KB4519338 (OS Build 17763.806)","http://support.microsoft.com/kb/4519338","KB only","KB only","KB only"," ","19-10Rollup"
"MpsSvc.dll","Net_Firewall","6.2.17763.737","1","1-Jul-19","GDR","4519338 (v1.0)","October 8, 2019-KB4519338 (OS Build 17763.806)","http://support.microsoft.com/kb/4519338","KB only","KB only","KB only"," ","19-10Rollup"
"Ntoskrnl.exe","Core_Kernel","6.2.17763.802","0","1-Jul-19","GDR","4519338","October 8, 2019-KB4519338 (OS Build 17763.806)","http://support.microsoft.com/kb/4519338","KB only","KB only","KB only","rEX","19-10Rollup"
"Ntdll.dll","Core_Kernel","6.2.17763.802","0","1-Jul-19","GDR","4519338","October 8, 2019-KB4519338 (OS Build 17763.806)","http://support.microsoft.com/kb/4519338","KB only","KB only","KB only","rEX","19-10Rollup"
"Hal.dll","Core_Kernel","6.2.17763.737","0","1-Jul-19","GDR","4519338 (v1.0)","October 8, 2019-KB4519338 (OS Build 17763.806)","http://support.microsoft.com/kb/4519338","KB only","KB only","KB only"," ","19-10Rollup"
"Fltmgr.sys","Core_Kernel","6.2.17763.592","0","1-Jul-19","GDR","4519338 (v1.0)","October 8, 2019-KB4519338 (OS Build 17763.806)","http://support.microsoft.com/kb/4519338","KB only","KB only","KB only"," ","19-10Rollup"
"win32k.sys","Core_Kernel","6.2.17763.557","0","1-Jul-19","GDR","4519338 (v1.0)","October 8, 2019-KB4519338 (OS Build 17763.806)","http://support.microsoft.com/kb/4519338","KB only","KB only","KB only"," ","19-10Rollup"
"Ntfs.sys","Core_FileSystem","6.2.17763.592","0","1-Jul-19","GDR","4519338 (v1.0)","October 8, 2019-KB4519338 (OS Build 17763.806)","http://support.microsoft.com/kb/4519338","KB only","KB only","KB only"," ","19-10Rollup"
"dedup.sys","Core_FileSystem","6.2.17763.292","0","1-Jul-19","GDR","4519338 (v1.0)","October 8, 2019-KB4519338 (OS Build 17763.806)","http://support.microsoft.com/kb/4519338","KB only","KB only","KB only"," ","19-10Rollup"
"Msiscsi.sys","Core_DiskSystem","6.2.17763.593","0","1-Jul-19","GDR","4519338 (v1.0)","October 8, 2019-KB4519338 (OS Build 17763.806)","http://support.microsoft.com/kb/4519338","KB only","KB only","KB only"," ","19-10Rollup"
"Storport.sys","Core_DiskSystem","6.2.17763.771","0","1-Jul-19","GDR","4519338 (v1.0)","October 8, 2019-KB4519338 (OS Build 17763.806)","http://support.microsoft.com/kb/4519338","KB only","KB only","KB only"," ","19-10Rollup"
"Repdrvfs.dll","Core_WMI","6.2.17763.1","0","1-Jul-19","GDR","4519338 (v1.0)","October 8, 2019-KB4519338 (OS Build 17763.806)","http://support.microsoft.com/kb/4519338","KB only","KB only","KB only"," ","19-10Rollup"
"Advapi32.dll","Core_Apps","6.2.17763.1","0","1-Jul-19","GDR","4519338 (v1.0)","October 8, 2019-KB4519338 (OS Build 17763.806)","http://support.microsoft.com/kb/4519338","KB only","KB only","KB only"," ","19-10Rollup"
"Mshtml.dll","IE_Client","11.0.17763.802","0","1-Jul-19","GDR","4519338","October 8, 2019-KB4519338 (OS Build 17763.806)","http://support.microsoft.com/kb/4519338","KB only","KB only","KB only","rEX","19-10Rollup"
"4521862","Win2016RS5_19_10_SSU_KB"," ","0","08-Oct-2019","GDR","4521862","Servicing stack update for Windows 10 version 1809: October 8, 2019","http://support.microsoft.com/kb/4521862","KB only","KB only","KB Only"," ","No Rollup"
"4519338","Win2016RS5_19-10_B_rollup_KB"," ","0","08-Oct-2019","GDR","4519338 (v1.0)","October 8, 2019-KB4519338 (OS Build 17763.806)","http://support.microsoft.com/kb/4519338","KB only","KB only","KB only"," ","19-10Rollup"
