"Binary","Component","Version","Prio","Published","Branch","Article","Title","Link","LDROnlyKB","LDROnlyTitle","LDROnlyLink","Comment","RollupInfo"
"Ntoskrnl.exe","Core_Kernel","6.2.10240.18303","0","30-Jul-19","GDR","4512497","August 13, 2019-KB4512497 (OS Build 10240.18305)","http://support.microsoft.com/kb/4512497","No LDR Only available","No LDR Only available","No LDR Only available","rEX","19-08Rollup"
"Vssapi.dll","Core_VSS","6.2.10240.17113","1","7-Sep-16","GDR","4512497","August 13, 2019-KB4512497 (OS Build 10240.18305)","http://support.microsoft.com/kb/4512497","No LDR Only available","No LDR Only available","No LDR Only available","rEX","19-08Rollup"
"Vsstrace.dll","Core_VSS","6.2.10240.17113","1","7-Sep-16","GDR","4512497","August 13, 2019-KB4512497 (OS Build 10240.18305)","http://support.microsoft.com/kb/4512497","No LDR Only available","No LDR Only available","No LDR Only available","rEX","19-08Rollup"
"wbengine.exe","Core_VSS","6.2.10240.18036","1","25-Oct-18","GDR","4512497","August 13, 2019-KB4512497 (OS Build 10240.18305)","http://support.microsoft.com/kb/4512497","No LDR Only available","No LDR Only available","No LDR Only available","rEX","19-08Rollup"
"pci.sys","Core_Sys","6.2.10240.16942","1","28-May-16","GDR","4512497","August 13, 2019-KB4512497 (OS Build 10240.18305)","http://support.microsoft.com/kb/4512497","No LDR Only available","No LDR Only available","No LDR Only available","rEX","19-08Rollup"
"Crypt32.dll","Dom_CRYPTO","6.2.10240.17394","1","28-Apr-17","GDR","4512497","August 13, 2019-KB4512497 (OS Build 10240.18305)","http://support.microsoft.com/kb/4512497","No LDR Only available","No LDR Only available","No LDR Only available","rEX","19-08Rollup"
"Cryptsvc.dll","Dom_CRYPTO","6.2.10240.16942","1","28-May-16","GDR","4512497","August 13, 2019-KB4512497 (OS Build 10240.18305)","http://support.microsoft.com/kb/4512497","No LDR Only available","No LDR Only available","No LDR Only available","rEX","19-08Rollup"
"Wintrust.dll","Dom_CRYPTO","6.2.10240.17861","1","28-Apr-18","GDR","4512497","August 13, 2019-KB4512497 (OS Build 10240.18305)","http://support.microsoft.com/kb/4512497","No LDR Only available","No LDR Only available","No LDR Only available","rEX","19-08Rollup"
"Cryptdll.dll","Dom_CRYPTO","6.2.10240.18215","1","3-May-19","GDR","4512497","August 13, 2019-KB4512497 (OS Build 10240.18305)","http://support.microsoft.com/kb/4512497","No LDR Only available","No LDR Only available","No LDR Only available","rEX","19-08Rollup"
"4509090","Win2016_19_05_SSU_KB"," ","0","09-Jul-2019","GDR","4509090 (v1.0)","Servicing stack update for Windows 10, Version 1507: July 9, 2019 ","http://support.microsoft.com/kb/4509090","KB only","KB only","KB Only"," ","No Rollup"
"4512497","Win2016_19-08_B_rollup_KB"," ","0","13-Aug-2019","GDR","4512497 (v1.0)","August 13, 2019-KB4512497 (OS Build 10240.18305)","http://support.microsoft.com/kb/4512497","KB only","KB only","KB only"," ","19-08Rollup"
