"Binary","Component","Version","Prio","Published","Branch","Article","Title","Link","LDROnlyKB","LDROnlyTitle","LDROnlyLink","Comment","RollupInfo"
"Rdsdwmdr.dll","RDS_remote_App","6.2.17134.1304","0","5-Feb-20","GDR","4550944","April 21, 2020-KB4550944 (OS Build 17134.1456)","http://support.microsoft.com/kb/4550944","No LDR Only available","No LDR Only available","No LDR Only available","rEX","20-04Rollup"
"Audioeng.dll","RDS_devRdr","6.2.17134.1304","1","5-Feb-20","GDR","4550944","April 21, 2020-KB4550944 (OS Build 17134.1456)","http://support.microsoft.com/kb/4550944","No LDR Only available","No LDR Only available","No LDR Only available","rEX","20-04Rollup"
"Profsvc.dll","Dom_ProfProc","6.2.17134.1305","1","15-Feb-20","GDR","4550944","April 21, 2020-KB4550944 (OS Build 17134.1456)","http://support.microsoft.com/kb/4550944","No LDR Only available","No LDR Only available","No LDR Only available","rEX","20-04Rollup"
"4540724","Win2016RS4_20_03_SSU_KB"," ","0","10-Mar-2020","GDR","4540724","Servicing stack update for Windows 10, version 1803: March 10, 2020","http://support.microsoft.com/kb/4540724","KB only","KB only","KB Only"," ","No Rollup"
"4550944","Win2016RS4_20-04_C_rollup_KB"," ","0","21-Apr-2020","GDR","4550944 (v1.0)","April 21, 2020-KB4550944 (OS Build 17134.1456)","http://support.microsoft.com/kb/4550944","KB only","KB only","KB only"," ","20-04Rollup"
