"Binary","Component","Version","Prio","Published","Branch","Article","Title","Link","LDROnlyKB","LDROnlyTitle","LDROnlyLink","Comment","RollupInfo"
"Ntoskrnl.exe","Core_Kernel","6.2.10240.18452","0","12-Dec-19","GDR","4534306","January 14, 2020-KB4534306 (OS Build 10240.18453)","http://support.microsoft.com/kb/4534306","No LDR Only available","No LDR Only available","No LDR Only available","rEX","20-01Rollup"
"Ntdll.dll","Core_Kernel","6.2.10240.18036","0","25-Oct-18","GDR","4534306","January 14, 2020-KB4534306 (OS Build 10240.18453)","http://support.microsoft.com/kb/4534306","No LDR Only available","No LDR Only available","No LDR Only available","rEX","20-01Rollup"
"Hal.dll","Core_Kernel","6.2.10240.18366","0","30-Sep-19","GDR","4534306","January 14, 2020-KB4534306 (OS Build 10240.18453)","http://support.microsoft.com/kb/4534306","No LDR Only available","No LDR Only available","No LDR Only available","rEX","20-01Rollup"
"win32k.sys","Core_Kernel","6.2.10240.16384","0","10-Jul-15","GDR","4534306","January 14, 2020-KB4534306 (OS Build 10240.18453)","http://support.microsoft.com/kb/4534306","No LDR Only available","No LDR Only available","No LDR Only available","rEX","20-01Rollup"
"Ntfs.sys","Core_FileSystem","6.2.10240.18158","0","6-Mar-19","GDR","4534306","January 14, 2020-KB4534306 (OS Build 10240.18453)","http://support.microsoft.com/kb/4534306","No LDR Only available","No LDR Only available","No LDR Only available","rEX","20-01Rollup"
"Storport.sys","Core_DiskSystem","6.2.10240.17738","0","2-Jan-18","GDR","4534306","January 14, 2020-KB4534306 (OS Build 10240.18453)","http://support.microsoft.com/kb/4534306","No LDR Only available","No LDR Only available","No LDR Only available","rEX","20-01Rollup"
"Repdrvfs.dll","Core_WMI","6.2.10240.16384","0","10-Jul-15","GDR","4534306","January 14, 2020-KB4534306 (OS Build 10240.18453)","http://support.microsoft.com/kb/4534306","No LDR Only available","No LDR Only available","No LDR Only available","rEX","20-01Rollup"
"Advapi32.dll","Core_Apps","6.2.10240.17738","0","2-Jan-18","GDR","4534306","January 14, 2020-KB4534306 (OS Build 10240.18453)","http://support.microsoft.com/kb/4534306","No LDR Only available","No LDR Only available","No LDR Only available","rEX","20-01Rollup"
"Vssapi.dll","Core_VSS","6.2.10240.17113","1","7-Sep-16","GDR","4534306","January 14, 2020-KB4534306 (OS Build 10240.18453)","http://support.microsoft.com/kb/4534306","No LDR Only available","No LDR Only available","No LDR Only available","rEX","20-01Rollup"
"Vsstrace.dll","Core_VSS","6.2.10240.17113","1","7-Sep-16","GDR","4534306","January 14, 2020-KB4534306 (OS Build 10240.18453)","http://support.microsoft.com/kb/4534306","No LDR Only available","No LDR Only available","No LDR Only available","rEX","20-01Rollup"
"wbengine.exe","Core_VSS","6.2.10240.18036","1","25-Oct-18","GDR","4534306","January 14, 2020-KB4534306 (OS Build 10240.18453)","http://support.microsoft.com/kb/4534306","No LDR Only available","No LDR Only available","No LDR Only available","rEX","20-01Rollup"
"pci.sys","Core_Sys","6.2.10240.16942","1","28-May-16","GDR","4534306","January 14, 2020-KB4534306 (OS Build 10240.18453)","http://support.microsoft.com/kb/4534306","No LDR Only available","No LDR Only available","No LDR Only available","rEX","20-01Rollup"
"Crypt32.dll","Dom_CRYPTO","6.2.10240.18452","1","12-Dec-19","GDR","4534306","January 14, 2020-KB4534306 (OS Build 10240.18453)","http://support.microsoft.com/kb/4534306","No LDR Only available","No LDR Only available","No LDR Only available","rEX","20-01Rollup"
"Cryptsvc.dll","Dom_CRYPTO","6.2.10240.16942","1","28-May-16","GDR","4534306","January 14, 2020-KB4534306 (OS Build 10240.18453)","http://support.microsoft.com/kb/4534306","No LDR Only available","No LDR Only available","No LDR Only available","rEX","20-01Rollup"
"Wintrust.dll","Dom_CRYPTO","6.2.10240.17861","1","28-Apr-18","GDR","4534306","January 14, 2020-KB4534306 (OS Build 10240.18453)","http://support.microsoft.com/kb/4534306","No LDR Only available","No LDR Only available","No LDR Only available","rEX","20-01Rollup"
"Cryptdll.dll","Dom_CRYPTO","6.2.10240.18215","1","3-May-19","GDR","4534306","January 14, 2020-KB4534306 (OS Build 10240.18453)","http://support.microsoft.com/kb/4534306","No LDR Only available","No LDR Only available","No LDR Only available","rEX","20-01Rollup"
"Cryptcatsvc.dll","Dom_CRYPTO","6.2.10240.18452","1","12-Dec-19","GDR","4534306","January 14, 2020-KB4534306 (OS Build 10240.18453)","http://support.microsoft.com/kb/4534306","No LDR Only available","No LDR Only available","No LDR Only available","rEX","20-01Rollup"
"Tzres.dll","Core_TimeZone","6.2.10240.18394","1","24-Oct-19","GDR","4534306","January 14, 2020-KB4534306 (OS Build 10240.18453)","http://support.microsoft.com/kb/4534306","No LDR Only available","No LDR Only available","No LDR Only available","rEX","20-01Rollup"
"4523200","Win2016_19_11_SSU_KB"," ","0","12-Nov-2019","GDR","4523200","Servicing stack update for Windows 10, version 1507: November 12, 2019","http://support.microsoft.com/kb/4523200","KB only","KB only","KB Only"," ","No Rollup"
"4534306","Win2016_20-01_B_rollup_KB"," ","0","14-Jan-2020","GDR","4534306 (v1.0)","January 14, 2020-KB4534306 (OS Build 10240.18453)","http://support.microsoft.com/kb/4534306","KB only","KB only","KB only"," ","20-01Rollup"
