"Binary","Component","Version","Prio","Published","Branch","Article","Title","Link","LDROnlyKB","LDROnlyTitle","LDROnlyLink","Comment","RollupInfo"
"Ntoskrnl.exe","Core_Kernel","6.2.18362.657","0","11-Feb-200","GDR","4532693 (v1.0)","February 11, 2020-KB4532693 (OS Builds 18362.657 and 18363.657)","http://support.microsoft.com/kb/4532693","KB only","KB only","KB only"," ","20-02Rollup"
"wbengine.exe","Core_VSS","6.2.18362.657","1","22-Jan-20","GDR","4532693 (v1.0)","February 11, 2020-KB4532693 (OS Builds 18362.657 and 18363.657)","http://support.microsoft.com/kb/4532693","KB only","KB only","KB only"," ","20-02Rollup"
"pci.sys","Core_Sys","6.2.18362.628","1","28-Jan-20","GDR","4532693 (v1.0)","February 11, 2020-KB4532693 (OS Builds 18362.657 and 18363.657)","http://support.microsoft.com/kb/4532693","KB only","KB only","KB only"," ","20-02Rollup"
"Volmgr.sys","Core_Sys","6.2.18362.628","1","11-Feb-20","GDR","4532693 (v1.0)","February 11, 2020-KB4532693 (OS Builds 18362.657 and 18363.657)","http://support.microsoft.com/kb/4532693","KB only","KB only","KB only"," ","20-02Rollup"
"Crypt32.dll","Dom_CRYPTO","6.2.18362.592","1","3-Jan-20","GDR","4532693 (v1.0)","February 11, 2020-KB4532693 (OS Builds 18362.657 and 18363.657)","http://support.microsoft.com/kb/4532693","KB only","KB only","KB only"," ","20-02Rollup"
"Wintrust.dll","Dom_CRYPTO","6.2.18362.387","1","26-Sep-19","GDR","4532693 (v1.0)","February 11, 2020-KB4532693 (OS Builds 18362.657 and 18363.657)","http://support.microsoft.com/kb/4532693","KB only","KB only","KB only"," ","20-02Rollup"
"Cryptdll.dll","Dom_CRYPTO","6.2.18362.113","1","29-Jun-19","GDR","4532693 (v1.0)","February 11, 2020-KB4532693 (OS Builds 18362.657 and 18363.657)","http://support.microsoft.com/kb/4532693","KB only","KB only","KB only"," ","20-02Rollup"
"Cryptcatsvc.dll","Dom_CRYPTO","6.2.18362.592","1","3-Jan-20","GDR","4532693 (v1.0)","February 11, 2020-KB4532693 (OS Builds 18362.657 and 18363.657)","http://support.microsoft.com/kb/4532693","KB only","KB only","KB only"," ","20-02Rollup"
"4528759","Win2016_1903_20_01_SSU_KB"," ","0","12-Nov-2019","GDR","4528759","Servicing stack update for Windows 10, version 1903 and 1909: January 14, 2020","http://support.microsoft.com/kb/4528759","KB only","KB only","KB Only"," ","No Rollup"
"4532693","Win201619H2_20-02_B_rollup_KB"," ","0","11-Feb-2020","GDR","4532693 (v1.0)","February 11, 2020-KB4532693 (OS Builds 18362.657 and 18363.657)","http://support.microsoft.com/kb/4532693","KB only","KB only","KB only"," ","20-02Rollup"
