"Binary","Component","Version","Prio","Published","Branch","Article","Title","Link","LDROnlyKB","LDROnlyTitle","LDROnlyLink","Comment","RollupInfo"
"volsnap.sys","Cluster_Volsnap","6.3.9600.18265","0","14.03.2016","GDR","3145384 (v1.0)","MinDiffAreaFileSize registry value limit is increased from 3 GB to 50 GB in Windows 8.1 or Windows Server 2012 R2","http://support.microsoft.com/kb/3145384","No LDR Only available","No LDR Only available","No LDR Only available","rEX","No Rollup"
"csvflt.sys","Cluster_CSV","6.3.9600.17669","0","29.01.2015","GDR","2970653 (v1.0)","A SQL Server that is running in a Hyper-V virtual machine takes a long time to restore a database to a dynamic VH","http://support.microsoft.com/kb/2970653","No LDR Only available","No LDR Only available","No LDR Only available","rKB","No Rollup"
"Csvfs.sys","Cluster_CSV","6.3.9600.18696","0","12-May-17","LDR","4503276","June 11, 2019-KB4503276 (Monthly Rollup)","http://support.microsoft.com/kb/4503276","No LDR Only available","No LDR Only available","No LDR Only available","rEX","19-06Rollup"
"Vmswitch.sys","Hyper-V_Net","6.3.9600.19134","1","30-Aug-18","LDR","4503276","June 11, 2019-KB4503276 (Monthly Rollup)","http://support.microsoft.com/kb/4503276","No LDR Only available","No LDR Only available","No LDR Only available","rEX","19-06Rollup"
"Mslbfoprovider.sys","Hyper-V_Net","6.3.9600.18406","1","09-Jul-2016","LDR","3179574","August 2016 update rollup for Windows RT 8.1, Windows 8.1, and Windows Server 2012 R2","http://support.microsoft.com/kb/3179574","No LDR Only available","No LDR Only available","No LDR Only available","rEX","16-08Rollup"
"wnv.sys","Hyper-V_Net","6.3.9600.17676","1","08.02.2015","GDR","3023869 (v4.0)","Crash on Windows 8.1 or Windows Server 2012 R2 when a WPF driver calls the FwpsConstructIpHeaderForTransportPacket0 function","http://support.microsoft.com/kb/3023869","No LDR Only available","No LDR Only available","No LDR Only available","rEX","No Rollup"
"Vmsntfy.dll","Hyper-V_Net","6.3.9600.17396","1","8-Oct-14","LDR","4503276","June 11, 2019-KB4503276 (Monthly Rollup)","http://support.microsoft.com/kb/4503276","No LDR Only available","No LDR Only available","No LDR Only available","rEX","19-06Rollup"
"ndisimplatform.sys","Hyper-V_Net","6.3.9600.18258","1","03.03.2016","GDR","3145432 (v1.0)","Cluster nodes or VMs go offline when they are using VMQ capable NICs on a Windows Server 2012 R2 host","http://support.microsoft.com/kb/3145432","No LDR Only available","No LDR Only available","No LDR Only available","rEX","No Rollup"
"Vmms.exe","Hyper-V_Net","6.3.9600.19388","1","18-May-19","LDR","4503276","June 11, 2019-KB4503276 (Monthly Rollup)","http://support.microsoft.com/kb/4503276","No LDR Only available","No LDR Only available","No LDR Only available","rEX","19-06Rollup"
"winnat.sys","Hyper-V_Net","6.3.9600.18226","1","02.02.2016","GDR","3139164 (v1.0)","Tracert command doesn't receive responses when you trace resources on Internet through Windows Server 2012 R2 HNV GW","http://support.microsoft.com/kb/3139164","No LDR Only available","No LDR Only available","No LDR Only available","rEX","No Rollup"
"pvhdparser.sys","Hyper-V_Net","6.3.9600.18575","1","12-Jan-17","LDR","4503276","June 11, 2019-KB4503276 (Monthly Rollup)","http://support.microsoft.com/kb/4503276","No LDR Only available","No LDR Only available","No LDR Only available","rEX","19-06Rollup"
"Wmisvc.dll","Hyper-V_Net","10.0.14394.1046","1","25-Oct-17","LDR","4503276","June 11, 2019-KB4503276 (Monthly Rollup)","http://support.microsoft.com/kb/4503276","No LDR Only available","No LDR Only available","No LDR Only available","rEX","19-06Rollup"
"Rasapi32.dll","HNV_Net","6.3.9600.18404","1","7-Jul-16","LDR","4503276","June 11, 2019-KB4503276 (Monthly Rollup)","http://support.microsoft.com/kb/4503276","No LDR Only available","No LDR Only available","No LDR Only available","rEX","19-06Rollup"
"Mprapi.dll","HNV_Net","6.3.9600.18738","1","24-Jun-17","LDR","4503276","June 11, 2019-KB4503276 (Monthly Rollup)","http://support.microsoft.com/kb/4503276","No LDR Only available","No LDR Only available","No LDR Only available","rEX","19-06Rollup"
"Vmwp.exe","Hyper-V_app","6.3.9600.19388","1","18-May-19","LDR","4503276","June 11, 2019-KB4503276 (Monthly Rollup)","http://support.microsoft.com/kb/4503276","No LDR Only available","No LDR Only available","No LDR Only available","rEX","19-06Rollup"
"3173424","Win2012R2_16_07_SvcStack_KB","KBOnlyVersion","0","12-Jul-2016","GDR","3173424 (v3.0)","Servicing stack update for Windows 8.1 and Windows Server 2012 R2: July 12, 2016","http://support.microsoft.com/kb/3173424","KB only","KB only","KB only"," ","No Rollup"
"3123245","All_OS_2012R2_important_KB","KBOnlyVersion","0","14-Apr-2016","GDR","3123245 (v4.0)","Update improves port exhaustion identification in Windows Server 2012 R2","http://support.microsoft.com/kb/3123245","KB only","KB only","KB only"," ","No Rollup"
"2919355","Win2012R2_14_04_rollup_KB"," ","0","24.02.2014","GDR","2919355 (v1.14)","Windows RT 8.1, Windows 8.1, and Windows Server 2012 R2 Update: April 2014","http://support.microsoft.com/kb/2919355","KB only","KB only","KB Only"," ","14-04Rollup"
"3000850","Win2012R2_14_11_rollup_KB"," ","0","18.11.2014","GDR","3000850 (v2.0)","November 2014 update rollup for Windows RT 8.1, Windows 8.1, and Windows Server 2012 R2","http://support.microsoft.com/kb/3000850","KB only","KB only","KB Only"," ","14-11Rollup"
"3013769","Win2012R2_14_12_rollup_KB"," ","0","10.12.2014","GDR","3013769 (v2.0)","December 2014 update rollup for Windows RT 8.1, Windows 8.1, and Windows Server 2012 R2","http://support.microsoft.com/kb/3013769","KB only","KB only","KB Only"," ","14-12Rollup"
"3172614","Win2012R2_16_07_rollup_KB"," ","0","19.07.2016","GDR","3172614 (v1.0)","July 2016 update rollup for Windows RT 8.1, Windows 8.1, and Windows Server 2012 R2","http://support.microsoft.com/kb/3172614","KB only","KB only","KB Only"," ","16-07Rollup"
"3179574","Win2012R2_16_08_rollup_KB"," ","0","16.08.2016","GDR","3179574 (v1.0)","August 2016 update rollup for Windows RT 8.1, Windows 8.1, and Windows Server 2012 R2","http://support.microsoft.com/kb/3179574","KB only","KB only","KB Only"," ","16-08Rollup"
"4503276","Win2012R2_19-06_B_rollup_KB"," ","0","11-Jun-2019","GDR","4503276 (v1.0)","June 11, 2019-KB4503276 (Monthly Rollup)","http://support.microsoft.com/kb/4503276","KB only","KB only","KB only"," ","19-06Rollup"
