"Binary","Component","Version","Prio","Published","Branch","Article","Title","Link","LDROnlyKB","LDROnlyTitle","LDROnlyLink","Comment","RollupInfo"
"Volsnap.sys","Cluster_Volsnap","6.2.18362.693","0","7-Mar-20","GDR","4540673","March 10, 2020-KB4540673 (OS Builds 18362.719 and 18363.719)","http://support.microsoft.com/kb/4540673","KB only","KB only","KB only"," ","20-03Rollup"
"Csvflt.sys","Cluster_CSV","6.2.18362.1","0","23-Jan-20","GDR","4540673 (v1.0)","March 10, 2020-KB4540673 (OS Builds 18362.719 and 18363.719)","http://support.microsoft.com/kb/4540673","KB only","KB only","KB only"," ","20-03Rollup"
"Csvfs.sys","Cluster_CSV","6.2.18362.1","0","22-Jan-20","GDR","4540673 (v1.0)","March 10, 2020-KB4540673 (OS Builds 18362.719 and 18363.719)","http://support.microsoft.com/kb/4540673","KB only","KB only","KB only"," ","20-03Rollup"
"Vmswitch.sys","Hyper-V_Net","6.2.18362.693","1","7-Mar-20","GDR","4540673","March 10, 2020-KB4540673 (OS Builds 18362.719 and 18363.719)","http://support.microsoft.com/kb/4540673","KB only","KB only","KB only"," ","20-03Rollup"
"Ndisimplatform.sys","Hyper-V_Net","6.2.18362.693","1","7-Mar-20","GDR","4540673","March 10, 2020-KB4540673 (OS Builds 18362.719 and 18363.719)","http://support.microsoft.com/kb/4540673","KB only","KB only","KB only"," ","20-03Rollup"
"Vmms.exe","Hyper-V_Net","6.2.18362.449","1","24-Oct-19","GDR","4540673 (v1.0)","March 10, 2020-KB4540673 (OS Builds 18362.719 and 18363.719)","http://support.microsoft.com/kb/4540673","KB only","KB only","KB only"," ","20-03Rollup"
"Winnat.sys","Hyper-V_Net","6.2.18362.693","1","7-Mar-20","GDR","4540673","March 10, 2020-KB4540673 (OS Builds 18362.719 and 18363.719)","http://support.microsoft.com/kb/4540673","KB only","KB only","KB only"," ","20-03Rollup"
"Vmbus.sys","Hyper-V_Net","6.2.18362.693","1","7-Mar-20","GDR","4540673","March 10, 2020-KB4540673 (OS Builds 18362.719 and 18363.719)","http://support.microsoft.com/kb/4540673","KB only","KB only","KB only"," ","20-03Rollup"
"Rasapi32.dll","HNV_Net","6.2.18362.387","1","26-Sep-19","GDR","4540673 (v1.0)","March 10, 2020-KB4540673 (OS Builds 18362.719 and 18363.719)","http://support.microsoft.com/kb/4540673","KB only","KB only","KB only"," ","20-03Rollup"
"Vmwp.exe","Net_IPv6","6.2.18362.476","1","12-Nov-19","GDR","4540673 (v1.0)","March 10, 2020-KB4540673 (OS Builds 18362.719 and 18363.719)","http://support.microsoft.com/kb/4540673","KB only","KB only","KB only"," ","20-03Rollup"
"Vmwp.exe","Hyper-V_app","6.2.18362.1","1","8-Feb-20","GDR","4540673 (v1.0)","March 10, 2020-KB4540673 (OS Builds 18362.719 and 18363.719)","http://support.microsoft.com/kb/4540673","KB only","KB only","KB only"," ","20-03Rollup"
"4541338","Win2016_1909_20_03_SSU_KB"," ","0","10-Mar-2020","GDR","4541338","Servicing stack update for Windows 10, version 1903 and 1909: March 10, 2020","http://support.microsoft.com/kb/4541338","KB only","KB only","KB Only"," ","No Rollup"
"4540673","Win201619H2_20-03_B_rollup_KB"," ","0","10-Mar-2020","GDR","4540673 (v1.0)","March 10, 2020-KB4540673 (OS Builds 18362.719 and 18363.719)","http://support.microsoft.com/kb/4540673","KB only","KB only","KB only"," ","20-03Rollup"
