"Binary","Component","Version","Prio","Published","Branch","Article","Title","Link","LDROnlyKB","LDROnlyTitle","LDROnlyLink","Comment","RollupInfo"
"dedup.sys","Core_FileSystem","6.2.16299.1059","0","14-Mar-19","GDR","4577041","September 8, 2020-KB4577041 (OS Build 16299.2107)","http://support.microsoft.com/kb/4577041","No LDR Only available","No LDR Only available","No LDR Only available","rEX","20-09Rollup"
"srv.sys","Net_SMB_Server","6.2.16299.1932","0","2-Jun-20","GDR","4577041","September 8, 2020-KB4577041 (OS Build 16299.2107)","http://support.microsoft.com/kb/4577041","No LDR Only available","No LDR Only available","No LDR Only available","rEX","20-09Rollup"
"srv2.sys","Net_SMB_Server","6.2.16299.1059","0","14-Mar-19","GDR","4577041","September 8, 2020-KB4577041 (OS Build 16299.2107)","http://support.microsoft.com/kb/4577041","No LDR Only available","No LDR Only available","No LDR Only available","rEX","20-09Rollup"
"srvnet.sys","Net_SMB_Server","6.2.16299.1029","0","6-Mar-19","GDR","4577041","September 8, 2020-KB4577041 (OS Build 16299.2107)","http://support.microsoft.com/kb/4577041","No LDR Only available","No LDR Only available","No LDR Only available","rEX","20-09Rollup"
"Mrxsmb.sys","Net_SMB_Client","6.2.16299.1387","0","4-Sep-19","GDR","4577041","September 8, 2020-KB4577041 (OS Build 16299.2107)","http://support.microsoft.com/kb/4577041","No LDR Only available","No LDR Only available","No LDR Only available","rEX","20-09Rollup"
"Mrxsmb20.sys","Net_SMB_Client","6.2.16299.936","0","5-Jan-19","GDR","4577041","September 8, 2020-KB4577041 (OS Build 16299.2107)","http://support.microsoft.com/kb/4577041","No LDR Only available","No LDR Only available","No LDR Only available","rEX","20-09Rollup"
"Rdbss.sys","Net_SMB_Client","6.2.16299.1448","0","2-Oct-19","GDR","4577041","September 8, 2020-KB4577041 (OS Build 16299.2107)","http://support.microsoft.com/kb/4577041","No LDR Only available","No LDR Only available","No LDR Only available","rEX","20-09Rollup"
"wkssvc.dll","Net_SMB_Client","6.2.16299.371","0","30-Mar-18","GDR","4577041","September 8, 2020-KB4577041 (OS Build 16299.2107)","http://support.microsoft.com/kb/4577041","No LDR Only available","No LDR Only available","No LDR Only available","rEX","20-09Rollup"
"Tdx.sys","Net_Protocol","6.2.16299.371","0","30-Mar-18","GDR","4577041","September 8, 2020-KB4577041 (OS Build 16299.2107)","http://support.microsoft.com/kb/4577041","No LDR Only available","No LDR Only available","No LDR Only available","rEX","20-09Rollup"
"Tunnel.sys","Net_IPv6","6.2.16299.1504","1","24-Oct-19","GDR","4577041","September 8, 2020-KB4577041 (OS Build 16299.2107)","http://support.microsoft.com/kb/4577041","No LDR Only available","No LDR Only available","No LDR Only available","rEX","20-09Rollup"
"Dns.exe","Net_DNS_Srv","6.2.16299.2107","0","2-Sep-20","GDR","4577041","September 8, 2020-KB4577041 (OS Build 16299.2107)","http://support.microsoft.com/kb/4577041","No LDR Only available","No LDR Only available","No LDR Only available","rEX","20-09Rollup"
"Csc.sys","Net_CSC_Offline","6.2.16299.611","1","7-Aug-18","GDR","4577041","September 8, 2020-KB4577041 (OS Build 16299.2107)","http://support.microsoft.com/kb/4577041","No LDR Only available","No LDR Only available","No LDR Only available","rEX","20-09Rollup"
"Cscsvc.dll","Net_CSC_Offline","6.2.16299.2045","1","5-Aug-20","GDR","4577041","September 8, 2020-KB4577041 (OS Build 16299.2107)","http://support.microsoft.com/kb/4577041","No LDR Only available","No LDR Only available","No LDR Only available","rEX","20-09Rollup"
"Mrxdav.sys","Net_WebDAV","6.2.16299.492","1","8-Jun-18","GDR","4577041","September 8, 2020-KB4577041 (OS Build 16299.2107)","http://support.microsoft.com/kb/4577041","No LDR Only available","No LDR Only available","No LDR Only available","rEX","20-09Rollup"
"Shell32.dll","Net_WebDAV","6.2.16299.2107","1","2-Sep-20","GDR","4577041","September 8, 2020-KB4577041 (OS Build 16299.2107)","http://support.microsoft.com/kb/4577041","No LDR Only available","No LDR Only available","No LDR Only available","rEX","20-09Rollup"
"Rpcss.dll","Net_RPC","6.2.16299.1331","1","7-Aug-19","GDR","4577041","September 8, 2020-KB4577041 (OS Build 16299.2107)","http://support.microsoft.com/kb/4577041","No LDR Only available","No LDR Only available","No LDR Only available","rEX","20-09Rollup"
"Fwpuclnt.dll","Net_Ipsec_BFE","6.2.16299.15","1","29-Sep-17","GDR","4577041","September 8, 2020-KB4577041 (OS Build 16299.2107)","http://support.microsoft.com/kb/4577041","No LDR Only available","No LDR Only available","No LDR Only available","rEX","20-09Rollup"
"wlanhlp.dll","Net_WLAN_Client","6.2.16299.15","1","29-Sep-17","GDR","4577041","September 8, 2020-KB4577041 (OS Build 16299.2107)","http://support.microsoft.com/kb/4577041","No LDR Only available","No LDR Only available","No LDR Only available","rEX","20-09Rollup"
"Rasapi32.dll","HNV_Net","6.2.16299.2045","1","5-Aug-20","GDR","4577041","September 8, 2020-KB4577041 (OS Build 16299.2107)","http://support.microsoft.com/kb/4577041","No LDR Only available","No LDR Only available","No LDR Only available","rEX","20-09Rollup"
"WebIo.dll","Net_BranchCache","6.2.16299.820","1","7-Nov-18","GDR","4577041","September 8, 2020-KB4577041 (OS Build 16299.2107)","http://support.microsoft.com/kb/4577041","No LDR Only available","No LDR Only available","No LDR Only available","rEX","20-09Rollup"
"Wnv.sys","Hyper-V_Net","6.2.16299.1868","1","5-May-20","GDR","4577041","September 8, 2020-KB4577041 (OS Build 16299.2107)","http://support.microsoft.com/kb/4577041","No LDR Only available","No LDR Only available","No LDR Only available","rEX","20-09Rollup"
"Vmms.exe","Hyper-V_Net","6.2.16299.1331","1","7-Aug-19","GDR","4577041","September 8, 2020-KB4577041 (OS Build 16299.2107)","http://support.microsoft.com/kb/4577041","No LDR Only available","No LDR Only available","No LDR Only available","rEX","20-09Rollup"
"pvhdparser.sys","Hyper-V_Net","6.2.16299.371","1","30-Mar-18","GDR","4577041","September 8, 2020-KB4577041 (OS Build 16299.2107)","http://support.microsoft.com/kb/4577041","No LDR Only available","No LDR Only available","No LDR Only available","rEX","20-09Rollup"
"4565553","Win2016RS3_20_07_SSU_KB"," ","0","14-Jul-2020","GDR","4565553","Servicing stack update for Windows 10, version 1709: July 14, 2020","http://support.microsoft.com/kb/4565553","KB only","KB only","KB Only"," ","No Rollup"
"4577041","Win2016RS3_20-09_B_rollup_KB"," ","0","08-Sep-2020","GDR","4577041 (v1.0)","September 8, 2020-KB4577041 (OS Build 16299.2107)","http://support.microsoft.com/kb/4577041","KB only","KB only","KB only"," ","20-09Rollup"
