"Binary","Component","Version","Prio","Published","Branch","Article","Title","Link","LDROnlyKB","LDROnlyTitle","LDROnlyLink","Comment","RollupInfo"
"Localspl.dll","Print_Spool","6.2.16299.1029","0","6-Mar-19","GDR","4499179","May 14, 2019-KB4499179 (OS Build 16299.1146)","http://support.microsoft.com/kb/4499179","No LDR Only available","No LDR Only available","No LDR Only available","rEX","19-05Rollup"
"Win32spl.dll","Print_Spool","6.2.16299.579","0","18-Jul-18","GDR","4499179","May 14, 2019-KB4499179 (OS Build 16299.1146)","http://support.microsoft.com/kb/4499179","No LDR Only available","No LDR Only available","No LDR Only available","rEX","19-05Rollup"
"Spoolsv.exe","Print_Spool","6.2.16299.371","0","30-Mar-18","GDR","4499179","May 14, 2019-KB4499179 (OS Build 16299.1146)","http://support.microsoft.com/kb/4499179","No LDR Only available","No LDR Only available","No LDR Only available","rEX","19-05Rollup"
"Printfilterpipelineprxy.dll","Print_App","6.2.16299.334","0","13-Mar-18","GDR","4499179","May 14, 2019-KB4499179 (OS Build 16299.1146)","http://support.microsoft.com/kb/4499179","No LDR Only available","No LDR Only available","No LDR Only available","rEX","19-05Rollup"
"Printfilterpipelinesvc.exe","Print_App","6.2.16299.334","0","13-Mar-18","GDR","4499179","May 14, 2019-KB4499179 (OS Build 16299.1146)","http://support.microsoft.com/kb/4499179","No LDR Only available","No LDR Only available","No LDR Only available","rEX","19-05Rollup"
"splwow64.exe","Print_App","6.2.16299.15","0","29-Sep-17","GDR","4499179","May 14, 2019-KB4499179 (OS Build 16299.1146)","http://support.microsoft.com/kb/4499179","No LDR Only available","No LDR Only available","No LDR Only available","rEX","19-05Rollup"
"Mxdwdrv.dll","Print_Driver","0.3.16299.1120","1","6-Apr-19","GDR","4499179","May 14, 2019-KB4499179 (OS Build 16299.1146)","http://support.microsoft.com/kb/4499179","No LDR Only available","No LDR Only available","No LDR Only available","rEX","19-05Rollup"
"Pcl4res.dll","Print_Driver","0.3.5479.0","1","6-Apr-19","GDR","4499179","May 14, 2019-KB4499179 (OS Build 16299.1146)","http://support.microsoft.com/kb/4499179","No LDR Only available","No LDR Only available","No LDR Only available","rEX","19-05Rollup"
"Pscript5.dll","Print_Driver","0.3.16299.1120","1","6-Apr-19","GDR","4499179","May 14, 2019-KB4499179 (OS Build 16299.1146)","http://support.microsoft.com/kb/4499179","No LDR Only available","No LDR Only available","No LDR Only available","rEX","19-05Rollup"
"Unidrv.dll","Print_Driver","0.3.16299.1120","1","6-Apr-19","GDR","4499179","May 14, 2019-KB4499179 (OS Build 16299.1146)","http://support.microsoft.com/kb/4499179","No LDR Only available","No LDR Only available","No LDR Only available","rEX","19-05Rollup"
"Unires.dll","Print_Driver","0.3.16299.1120","1","6-Apr-19","GDR","4499179","May 14, 2019-KB4499179 (OS Build 16299.1146)","http://support.microsoft.com/kb/4499179","No LDR Only available","No LDR Only available","No LDR Only available","rEX","19-05Rollup"
"4485448","Win2016_19_02_SvcStack_KB"," ","0","12-Feb-2019","GDR","4485448","Servicing stack update for Windows Server 2016 version 1709 and Windows 10 version 1709: February 12, 2019","http://support.microsoft.com/kb/4485448","KB only","KB only","KB Only"," ","No Rollup"
"4499179","Win2016RS3_19-05_B_rollup_KB"," ","0","14-May-2019","GDR","4499179 (v1.0)","May 14, 2019-KB4499179 (OS Build 16299.1146)","http://support.microsoft.com/kb/4499179","KB only","KB only","KB only"," ","19-05Rollup"
