"Binary","Component","Version","Prio","Published","Branch","Article","Title","Link","LDROnlyKB","LDROnlyTitle","LDROnlyLink","Comment","RollupInfo"
"Netlogon.dll","Dom_NETLOGON","6.2.15063.1155","0","8-Jun-18","GDR","4489871","March 12, 2019-KB4489871 (OS Build 15063.1689)","http://support.microsoft.com/kb/4489871","No LDR Only available","No LDR Only available","No LDR Only available","rEX","19-03Rollup"
"LogonCli.dll","Dom_NETLOGON","6.2.15063.850","0","1-Jan-18","GDR","4489871","March 12, 2019-KB4489871 (OS Build 15063.1689)","http://support.microsoft.com/kb/4489871","No LDR Only available","No LDR Only available","No LDR Only available","rEX","19-03Rollup"
"Winlogon.exe","Dom_WINLOGON","6.2.15063.1206","0","28-Jun-18","GDR","4489871","March 12, 2019-KB4489871 (OS Build 15063.1689)","http://support.microsoft.com/kb/4489871","No LDR Only available","No LDR Only available","No LDR Only available","rEX","19-03Rollup"
"Kerberos.dll","Dom_KERBEROS","6.2.15063.1563","0","1-Jan-19","GDR","4489871","March 12, 2019-KB4489871 (OS Build 15063.1689)","http://support.microsoft.com/kb/4489871","No LDR Only available","No LDR Only available","No LDR Only available","rEX","19-03Rollup"
"Msv1_0.dll","Dom_NTLM","6.2.15063.1689","1","6-Mar-19","GDR","4489871","March 12, 2019-KB4489871 (OS Build 15063.1689)","http://support.microsoft.com/kb/4489871","No LDR Only available","No LDR Only available","No LDR Only available","rEX","19-03Rollup"
"Wldap32.dll","Dom_LDAPClient","6.2.15063.483","0","7-Jul-17","GDR","4489871","March 12, 2019-KB4489871 (OS Build 15063.1689)","http://support.microsoft.com/kb/4489871","No LDR Only available","No LDR Only available","No LDR Only available","rEX","19-03Rollup"
"Lsass.exe","Dom_LSA","6.2.15063.1418","0","10-Oct-18","GDR","4489871","March 12, 2019-KB4489871 (OS Build 15063.1689)","http://support.microsoft.com/kb/4489871","No LDR Only available","No LDR Only available","No LDR Only available","rEX","19-03Rollup"
"Lsasrv.dll","Dom_LSA","6.2.15063.1689","0","6-Mar-19","GDR","4489871","March 12, 2019-KB4489871 (OS Build 15063.1689)","http://support.microsoft.com/kb/4489871","No LDR Only available","No LDR Only available","No LDR Only available","rEX","19-03Rollup"
"Ksecdd.sys","Dom_LSA","6.2.15063.1418","0","10-Oct-18","GDR","4489871","March 12, 2019-KB4489871 (OS Build 15063.1689)","http://support.microsoft.com/kb/4489871","No LDR Only available","No LDR Only available","No LDR Only available","rEX","19-03Rollup"
"Ksecpkg.sys","Dom_LSA","6.2.15063.1689","0","6-Mar-19","GDR","4489871","March 12, 2019-KB4489871 (OS Build 15063.1689)","http://support.microsoft.com/kb/4489871","No LDR Only available","No LDR Only available","No LDR Only available","rEX","19-03Rollup"
"Secur32.dll","Dom_LSA","6.2.15063.1112","0","26-Apr-18","GDR","4489871","March 12, 2019-KB4489871 (OS Build 15063.1689)","http://support.microsoft.com/kb/4489871","No LDR Only available","No LDR Only available","No LDR Only available","rEX","19-03Rollup"
"Sspicli.dll","Dom_LSA","6.2.15063.1418","0","10-Oct-18","GDR","4489871","March 12, 2019-KB4489871 (OS Build 15063.1689)","http://support.microsoft.com/kb/4489871","No LDR Only available","No LDR Only available","No LDR Only available","rEX","19-03Rollup"
"Sspisrv.dll","Dom_LSA","6.2.15063.1418","0","10-Oct-18","GDR","4489871","March 12, 2019-KB4489871 (OS Build 15063.1689)","http://support.microsoft.com/kb/4489871","No LDR Only available","No LDR Only available","No LDR Only available","rEX","19-03Rollup"
"Schannel.dll","Dom_LSA","6.2.15063.1418","0","10-Oct-18","GDR","4489871","March 12, 2019-KB4489871 (OS Build 15063.1689)","http://support.microsoft.com/kb/4489871","No LDR Only available","No LDR Only available","No LDR Only available","rEX","19-03Rollup"
"AclUI.dll","Dom_SecAuditAndConfig","6.2.15063.1356","1","30-Aug-18","GDR","4489871","March 12, 2019-KB4489871 (OS Build 15063.1689)","http://support.microsoft.com/kb/4489871","No LDR Only available","No LDR Only available","No LDR Only available","rEX","19-03Rollup"
"Winscard.dll","Dom_SC_Provider","6.2.15063.1478","1","7-Nov-18","GDR","4489871","March 12, 2019-KB4489871 (OS Build 15063.1689)","http://support.microsoft.com/kb/4489871","No LDR Only available","No LDR Only available","No LDR Only available","rEX","19-03Rollup"
"Basecsp.dll","Dom_SC_Provider","6.2.15063.1356","1","30-Aug-18","GDR","4489871","March 12, 2019-KB4489871 (OS Build 15063.1689)","http://support.microsoft.com/kb/4489871","No LDR Only available","No LDR Only available","No LDR Only available","rEX","19-03Rollup"
"Scksp.dll","Dom_SC_Provider","6.2.15063.1356","1","30-Aug-18","GDR","4489871","March 12, 2019-KB4489871 (OS Build 15063.1689)","http://support.microsoft.com/kb/4489871","No LDR Only available","No LDR Only available","No LDR Only available","rEX","19-03Rollup"
"ScardSvr.dll","Dom_SC_Srv","6.2.15063.994","1","2-Mar-18","GDR","4489871","March 12, 2019-KB4489871 (OS Build 15063.1689)","http://support.microsoft.com/kb/4489871","No LDR Only available","No LDR Only available","No LDR Only available","rEX","19-03Rollup"
"Scfilter.sys","Dom_SC_Srv","6.2.15063.0","1","18-Mar-17","GDR","4489871","March 12, 2019-KB4489871 (OS Build 15063.1689)","http://support.microsoft.com/kb/4489871","No LDR Only available","No LDR Only available","No LDR Only available","rEX","19-03Rollup"
"Certprop.dll","Dom_SC_Srv","6.2.15063.1155","1","8-Jun-18","GDR","4489871","March 12, 2019-KB4489871 (OS Build 15063.1689)","http://support.microsoft.com/kb/4489871","No LDR Only available","No LDR Only available","No LDR Only available","rEX","19-03Rollup"
"Crypt32.dll","Dom_CRYPTO","6.2.15063.1058","1","3-Apr-18","GDR","4489871","March 12, 2019-KB4489871 (OS Build 15063.1689)","http://support.microsoft.com/kb/4489871","No LDR Only available","No LDR Only available","No LDR Only available","rEX","19-03Rollup"
"Wintrust.dll","Dom_CRYPTO","6.2.15063.1596","1","5-Jan-19","GDR","4489871","March 12, 2019-KB4489871 (OS Build 15063.1689)","http://support.microsoft.com/kb/4489871","No LDR Only available","No LDR Only available","No LDR Only available","rEX","19-03Rollup"
"Profsvc.dll","Dom_ProfProc","6.2.15063.1058","0","3-Apr-18","GDR","4489871","March 12, 2019-KB4489871 (OS Build 15063.1689)","http://support.microsoft.com/kb/4489871","No LDR Only available","No LDR Only available","No LDR Only available","rEX","19-03Rollup"
"Fdeploy.dll","Dom_FolderRedir","6.2.15063.540","0","1-Aug-17","GDR","4489871","March 12, 2019-KB4489871 (OS Build 15063.1689)","http://support.microsoft.com/kb/4489871","No LDR Only available","No LDR Only available","No LDR Only available","rEX","19-03Rollup"
"Ntdsai.dll","Dom_NTDSAI","6.2.15063.483","0","7-Jul-17","GDR","4489871","March 12, 2019-KB4489871 (OS Build 15063.1689)","http://support.microsoft.com/kb/4489871","No LDR Only available","No LDR Only available","No LDR Only available","rEX","19-03Rollup"
"Samsrv.dll","Dom_SAMSRV","6.2.15063.1478","0","7-Nov-18","GDR","4489871","March 12, 2019-KB4489871 (OS Build 15063.1689)","http://support.microsoft.com/kb/4489871","No LDR Only available","No LDR Only available","No LDR Only available","rEX","19-03Rollup"
"Samlib.dll","Dom_SAMSRV","6.2.15063.0","0","18-Mar-17","GDR","4489871","March 12, 2019-KB4489871 (OS Build 15063.1689)","http://support.microsoft.com/kb/4489871","No LDR Only available","No LDR Only available","No LDR Only available","rEX","19-03Rollup"
"Mrxsmb.sys","Net_SMB_Client","6.2.15063.1387","0","27-Sep-18","GDR","4489871","March 12, 2019-KB4489871 (OS Build 15063.1689)","http://support.microsoft.com/kb/4489871","No LDR Only available","No LDR Only available","No LDR Only available","rEX","19-03Rollup"
"Mrxsmb10.sys","Net_SMB_Client","6.2.15063.1689","0","6-Mar-19","GDR","4489871","March 12, 2019-KB4489871 (OS Build 15063.1689)","http://support.microsoft.com/kb/4489871","No LDR Only available","No LDR Only available","No LDR Only available","rEX","19-03Rollup"
"Mrxsmb20.sys","Net_SMB_Client","6.2.15063.1596","0","5-Jan-19","GDR","4489871","March 12, 2019-KB4489871 (OS Build 15063.1689)","http://support.microsoft.com/kb/4489871","No LDR Only available","No LDR Only available","No LDR Only available","rEX","19-03Rollup"
"Rdbss.sys","Net_SMB_Client","6.2.15063.1596","0","5-Jan-19","GDR","4489871","March 12, 2019-KB4489871 (OS Build 15063.1689)","http://support.microsoft.com/kb/4489871","No LDR Only available","No LDR Only available","No LDR Only available","rEX","19-03Rollup"
"Netbt.sys","Net_SMB_Client","6.2.15063.850","0","1-Jan-18","GDR","4489871","March 12, 2019-KB4489871 (OS Build 15063.1689)","http://support.microsoft.com/kb/4489871","No LDR Only available","No LDR Only available","No LDR Only available","rEX","19-03Rollup"
"Mup.sys","Net_SMB_Client","6.2.15063.850","0","1-Jan-18","GDR","4489871","March 12, 2019-KB4489871 (OS Build 15063.1689)","http://support.microsoft.com/kb/4489871","No LDR Only available","No LDR Only available","No LDR Only available","rEX","19-03Rollup"
"wkssvc.dll","Net_SMB_Client","6.2.15063.850","0","1-Jan-18","GDR","4489871","March 12, 2019-KB4489871 (OS Build 15063.1689)","http://support.microsoft.com/kb/4489871","No LDR Only available","No LDR Only available","No LDR Only available","rEX","19-03Rollup"
"Tcpip.sys","Net_Protocol","6.2.15063.1689","0","6-Mar-19","GDR","4489871","March 12, 2019-KB4489871 (OS Build 15063.1689)","http://support.microsoft.com/kb/4489871","No LDR Only available","No LDR Only available","No LDR Only available","rEX","19-03Rollup"
"Afd.sys","Net_Protocol","6.2.15063.1689","0","6-Mar-19","GDR","4489871","March 12, 2019-KB4489871 (OS Build 15063.1689)","http://support.microsoft.com/kb/4489871","No LDR Only available","No LDR Only available","No LDR Only available","rEX","19-03Rollup"
"Netio.sys","Net_Protocol","6.2.15063.909","0","10-Feb-18","GDR","4489871","March 12, 2019-KB4489871 (OS Build 15063.1689)","http://support.microsoft.com/kb/4489871","No LDR Only available","No LDR Only available","No LDR Only available","rEX","19-03Rollup"
"Ndis.sys","Net_Protocol","6.2.15063.1446","0","30-Oct-18","GDR","4489871","March 12, 2019-KB4489871 (OS Build 15063.1689)","http://support.microsoft.com/kb/4489871","No LDR Only available","No LDR Only available","No LDR Only available","rEX","19-03Rollup"
"Tdx.sys","Net_Protocol","6.2.15063.850","0","1-Jan-18","GDR","4489871","March 12, 2019-KB4489871 (OS Build 15063.1689)","http://support.microsoft.com/kb/4489871","No LDR Only available","No LDR Only available","No LDR Only available","rEX","19-03Rollup"
"Dfsc.sys","Net_DFS-N_Client","6.2.15063.1112","0","26-Apr-18","GDR","4489871","March 12, 2019-KB4489871 (OS Build 15063.1689)","http://support.microsoft.com/kb/4489871","No LDR Only available","No LDR Only available","No LDR Only available","rEX","19-03Rollup"
"Csc.sys","Net_CSC_Offline","6.2.15063.1266","0","31-Jul-18","GDR","4489871","March 12, 2019-KB4489871 (OS Build 15063.1689)","http://support.microsoft.com/kb/4489871","No LDR Only available","No LDR Only available","No LDR Only available","rEX","19-03Rollup"
"Cscsvc.dll","Net_CSC_Offline","6.2.15063.994","0","2-Mar-18","GDR","4489871","March 12, 2019-KB4489871 (OS Build 15063.1689)","http://support.microsoft.com/kb/4489871","No LDR Only available","No LDR Only available","No LDR Only available","rEX","19-03Rollup"
"Cscmig.dll","Net_CSC_Offline","6.2.15063.994","0","2-Mar-18","GDR","4489871","March 12, 2019-KB4489871 (OS Build 15063.1689)","http://support.microsoft.com/kb/4489871","No LDR Only available","No LDR Only available","No LDR Only available","rEX","19-03Rollup"
"Cscui.dll","Net_CSC_Offline","6.2.15063.1659","0","16-Feb-19","GDR","4489871","March 12, 2019-KB4489871 (OS Build 15063.1689)","http://support.microsoft.com/kb/4489871","No LDR Only available","No LDR Only available","No LDR Only available","rEX","19-03Rollup"
"Shell32.dll","Net_WebDAV","6.2.15063.1689","0","6-Mar-19","GDR","4489871","March 12, 2019-KB4489871 (OS Build 15063.1689)","http://support.microsoft.com/kb/4489871","No LDR Only available","No LDR Only available","No LDR Only available","rEX","19-03Rollup"
"Winhttp.dll","Net_WebDAV","6.2.15063.1631","0","6-Feb-19","GDR","4489871","March 12, 2019-KB4489871 (OS Build 15063.1689)","http://support.microsoft.com/kb/4489871","No LDR Only available","No LDR Only available","No LDR Only available","rEX","19-03Rollup"
"Dhcpcore.dll","Net_DHCP_Client","6.2.15063.850","0","1-Jan-18","GDR","4489871","March 12, 2019-KB4489871 (OS Build 15063.1689)","http://support.microsoft.com/kb/4489871","No LDR Only available","No LDR Only available","No LDR Only available","rEX","19-03Rollup"
"Dhcpcsvc.dll","Net_DHCP_Client","6.2.15063.0","0","18-Mar-17","GDR","4489871","March 12, 2019-KB4489871 (OS Build 15063.1689)","http://support.microsoft.com/kb/4489871","No LDR Only available","No LDR Only available","No LDR Only available","rEX","19-03Rollup"
"dnsapi.dll","Net_DNS_Client","6.2.15063.1206","0","28-Jun-18","GDR","4489871","March 12, 2019-KB4489871 (OS Build 15063.1689)","http://support.microsoft.com/kb/4489871","No LDR Only available","No LDR Only available","No LDR Only available","rEX","19-03Rollup"
"dnsrslvr.dll","Net_DNS_Client","6.2.15063.1206","0","28-Jun-18","GDR","4489871","March 12, 2019-KB4489871 (OS Build 15063.1689)","http://support.microsoft.com/kb/4489871","No LDR Only available","No LDR Only available","No LDR Only available","rEX","19-03Rollup"
"Rpcss.dll","Net_RPC","6.2.15063.1563","1","1-Jan-19","GDR","4489871","March 12, 2019-KB4489871 (OS Build 15063.1689)","http://support.microsoft.com/kb/4489871","No LDR Only available","No LDR Only available","No LDR Only available","rEX","19-03Rollup"
"Rpchttp.dll","Net_RPC","6.2.15063.994","1","2-Mar-18","GDR","4489871","March 12, 2019-KB4489871 (OS Build 15063.1689)","http://support.microsoft.com/kb/4489871","No LDR Only available","No LDR Only available","No LDR Only available","rEX","19-03Rollup"
"Rpcrt4.dll","Net_RPC","6.2.15063.1689","1","6-Mar-19","GDR","4489871","March 12, 2019-KB4489871 (OS Build 15063.1689)","http://support.microsoft.com/kb/4489871","No LDR Only available","No LDR Only available","No LDR Only available","rEX","19-03Rollup"
"Bfe.dll","Net_Ipsec_BFE","6.2.15063.966","1","5-Mar-18","GDR","4489871","March 12, 2019-KB4489871 (OS Build 15063.1689)","http://support.microsoft.com/kb/4489871","No LDR Only available","No LDR Only available","No LDR Only available","rEX","19-03Rollup"
"Ikeext.dll","Net_Ipsec_BFE","6.2.15063.1155","1","8-Jun-18","GDR","4489871","March 12, 2019-KB4489871 (OS Build 15063.1689)","http://support.microsoft.com/kb/4489871","No LDR Only available","No LDR Only available","No LDR Only available","rEX","19-03Rollup"
"Fwpuclnt.dll","Net_Ipsec_BFE","6.2.15063.966","1","5-Mar-18","GDR","4489871","March 12, 2019-KB4489871 (OS Build 15063.1689)","http://support.microsoft.com/kb/4489871","No LDR Only available","No LDR Only available","No LDR Only available","rEX","19-03Rollup"
"Iphlpsvc.dll","Net_DirectAccess_Client","6.2.15063.1058","1","3-Apr-18","GDR","4489871","March 12, 2019-KB4489871 (OS Build 15063.1689)","http://support.microsoft.com/kb/4489871","No LDR Only available","No LDR Only available","No LDR Only available","rEX","19-03Rollup"
"Rdpcore.dll","Net_DirectAccess_Client","6.2.15063.997","1","18-Mar-18","GDR","4489871","March 12, 2019-KB4489871 (OS Build 15063.1689)","http://support.microsoft.com/kb/4489871","No LDR Only available","No LDR Only available","No LDR Only available","rEX","19-03Rollup"
"dot3svc.dll","Net_IEEE802.1x","6.2.15063.850","1","1-Jan-18","GDR","4489871","March 12, 2019-KB4489871 (OS Build 15063.1689)","http://support.microsoft.com/kb/4489871","No LDR Only available","No LDR Only available","No LDR Only available","rEX","19-03Rollup"
"Rastls.dll","Net_IEEE802.1x","6.2.15063.1112","1","26-Apr-18","GDR","4489871","March 12, 2019-KB4489871 (OS Build 15063.1689)","http://support.microsoft.com/kb/4489871","No LDR Only available","No LDR Only available","No LDR Only available","rEX","19-03Rollup"
"wlansvc.dll","Net_WLAN_Client","6.2.15063.1235","1","17-Jul-18","GDR","4489871","March 12, 2019-KB4489871 (OS Build 15063.1689)","http://support.microsoft.com/kb/4489871","No LDR Only available","No LDR Only available","No LDR Only available","rEX","19-03Rollup"
"wlanmsm.dll","Net_WLAN_Client","6.2.15063.966","1","5-Mar-18","GDR","4489871","March 12, 2019-KB4489871 (OS Build 15063.1689)","http://support.microsoft.com/kb/4489871","No LDR Only available","No LDR Only available","No LDR Only available","rEX","19-03Rollup"
"wlanapi.dll","Net_WLAN_Client","6.2.15063.1235","1","18-Jul-18","GDR","4489871","March 12, 2019-KB4489871 (OS Build 15063.1689)","http://support.microsoft.com/kb/4489871","No LDR Only available","No LDR Only available","No LDR Only available","rEX","19-03Rollup"
"wlansec.dll","Net_WLAN_Client","6.2.15063.966","1","5-Mar-18","GDR","4489871","March 12, 2019-KB4489871 (OS Build 15063.1689)","http://support.microsoft.com/kb/4489871","No LDR Only available","No LDR Only available","No LDR Only available","rEX","19-03Rollup"
"wlansvcpal.dll","Net_WLAN_Client","6.2.15063.966","1","5-Mar-18","GDR","4489871","March 12, 2019-KB4489871 (OS Build 15063.1689)","http://support.microsoft.com/kb/4489871","No LDR Only available","No LDR Only available","No LDR Only available","rEX","19-03Rollup"
"wlanhlp.dll","Net_WLAN_Client","6.2.15063.0","1","18-Mar-17","GDR","4489871","March 12, 2019-KB4489871 (OS Build 15063.1689)","http://support.microsoft.com/kb/4489871","No LDR Only available","No LDR Only available","No LDR Only available","rEX","19-03Rollup"
"Rasapi32.dll","HNV_Net","6.2.15063.997","1","18-Mar-18","GDR","4489871","March 12, 2019-KB4489871 (OS Build 15063.1689)","http://support.microsoft.com/kb/4489871","No LDR Only available","No LDR Only available","No LDR Only available","rEX","19-03Rollup"
"Dhcpcore6.dll","Net_IPv6","6.2.15063.850","1","1-Jan-18","GDR","4489871","March 12, 2019-KB4489871 (OS Build 15063.1689)","http://support.microsoft.com/kb/4489871","No LDR Only available","No LDR Only available","No LDR Only available","rEX","19-03Rollup"
"Dhcpcsvc6.dll","Net_IPv6","6.2.15063.0","1","18-Mar-17","GDR","4489871","March 12, 2019-KB4489871 (OS Build 15063.1689)","http://support.microsoft.com/kb/4489871","No LDR Only available","No LDR Only available","No LDR Only available","rEX","19-03Rollup"
"WebIo.dll","Net_BranchCache","6.2.15063.1235","1","17-Jul-18","GDR","4489871","March 12, 2019-KB4489871 (OS Build 15063.1689)","http://support.microsoft.com/kb/4489871","No LDR Only available","No LDR Only available","No LDR Only available","rEX","19-03Rollup"
"Mpsdrv.sys","Net_Firewall","6.2.15063.1324","1","28-Aug-18","GDR","4489871","March 12, 2019-KB4489871 (OS Build 15063.1689)","http://support.microsoft.com/kb/4489871","No LDR Only available","No LDR Only available","No LDR Only available","rEX","19-03Rollup"
"MpsSvc.dll","Net_Firewall","6.2.15063.1058","1","3-Apr-18","GDR","4489871","March 12, 2019-KB4489871 (OS Build 15063.1689)","http://support.microsoft.com/kb/4489871","No LDR Only available","No LDR Only available","No LDR Only available","rEX","19-03Rollup"
"Ntoskrnl.exe","Core_Kernel","6.2.15063.1689","0","6-Mar-19","GDR","4489871","March 12, 2019-KB4489871 (OS Build 15063.1689)","http://support.microsoft.com/kb/4489871","No LDR Only available","No LDR Only available","No LDR Only available","rEX","19-03Rollup"
"Ntdll.dll","Core_Kernel","6.2.15063.1446","0","30-Oct-18","GDR","4489871","March 12, 2019-KB4489871 (OS Build 15063.1689)","http://support.microsoft.com/kb/4489871","No LDR Only available","No LDR Only available","No LDR Only available","rEX","19-03Rollup"
"Hal.dll","Core_Kernel","6.2.15063.909","0","10-Feb-18","GDR","4489871","March 12, 2019-KB4489871 (OS Build 15063.1689)","http://support.microsoft.com/kb/4489871","No LDR Only available","No LDR Only available","No LDR Only available","rEX","19-03Rollup"
"Fltmgr.sys","Core_Kernel","6.2.15063.850","0","1-Jan-18","GDR","4489871","March 12, 2019-KB4489871 (OS Build 15063.1689)","http://support.microsoft.com/kb/4489871","No LDR Only available","No LDR Only available","No LDR Only available","rEX","19-03Rollup"
"win32k.sys","Core_Kernel","6.2.15063.608","0","5-Sep-17","GDR","4489871","March 12, 2019-KB4489871 (OS Build 15063.1689)","http://support.microsoft.com/kb/4489871","No LDR Only available","No LDR Only available","No LDR Only available","rEX","19-03Rollup"
"Ntfs.sys","Core_FileSystem","6.2.15063.1689","0","6-Mar-19","GDR","4489871","March 12, 2019-KB4489871 (OS Build 15063.1689)","http://support.microsoft.com/kb/4489871","No LDR Only available","No LDR Only available","No LDR Only available","rEX","19-03Rollup"
"Msiscsi.sys","Core_DiskSystem","6.2.15063.1058","0","3-Apr-18","GDR","4489871","March 12, 2019-KB4489871 (OS Build 15063.1689)","http://support.microsoft.com/kb/4489871","No LDR Only available","No LDR Only available","No LDR Only available","rEX","19-03Rollup"
"Storport.sys","Core_DiskSystem","6.2.15063.1418","0","10-Oct-18","GDR","4489871","March 12, 2019-KB4489871 (OS Build 15063.1689)","http://support.microsoft.com/kb/4489871","No LDR Only available","No LDR Only available","No LDR Only available","rEX","19-03Rollup"
"Repdrvfs.dll","Core_WMI","6.2.15063.994","0","2-Mar-18","GDR","4489871","March 12, 2019-KB4489871 (OS Build 15063.1689)","http://support.microsoft.com/kb/4489871","No LDR Only available","No LDR Only available","No LDR Only available","rEX","19-03Rollup"
"Advapi32.dll","Core_Apps","6.2.15063.1356","0","30-Aug-18","GDR","4489871","March 12, 2019-KB4489871 (OS Build 15063.1689)","http://support.microsoft.com/kb/4489871","No LDR Only available","No LDR Only available","No LDR Only available","rEX","19-03Rollup"
"Mshtml.dll","IE_Client","11.0.15063.1689","0","6-Mar-19","GDR","4489871","March 12, 2019-KB4489871 (OS Build 15063.1689)","http://support.microsoft.com/kb/4489871","No LDR Only available","No LDR Only available","No LDR Only available","rEX","19-03Rollup"
"4487327","Win2016_19_02_SvcStack_KB"," ","0","12-Feb-2019","GDR","4487327","Servicing stack update for Windows 10, version 1703: February 12, 2019","http://support.microsoft.com/kb/4487327","KB only","KB only","KB Only"," ","No Rollup"
"4489871","Win2016_19_03_B_rollup_KB"," ","0","12-Mar-2019","GDR","4489871 (v1.0)","March 12, 2019-KB4489871 (OS Build 15063.1689)","http://support.microsoft.com/kb/4489871","KB only","KB only","KB Only"," ","19-03Rollup"
