"Binary","Component","Version","Prio","Published","Branch","Article","Title","Link","LDROnlyKB","LDROnlyTitle","LDROnlyLink","Comment","RollupInfo"
"Localspl.dll","Print_Spool","6.2.19041.572","0","13-Oct-20","GDR","4579311 (v1.0)","October 13, 2020-KB4579311 (OS Build 19041.572)","http://support.microsoft.com/kb/4579311","KB only","KB only","KB only"," ","20-10Rollup"
"Win32spl.dll","Print_Spool","6.2.19041.572","0","13-Oct-20","GDR","4579311 (v1.0)","October 13, 2020-KB4579311 (OS Build 19041.572)","http://support.microsoft.com/kb/4579311","KB only","KB only","KB only"," ","20-10Rollup"
"Spoolss.dll","Print_Spool","6.2.19041.1","0","06-May-20","GDR","4579311 (v1.0)","October 13, 2020-KB4579311 (OS Build 19041.572)","http://support.microsoft.com/kb/4579311","KB only","KB only","KB only"," ","20-10Rollup"
"Spoolsv.exe","Print_Spool","6.2.19041.423","0","14-Jul-20","GDR","4579311 (v1.0)","October 13, 2020-KB4579311 (OS Build 19041.572)","http://support.microsoft.com/kb/4579311","KB only","KB only","KB only"," ","20-10Rollup"
"Winspool.drv","Print_Spool","6.2.19041.546","0","01-Oct-20","GDR","4579311 (v1.0)","October 13, 2020-KB4579311 (OS Build 19041.572)","http://support.microsoft.com/kb/4579311","KB only","KB only","KB only"," ","20-10Rollup"
"Ntprint.exe","Print_App","6.2.19041.1","0","06-May-20","GDR","4579311 (v1.0)","October 13, 2020-KB4579311 (OS Build 19041.572)","http://support.microsoft.com/kb/4579311","KB only","KB only","KB only"," ","20-10Rollup"
"Printui.dll","Print_App","6.2.19041.1","0","06-May-20","GDR","4579311 (v1.0)","October 13, 2020-KB4579311 (OS Build 19041.572)","http://support.microsoft.com/kb/4579311","KB only","KB only","KB only"," ","20-10Rollup"
"Printcom.dll","Print_App","6.2.19041.1","0","06-May-20","GDR","4579311 (v1.0)","October 13, 2020-KB4579311 (OS Build 19041.572)","http://support.microsoft.com/kb/4579311","KB only","KB only","KB only"," ","20-10Rollup"
"Printfilterpipelineprxy.dll","Print_App","6.2.19041.264","0","06-May-20","GDR","4579311 (v1.0)","October 13, 2020-KB4579311 (OS Build 19041.572)","http://support.microsoft.com/kb/4579311","KB only","KB only","KB only"," ","20-10Rollup"
"Printfilterpipelinesvc.exe","Print_App","6.2.19041.264","0","06-May-20","GDR","4579311 (v1.0)","October 13, 2020-KB4579311 (OS Build 19041.572)","http://support.microsoft.com/kb/4579311","KB only","KB only","KB only"," ","20-10Rollup"
"Printbrm.exe","Print_App","6.2.19041.450","0","11-Aug-20","GDR","4579311 (v1.0)","October 13, 2020-KB4579311 (OS Build 19041.572)","http://support.microsoft.com/kb/4579311","KB only","KB only","KB only"," ","20-10Rollup"
"splwow64.exe","Print_App","6.2.19041.388","0","11-Aug-20","GDR","4579311 (v1.0)","October 13, 2020-KB4579311 (OS Build 19041.572)","http://support.microsoft.com/kb/4579311","KB only","KB only","KB only"," ","20-10Rollup"
"Mxdwdrv.dll","Print_Driver","6.2.19041.1","1","6-Sep-20","GDR","4579311 (v1.0)","October 13, 2020-KB4579311 (OS Build 19041.572)","http://support.microsoft.com/kb/4579311","KB only","KB only","KB only"," ","20-10Rollup"
"Pcl4res.dll","Print_Driver","6.2.19041.1","1","6-Sep-20","GDR","4579311 (v1.0)","October 13, 2020-KB4579311 (OS Build 19041.572)","http://support.microsoft.com/kb/4579311","KB only","KB only","KB only"," ","20-10Rollup"
"Pscript5.dll","Print_Driver","6.2.19041.1","1","6-Sep-20","GDR","4579311 (v1.0)","October 13, 2020-KB4579311 (OS Build 19041.572)","http://support.microsoft.com/kb/4579311","KB only","KB only","KB only"," ","20-10Rollup"
"Unidrv.dll","Print_Driver","6.2.19041.1","1","6-Sep-20","GDR","4579311 (v1.0)","October 13, 2020-KB4579311 (OS Build 19041.572)","http://support.microsoft.com/kb/4579311","KB only","KB only","KB only"," ","20-10Rollup"
"Unires.dll","Print_Driver","6.2.19041.1","1","6-Sep-20","GDR","4579311 (v1.0)","October 13, 2020-KB4579311 (OS Build 19041.572)","http://support.microsoft.com/kb/4579311","KB only","KB only","KB only"," ","20-10Rollup"
"Xpssvcs.dll","Print_Driver","6.2.19041.1","1","06-May-20","GDR","4579311 (v1.0)","October 13, 2020-KB4579311 (OS Build 19041.572)","http://support.microsoft.com/kb/4579311","KB only","KB only","KB only"," ","20-10Rollup"
"4577266","Win2016_2004_20-09_SSU_KB"," ","0","08-Sep-2020","GDR","4577266","Servicing stack update for Windows 10, version 2004: September 8, 2020","http://support.microsoft.com/kb/4570334","KB only","KB only","KB Only"," ","No Rollup"
"4579311","Win20162004_20-10_B_rollup_KB"," ","0","13-Oct-2020","GDR","4579311 (v1.0)","October 13, 2020-KB4579311 (OS Build 19041.572)","http://support.microsoft.com/kb/4579311","KB only","KB only","KB only"," ","20-10Rollup"
