"Binary","Component","Version","Prio","Published","Branch","Article","Title","Link","LDROnlyKB","LDROnlyTitle","LDROnlyLink","Comment","RollupInfo"
"Kerberos.dll","Dom_KERBEROS","6.2.17134.1667","0","5-Aug-20","GDR","4571709","August 11, 2020-KB4571709 (OS Build 17134.1667)","http://support.microsoft.com/kb/4571709","No LDR Only available","No LDR Only available","No LDR Only available","rEX","20-08Rollup"
"Ksecdd.sys","Dom_LSA","6.2.17134.376","0","21-Oct-18","GDR","4571709","August 11, 2020-KB4571709 (OS Build 17134.1667)","http://support.microsoft.com/kb/4571709","No LDR Only available","No LDR Only available","No LDR Only available","rEX","20-08Rollup"
"Secur32.dll","Dom_LSA","6.2.17134.1","0","11-Apr-18","GDR","4571709","August 11, 2020-KB4571709 (OS Build 17134.1667)","http://support.microsoft.com/kb/4571709","No LDR Only available","No LDR Only available","No LDR Only available","rEX","20-08Rollup"
"Scfilter.sys","Dom_SC_Srv","6.2.17134.1","1","11-Apr-18","GDR","4571709","August 11, 2020-KB4571709 (OS Build 17134.1667)","http://support.microsoft.com/kb/4571709","No LDR Only available","No LDR Only available","No LDR Only available","rEX","20-08Rollup"
"Certprop.dll","Dom_SC_Srv","6.2.17134.319","1","8-Sep-18","GDR","4571709","August 11, 2020-KB4571709 (OS Build 17134.1667)","http://support.microsoft.com/kb/4571709","No LDR Only available","No LDR Only available","No LDR Only available","rEX","20-08Rollup"
"Profsvc.dll","Dom_ProfProc","6.2.17134.1610","1","7-Jul-20","GDR","4571709","August 11, 2020-KB4571709 (OS Build 17134.1667)","http://support.microsoft.com/kb/4571709","No LDR Only available","No LDR Only available","No LDR Only available","rEX","20-08Rollup"
"Fdeploy.dll","Dom_FolderRedir","6.2.17134.254","1","9-Aug-18","GDR","4571709","August 11, 2020-KB4571709 (OS Build 17134.1667)","http://support.microsoft.com/kb/4571709","No LDR Only available","No LDR Only available","No LDR Only available","rEX","20-08Rollup"
"Cscsvc.dll","Net_CSC_Offline","6.2.17134.1667","1","5-Aug-20","GDR","4571709","August 11, 2020-KB4571709 (OS Build 17134.1667)","http://support.microsoft.com/kb/4571709","No LDR Only available","No LDR Only available","No LDR Only available","rEX","20-08Rollup"
"Cscmig.dll","Net_CSC_Offline","6.2.17134.1","1","11-Apr-18","GDR","4571709","August 11, 2020-KB4571709 (OS Build 17134.1667)","http://support.microsoft.com/kb/4571709","No LDR Only available","No LDR Only available","No LDR Only available","rEX","20-08Rollup"
"4565552","Win2016RS4_20_07_SSU_KB"," ","0","14-Jul-2020","GDR","4565552","Servicing stack update for Windows 10, version 1803: July 14, 2020","http://support.microsoft.com/kb/4565552","KB only","KB only","KB Only"," ","No Rollup"
"4571709","Win2016RS4_20-08_B_rollup_KB"," ","0","11-Aug-2020","GDR","4571709 (v1.0)","August 11, 2020-KB4571709 (OS Build 17134.1667)","http://support.microsoft.com/kb/4571709","KB only","KB only","KB only"," ","20-08Rollup"
