"Binary","Component","Version","Prio","Published","Branch","Article","Title","Link","LDROnlyKB","LDROnlyTitle","LDROnlyLink","Comment","RollupInfo"
"Ntoskrnl.exe","Core_Kernel","6.1.7601.24552","0","5-Feb-20","LDR","4556836 (v1.0)","May 12, 2020-KB4556836 (Monthly Rollup)","http://support.microsoft.com/kb/4556836","KB only","KB only","KB only"," ","20-05Rollup"
"ntkrnlpa.exe","Core_Kernel","6.1.7601.24552","0","5-Feb-20","LDR","4556836 (v1.0)","May 12, 2020-KB4556836 (Monthly Rollup)","http://support.microsoft.com/kb/4556836","KB only","KB only","KB only"," ","20-05Rollup"
"crashdmp.sys","Core_Kernel","6.1.7601.22277","0","12.03.2013","LDRGDR","2826910 (v1.0)","Secondary dump data is limited to 256 MB in Windows 7 and Windows Server 2008 R2","http://support.microsoft.com/kb/2826910","No LDR Only available","No LDR Only available","No LDR Only available"," ","16-04Rollup"
"win32k.sys","Core_Kernel","6.1.7601.24551","0","13-Feb-20","LDR","4556836 (v1.0)","May 12, 2020-KB4556836 (Monthly Rollup)","http://support.microsoft.com/kb/4556836","KB only","KB only","KB only"," ","20-05Rollup"
"rdpshell.exe","RDS_remote_App","6.1.7601.22137","0","13.08.2014","LDR","2775511 (v1.0)","An enterprise hotfix rollup is available for Windows 7 SP1 and Windows Server 2008 R2 SP1","http://support.microsoft.com/kb/2775511","2727101 (v1.0)","RemoteApp server starts a duplicate instance of a 32-bit RemoteApp application on a computer that is running Windows Server 2008 R2","http://support.microsoft.com/kb/2727101","rEX","16-04Rollup"
"tscfgwmi.dll","RDS_remote_App","6.1.7601.22757","0","01.08.2014","LDRGDR","2989007 (v1.0)","Update to support Ultra HD resolution for RDP sessions in Windows 7 and Windows Server 2008 R","http://support.microsoft.com/kb/2989007","2928492 (v1.0)","Can't connect to remote applications hosted on a Windows Server 2008 R2 SP1-based computer","http://support.microsoft.com/kb/2928492"," ","16-04Rollup"
"Audioeng.dll","RDS_devRdr","6.1.7601.24523","1","12-Sep-19","LDR","4556836 (v1.0)","May 12, 2020-KB4556836 (Monthly Rollup)","http://support.microsoft.com/kb/4556836","KB only","KB only","KB only"," ","20-05Rollup"
"Audiokse.dll","RDS_devRdr","6.1.7601.24523","1","12-Sep-19","LDR","4556836 (v1.0)","May 12, 2020-KB4556836 (Monthly Rollup)","http://support.microsoft.com/kb/4556836","KB only","KB only","KB only"," ","20-05Rollup"
"Audioses.dll","RDS_devRdr","6.1.7601.24523","1","12-Sep-19","LDR","4556836 (v1.0)","May 12, 2020-KB4556836 (Monthly Rollup)","http://support.microsoft.com/kb/4556836","KB only","KB only","KB only"," ","20-05Rollup"
"Audiosrv.dll","RDS_devRdr","6.1.7601.24523","1","12-Sep-19","LDR","4556836","May 12, 2020-KB4556836 (Monthly Rollup)","http://support.microsoft.com/kb/4556836","No LDR Only available","No LDR Only available","No LDR Only available","rEX","20-05Rollup"
"wsepno.dll","RDS_msTsc","7.0.7601.22244","1","08.02.2013","LDR","2809808 (v1.0)","Takes longer than expected to log off from a Windows Server 2008 R2 SP1-based RDS server remotely","http://support.microsoft.com/kb/2809808","2809808 (v1.0)","Takes longer than expected to log off from a Windows Server 2008 R2 SP1-based RDS server remotely","http://support.microsoft.com/kb/2809808"," ","16-04Rollup"
"Xpsgdiconverter.dll","RDS_msTsc","6.1.7601.23403","1","25-Mar-2016","LDR","3125574","Convenience roll-up update for Windows 7 SP1 and Windows Server 2008 R2 SP1","http://support.microsoft.com/kb/3125574","No LDR Only available","No LDR Only available","No LDR Only available","rEX","16-04Rollup"
"Tsvmhasvc.dll","RDS_vHost","6.1.7601.24514","0","14-Aug-19","LDR","4556836","May 12, 2020-KB4556836 (Monthly Rollup)","http://support.microsoft.com/kb/4556836","No LDR Only available","No LDR Only available","No LDR Only available","rEX","20-05Rollup"
"aaedge.dll","RDS_gateway","6.1.7601.23121","1","09.07.2015","LDRGDR","3075220 (v1.0)","MS15-082: Description of the security update for RDP in Windows: August 11, 2015","http://support.microsoft.com/kb/3075220","2778863 (v1.0)","RD Gateway service crashes on a computer that is running Windows Server 2008 R2","http://support.microsoft.com/kb/2778863","rEX","16-04Rollup"
"licmgr.exe","RDS_license","6.1.7601.23403","1","25-Mar-2016","LDR","3125574","Convenience roll-up update for Windows 7 SP1 and Windows Server 2008 R2 SP1","http://support.microsoft.com/kb/3125574","No LDR Only available","No LDR Only available","No LDR Only available","rEX","16-04Rollup"
"dxgkrnl.sys","RDS_host","6.1.7601.24546","1","16-Jan-20","LDR","4556836","May 12, 2020-KB4556836 (Monthly Rollup)","http://support.microsoft.com/kb/4556836","No LDR Only available","No LDR Only available","No LDR Only available","rEX","20-05Rollup"
"sessenv.dll","RDS_host","6.1.7601.22443","1","06.09.2013","LDR","2884284 (v1.0)","New certificate is generated whenever you start a Windows 7 SP1 or Windows Server 2008 R2 SP1-based computer that uses NAP 802.1X","http://support.microsoft.com/kb/2884284","2884284 (v1.0)","New certificate is generated whenever you start a Windows 7 SP1 or Windows Server 2008 R2 SP1-based computer that uses NAP 802.1X","http://support.microsoft.com/kb/2884284","rEX","16-04Rollup"
"Profprov.dll","Dom_ProfProc","6.1.7601.24549","1","5-Feb-20","LDR","4556836 (v1.0)","May 12, 2020-KB4556836 (Monthly Rollup)","http://support.microsoft.com/kb/4556836","KB only","KB only","KB only"," ","20-05Rollup"
"Profsvc.dll","Dom_ProfProc","6.1.7601.24549","1","13-Feb-20","LDR","4556836 (v1.0)","May 12, 2020-KB4556836 (Monthly Rollup)","http://support.microsoft.com/kb/4556836","KB only","KB only","KB only"," ","20-05Rollup"
"Termdd.sys","Core_Sys","6.1.7601.24441","1","19-Apr-19","LDR","4556836 (v1.0)","May 12, 2020-KB4556836 (Monthly Rollup)","http://support.microsoft.com/kb/4556836","KB only","KB only","KB only"," ","20-05Rollup"
"Userenv.dll","Dom_GPSVC","6.1.7601.24549","1","13-Feb-20","LDR","4556836 (v1.0)","May 12, 2020-KB4556836 (Monthly Rollup)","http://support.microsoft.com/kb/4556836","KB only","KB only","KB only"," ","20-05Rollup"
"4490628","Win2008R2_19_03_SSU_KB"," ","0","12-Mar-2020","LDR","4490628","Servicing stack update for Windows 7 SP1 and Windows Server 2008 R2 SP1: March 12, 2019","http://support.microsoft.com/kb/4490628","KB only","KB only","KB Only"," ","No Rollup"
"4474419","Win2008R2_19_09_SHA_KB"," ","0","23-Sep-2019","LDR","4474419","SHA-2 code signing support update for Windows Server 2008 R2, Windows 7, and Windows Server 2008: September 23, 2019","http://support.microsoft.com/kb/4474419","KB only","KB only","KB Only"," ","No Rollup"
"4550738","Win2008R2_20_04_SSU_KB"," ","0","12-Mar-2020","LDR","4550738","Servicing stack update for Windows 7 SP1 and Server 2008 R2 SP1: April 14, 2020","http://support.microsoft.com/kb/4550738","KB only","KB only","KB Only"," ","No Rollup"
"4538483","Win2008R2_20_02_ESU_KB"," ","0","11-Feb-2020","LDR","4538483","Extended Security Updates (ESU) Licensing Preparation Package for Windows 7 SP1 and Windows Server 2008 R2 SP1","http://support.microsoft.com/kb/4538483","KB only","KB only","KB Only"," ","No Rollup"
"3125574","Win2008R2_16_04B_rollup_KB"," ","0","07-May-2016","LDR","3125574 (v1.0)","Convenience roll-up update for Windows 7 SP1 and Windows Server 2008 R2 SP1","http://support.microsoft.com/kb/3125574","KB only","KB only","KB Only"," ","No Rollup"
"4556836","Win2008R2_20-05_B_rollup_KB"," ","0","12-May-2020","GDR","4556836 (v1.0)","May 12, 2020-KB4556836 (Monthly Rollup)","http://support.microsoft.com/kb/4556836","KB only","KB only","KB only"," ","20-05Rollup"
