"Binary","Component","Version","Prio","Published","Branch","Article","Title","Link","LDROnlyKB","LDROnlyTitle","LDROnlyLink","Comment","RollupInfo"
"Netlogon.dll","Dom_NETLOGON","6.2.16299.1146","0","3-May-19","GDR","4507455","July 9, 2019-KB4507455 (OS Build 16299.1268)","http://support.microsoft.com/kb/4507455","No LDR Only available","No LDR Only available","No LDR Only available","rEX","19-07Rollup"
"LogonCli.dll","Dom_NETLOGON","6.2.16299.371","0","30-Mar-18","GDR","4507455","July 9, 2019-KB4507455 (OS Build 16299.1268)","http://support.microsoft.com/kb/4507455","No LDR Only available","No LDR Only available","No LDR Only available","rEX","19-07Rollup"
"Winlogon.exe","Dom_WINLOGON","6.2.16299.696","0","30-Aug-18","GDR","4507455","July 9, 2019-KB4507455 (OS Build 16299.1268)","http://support.microsoft.com/kb/4507455","No LDR Only available","No LDR Only available","No LDR Only available","rEX","19-07Rollup"
"Kerberos.dll","Dom_KERBEROS","6.2.16299.1217","0","7-Jun-19","GDR","4507455","July 9, 2019-KB4507455 (OS Build 16299.1268)","http://support.microsoft.com/kb/4507455","No LDR Only available","No LDR Only available","No LDR Only available","rEX","19-07Rollup"
"Msv1_0.dll","Dom_NTLM","6.2.16299.1217","1","7-Jun-19","GDR","4507455","July 9, 2019-KB4507455 (OS Build 16299.1268)","http://support.microsoft.com/kb/4507455","No LDR Only available","No LDR Only available","No LDR Only available","rEX","19-07Rollup"
"Wldap32.dll","Dom_LDAPClient","6.2.16299.1120","0","6-Apr-19","GDR","4507455","July 9, 2019-KB4507455 (OS Build 16299.1268)","http://support.microsoft.com/kb/4507455","No LDR Only available","No LDR Only available","No LDR Only available","rEX","19-07Rollup"
"Lsass.exe","Dom_LSA","6.2.16299.755","0","10-Oct-18","GDR","4507455","July 9, 2019-KB4507455 (OS Build 16299.1268)","http://support.microsoft.com/kb/4507455","No LDR Only available","No LDR Only available","No LDR Only available","rEX","19-07Rollup"
"Lsasrv.dll","Dom_LSA","6.2.16299.1268","0","5-Jul-19","GDR","4507455","July 9, 2019-KB4507455 (OS Build 16299.1268)","http://support.microsoft.com/kb/4507455","No LDR Only available","No LDR Only available","No LDR Only available","rEX","19-07Rollup"
"Ksecdd.sys","Dom_LSA","6.2.16299.755","0","10-Oct-18","GDR","4507455","July 9, 2019-KB4507455 (OS Build 16299.1268)","http://support.microsoft.com/kb/4507455","No LDR Only available","No LDR Only available","No LDR Only available","rEX","19-07Rollup"
"Ksecpkg.sys","Dom_LSA","6.2.16299.1268","0","5-Jul-19","GDR","4507455","July 9, 2019-KB4507455 (OS Build 16299.1268)","http://support.microsoft.com/kb/4507455","No LDR Only available","No LDR Only available","No LDR Only available","rEX","19-07Rollup"
"Secur32.dll","Dom_LSA","6.2.16299.461","0","11-May-18","GDR","4507455","July 9, 2019-KB4507455 (OS Build 16299.1268)","http://support.microsoft.com/kb/4507455","No LDR Only available","No LDR Only available","No LDR Only available","rEX","19-07Rollup"
"Sspicli.dll","Dom_LSA","6.2.16299.755","0","10-Oct-18","GDR","4507455","July 9, 2019-KB4507455 (OS Build 16299.1268)","http://support.microsoft.com/kb/4507455","No LDR Only available","No LDR Only available","No LDR Only available","rEX","19-07Rollup"
"Sspisrv.dll","Dom_LSA","6.2.16299.755","0","10-Oct-18","GDR","4507455","July 9, 2019-KB4507455 (OS Build 16299.1268)","http://support.microsoft.com/kb/4507455","No LDR Only available","No LDR Only available","No LDR Only available","rEX","19-07Rollup"
"Schannel.dll","Dom_LSA","6.2.16299.1217","0","7-Jun-19","GDR","4507455","July 9, 2019-KB4507455 (OS Build 16299.1268)","http://support.microsoft.com/kb/4507455","No LDR Only available","No LDR Only available","No LDR Only available","rEX","19-07Rollup"
"AclUI.dll","Dom_SecAuditAndConfig","6.2.16299.696","1","30-Aug-18","GDR","4507455","July 9, 2019-KB4507455 (OS Build 16299.1268)","http://support.microsoft.com/kb/4507455","No LDR Only available","No LDR Only available","No LDR Only available","rEX","19-07Rollup"
"Winscard.dll","Dom_SC_Provider","6.2.16299.1004","1","17-Feb-19","GDR","4507455","July 9, 2019-KB4507455 (OS Build 16299.1268)","http://support.microsoft.com/kb/4507455","No LDR Only available","No LDR Only available","No LDR Only available","rEX","19-07Rollup"
"Basecsp.dll","Dom_SC_Provider","6.2.16299.696","1","31-Aug-18","GDR","4507455","July 9, 2019-KB4507455 (OS Build 16299.1268)","http://support.microsoft.com/kb/4507455","No LDR Only available","No LDR Only available","No LDR Only available","rEX","19-07Rollup"
"Scksp.dll","Dom_SC_Provider","6.2.16299.696","1","30-Aug-18","GDR","4507455","July 9, 2019-KB4507455 (OS Build 16299.1268)","http://support.microsoft.com/kb/4507455","No LDR Only available","No LDR Only available","No LDR Only available","rEX","19-07Rollup"
"ScardSvr.dll","Dom_SC_Srv","6.2.16299.192","1","1-Jan-18","GDR","4507455","July 9, 2019-KB4507455 (OS Build 16299.1268)","http://support.microsoft.com/kb/4507455","No LDR Only available","No LDR Only available","No LDR Only available","rEX","19-07Rollup"
"Scfilter.sys","Dom_SC_Srv","6.2.16299.15","1","29-Sep-17","GDR","4507455","July 9, 2019-KB4507455 (OS Build 16299.1268)","http://support.microsoft.com/kb/4507455","No LDR Only available","No LDR Only available","No LDR Only available","rEX","19-07Rollup"
"Certprop.dll","Dom_SC_Srv","6.2.16299.371","1","30-Mar-18","GDR","4507455","July 9, 2019-KB4507455 (OS Build 16299.1268)","http://support.microsoft.com/kb/4507455","No LDR Only available","No LDR Only available","No LDR Only available","rEX","19-07Rollup"
"Crypt32.dll","Dom_CRYPTO","6.2.16299.402","1","15-Apr-18","GDR","4507455","July 9, 2019-KB4507455 (OS Build 16299.1268)","http://support.microsoft.com/kb/4507455","No LDR Only available","No LDR Only available","No LDR Only available","rEX","19-07Rollup"
"Wintrust.dll","Dom_CRYPTO","6.2.16299.936","1","5-Jan-19","GDR","4507455","July 9, 2019-KB4507455 (OS Build 16299.1268)","http://support.microsoft.com/kb/4507455","No LDR Only available","No LDR Only available","No LDR Only available","rEX","19-07Rollup"
"Cryptdll.dll","Dom_CRYPTO","6.2.16299.1146","1","3-May-19","GDR","4507455","July 9, 2019-KB4507455 (OS Build 16299.1268)","http://support.microsoft.com/kb/4507455","No LDR Only available","No LDR Only available","No LDR Only available","rEX","19-07Rollup"
"Cryptcatsvc.dll","Dom_CRYPTO","6.2.16299.98","1","26-Nov-17","GDR","4507455","July 9, 2019-KB4507455 (OS Build 16299.1268)","http://support.microsoft.com/kb/4507455","No LDR Only available","No LDR Only available","No LDR Only available","rEX","19-07Rollup"
"Gpapi.dll","Dom_GPSVC","6.2.16299.334","0","13-Mar-18","GDR","4507455","July 9, 2019-KB4507455 (OS Build 16299.1268)","http://support.microsoft.com/kb/4507455","No LDR Only available","No LDR Only available","No LDR Only available","rEX","19-07Rollup"
"Gpsvc.dll","Dom_GPSVC","6.2.16299.1004","0","17-Feb-19","GDR","4507455","July 9, 2019-KB4507455 (OS Build 16299.1268)","http://support.microsoft.com/kb/4507455","No LDR Only available","No LDR Only available","No LDR Only available","rEX","19-07Rollup"
"Userenv.dll","Dom_GPSVC","6.2.16299.1217","0","7-Jun-19","GDR","4507455","July 9, 2019-KB4507455 (OS Build 16299.1268)","http://support.microsoft.com/kb/4507455","No LDR Only available","No LDR Only available","No LDR Only available","rEX","19-07Rollup"
"Gpprefcl.dll","Dom_GPP","6.2.16299.522","0","13-Jun-18","GDR","4507455","July 9, 2019-KB4507455 (OS Build 16299.1268)","http://support.microsoft.com/kb/4507455","No LDR Only available","No LDR Only available","No LDR Only available","rEX","19-07Rollup"
"Profsvc.dll","Dom_ProfProc","6.2.16299.1120","0","6-Apr-19","GDR","4507455","July 9, 2019-KB4507455 (OS Build 16299.1268)","http://support.microsoft.com/kb/4507455","No LDR Only available","No LDR Only available","No LDR Only available","rEX","19-07Rollup"
"Fdeploy.dll","Dom_FolderRedir","6.2.16299.637","0","9-Aug-18","GDR","4507455","July 9, 2019-KB4507455 (OS Build 16299.1268)","http://support.microsoft.com/kb/4507455","No LDR Only available","No LDR Only available","No LDR Only available","rEX","19-07Rollup"
"Esent.dll","Dom_ESENT","6.2.16299.1182","0","23-May-19","GDR","4507455","July 9, 2019-KB4507455 (OS Build 16299.1268)","http://support.microsoft.com/kb/4507455","No LDR Only available","No LDR Only available","No LDR Only available","rEX","19-07Rollup"
"Ntdsai.dll","Dom_NTDSAI","6.2.16299.402","0","15-Apr-18","GDR","4507455","July 9, 2019-KB4507455 (OS Build 16299.1268)","http://support.microsoft.com/kb/4507455","No LDR Only available","No LDR Only available","No LDR Only available","rEX","19-07Rollup"
"Samsrv.dll","Dom_SAMSRV","6.2.16299.309","0","26-Nov-17","GDR","4507455","July 9, 2019-KB4507455 (OS Build 16299.1268)","http://support.microsoft.com/kb/4507455","No LDR Only available","No LDR Only available","No LDR Only available","rEX","19-07Rollup"
"Samlib.dll","Dom_SAMSRV","6.2.16299.15","0","29-Sep-17","GDR","4507455","July 9, 2019-KB4507455 (OS Build 16299.1268)","http://support.microsoft.com/kb/4507455","No LDR Only available","No LDR Only available","No LDR Only available","rEX","19-07Rollup"
"Mrxsmb.sys","Net_SMB_Client","6.2.16299.726","0","25-Sep-18","GDR","4507455","July 9, 2019-KB4507455 (OS Build 16299.1268)","http://support.microsoft.com/kb/4507455","No LDR Only available","No LDR Only available","No LDR Only available","rEX","19-07Rollup"
"Mrxsmb10.sys","Net_SMB_Client","6.2.16299.1029","0","6-Mar-19","GDR","4507455","July 9, 2019-KB4507455 (OS Build 16299.1268)","http://support.microsoft.com/kb/4507455","No LDR Only available","No LDR Only available","No LDR Only available","rEX","19-07Rollup"
"Mrxsmb20.sys","Net_SMB_Client","6.2.16299.936","0","5-Jan-19","GDR","4507455","July 9, 2019-KB4507455 (OS Build 16299.1268)","http://support.microsoft.com/kb/4507455","No LDR Only available","No LDR Only available","No LDR Only available","rEX","19-07Rollup"
"Rdbss.sys","Net_SMB_Client","6.2.16299.936","0","5-Jan-19","GDR","4507455","July 9, 2019-KB4507455 (OS Build 16299.1268)","http://support.microsoft.com/kb/4507455","No LDR Only available","No LDR Only available","No LDR Only available","rEX","19-07Rollup"
"Netbt.sys","Net_SMB_Client","6.2.16299.1087","0","2-Apr-19","GDR","4507455","July 9, 2019-KB4507455 (OS Build 16299.1268)","http://support.microsoft.com/kb/4507455","No LDR Only available","No LDR Only available","No LDR Only available","rEX","19-07Rollup"
"Mup.sys","Net_SMB_Client","6.2.16299.371","0","30-Mar-18","GDR","4507455","July 9, 2019-KB4507455 (OS Build 16299.1268)","http://support.microsoft.com/kb/4507455","No LDR Only available","No LDR Only available","No LDR Only available","rEX","19-07Rollup"
"wkssvc.dll","Net_SMB_Client","6.2.16299.371","0","30-Mar-18","GDR","4507455","July 9, 2019-KB4507455 (OS Build 16299.1268)","http://support.microsoft.com/kb/4507455","No LDR Only available","No LDR Only available","No LDR Only available","rEX","19-07Rollup"
"Tcpip.sys","Net_Protocol","6.2.16299.1217","0","7-Jun-19","GDR","4507455","July 9, 2019-KB4507455 (OS Build 16299.1268)","http://support.microsoft.com/kb/4507455","No LDR Only available","No LDR Only available","No LDR Only available","rEX","19-07Rollup"
"Afd.sys","Net_Protocol","6.2.16299.1029","0","6-Mar-19","GDR","4507455","July 9, 2019-KB4507455 (OS Build 16299.1268)","http://support.microsoft.com/kb/4507455","No LDR Only available","No LDR Only available","No LDR Only available","rEX","19-07Rollup"
"Netio.sys","Net_Protocol","6.2.16299.820","0","7-Nov-18","GDR","4507455","July 9, 2019-KB4507455 (OS Build 16299.1268)","http://support.microsoft.com/kb/4507455","No LDR Only available","No LDR Only available","No LDR Only available","rEX","19-07Rollup"
"Ndis.sys","Net_Protocol","6.2.16299.1004","0","17-Feb-19","GDR","4507455","July 9, 2019-KB4507455 (OS Build 16299.1268)","http://support.microsoft.com/kb/4507455","No LDR Only available","No LDR Only available","No LDR Only available","rEX","19-07Rollup"
"Tdx.sys","Net_Protocol","6.2.16299.371","0","30-Mar-18","GDR","4507455","July 9, 2019-KB4507455 (OS Build 16299.1268)","http://support.microsoft.com/kb/4507455","No LDR Only available","No LDR Only available","No LDR Only available","rEX","19-07Rollup"
"Dfsc.sys","Net_DFS-N_Client","6.2.16299.461","0","11-May-18","GDR","4507455","July 9, 2019-KB4507455 (OS Build 16299.1268)","http://support.microsoft.com/kb/4507455","No LDR Only available","No LDR Only available","No LDR Only available","rEX","19-07Rollup"
"Csc.sys","Net_CSC_Offline","6.2.16299.611","0","7-Aug-18","GDR","4507455","July 9, 2019-KB4507455 (OS Build 16299.1268)","http://support.microsoft.com/kb/4507455","No LDR Only available","No LDR Only available","No LDR Only available","rEX","19-07Rollup"
"Cscsvc.dll","Net_CSC_Offline","6.2.16299.1059","0","14-Mar-19","GDR","4507455","July 9, 2019-KB4507455 (OS Build 16299.1268)","http://support.microsoft.com/kb/4507455","No LDR Only available","No LDR Only available","No LDR Only available","rEX","19-07Rollup"
"Cscmig.dll","Net_CSC_Offline","6.2.16299.611","0","7-Aug-18","GDR","4507455","July 9, 2019-KB4507455 (OS Build 16299.1268)","http://support.microsoft.com/kb/4507455","No LDR Only available","No LDR Only available","No LDR Only available","rEX","19-07Rollup"
"Cscui.dll","Net_CSC_Offline","6.2.16299.248","0","10-Feb-18","GDR","4507455","July 9, 2019-KB4507455 (OS Build 16299.1268)","http://support.microsoft.com/kb/4507455","No LDR Only available","No LDR Only available","No LDR Only available","rEX","19-07Rollup"
"Mrxdav.sys","Net_WebDAV","6.2.16299.492","0","8-Jun-18","GDR","4507455","July 9, 2019-KB4507455 (OS Build 16299.1268)","http://support.microsoft.com/kb/4507455","No LDR Only available","No LDR Only available","No LDR Only available","rEX","19-07Rollup"
"Webclnt.dll","Net_WebDAV","6.2.16299.334","0","13-Mar-18","GDR","4507455","July 9, 2019-KB4507455 (OS Build 16299.1268)","http://support.microsoft.com/kb/4507455","No LDR Only available","No LDR Only available","No LDR Only available","rEX","19-07Rollup"
"Davclnt.dll","Net_WebDAV","6.2.16299.334","0","13-Mar-18","GDR","4507455","July 9, 2019-KB4507455 (OS Build 16299.1268)","http://support.microsoft.com/kb/4507455","No LDR Only available","No LDR Only available","No LDR Only available","rEX","19-07Rollup"
"Shell32.dll","Net_WebDAV","6.2.16299.1268","0","5-Jul-19","GDR","4507455","July 9, 2019-KB4507455 (OS Build 16299.1268)","http://support.microsoft.com/kb/4507455","No LDR Only available","No LDR Only available","No LDR Only available","rEX","19-07Rollup"
"Winhttp.dll","Net_WebDAV","6.2.16299.1004","0","17-Feb-19","GDR","4507455","July 9, 2019-KB4507455 (OS Build 16299.1268)","http://support.microsoft.com/kb/4507455","No LDR Only available","No LDR Only available","No LDR Only available","rEX","19-07Rollup"
"Dhcpcore.dll","Net_DHCP_Client","6.2.16299.1059","0","14-Mar-19","GDR","4507455","July 9, 2019-KB4507455 (OS Build 16299.1268)","http://support.microsoft.com/kb/4507455","No LDR Only available","No LDR Only available","No LDR Only available","rEX","19-07Rollup"
"Dhcpcsvc.dll","Net_DHCP_Client","6.2.16299.15","0","29-Sep-17","GDR","4507455","July 9, 2019-KB4507455 (OS Build 16299.1268)","http://support.microsoft.com/kb/4507455","No LDR Only available","No LDR Only available","No LDR Only available","rEX","19-07Rollup"
"dnsapi.dll","Net_DNS_Client","6.2.16299.1237","0","13-Jun-19","GDR","4507455","July 9, 2019-KB4507455 (OS Build 16299.1268)","http://support.microsoft.com/kb/4507455","No LDR Only available","No LDR Only available","No LDR Only available","rEX","19-07Rollup"
"dnsrslvr.dll","Net_DNS_Client","6.2.16299.1237","0","13-Jun-19","GDR","4507455","July 9, 2019-KB4507455 (OS Build 16299.1268)","http://support.microsoft.com/kb/4507455","No LDR Only available","No LDR Only available","No LDR Only available","rEX","19-07Rollup"
"Rpcss.dll","Net_RPC","6.2.16299.1268","1","5-Jul-19","GDR","4507455","July 9, 2019-KB4507455 (OS Build 16299.1268)","http://support.microsoft.com/kb/4507455","No LDR Only available","No LDR Only available","No LDR Only available","rEX","19-07Rollup"
"Rpcrt4.dll","Net_RPC","6.2.16299.1029","1","6-Mar-19","GDR","4507455","July 9, 2019-KB4507455 (OS Build 16299.1268)","http://support.microsoft.com/kb/4507455","No LDR Only available","No LDR Only available","No LDR Only available","rEX","19-07Rollup"
"Bfe.dll","Net_Ipsec_BFE","6.2.16299.402","1","15-Apr-18","GDR","4507455","July 9, 2019-KB4507455 (OS Build 16299.1268)","http://support.microsoft.com/kb/4507455","No LDR Only available","No LDR Only available","No LDR Only available","rEX","19-07Rollup"
"Ikeext.dll","Net_Ipsec_BFE","6.2.16299.1146","1","3-May-19","GDR","4507455","July 9, 2019-KB4507455 (OS Build 16299.1268)","http://support.microsoft.com/kb/4507455","No LDR Only available","No LDR Only available","No LDR Only available","rEX","19-07Rollup"
"Fwpuclnt.dll","Net_Ipsec_BFE","6.2.16299.15","1","29-Sep-17","GDR","4507455","July 9, 2019-KB4507455 (OS Build 16299.1268)","http://support.microsoft.com/kb/4507455","No LDR Only available","No LDR Only available","No LDR Only available","rEX","19-07Rollup"
"Iphlpsvc.dll","Net_DirectAccess_Client","6.2.16299.1268","1","5-Jul-19","GDR","4507455","July 9, 2019-KB4507455 (OS Build 16299.1268)","http://support.microsoft.com/kb/4507455","No LDR Only available","No LDR Only available","No LDR Only available","rEX","19-07Rollup"
"Rdpcore.dll","Net_DirectAccess_Client","6.2.16299.1268","1","5-Jul-19","GDR","4507455","July 9, 2019-KB4507455 (OS Build 16299.1268)","http://support.microsoft.com/kb/4507455","No LDR Only available","No LDR Only available","No LDR Only available","rEX","19-07Rollup"
"dot3svc.dll","Net_IEEE802.1x","6.2.16299.371","1","30-Mar-18","GDR","4507455","July 9, 2019-KB4507455 (OS Build 16299.1268)","http://support.microsoft.com/kb/4507455","No LDR Only available","No LDR Only available","No LDR Only available","rEX","19-07Rollup"
"Rastls.dll","Net_IEEE802.1x","6.2.16299.1237","1","13-Jun-19","GDR","4507455","July 9, 2019-KB4507455 (OS Build 16299.1268)","http://support.microsoft.com/kb/4507455","No LDR Only available","No LDR Only available","No LDR Only available","rEX","19-07Rollup"
"wlansvc.dll","Net_WLAN_Client","6.2.16299.1268","1","5-Jul-19","GDR","4507455","July 9, 2019-KB4507455 (OS Build 16299.1268)","http://support.microsoft.com/kb/4507455","No LDR Only available","No LDR Only available","No LDR Only available","rEX","19-07Rollup"
"wlanmsm.dll","Net_WLAN_Client","6.2.16299.1268","1","5-Jul-19","GDR","4507455","July 9, 2019-KB4507455 (OS Build 16299.1268)","http://support.microsoft.com/kb/4507455","No LDR Only available","No LDR Only available","No LDR Only available","rEX","19-07Rollup"
"wlanapi.dll","Net_WLAN_Client","6.2.16299.1268","1","5-Jul-19","GDR","4507455","July 9, 2019-KB4507455 (OS Build 16299.1268)","http://support.microsoft.com/kb/4507455","No LDR Only available","No LDR Only available","No LDR Only available","rEX","19-07Rollup"
"wlansec.dll","Net_WLAN_Client","6.2.16299.755","1","10-Oct-18","GDR","4507455","July 9, 2019-KB4507455 (OS Build 16299.1268)","http://support.microsoft.com/kb/4507455","No LDR Only available","No LDR Only available","No LDR Only available","rEX","19-07Rollup"
"wlansvcpal.dll","Net_WLAN_Client","6.2.16299.15","1","29-Sep-17","GDR","4507455","July 9, 2019-KB4507455 (OS Build 16299.1268)","http://support.microsoft.com/kb/4507455","No LDR Only available","No LDR Only available","No LDR Only available","rEX","19-07Rollup"
"wlanhlp.dll","Net_WLAN_Client","6.2.16299.15","1","29-Sep-17","GDR","4507455","July 9, 2019-KB4507455 (OS Build 16299.1268)","http://support.microsoft.com/kb/4507455","No LDR Only available","No LDR Only available","No LDR Only available","rEX","19-07Rollup"
"Rasapi32.dll","HNV_Net","6.2.16299.334","1","13-Mar-18","GDR","4507455","July 9, 2019-KB4507455 (OS Build 16299.1268)","http://support.microsoft.com/kb/4507455","No LDR Only available","No LDR Only available","No LDR Only available","rEX","19-07Rollup"
"Dhcpcore6.dll","Net_IPv6","6.2.16299.1059","1","14-Mar-19","GDR","4507455","July 9, 2019-KB4507455 (OS Build 16299.1268)","http://support.microsoft.com/kb/4507455","No LDR Only available","No LDR Only available","No LDR Only available","rEX","19-07Rollup"
"Dhcpcsvc6.dll","Net_IPv6","6.2.16299.15","1","29-Sep-17","GDR","4507455","July 9, 2019-KB4507455 (OS Build 16299.1268)","http://support.microsoft.com/kb/4507455","No LDR Only available","No LDR Only available","No LDR Only available","rEX","19-07Rollup"
"WebIo.dll","Net_BranchCache","6.2.16299.820","1","7-Nov-18","GDR","4507455","July 9, 2019-KB4507455 (OS Build 16299.1268)","http://support.microsoft.com/kb/4507455","No LDR Only available","No LDR Only available","No LDR Only available","rEX","19-07Rollup"
"Mpsdrv.sys","Net_Firewall","6.2.16299.665","1","28-Aug-18","GDR","4507455","July 9, 2019-KB4507455 (OS Build 16299.1268)","http://support.microsoft.com/kb/4507455","No LDR Only available","No LDR Only available","No LDR Only available","rEX","19-07Rollup"
"MpsSvc.dll","Net_Firewall","6.2.16299.1268","1","5-Jul-19","GDR","4507455","July 9, 2019-KB4507455 (OS Build 16299.1268)","http://support.microsoft.com/kb/4507455","No LDR Only available","No LDR Only available","No LDR Only available","rEX","19-07Rollup"
"Ntoskrnl.exe","Core_Kernel","6.2.16299.1268","0","5-Jul-19","GDR","4507455","July 9, 2019-KB4507455 (OS Build 16299.1268)","http://support.microsoft.com/kb/4507455","No LDR Only available","No LDR Only available","No LDR Only available","rEX","19-07Rollup"
"Ntdll.dll","Core_Kernel","6.2.16299.936","0","5-Jan-19","GDR","4507455","July 9, 2019-KB4507455 (OS Build 16299.1268)","http://support.microsoft.com/kb/4507455","No LDR Only available","No LDR Only available","No LDR Only available","rEX","19-07Rollup"
"Hal.dll","Core_Kernel","6.2.16299.1146","0","3-May-19","GDR","4507455","July 9, 2019-KB4507455 (OS Build 16299.1268)","http://support.microsoft.com/kb/4507455","No LDR Only available","No LDR Only available","No LDR Only available","rEX","19-07Rollup"
"Fltmgr.sys","Core_Kernel","6.2.16299.402","0","15-Apr-18","GDR","4507455","July 9, 2019-KB4507455 (OS Build 16299.1268)","http://support.microsoft.com/kb/4507455","No LDR Only available","No LDR Only available","No LDR Only available","rEX","19-07Rollup"
"win32k.sys","Core_Kernel","6.2.16299.15","0","29-Sep-17","GDR","4507455","July 9, 2019-KB4507455 (OS Build 16299.1268)","http://support.microsoft.com/kb/4507455","No LDR Only available","No LDR Only available","No LDR Only available","rEX","19-07Rollup"
"Ntfs.sys","Core_FileSystem","6.2.16299.1059","0","14-Mar-19","GDR","4507455","July 9, 2019-KB4507455 (OS Build 16299.1268)","http://support.microsoft.com/kb/4507455","No LDR Only available","No LDR Only available","No LDR Only available","rEX","19-07Rollup"
"dedup.sys","Core_FileSystem","6.2.16299.1059","0","14-Mar-19","GDR","4507455","July 9, 2019-KB4507455 (OS Build 16299.1268)","http://support.microsoft.com/kb/4507455","No LDR Only available","No LDR Only available","No LDR Only available","rEX","19-07Rollup"
"Msiscsi.sys","Core_DiskSystem","6.2.16299.1268","0","5-Jul-19","GDR","4507455","July 9, 2019-KB4507455 (OS Build 16299.1268)","http://support.microsoft.com/kb/4507455","No LDR Only available","No LDR Only available","No LDR Only available","rEX","19-07Rollup"
"Storport.sys","Core_DiskSystem","6.2.16299.755","0","10-Oct-18","GDR","4507455","July 9, 2019-KB4507455 (OS Build 16299.1268)","http://support.microsoft.com/kb/4507455","No LDR Only available","No LDR Only available","No LDR Only available","rEX","19-07Rollup"
"Advapi32.dll","Core_Apps","6.2.16299.696","0","31-Aug-18","GDR","4507455","July 9, 2019-KB4507455 (OS Build 16299.1268)","http://support.microsoft.com/kb/4507455","No LDR Only available","No LDR Only available","No LDR Only available","rEX","19-07Rollup"
"Mshtml.dll","IE_Client","11.0.16299.1268","0","5-Jul-19","GDR","4507455","July 9, 2019-KB4507455 (OS Build 16299.1268)","http://support.microsoft.com/kb/4507455","No LDR Only available","No LDR Only available","No LDR Only available","rEX","19-07Rollup"
"4500641","Win2016RS3_19_05_SvcStack_KB"," ","0","14-May-2019","GDR","4500641","Servicing stack update for Windows 10, Version 1709: May 14, 2019","http://support.microsoft.com/kb/4500641","KB only","KB only","KB Only"," ","No Rollup"
"4507455","Win2016RS3_19-07_B_rollup_KB"," ","0","09-Jul-2019","GDR","4507455 (v1.0)","July 9, 2019-KB4507455 (OS Build 16299.1268)","http://support.microsoft.com/kb/4507455","KB only","KB only","KB only"," ","19-07Rollup"
