"Binary","Component","Version","Prio","Published","Branch","Article","Title","Link","LDROnlyKB","LDROnlyTitle","LDROnlyLink","Comment","RollupInfo"
"Volsnap.sys","Cluster_Volsnap","6.2.16299.125","0","7-Dec-17","GDR","4503284","June 11, 2019-KB4503284 (OS Build 16299.1217)","http://support.microsoft.com/kb/4503284","No LDR Only available","No LDR Only available","No LDR Only available","rEX","19-06Rollup"
"Vmswitch.sys","Hyper-V_Net","6.2.16299.936","1","5-Jan-19","GDR","4503284","June 11, 2019-KB4503284 (OS Build 16299.1217)","http://support.microsoft.com/kb/4503284","No LDR Only available","No LDR Only available","No LDR Only available","rEX","19-06Rollup"
"Wnv.sys","Hyper-V_Net","6.2.16299.1217","1","7-Jun-19","GDR","4503284","June 11, 2019-KB4503284 (OS Build 16299.1217)","http://support.microsoft.com/kb/4503284","No LDR Only available","No LDR Only available","No LDR Only available","rEX","19-06Rollup"
"Vmms.exe","Hyper-V_Net","6.2.16299.1217","1","7-Jun-19","GDR","4503284","June 11, 2019-KB4503284 (OS Build 16299.1217)","http://support.microsoft.com/kb/4503284","No LDR Only available","No LDR Only available","No LDR Only available","rEX","19-06Rollup"
"Winnat.sys","Hyper-V_Net","6.2.16299.1182","1","23-May-19","GDR","4503284","June 11, 2019-KB4503284 (OS Build 16299.1217)","http://support.microsoft.com/kb/4503284","No LDR Only available","No LDR Only available","No LDR Only available","rEX","19-06Rollup"
"pvhdparser.sys","Hyper-V_Net","6.2.16299.371","1","30-Mar-18","GDR","4503284","June 11, 2019-KB4503284 (OS Build 16299.1217)","http://support.microsoft.com/kb/4503284","No LDR Only available","No LDR Only available","No LDR Only available","rEX","19-06Rollup"
"Rasapi32.dll","HNV_Net","6.2.16299.334","1","13-Mar-18","GDR","4503284","June 11, 2019-KB4503284 (OS Build 16299.1217)","http://support.microsoft.com/kb/4503284","No LDR Only available","No LDR Only available","No LDR Only available","rEX","19-06Rollup"
"Vmwp.exe","Hyper-V_app","6.2.16299.1217","1","7-Jun-19","GDR","4503284","June 11, 2019-KB4503284 (OS Build 16299.1217)","http://support.microsoft.com/kb/4503284","No LDR Only available","No LDR Only available","No LDR Only available","rEX","19-06Rollup"
"4500641","Win2016RS3_19_05_SvcStack_KB"," ","0","14-May-2019","GDR","4500641","Servicing stack update for Windows 10, Version 1709: May 14, 2019","http://support.microsoft.com/kb/4500641","KB only","KB only","KB Only"," ","No Rollup"
"4503284","Win2016RS3_19-06_B_rollup_KB"," ","0","11-Jun-2019","GDR","4503284 (v1.0)","June 11, 2019-KB4503284 (OS Build 16299.1217)","http://support.microsoft.com/kb/4503284","KB only","KB only","KB only"," ","19-06Rollup"
