"Binary","Component","Version","Prio","Published","Branch","Article","Title","Link","LDROnlyKB","LDROnlyTitle","LDROnlyLink","Comment","RollupInfo"
"Localspl.dll","Print_Spool","6.1.7601.24383","0","16-Feb-19","LDR","4499164","May 14, 2019-KB4499164 (Monthly Rollup)","http://support.microsoft.com/kb/4499164","No LDR Only available","No LDR Only available","No LDR Only available","rEX","19-05Rollup"
"Win32spl.dll","Print_Spool","6.1.7601.23889","0","11-Aug-17","LDR","4499164","May 14, 2019-KB4499164 (Monthly Rollup)","http://support.microsoft.com/kb/4499164","No LDR Only available","No LDR Only available","No LDR Only available","rEX","19-05Rollup"
"Spoolsv.exe","Print_Spool","6.1.7601.24000","0","1-Jan-18","LDR","4499164","May 14, 2019-KB4499164 (Monthly Rollup)","http://support.microsoft.com/kb/4499164","No LDR Only available","No LDR Only available","No LDR Only available","rEX","19-05Rollup"
"winspool.drv","Print_Spool","6.1.7601.24383","0","31.01.2014","LDR","2927901 (v1.0)","SetDefaultPrinter sets a wrong default printer in Windows 7 or Windows Server 2008 R2","http://support.microsoft.com/kb/2927901","2927901 (v1.0)","SetDefaultPrinter sets a wrong default printer in Windows 7 or Windows Server 2008 R2","http://support.microsoft.com/kb/2927901"," ","16-04Rollup"
"Ntprint.exe","Print_App","6.1.7601.23889","0","11-Aug-17","LDR","4499164","May 14, 2019-KB4499164 (Monthly Rollup)","http://support.microsoft.com/kb/4499164","No LDR Only available","No LDR Only available","No LDR Only available","rEX","19-05Rollup"
"printui.dll","Print_App","6.1.7601.22169","0","21.11.2012","LDR","2783429 (v1.0)","High CPU utilization when you use the Print Management snap-in to add a printer in Windows 7 or Windows Server 2008 R2","http://support.microsoft.com/kb/2783429","2783429 (v1.0)","High CPU utilization when you use the Print Management snap-in to add a printer in Windows 7 or Windows Server 2008 R2","http://support.microsoft.com/kb/2783429"," ","16-04Rollup"
"Printbrm.exe","Print_App","6.1.7601.23889","0","11-Aug-17","LDR","4499164","May 14, 2019-KB4499164 (Monthly Rollup)","http://support.microsoft.com/kb/4499164","No LDR Only available","No LDR Only available","No LDR Only available","rEX","19-05Rollup"
"splwow64.exe","Print_App","6.1.7601.22268","0","28.02.2013","LDR","2815716 (v2.0)","Splwow64.exe process doesn't end after a print job finishes in the 64-bit version of Windows 7 or Windows Server 2008 R2","http://support.microsoft.com/kb/2815716","2815716 (v2.0)","Splwow64.exe process doesn't end after a print job finishes in the 64-bit version of Windows 7 or Windows Server 2008 R2","http://support.microsoft.com/kb/2815716"," ","16-04Rollup"
"mxdwdrv.dll","Print_Driver","0.3.9600.17728","1","17.05.2016","LDR","3125574","Convenience roll-up update for Windows 7 SP1 and Windows Server 2008 R2 SP1","http://support.microsoft.com/kb/3125574","No LDR Only available","No LDR Only available","No LDR Only available","rEX","16-04Rollup"
"pcl4res.dll","Print_Driver","0.3.5479.0","1","17.05.2016","LDR","3125574","Convenience roll-up update for Windows 7 SP1 and Windows Server 2008 R2 SP1","http://support.microsoft.com/kb/3125574","No LDR Only available","No LDR Only available","No LDR Only available","rEX","16-04Rollup"
"pscript5.dll","Print_Driver","0.3.9600.17388","1","17.05.2016","LDR","3125574","Convenience roll-up update for Windows 7 SP1 and Windows Server 2008 R2 SP1","http://support.microsoft.com/kb/3125574","No LDR Only available","No LDR Only available","No LDR Only available","rEX","16-04Rollup"
"unidrv.dll","Print_Driver","0.3.9600.17246","1","17.05.2016","LDR","3125574","Convenience roll-up update for Windows 7 SP1 and Windows Server 2008 R2 SP1","http://support.microsoft.com/kb/3125574","No LDR Only available","No LDR Only available","No LDR Only available","rEX","16-04Rollup"
"unires.dll","Print_Driver","0.3.9600.17246","1","17.05.2016","LDR","3125574","Convenience roll-up update for Windows 7 SP1 and Windows Server 2008 R2 SP1","http://support.microsoft.com/kb/3125574","No LDR Only available","No LDR Only available","No LDR Only available","rEX","16-04Rollup"
"xpssvcs.dll","Print_Driver","6.3.9600.16384","1","17.05.2016","LDR","3125574","Convenience roll-up update for Windows 7 SP1 and Windows Server 2008 R2 SP1","http://support.microsoft.com/kb/3125574","No LDR Only available","No LDR Only available","No LDR Only available","rEX","16-04Rollup"
"3177467","Win2008R2_16_09_SvcStack_KB"," ","0","09-Oct-2016","LDR","3177467 (v3.0)","Servicing stack update for Windows 7 SP1 and Windows Server 2008 R2 SP1: September 20, 2016","http://support.microsoft.com/kb/3177467","KB only","KB only","KB Only"," ","No Rollup"
"3125574","Win2008R2_16_04B_rollup_KB"," ","0","07-May-2016","LDR","3125574 (v1.0)","Convenience roll-up update for Windows 7 SP1 and Windows Server 2008 R2 SP1","http://support.microsoft.com/kb/3125574","KB only","KB only","KB Only"," ","No Rollup"
"4499164","Win2008R2_19-05_B_rollup_KB"," ","0","14-May-2019","GDR","4499164 (v1.0)","May 14, 2019-KB4499164 (Monthly Rollup)","http://support.microsoft.com/kb/4499164","KB only","KB only","KB only"," ","19-05Rollup"
