"Binary","Component","Version","Prio","Published","Branch","Article","Title","Link","LDROnlyKB","LDROnlyTitle","LDROnlyLink","Comment","RollupInfo"
"Localspl.dll","Print_Spool","6.2.17134.799","0","17-May-19","GDR","4530717","December 10, 2019-KB4530717 (OS Build 17134.1184)","http://support.microsoft.com/kb/4530717","No LDR Only available","No LDR Only available","No LDR Only available","rEX","19-12Rollup"
"Win32spl.dll","Print_Spool","6.2.17134.319","0","8-Sep-18","GDR","4530717","December 10, 2019-KB4530717 (OS Build 17134.1184)","http://support.microsoft.com/kb/4530717","No LDR Only available","No LDR Only available","No LDR Only available","rEX","19-12Rollup"
"Spoolsv.exe","Print_Spool","6.2.17134.1","0","11-Apr-18","GDR","4530717","December 10, 2019-KB4530717 (OS Build 17134.1184)","http://support.microsoft.com/kb/4530717","No LDR Only available","No LDR Only available","No LDR Only available","rEX","19-12Rollup"
"Printfilterpipelineprxy.dll","Print_App","6.2.17134.1","0","11-Apr-18","GDR","4530717","December 10, 2019-KB4530717 (OS Build 17134.1184)","http://support.microsoft.com/kb/4530717","No LDR Only available","No LDR Only available","No LDR Only available","rEX","19-12Rollup"
"Printfilterpipelinesvc.exe","Print_App","6.2.17134.1184","0","28-Nov-19","GDR","4530717","December 10, 2019-KB4530717 (OS Build 17134.1184)","http://support.microsoft.com/kb/4530717","No LDR Only available","No LDR Only available","No LDR Only available","rEX","19-12Rollup"
"splwow64.exe","Print_App","6.2.17134.1130","0","8-Nov-19","GDR","4530717","December 10, 2019-KB4530717 (OS Build 17134.1184)","http://support.microsoft.com/kb/4530717","No LDR Only available","No LDR Only available","No LDR Only available","rEX","19-12Rollup"
"Mxdwdrv.dll","Print_Driver","0.3.17134.753","1","19-Apr-19","GDR","4530717","December 10, 2019-KB4530717 (OS Build 17134.1184)","http://support.microsoft.com/kb/4530717","No LDR Only available","No LDR Only available","No LDR Only available","rEX","19-12Rollup"
"Pcl4res.dll","Print_Driver","6.0.5479.0","1","19-Apr-19","GDR","4530717","December 10, 2019-KB4530717 (OS Build 17134.1184)","http://support.microsoft.com/kb/4530717","No LDR Only available","No LDR Only available","No LDR Only available","rEX","19-12Rollup"
"Pscript5.dll","Print_Driver","0.3.17134.753","1","19-Apr-19","GDR","4530717","December 10, 2019-KB4530717 (OS Build 17134.1184)","http://support.microsoft.com/kb/4530717","No LDR Only available","No LDR Only available","No LDR Only available","rEX","19-12Rollup"
"Unidrv.dll","Print_Driver","0.3.17134.753","1","19-Apr-19","GDR","4530717","December 10, 2019-KB4530717 (OS Build 17134.1184)","http://support.microsoft.com/kb/4530717","No LDR Only available","No LDR Only available","No LDR Only available","rEX","19-12Rollup"
"Unires.dll","Print_Driver","0.3.17134.753","1","19-Apr-19","GDR","4530717","December 10, 2019-KB4530717 (OS Build 17134.1184)","http://support.microsoft.com/kb/4530717","No LDR Only available","No LDR Only available","No LDR Only available","rEX","19-12Rollup"
"4523203","Win2016RS4_19_11_SSU_KB"," ","0","12-Nov-2019","GDR","4523203","Servicing stack update for Windows 10, version 1803: November 12, 2019","http://support.microsoft.com/kb/4523203","KB only","KB only","KB Only"," ","No Rollup"
"4530717","Win2016RS4_19-12_B_rollup_KB"," ","0","10-Dec-2019","GDR","4530717 (v1.0)","December 10, 2019-KB4530717 (OS Build 17134.1184)","http://support.microsoft.com/kb/4530717","KB only","KB only","KB only"," ","19-12Rollup"
