"Binary","Component","Version","Prio","Published","Branch","Article","Title","Link","LDROnlyKB","LDROnlyTitle","LDROnlyLink","Comment","RollupInfo"
"Ntoskrnl.exe","Core_Kernel","6.2.18362.836","0","12-May-20","GDR","4556799 (v1.0)","May 12, 2020-KB4556799 (OS Builds 18362.836 and 18363.836)","http://support.microsoft.com/kb/4556799","KB only","KB only","KB only"," ","20-05Rollup"
"Crashdmp.sys","Core_Kernel","6.2.18362.693","0","7-Mar-20","GDR","4556799 (v1.0)","May 12, 2020-KB4556799 (OS Builds 18362.836 and 18363.836)","http://support.microsoft.com/kb/4556799","KB only","KB only","KB only"," ","20-05Rollup"
"Ntdll.dll","Core_Kernel","6.2.18362.815","0","21-Apr-20","GDR","4556799 (v1.0)","May 12, 2020-KB4556799 (OS Builds 18362.836 and 18363.836)","http://support.microsoft.com/kb/4556799","KB only","KB only","KB only"," ","20-05Rollup"
"Hal.dll","Core_Kernel","6.2.18362.752","0","24-Mar-20","GDR","4556799 (v1.0)","May 12, 2020-KB4556799 (OS Builds 18362.836 and 18363.836)","http://support.microsoft.com/kb/4556799","KB only","KB only","KB only"," ","20-05Rollup"
"Fltmgr.sys","Core_Kernel","6.2.18362.267","0","26-Jul-19","GDR","4556799 (v1.0)","May 12, 2020-KB4556799 (OS Builds 18362.836 and 18363.836)","http://support.microsoft.com/kb/4556799","KB only","KB only","KB only"," ","20-05Rollup"
"win32k.sys","Core_Kernel","6.2.18362.836","0","12-May-20","GDR","4556799 (v1.0)","May 12, 2020-KB4556799 (OS Builds 18362.836 and 18363.836)","http://support.microsoft.com/kb/4556799","KB only","KB only","KB only"," ","20-05Rollup"
"Ntfs.sys","Core_FileSystem","6.2.18362.719","0","10-Mar-20","GDR","4556799 (v1.0)","May 12, 2020-KB4556799 (OS Builds 18362.836 and 18363.836)","http://support.microsoft.com/kb/4556799","KB only","KB only","KB only"," ","20-05Rollup"
"dedup.sys","Core_FileSystem","6.2.18362.1","0","23-Jan-20","GDR","4556799 (v1.0)","May 12, 2020-KB4556799 (OS Builds 18362.836 and 18363.836)","http://support.microsoft.com/kb/4556799","KB only","KB only","KB only"," ","20-05Rollup"
"Msiscsi.sys","Core_DiskSystem","6.2.18362.449","0","24-Oct-19","GDR","4556799 (v1.0)","May 12, 2020-KB4556799 (OS Builds 18362.836 and 18363.836)","http://support.microsoft.com/kb/4556799","KB only","KB only","KB only"," ","20-05Rollup"
"Storport.sys","Core_DiskSystem","6.2.18362.815","0","21-Apr-20","GDR","4556799 (v1.0)","May 12, 2020-KB4556799 (OS Builds 18362.836 and 18363.836)","http://support.microsoft.com/kb/4556799","KB only","KB only","KB only"," ","20-05Rollup"
"Repdrvfs.dll","Core_WMI","6.2.18362.1","0","8-Feb-20","GDR","4556799 (v1.0)","May 12, 2020-KB4556799 (OS Builds 18362.836 and 18363.836)","http://support.microsoft.com/kb/4556799","KB only","KB only","KB only"," ","20-05Rollup"
"Mpio.sys","Core_MPIO","6.2.18362.1","0","7-Mar-20","GDR","4556799 (v1.0)","May 12, 2020-KB4556799 (OS Builds 18362.836 and 18363.836)","http://support.microsoft.com/kb/4556799","KB only","KB only","KB only"," ","20-05Rollup"
"Advapi32.dll","Core_Apps","6.2.18362.752","0","24-Mar-20","GDR","4556799 (v1.0)","May 12, 2020-KB4556799 (OS Builds 18362.836 and 18363.836)","http://support.microsoft.com/kb/4556799","KB only","KB only","KB only"," ","20-05Rollup"
"wbengine.exe","Core_VSS","6.2.18362.836","1","12-May-20","GDR","4556799 (v1.0)","May 12, 2020-KB4556799 (OS Builds 18362.836 and 18363.836)","http://support.microsoft.com/kb/4556799","KB only","KB only","KB only"," ","20-05Rollup"
"blbsrv.dll","Core_VSS","6.2.18362.1","1","6-May-20","GDR","4556799","May 12, 2020-KB4556799 (OS Builds 18362.836 and 18363.836)","http://support.microsoft.com/kb/4556799","KB only","KB only","KB only"," ","20-04Rollup"
"Volsnap.sys","Cluster_Volsnap","6.2.18362.693","0","7-Mar-20","GDR","4556799 (v1.0)","May 12, 2020-KB4556799 (OS Builds 18362.836 and 18363.836)","http://support.microsoft.com/kb/4556799","KB only","KB only","KB only"," ","20-05Rollup"
"pci.sys","Core_Sys","6.2.18362.752","1","24-Mar-20","GDR","4556799 (v1.0)","May 12, 2020-KB4556799 (OS Builds 18362.836 and 18363.836)","http://support.microsoft.com/kb/4556799","KB only","KB only","KB only"," ","20-05Rollup"
"Volmgr.sys","Core_Sys","6.2.18362.752","1","24-Mar-20","GDR","4556799 (v1.0)","May 12, 2020-KB4556799 (OS Builds 18362.836 and 18363.836)","http://support.microsoft.com/kb/4556799","KB only","KB only","KB only"," ","20-05Rollup"
"Crypt32.dll","Dom_CRYPTO","6.2.18362.592","1","3-Jan-20","GDR","4556799 (v1.0)","May 12, 2020-KB4556799 (OS Builds 18362.836 and 18363.836)","http://support.microsoft.com/kb/4556799","KB only","KB only","KB only"," ","20-05Rollup"
"Wintrust.dll","Dom_CRYPTO","6.2.18362.387","1","26-Sep-19","GDR","4556799 (v1.0)","May 12, 2020-KB4556799 (OS Builds 18362.836 and 18363.836)","http://support.microsoft.com/kb/4556799","KB only","KB only","KB only"," ","20-05Rollup"
"Cryptdll.dll","Dom_CRYPTO","6.2.18362.113","1","29-Jun-19","GDR","4556799 (v1.0)","May 12, 2020-KB4556799 (OS Builds 18362.836 and 18363.836)","http://support.microsoft.com/kb/4556799","KB only","KB only","KB only"," ","20-05Rollup"
"Cryptcatsvc.dll","Dom_CRYPTO","6.2.18362.592","1","3-Jan-20","GDR","4556799 (v1.0)","May 12, 2020-KB4556799 (OS Builds 18362.836 and 18363.836)","http://support.microsoft.com/kb/4556799","KB only","KB only","KB only"," ","20-05Rollup"
"Tzres.dll","Core_TimeZone","6.2.18362.1","1","22-Jan-20","GDR","4556799 (v1.0)","May 12, 2020-KB4556799 (OS Builds 18362.836 and 18363.836)","http://support.microsoft.com/kb/4556799","KB only","KB only","KB only"," ","20-05Rollup"
"4552152","Win2016_1903_20_04_SSU_KB"," ","0","14-Apr-2020","GDR","4552152","Servicing stack update for Windows 10, version 1903 and 1909: April 14, 2020","http://support.microsoft.com/kb/4552152","KB only","KB only","KB Only"," ","No Rollup"
"4556799","Win201619H1_20-05_B_rollup_KB"," ","0","12-May-2020","GDR","4556799 (v1.0)","May 12, 2020-KB4556799 (OS Builds 18362.836 and 18363.836)","http://support.microsoft.com/kb/4556799","KB only","KB only","KB only"," ","20-05Rollup"
