"Binary","Component","Version","Prio","Published","Branch","Article","Title","Link","LDROnlyKB","LDROnlyTitle","LDROnlyLink","Comment","RollupInfo"
"Robocopy.exe","Net_Applications","6.2.14393.2636","1","1-Nov-18","GDR","4512517","August 13, 2019-KB4512517 (OS Build 14393.3144)","http://support.microsoft.com/kb/4512517","No LDR Only available","No LDR Only available","No LDR Only available","rEX","19-08Rollup"
"srv.sys","Net_SMB_Server","6.2.14393.2848","0","6-Mar-19","GDR","4512517","August 13, 2019-KB4512517 (OS Build 14393.3144)","http://support.microsoft.com/kb/4512517","No LDR Only available","No LDR Only available","No LDR Only available","rEX","19-08Rollup"
"srv2.sys","Net_SMB_Server","6.2.14393.2999","0","21-May-19","GDR","4512517","August 13, 2019-KB4512517 (OS Build 14393.3144)","http://support.microsoft.com/kb/4512517","No LDR Only available","No LDR Only available","No LDR Only available","rEX","19-08Rollup"
"srvnet.sys","Net_SMB_Server","6.2.14393.2848","0","6-Mar-19","GDR","4512517","August 13, 2019-KB4512517 (OS Build 14393.3144)","http://support.microsoft.com/kb/4512517","No LDR Only available","No LDR Only available","No LDR Only available","rEX","19-08Rollup"
"Srvsvc.dll","Net_SMB_Server","6.2.14393.2248","0","28-Apr-18","GDR","4512517","August 13, 2019-KB4512517 (OS Build 14393.3144)","http://support.microsoft.com/kb/4512517","No LDR Only available","No LDR Only available","No LDR Only available","rEX","19-08Rollup"
"Mrxsmb.sys","Net_SMB_Client","6.2.14393.2828","0","17-Feb-19","GDR","4512517","August 13, 2019-KB4512517 (OS Build 14393.3144)","http://support.microsoft.com/kb/4512517","No LDR Only available","No LDR Only available","No LDR Only available","rEX","19-08Rollup"
"Mrxsmb10.sys","Net_SMB_Client","6.2.14393.2848","0","6-Mar-19","GDR","4512517","August 13, 2019-KB4512517 (OS Build 14393.3144)","http://support.microsoft.com/kb/4512517","No LDR Only available","No LDR Only available","No LDR Only available","rEX","19-08Rollup"
"Mrxsmb20.sys","Net_SMB_Client","6.2.14393.2999","0","21-May-19","GDR","4512517","August 13, 2019-KB4512517 (OS Build 14393.3144)","http://support.microsoft.com/kb/4512517","No LDR Only available","No LDR Only available","No LDR Only available","rEX","19-08Rollup"
"Rdbss.sys","Net_SMB_Client","6.2.14393.2969","0","4-May-19","GDR","4512517","August 13, 2019-KB4512517 (OS Build 14393.3144)","http://support.microsoft.com/kb/4512517","No LDR Only available","No LDR Only available","No LDR Only available","rEX","19-08Rollup"
"Netbt.sys","Net_SMB_Client","6.2.14393.2906","0","2-Apr-19","GDR","4512517","August 13, 2019-KB4512517 (OS Build 14393.3144)","http://support.microsoft.com/kb/4512517","No LDR Only available","No LDR Only available","No LDR Only available","rEX","19-08Rollup"
"Mup.sys","Net_SMB_Client","6.2.14393.1378","0","21-Jun-17","GDR","4512517","August 13, 2019-KB4512517 (OS Build 14393.3144)","http://support.microsoft.com/kb/4512517","No LDR Only available","No LDR Only available","No LDR Only available","rEX","19-08Rollup"
"wkssvc.dll","Net_SMB_Client","6.2.14393.2999","0","21-May-19","GDR","4512517","August 13, 2019-KB4512517 (OS Build 14393.3144)","http://support.microsoft.com/kb/4512517","No LDR Only available","No LDR Only available","No LDR Only available","rEX","19-08Rollup"
"Tcpip.sys","Net_Protocol","6.2.14393.3143","0","26-Jul-19","GDR","4512517","August 13, 2019-KB4512517 (OS Build 14393.3144)","http://support.microsoft.com/kb/4512517","No LDR Only available","No LDR Only available","No LDR Only available","rEX","19-08Rollup"
"Afd.sys","Net_Protocol","6.2.14393.3115","0","9-Jul-19","GDR","4512517","August 13, 2019-KB4512517 (OS Build 14393.3144)","http://support.microsoft.com/kb/4512517","No LDR Only available","No LDR Only available","No LDR Only available","rEX","19-08Rollup"
"Netio.sys","Net_Protocol","6.2.14393.2339","0","12-Jun-18","GDR","4512517","August 13, 2019-KB4512517 (OS Build 14393.3144)","http://support.microsoft.com/kb/4512517","No LDR Only available","No LDR Only available","No LDR Only available","rEX","19-08Rollup"
"Ndis.sys","Net_Protocol","6.2.14393.2430","0","7-Aug-18","GDR","4512517","August 13, 2019-KB4512517 (OS Build 14393.3144)","http://support.microsoft.com/kb/4512517","No LDR Only available","No LDR Only available","No LDR Only available","rEX","19-08Rollup"
"Netiohlp.dll","Net_Protocol","6.2.14393.2515","0","30-Aug-18","GDR","4512517","August 13, 2019-KB4512517 (OS Build 14393.3144)","http://support.microsoft.com/kb/4512517","No LDR Only available","No LDR Only available","No LDR Only available","rEX","19-08Rollup"
"Tdx.sys","Net_Protocol","6.2.14393.2339","0","12-Jun-18","GDR","4512517","August 13, 2019-KB4512517 (OS Build 14393.3144)","http://support.microsoft.com/kb/4512517","No LDR Only available","No LDR Only available","No LDR Only available","rEX","19-08Rollup"
"Iphlpapi.dll","Net_Protocol","6.2.14393.2339","0","12-Jun-18","GDR","4512517","August 13, 2019-KB4512517 (OS Build 14393.3144)","http://support.microsoft.com/kb/4512517","No LDR Only available","No LDR Only available","No LDR Only available","rEX","19-08Rollup"
"Dhcpcore6.dll","Net_IPv6","6.2.14393.3143","1","26-Jul-19","GDR","4512517","August 13, 2019-KB4512517 (OS Build 14393.3144)","http://support.microsoft.com/kb/4512517","No LDR Only available","No LDR Only available","No LDR Only available","rEX","19-08Rollup"
"Dhcpcsvc6.dll","Net_IPv6","6.2.14393.0","1","16-Jul-16","GDR","4512517","August 13, 2019-KB4512517 (OS Build 14393.3144)","http://support.microsoft.com/kb/4512517","No LDR Only available","No LDR Only available","No LDR Only available","rEX","19-08Rollup"
"Nlasvc.dll","Net_NLA","6.2.14393.3143","0","26-Jul-19","GDR","4512517","August 13, 2019-KB4512517 (OS Build 14393.3144)","http://support.microsoft.com/kb/4512517","No LDR Only available","No LDR Only available","No LDR Only available","rEX","19-08Rollup"
"Ncsi.dll","Net_NLA","6.2.14393.3143","0","26-Jul-19","GDR","4512517","August 13, 2019-KB4512517 (OS Build 14393.3144)","http://support.microsoft.com/kb/4512517","No LDR Only available","No LDR Only available","No LDR Only available","rEX","19-08Rollup"
"Nlaapi.dll","Net_NLA","6.2.14393.3143","0","26-Jul-19","GDR","4512517","August 13, 2019-KB4512517 (OS Build 14393.3144)","http://support.microsoft.com/kb/4512517","No LDR Only available","No LDR Only available","No LDR Only available","rEX","19-08Rollup"
"Dns.exe","Net_DNS_Srv","6.2.14393.3085","0","4-Jul-19","GDR","4512517","August 13, 2019-KB4512517 (OS Build 14393.3144)","http://support.microsoft.com/kb/4512517","No LDR Only available","No LDR Only available","No LDR Only available","rEX","19-08Rollup"
"Dhcpssvc.dll","Net_DHCP_Srv","6.2.14393.3143","0","26-Jul-19","GDR","4512517","August 13, 2019-KB4512517 (OS Build 14393.3144)","http://support.microsoft.com/kb/4512517","No LDR Only available","No LDR Only available","No LDR Only available","rEX","19-08Rollup"
"Nfssvc.exe","Net_NFS_Srv","6.2.14393.82","0","6-Aug-16","GDR","4512517","August 13, 2019-KB4512517 (OS Build 14393.3144)","http://support.microsoft.com/kb/4512517","No LDR Only available","No LDR Only available","No LDR Only available","rEX","19-08Rollup"
"Nfssvr.sys","Net_NFS_Srv","6.2.14393.2999","0","21-May-19","GDR","4512517","August 13, 2019-KB4512517 (OS Build 14393.3144)","http://support.microsoft.com/kb/4512517","No LDR Only available","No LDR Only available","No LDR Only available","rEX","19-08Rollup"
"Msnfsflt.sys","Net_NFS_Srv","6.2.14393.82","0","6-Aug-16","GDR","4512517","August 13, 2019-KB4512517 (OS Build 14393.3144)","http://support.microsoft.com/kb/4512517","No LDR Only available","No LDR Only available","No LDR Only available","rEX","19-08Rollup"
"rpcxdr.sys","Net_NFS_Srv","6.2.14393.2515","0","30-Aug-18","GDR","4512517","August 13, 2019-KB4512517 (OS Build 14393.3144)","http://support.microsoft.com/kb/4512517","No LDR Only available","No LDR Only available","No LDR Only available","rEX","19-08Rollup"
"Csc.sys","Net_CSC_Offline","6.2.14393.2828","1","17-Feb-19","GDR","4512517","August 13, 2019-KB4512517 (OS Build 14393.3144)","http://support.microsoft.com/kb/4512517","No LDR Only available","No LDR Only available","No LDR Only available","rEX","19-08Rollup"
"Cscsvc.dll","Net_CSC_Offline","6.2.14393.2879","1","14-Mar-19","GDR","4512517","August 13, 2019-KB4512517 (OS Build 14393.3144)","http://support.microsoft.com/kb/4512517","No LDR Only available","No LDR Only available","No LDR Only available","rEX","19-08Rollup"
"Cscmig.dll","Net_CSC_Offline","6.2.14393.2828","1","25-Oct-18","GDR","4512517","August 13, 2019-KB4512517 (OS Build 14393.3144)","http://support.microsoft.com/kb/4512517","No LDR Only available","No LDR Only available","No LDR Only available","rEX","19-08Rollup"
"Cscui.dll","Net_CSC_Offline","6.2.14393.2879","1","14-Mar-19","GDR","4512517","August 13, 2019-KB4512517 (OS Build 14393.3144)","http://support.microsoft.com/kb/4512517","No LDR Only available","No LDR Only available","No LDR Only available","rEX","19-08Rollup"
"Mrxdav.sys","Net_WebDAV","6.2.14393.321","1","5-Oct-16","GDR","4512517","August 13, 2019-KB4512517 (OS Build 14393.3144)","http://support.microsoft.com/kb/4512517","No LDR Only available","No LDR Only available","No LDR Only available","rEX","19-08Rollup"
"Webclnt.dll","Net_WebDAV","6.2.14393.2515","1","30-Aug-18","GDR","4512517","August 13, 2019-KB4512517 (OS Build 14393.3144)","http://support.microsoft.com/kb/4512517","No LDR Only available","No LDR Only available","No LDR Only available","rEX","19-08Rollup"
"Davclnt.dll","Net_WebDAV","6.2.14393.2515","1","30-Aug-18","GDR","4512517","August 13, 2019-KB4512517 (OS Build 14393.3144)","http://support.microsoft.com/kb/4512517","No LDR Only available","No LDR Only available","No LDR Only available","rEX","19-08Rollup"
"Shell32.dll","Net_WebDAV","6.2.14393.3085","1","31-May-19","GDR","4512517","August 13, 2019-KB4512517 (OS Build 14393.3144)","http://support.microsoft.com/kb/4512517","No LDR Only available","No LDR Only available","No LDR Only available","rEX","19-08Rollup"
"Winhttp.dll","Net_WebDAV","6.2.14393.2848","1","6-Mar-19","GDR","4512517","August 13, 2019-KB4512517 (OS Build 14393.3144)","http://support.microsoft.com/kb/4512517","No LDR Only available","No LDR Only available","No LDR Only available","rEX","19-08Rollup"
"Dfsc.sys","Net_DFS-N_Client","6.2.14393.2273","0","28-Apr-18","GDR","4512517","August 13, 2019-KB4512517 (OS Build 14393.3144)","http://support.microsoft.com/kb/4512517","No LDR Only available","No LDR Only available","No LDR Only available","rEX","19-08Rollup"
"Dhcpcore.dll","Net_DHCP_Client","6.2.14393.3143","1","26-Jul-19","GDR","4512517","August 13, 2019-KB4512517 (OS Build 14393.3144)","http://support.microsoft.com/kb/4512517","No LDR Only available","No LDR Only available","No LDR Only available","rEX","19-08Rollup"
"Dhcpcsvc.dll","Net_DHCP_Client","6.2.14393.0","1","16-Jul-16","GDR","4512517","August 13, 2019-KB4512517 (OS Build 14393.3144)","http://support.microsoft.com/kb/4512517","No LDR Only available","No LDR Only available","No LDR Only available","rEX","19-08Rollup"
"dnsapi.dll","Net_DNS_Client","6.2.14393.2999","1","21-May-19","GDR","4512517","August 13, 2019-KB4512517 (OS Build 14393.3144)","http://support.microsoft.com/kb/4512517","No LDR Only available","No LDR Only available","No LDR Only available","rEX","19-08Rollup"
"dnsrslvr.dll","Net_DNS_Client","6.2.14393.2999","1","21-May-19","GDR","4512517","August 13, 2019-KB4512517 (OS Build 14393.3144)","http://support.microsoft.com/kb/4512517","No LDR Only available","No LDR Only available","No LDR Only available","rEX","19-08Rollup"
"Rpcss.dll","Net_RPC","6.2.14393.3143","1","26-Jul-19","GDR","4512517","August 13, 2019-KB4512517 (OS Build 14393.3144)","http://support.microsoft.com/kb/4512517","No LDR Only available","No LDR Only available","No LDR Only available","rEX","19-08Rollup"
"Rpchttp.dll","Net_RPC","6.2.14393.1770","1","18-Sep-17","GDR","4512517","August 13, 2019-KB4512517 (OS Build 14393.3144)","http://support.microsoft.com/kb/4512517","No LDR Only available","No LDR Only available","No LDR Only available","rEX","19-08Rollup"
"Rpcrt4.dll","Net_RPC","6.2.14393.3115","1","9-Jul-19","GDR","4512517","August 13, 2019-KB4512517 (OS Build 14393.3144)","http://support.microsoft.com/kb/4512517","No LDR Only available","No LDR Only available","No LDR Only available","rEX","19-08Rollup"
"Bfe.dll","Net_Ipsec_BFE","6.2.14393.2035","1","11-Jan-18","GDR","4512517","August 13, 2019-KB4512517 (OS Build 14393.3144)","http://support.microsoft.com/kb/4512517","No LDR Only available","No LDR Only available","No LDR Only available","rEX","19-08Rollup"
"Ikeext.dll","Net_Ipsec_BFE","6.2.14393.2155","1","6-Mar-18","GDR","4512517","August 13, 2019-KB4512517 (OS Build 14393.3144)","http://support.microsoft.com/kb/4512517","No LDR Only available","No LDR Only available","No LDR Only available","rEX","19-08Rollup"
"Fwpuclnt.dll","Net_Ipsec_BFE","6.2.14393.0","1","16-Jul-16","GDR","4512517","August 13, 2019-KB4512517 (OS Build 14393.3144)","http://support.microsoft.com/kb/4512517","No LDR Only available","No LDR Only available","No LDR Only available","rEX","19-08Rollup"
"Iphlpsvc.dll","Net_DirectAccess_Client","6.2.14393.2636","1","1-Nov-18","GDR","4512517","August 13, 2019-KB4512517 (OS Build 14393.3144)","http://support.microsoft.com/kb/4512517","No LDR Only available","No LDR Only available","No LDR Only available","rEX","19-08Rollup"
"Netcorehc.dll","Net_DirectAccess_Client","6.2.14393.2097","1","12-Feb-18","GDR","4512517","August 13, 2019-KB4512517 (OS Build 14393.3144)","http://support.microsoft.com/kb/4512517","No LDR Only available","No LDR Only available","No LDR Only available","rEX","19-08Rollup"
"Rdpcore.dll","Net_DirectAccess_Client","6.2.14393.3143","1","26-Jul-19","GDR","4512517","August 13, 2019-KB4512517 (OS Build 14393.3144)","http://support.microsoft.com/kb/4512517","No LDR Only available","No LDR Only available","No LDR Only available","rEX","19-08Rollup"
"dot3svc.dll","Net_IEEE802.1x","6.2.14393.2007","1","1-Jan-18","GDR","4512517","August 13, 2019-KB4512517 (OS Build 14393.3144)","http://support.microsoft.com/kb/4512517","No LDR Only available","No LDR Only available","No LDR Only available","rEX","19-08Rollup"
"Rastls.dll","Net_IEEE802.1x","6.2.14393.3053","1","13-Jun-19","GDR","4512517","August 13, 2019-KB4512517 (OS Build 14393.3144)","http://support.microsoft.com/kb/4512517","No LDR Only available","No LDR Only available","No LDR Only available","rEX","19-08Rollup"
"wlansvc.dll","Net_WLAN_Client","6.2.14393.3085","1","4-Jul-19","GDR","4512517","August 13, 2019-KB4512517 (OS Build 14393.3144)","http://support.microsoft.com/kb/4512517","No LDR Only available","No LDR Only available","No LDR Only available","rEX","19-08Rollup"
"wlanmsm.dll","Net_WLAN_Client","6.2.14393.82","1","6-Aug-16","GDR","4512517","August 13, 2019-KB4512517 (OS Build 14393.3144)","http://support.microsoft.com/kb/4512517","No LDR Only available","No LDR Only available","No LDR Only available","rEX","19-08Rollup"
"wlanapi.dll","Net_WLAN_Client","6.2.14393.3085","1","4-Jul-19","GDR","4512517","August 13, 2019-KB4512517 (OS Build 14393.3144)","http://support.microsoft.com/kb/4512517","No LDR Only available","No LDR Only available","No LDR Only available","rEX","19-08Rollup"
"wlansec.dll","Net_WLAN_Client","6.2.14393.3085","1","4-Jul-19","GDR","4512517","August 13, 2019-KB4512517 (OS Build 14393.3144)","http://support.microsoft.com/kb/4512517","No LDR Only available","No LDR Only available","No LDR Only available","rEX","19-08Rollup"
"wlansvcpal.dll","Net_WLAN_Client","6.2.14393.82","1","6-Aug-16","GDR","4512517","August 13, 2019-KB4512517 (OS Build 14393.3144)","http://support.microsoft.com/kb/4512517","No LDR Only available","No LDR Only available","No LDR Only available","rEX","19-08Rollup"
"wlanhlp.dll","Net_WLAN_Client","6.2.14393.82","1","6-Aug-16","GDR","4512517","August 13, 2019-KB4512517 (OS Build 14393.3144)","http://support.microsoft.com/kb/4512517","No LDR Only available","No LDR Only available","No LDR Only available","rEX","19-08Rollup"
"WorkFolders.exe","Net_WorkFolders","6.2.14393.953","1","4-Mar-17","GDR","4512517","August 13, 2019-KB4512517 (OS Build 14393.3144)","http://support.microsoft.com/kb/4512517","No LDR Only available","No LDR Only available","No LDR Only available","rEX","19-08Rollup"
"WorkFoldersshell.dll","Net_WorkFolders","6.2.14393.2608","1","25-Oct-18","GDR","4512517","August 13, 2019-KB4512517 (OS Build 14393.3144)","http://support.microsoft.com/kb/4512517","No LDR Only available","No LDR Only available","No LDR Only available","rEX","19-08Rollup"
"WorkFolderssvc.dll","Net_WorkFolders","6.2.14393.2608","1","25-Oct-18","GDR","4512517","August 13, 2019-KB4512517 (OS Build 14393.3144)","http://support.microsoft.com/kb/4512517","No LDR Only available","No LDR Only available","No LDR Only available","rEX","19-08Rollup"
"WorkFolderscontrol.dll","Net_WorkFolders","6.2.14393.2608","1","25-Oct-18","GDR","4512517","August 13, 2019-KB4512517 (OS Build 14393.3144)","http://support.microsoft.com/kb/4512517","No LDR Only available","No LDR Only available","No LDR Only available","rEX","19-08Rollup"
"WorkFoldersGPExt.dll","Net_WorkFolders","6.2.14393.953","1","4-Mar-17","GDR","4512517","August 13, 2019-KB4512517 (OS Build 14393.3144)","http://support.microsoft.com/kb/4512517","No LDR Only available","No LDR Only available","No LDR Only available","rEX","19-08Rollup"
"Syncsharesvc.dll","Net_WorkFolders","6.2.14393.3143","1","26-Jul-19","GDR","4512517","August 13, 2019-KB4512517 (OS Build 14393.3144)","http://support.microsoft.com/kb/4512517","No LDR Only available","No LDR Only available","No LDR Only available","rEX","19-08Rollup"
"Syncsharesrv.dll","Net_WorkFolders","6.2.14393.3143","1","26-Jul-19","GDR","4512517","August 13, 2019-KB4512517 (OS Build 14393.3144)","http://support.microsoft.com/kb/4512517","No LDR Only available","No LDR Only available","No LDR Only available","rEX","19-08Rollup"
"Syncsharettsvc.exe","Net_WorkFolders","6.2.14393.3143","1","26-Jul-19","GDR","4512517","August 13, 2019-KB4512517 (OS Build 14393.3144)","http://support.microsoft.com/kb/4512517","No LDR Only available","No LDR Only available","No LDR Only available","rEX","19-08Rollup"
"WebIo.dll","Net_BranchCache","6.2.14393.2515","1","30-Aug-18","GDR","4512517","August 13, 2019-KB4512517 (OS Build 14393.3144)","http://support.microsoft.com/kb/4512517","No LDR Only available","No LDR Only available","No LDR Only available","rEX","19-08Rollup"
"Pacer.sys","Net_QoS","6.2.14393.2339","1","12-Jun-18","GDR","4512517","August 13, 2019-KB4512517 (OS Build 14393.3144)","http://support.microsoft.com/kb/4512517","No LDR Only available","No LDR Only available","No LDR Only available","rEX","19-08Rollup"
"Mpsdrv.sys","Net_Firewall","6.2.14393.2485","1","28-Aug-18","GDR","4512517","August 13, 2019-KB4512517 (OS Build 14393.3144)","http://support.microsoft.com/kb/4512517","No LDR Only available","No LDR Only available","No LDR Only available","rEX","19-08Rollup"
"MpsSvc.dll","Net_Firewall","6.2.14393.3085","1","4-Jul-19","GDR","4512517","August 13, 2019-KB4512517 (OS Build 14393.3144)","http://support.microsoft.com/kb/4512517","No LDR Only available","No LDR Only available","No LDR Only available","rEX","19-08Rollup"
"qmgr.dll","Net_BiTS","7.8.14393.2273","1","28-Apr-18","GDR","4512517","August 13, 2019-KB4512517 (OS Build 14393.3144)","http://support.microsoft.com/kb/4512517","No LDR Only available","No LDR Only available","No LDR Only available","rEX","19-08Rollup"
"Netlogon.dll","Dom_NETLOGON","6.2.14393.3115","0","9-Jul-19","GDR","4512517","August 13, 2019-KB4512517 (OS Build 14393.3144)","http://support.microsoft.com/kb/4512517","No LDR Only available","No LDR Only available","No LDR Only available","rEX","19-08Rollup"
"LogonCli.dll","Dom_NETLOGON","6.2.14393.2007","0","1-Jan-18","GDR","4512517","August 13, 2019-KB4512517 (OS Build 14393.3144)","http://support.microsoft.com/kb/4512517","No LDR Only available","No LDR Only available","No LDR Only available","rEX","19-08Rollup"
"Winlogon.exe","Dom_WINLOGON","6.2.14393.3115","0","9-Jul-19","GDR","4512517","August 13, 2019-KB4512517 (OS Build 14393.3144)","http://support.microsoft.com/kb/4512517","No LDR Only available","No LDR Only available","No LDR Only available","rEX","19-08Rollup"
"Kerberos.dll","Dom_KERBEROS","6.2.14393.3143","0","26-Jul-19","GDR","4512517","August 13, 2019-KB4512517 (OS Build 14393.3144)","http://support.microsoft.com/kb/4512517","No LDR Only available","No LDR Only available","No LDR Only available","rEX","19-08Rollup"
"Msv1_0.dll","Dom_NTLM","6.2.14393.3024","1","31-May-19","GDR","4512517","August 13, 2019-KB4512517 (OS Build 14393.3144)","http://support.microsoft.com/kb/4512517","No LDR Only available","No LDR Only available","No LDR Only available","rEX","19-08Rollup"
"Wldap32.dll","Dom_LDAPClient","6.2.14393.2938","0","6-Apr-19","GDR","4512517","August 13, 2019-KB4512517 (OS Build 14393.3144)","http://support.microsoft.com/kb/4512517","No LDR Only available","No LDR Only available","No LDR Only available","rEX","19-08Rollup"
"Lsass.exe","Dom_LSA","6.2.14393.2580","0","10-Oct-18","GDR","4512517","August 13, 2019-KB4512517 (OS Build 14393.3144)","http://support.microsoft.com/kb/4512517","No LDR Only available","No LDR Only available","No LDR Only available","rEX","19-08Rollup"
"Lsasrv.dll","Dom_LSA","6.2.14393.3024","0","31-May-19","GDR","4512517","August 13, 2019-KB4512517 (OS Build 14393.3144)","http://support.microsoft.com/kb/4512517","No LDR Only available","No LDR Only available","No LDR Only available","rEX","19-08Rollup"
"Ksecdd.sys","Dom_LSA","6.2.14393.2580","0","10-Oct-18","GDR","4512517","August 13, 2019-KB4512517 (OS Build 14393.3144)","http://support.microsoft.com/kb/4512517","No LDR Only available","No LDR Only available","No LDR Only available","rEX","19-08Rollup"
"Ksecpkg.sys","Dom_LSA","6.2.14393.3024","0","31-May-19","GDR","4512517","August 13, 2019-KB4512517 (OS Build 14393.3144)","http://support.microsoft.com/kb/4512517","No LDR Only available","No LDR Only available","No LDR Only available","rEX","19-08Rollup"
"Secur32.dll","Dom_LSA","6.2.14393.2273","0","28-Apr-18","GDR","4512517","August 13, 2019-KB4512517 (OS Build 14393.3144)","http://support.microsoft.com/kb/4512517","No LDR Only available","No LDR Only available","No LDR Only available","rEX","19-08Rollup"
"Sspicli.dll","Dom_LSA","6.2.14393.2580","0","10-Oct-18","GDR","4512517","August 13, 2019-KB4512517 (OS Build 14393.3144)","http://support.microsoft.com/kb/4512517","No LDR Only available","No LDR Only available","No LDR Only available","rEX","19-08Rollup"
"Sspisrv.dll","Dom_LSA","6.2.14393.2580","0","10-Oct-18","GDR","4512517","August 13, 2019-KB4512517 (OS Build 14393.3144)","http://support.microsoft.com/kb/4512517","No LDR Only available","No LDR Only available","No LDR Only available","rEX","19-08Rollup"
"Schannel.dll","Dom_LSA","6.2.14393.3024","0","31-May-19","GDR","4512517","August 13, 2019-KB4512517 (OS Build 14393.3144)","http://support.microsoft.com/kb/4512517","No LDR Only available","No LDR Only available","No LDR Only available","rEX","19-08Rollup"
"AclUI.dll","Dom_SecAuditAndConfig","6.2.14393.2515","1","30-Aug-18","GDR","4512517","August 13, 2019-KB4512517 (OS Build 14393.3144)","http://support.microsoft.com/kb/4512517","No LDR Only available","No LDR Only available","No LDR Only available","rEX","19-08Rollup"
"Winscard.dll","Dom_SC_Provider","6.2.14393.2273","1","28-Apr-18","GDR","4512517","August 13, 2019-KB4512517 (OS Build 14393.3144)","http://support.microsoft.com/kb/4512517","No LDR Only available","No LDR Only available","No LDR Only available","rEX","19-08Rollup"
"Basecsp.dll","Dom_SC_Provider","6.2.14393.2608","1","25-Oct-18","GDR","4512517","August 13, 2019-KB4512517 (OS Build 14393.3144)","http://support.microsoft.com/kb/4512517","No LDR Only available","No LDR Only available","No LDR Only available","rEX","19-08Rollup"
"Scksp.dll","Dom_SC_Provider","6.2.14393.2608","1","25-Oct-18","GDR","4512517","August 13, 2019-KB4512517 (OS Build 14393.3144)","http://support.microsoft.com/kb/4512517","No LDR Only available","No LDR Only available","No LDR Only available","rEX","19-08Rollup"
"ScardSvr.dll","Dom_SC_Srv","6.2.14393.2273","1","28-Apr-18","GDR","4512517","August 13, 2019-KB4512517 (OS Build 14393.3144)","http://support.microsoft.com/kb/4512517","No LDR Only available","No LDR Only available","No LDR Only available","rEX","19-08Rollup"
"Scfilter.sys","Dom_SC_Srv","6.2.14393.0","1","16-Jul-16","GDR","4512517","August 13, 2019-KB4512517 (OS Build 14393.3144)","http://support.microsoft.com/kb/4512517","No LDR Only available","No LDR Only available","No LDR Only available","rEX","19-08Rollup"
"Certprop.dll","Dom_SC_Srv","6.2.14393.2273","1","28-Apr-18","GDR","4512517","August 13, 2019-KB4512517 (OS Build 14393.3144)","http://support.microsoft.com/kb/4512517","No LDR Only available","No LDR Only available","No LDR Only available","rEX","19-08Rollup"
"Crypt32.dll","Dom_CRYPTO","6.2.14393.2214","1","3-Apr-18","GDR","4512517","August 13, 2019-KB4512517 (OS Build 14393.3144)","http://support.microsoft.com/kb/4512517","No LDR Only available","No LDR Only available","No LDR Only available","rEX","19-08Rollup"
"Cryptnet.dll","Dom_CRYPTO","6.2.14393.2035","1","11-Jan-18","GDR","4512517","August 13, 2019-KB4512517 (OS Build 14393.3144)","http://support.microsoft.com/kb/4512517","No LDR Only available","No LDR Only available","No LDR Only available","rEX","19-08Rollup"
"Wintrust.dll","Dom_CRYPTO","6.2.14393.2791","1","6-Feb-19","GDR","4512517","August 13, 2019-KB4512517 (OS Build 14393.3144)","http://support.microsoft.com/kb/4512517","No LDR Only available","No LDR Only available","No LDR Only available","rEX","19-08Rollup"
"Cryptdll.dll","Dom_CRYPTO","6.2.14393.2969","1","4-May-19","GDR","4512517","August 13, 2019-KB4512517 (OS Build 14393.3144)","http://support.microsoft.com/kb/4512517","No LDR Only available","No LDR Only available","No LDR Only available","rEX","19-08Rollup"
"Cryptcatsvc.dll","Dom_CRYPTO","6.2.14393.3115","1","9-Jul-19","GDR","4512517","August 13, 2019-KB4512517 (OS Build 14393.3144)","http://support.microsoft.com/kb/4512517","No LDR Only available","No LDR Only available","No LDR Only available","rEX","19-08Rollup"
"Gpapi.dll","Dom_GPSVC","6.2.14393.953","1","4-Mar-17","GDR","4512517","August 13, 2019-KB4512517 (OS Build 14393.3144)","http://support.microsoft.com/kb/4512517","No LDR Only available","No LDR Only available","No LDR Only available","rEX","19-08Rollup"
"Gpsvc.dll","Dom_GPSVC","6.2.14393.2457","1","23-Aug-18","GDR","4512517","August 13, 2019-KB4512517 (OS Build 14393.3144)","http://support.microsoft.com/kb/4512517","No LDR Only available","No LDR Only available","No LDR Only available","rEX","19-08Rollup"
"Gpmgmt.dll","Dom_GPSVC","6.2.14393.2879","1","14-Mar-19","GDR","4512517","August 13, 2019-KB4512517 (OS Build 14393.3144)","http://support.microsoft.com/kb/4512517","No LDR Only available","No LDR Only available","No LDR Only available","rEX","19-08Rollup"
"Gprsop.dll","Dom_GPSVC","6.2.14393.2155","1","6-Mar-18","GDR","4512517","August 13, 2019-KB4512517 (OS Build 14393.3144)","http://support.microsoft.com/kb/4512517","No LDR Only available","No LDR Only available","No LDR Only available","rEX","19-08Rollup"
"Userenv.dll","Dom_GPSVC","6.2.14393.3024","1","31-May-19","GDR","4512517","August 13, 2019-KB4512517 (OS Build 14393.3144)","http://support.microsoft.com/kb/4512517","No LDR Only available","No LDR Only available","No LDR Only available","rEX","19-08Rollup"
"Appmgmts.dll","Dom_GPExt","6.2.14393.2457","1","23-Aug-18","GDR","4512517","August 13, 2019-KB4512517 (OS Build 14393.3144)","http://support.microsoft.com/kb/4512517","No LDR Only available","No LDR Only available","No LDR Only available","rEX","19-08Rollup"
"Gpprefcl.dll","Dom_GPP","6.2.14393.2608","1","25-Oct-18","GDR","4512517","August 13, 2019-KB4512517 (OS Build 14393.3144)","http://support.microsoft.com/kb/4512517","No LDR Only available","No LDR Only available","No LDR Only available","rEX","19-08Rollup"
"Gpme.dll","Dom_GPP","6.2.14393.2608","1","25-Oct-18","GDR","4512517","August 13, 2019-KB4512517 (OS Build 14393.3144)","http://support.microsoft.com/kb/4512517","No LDR Only available","No LDR Only available","No LDR Only available","rEX","19-08Rollup"
"Gppref.dll","Dom_GPP","6.2.14393.2248","1","28-Apr-18","GDR","4512517","August 13, 2019-KB4512517 (OS Build 14393.3144)","http://support.microsoft.com/kb/4512517","No LDR Only available","No LDR Only available","No LDR Only available","rEX","19-08Rollup"
"Gpprefbr.dll","Dom_GPP","6.2.14393.2248","1","28-Apr-18","GDR","4512517","August 13, 2019-KB4512517 (OS Build 14393.3144)","http://support.microsoft.com/kb/4512517","No LDR Only available","No LDR Only available","No LDR Only available","rEX","19-08Rollup"
"Gpprefcn.dll","Dom_GPP","6.2.14393.2248","1","28-Apr-18","GDR","4512517","August 13, 2019-KB4512517 (OS Build 14393.3144)","http://support.microsoft.com/kb/4512517","No LDR Only available","No LDR Only available","No LDR Only available","rEX","19-08Rollup"
"Gpregistrybrowser.dll","Dom_GPP","6.2.14393.2248","1","28-Apr-18","GDR","4512517","August 13, 2019-KB4512517 (OS Build 14393.3144)","http://support.microsoft.com/kb/4512517","No LDR Only available","No LDR Only available","No LDR Only available","rEX","19-08Rollup"
"Propshts.dll","Dom_GPP","6.2.14393.2608","1","25-Oct-18","GDR","4512517","August 13, 2019-KB4512517 (OS Build 14393.3144)","http://support.microsoft.com/kb/4512517","No LDR Only available","No LDR Only available","No LDR Only available","rEX","19-08Rollup"
"Profsvc.dll","Dom_ProfProc","6.2.14393.1715","1","7-Sep-17","GDR","4512517","August 13, 2019-KB4512517 (OS Build 14393.3144)","http://support.microsoft.com/kb/4512517","No LDR Only available","No LDR Only available","No LDR Only available","rEX","19-08Rollup"
"Fdeploy.dll","Dom_FolderRedir","6.2.14393.2457","1","23-Aug-18","GDR","4512517","August 13, 2019-KB4512517 (OS Build 14393.3144)","http://support.microsoft.com/kb/4512517","No LDR Only available","No LDR Only available","No LDR Only available","rEX","19-08Rollup"
"Esent.dll","Dom_ESENT","6.2.14393.2999","0","21-May-19","GDR","4512517","August 13, 2019-KB4512517 (OS Build 14393.3144)","http://support.microsoft.com/kb/4512517","No LDR Only available","No LDR Only available","No LDR Only available","rEX","19-08Rollup"
"Ntdsai.dll","Dom_NTDSAI","6.2.14393.3053","0","13-Jun-19","GDR","4512517","August 13, 2019-KB4512517 (OS Build 14393.3144)","http://support.microsoft.com/kb/4512517","No LDR Only available","No LDR Only available","No LDR Only available","rEX","19-08Rollup"
"Ntdsutil.exe","Dom_NTDSAI","6.2.14393.2969","0","4-May-19","GDR","4512517","August 13, 2019-KB4512517 (OS Build 14393.3144)","http://support.microsoft.com/kb/4512517","No LDR Only available","No LDR Only available","No LDR Only available","rEX","19-08Rollup"
"Samsrv.dll","Dom_SAMSRV","6.2.14393.2999","0","21-May-19","GDR","4512517","August 13, 2019-KB4512517 (OS Build 14393.3144)","http://support.microsoft.com/kb/4512517","No LDR Only available","No LDR Only available","No LDR Only available","rEX","19-08Rollup"
"Samlib.dll","Dom_SAMSRV","6.2.14393.82","0","6-Aug-16","GDR","4512517","August 13, 2019-KB4512517 (OS Build 14393.3144)","http://support.microsoft.com/kb/4512517","No LDR Only available","No LDR Only available","No LDR Only available","rEX","19-08Rollup"
"Kdcsvc.dll","Dom_KDCSVC","6.2.14393.3115","0","9-Jul-19","GDR","4512517","August 13, 2019-KB4512517 (OS Build 14393.3144)","http://support.microsoft.com/kb/4512517","No LDR Only available","No LDR Only available","No LDR Only available","rEX","19-08Rollup"
"Dfsrs.exe","Dom_DFS-R","6.2.14393.2879","0","14-Mar-19","GDR","4512517","August 13, 2019-KB4512517 (OS Build 14393.3144)","http://support.microsoft.com/kb/4512517","No LDR Only available","No LDR Only available","No LDR Only available","rEX","19-08Rollup"
"Dfsrress.dll","Dom_DFS-R","6.2.14393.0","0","16-Jul-16","GDR","4512517","August 13, 2019-KB4512517 (OS Build 14393.3144)","http://support.microsoft.com/kb/4512517","No LDR Only available","No LDR Only available","No LDR Only available","rEX","19-08Rollup"
"Clussvc.exe","Cluster_Core","6.2.14393.2938","0","6-Apr-19","GDR","4512517","August 13, 2019-KB4512517 (OS Build 14393.3144)","http://support.microsoft.com/kb/4512517","No LDR Only available","No LDR Only available","No LDR Only available","rEX","19-08Rollup"
"ClusWMI.dll","Cluster_Core","6.2.14393.2879","0","14-Mar-19","GDR","4512517","August 13, 2019-KB4512517 (OS Build 14393.3144)","http://support.microsoft.com/kb/4512517","No LDR Only available","No LDR Only available","No LDR Only available","rEX","19-08Rollup"
"Rhs.exe","Cluster_Core","6.2.14393.2938","0","6-Apr-19","GDR","4512517","August 13, 2019-KB4512517 (OS Build 14393.3144)","http://support.microsoft.com/kb/4512517","No LDR Only available","No LDR Only available","No LDR Only available","rEX","19-08Rollup"
"Clusres.dll","Cluster_Core","6.2.14393.2938","0","6-Apr-19","GDR","4512517","August 13, 2019-KB4512517 (OS Build 14393.3144)","http://support.microsoft.com/kb/4512517","No LDR Only available","No LDR Only available","No LDR Only available","rEX","19-08Rollup"
"Clusres2.dll","Cluster_Core","6.2.14393.2879","0","14-Mar-19","GDR","4512517","August 13, 2019-KB4512517 (OS Build 14393.3144)","http://support.microsoft.com/kb/4512517","No LDR Only available","No LDR Only available","No LDR Only available","rEX","19-08Rollup"
"Netft.sys","Cluster_Core","6.2.14393.2155","0","6-Mar-18","GDR","4512517","August 13, 2019-KB4512517 (OS Build 14393.3144)","http://support.microsoft.com/kb/4512517","No LDR Only available","No LDR Only available","No LDR Only available","rEX","19-08Rollup"
"Csvflt.sys","Cluster_CSV","6.2.14393.2999","0","21-May-19","GDR","4512517","August 13, 2019-KB4512517 (OS Build 14393.3144)","http://support.microsoft.com/kb/4512517","No LDR Only available","No LDR Only available","No LDR Only available","rEX","19-08Rollup"
"Csvfs.sys","Cluster_CSV","6.2.14393.2938","0","6-Apr-19","GDR","4512517","August 13, 2019-KB4512517 (OS Build 14393.3144)","http://support.microsoft.com/kb/4512517","No LDR Only available","No LDR Only available","No LDR Only available","rEX","19-08Rollup"
"Vhdmp.sys","Cluster_CSV","6.2.14393.3024","0","31-May-19","GDR","4512517","August 13, 2019-KB4512517 (OS Build 14393.3144)","http://support.microsoft.com/kb/4512517","No LDR Only available","No LDR Only available","No LDR Only available","rEX","19-08Rollup"
"Svhdxflt.sys","Cluster_CSV","6.2.14393.206","0","15-Sep-16","GDR","4512517","August 13, 2019-KB4512517 (OS Build 14393.3144)","http://support.microsoft.com/kb/4512517","No LDR Only available","No LDR Only available","No LDR Only available","rEX","19-08Rollup"
"Volsnap.sys","Cluster_Volsnap","6.2.14393.1794","0","9-Oct-17","GDR","4512517","August 13, 2019-KB4512517 (OS Build 14393.3144)","http://support.microsoft.com/kb/4512517","No LDR Only available","No LDR Only available","No LDR Only available","rEX","19-08Rollup"
"Cprepsrv.exe","Cluster_Validation","6.2.14393.2879","1","14-Mar-19","GDR","4512517","August 13, 2019-KB4512517 (OS Build 14393.3144)","http://support.microsoft.com/kb/4512517","No LDR Only available","No LDR Only available","No LDR Only available","rEX","19-08Rollup"
"Failoverclusters.agent.interop.dll","Cluster_Validation","6.2.14393.347","1","15-Sep-16","GDR","4512517","August 13, 2019-KB4512517 (OS Build 14393.3144)","http://support.microsoft.com/kb/4512517","No LDR Only available","No LDR Only available","No LDR Only available","rEX","19-08Rollup"
"Ntoskrnl.exe","Core_Kernel","6.2.14393.3143","0","26-Jul-19","GDR","4512517","August 13, 2019-KB4512517 (OS Build 14393.3144)","http://support.microsoft.com/kb/4512517","No LDR Only available","No LDR Only available","No LDR Only available","rEX","19-08Rollup"
"Crashdmp.sys","Core_Kernel","6.2.14393.351","0","15-Oct-16","GDR","4512517","August 13, 2019-KB4512517 (OS Build 14393.3144)","http://support.microsoft.com/kb/4512517","No LDR Only available","No LDR Only available","No LDR Only available","rEX","19-08Rollup"
"Ntdll.dll","Core_Kernel","6.2.14393.2969","0","4-May-19","GDR","4512517","August 13, 2019-KB4512517 (OS Build 14393.3144)","http://support.microsoft.com/kb/4512517","No LDR Only available","No LDR Only available","No LDR Only available","rEX","19-08Rollup"
"Hal.dll","Core_Kernel","6.2.14393.3053","0","13-Jun-19","GDR","4512517","August 13, 2019-KB4512517 (OS Build 14393.3144)","http://support.microsoft.com/kb/4512517","No LDR Only available","No LDR Only available","No LDR Only available","rEX","19-08Rollup"
"Fltmgr.sys","Core_Kernel","6.2.14393.2879","0","14-Mar-19","GDR","4512517","August 13, 2019-KB4512517 (OS Build 14393.3144)","http://support.microsoft.com/kb/4512517","No LDR Only available","No LDR Only available","No LDR Only available","rEX","19-08Rollup"
"win32k.sys","Core_Kernel","6.2.14393.594","0","14-Dec-16","GDR","4512517","August 13, 2019-KB4512517 (OS Build 14393.3144)","http://support.microsoft.com/kb/4512517","No LDR Only available","No LDR Only available","No LDR Only available","rEX","19-08Rollup"
"Ntfs.sys","Core_FileSystem","6.2.14393.2879","0","14-Mar-19","GDR","4512517","August 13, 2019-KB4512517 (OS Build 14393.3144)","http://support.microsoft.com/kb/4512517","No LDR Only available","No LDR Only available","No LDR Only available","rEX","19-08Rollup"
"dedup.sys","Core_FileSystem","6.2.14393.2828","0","17-Feb-19","GDR","4512517","August 13, 2019-KB4512517 (OS Build 14393.3144)","http://support.microsoft.com/kb/4512517","No LDR Only available","No LDR Only available","No LDR Only available","rEX","19-08Rollup"
"Msiscsi.sys","Core_DiskSystem","6.2.14393.3055","0","21-Jun-19","GDR","4512517","August 13, 2019-KB4512517 (OS Build 14393.3144)","http://support.microsoft.com/kb/4512517","No LDR Only available","No LDR Only available","No LDR Only available","rEX","19-08Rollup"
"Iscsitgt.dll","Core_DiskSystem","6.2.14393.2879","0","14-Mar-19","GDR","4512517","August 13, 2019-KB4512517 (OS Build 14393.3144)","http://support.microsoft.com/kb/4512517","No LDR Only available","No LDR Only available","No LDR Only available","rEX","19-08Rollup"
"Storport.sys","Core_DiskSystem","6.2.14393.3053","0","13-Jun-19","GDR","4512517","August 13, 2019-KB4512517 (OS Build 14393.3144)","http://support.microsoft.com/kb/4512517","No LDR Only available","No LDR Only available","No LDR Only available","rEX","19-08Rollup"
"Repdrvfs.dll","Core_WMI","6.2.14393.3085","0","4-Jul-19","GDR","4512517","August 13, 2019-KB4512517 (OS Build 14393.3144)","http://support.microsoft.com/kb/4512517","No LDR Only available","No LDR Only available","No LDR Only available","rEX","19-08Rollup"
"Mpio.sys","Core_MPIO","6.2.14393.2999","0","21-May-19","GDR","4512517","August 13, 2019-KB4512517 (OS Build 14393.3144)","http://support.microsoft.com/kb/4512517","No LDR Only available","No LDR Only available","No LDR Only available","rEX","19-08Rollup"
"Msdsm.sys","Core_MPIO","6.2.14393.2395","0","15-Jul-18","GDR","4512517","August 13, 2019-KB4512517 (OS Build 14393.3144)","http://support.microsoft.com/kb/4512517","No LDR Only available","No LDR Only available","No LDR Only available","rEX","19-08Rollup"
"Advapi32.dll","Core_Apps","6.2.14393.2969","0","30-Aug-18","GDR","4512517","August 13, 2019-KB4512517 (OS Build 14393.3144)","http://support.microsoft.com/kb/4512517","No LDR Only available","No LDR Only available","No LDR Only available","rEX","19-08Rollup"
"Vssapi.dll","Core_VSS","6.2.14393.3053","1","13-Jun-19","GDR","4512517","August 13, 2019-KB4512517 (OS Build 14393.3144)","http://support.microsoft.com/kb/4512517","No LDR Only available","No LDR Only available","No LDR Only available","rEX","19-08Rollup"
"Vsstrace.dll","Core_VSS","6.2.14393.3053","1","13-Jun-19","GDR","4512517","August 13, 2019-KB4512517 (OS Build 14393.3144)","http://support.microsoft.com/kb/4512517","No LDR Only available","No LDR Only available","No LDR Only available","rEX","19-08Rollup"
"Swprv.dll","Core_VSS","6.2.14393.2608","1","25-Oct-18","GDR","4512517","August 13, 2019-KB4512517 (OS Build 14393.3144)","http://support.microsoft.com/kb/4512517","No LDR Only available","No LDR Only available","No LDR Only available","rEX","19-08Rollup"
"wbengine.exe","Core_VSS","6.2.14393.2608","1","25-Oct-18","GDR","4512517","August 13, 2019-KB4512517 (OS Build 14393.3144)","http://support.microsoft.com/kb/4512517","No LDR Only available","No LDR Only available","No LDR Only available","rEX","19-08Rollup"
"blbsrv.dll","Core_VSS","6.2.14393.2248","1","28-Apr-18","GDR","4512517","August 13, 2019-KB4512517 (OS Build 14393.3144)","http://support.microsoft.com/kb/4512517","No LDR Only available","No LDR Only available","No LDR Only available","rEX","19-08Rollup"
"pci.sys","Core_Sys","6.2.14393.2938","1","6-Apr-19","GDR","4512517","August 13, 2019-KB4512517 (OS Build 14393.3144)","http://support.microsoft.com/kb/4512517","No LDR Only available","No LDR Only available","No LDR Only available","rEX","19-08Rollup"
"Volmgr.sys","Core_Sys","6.2.14393.2273","1","28-Apr-18","GDR","4512517","August 13, 2019-KB4512517 (OS Build 14393.3144)","http://support.microsoft.com/kb/4512517","No LDR Only available","No LDR Only available","No LDR Only available","rEX","19-08Rollup"
"Tzres.dll","Core_TimeZone","6.2.14393.3115","1","9-Jul-19","GDR","4512517","August 13, 2019-KB4512517 (OS Build 14393.3144)","http://support.microsoft.com/kb/4512517","No LDR Only available","No LDR Only available","No LDR Only available","rEX","19-08Rollup"
"Vmswitch.sys","Hyper-V_Net","6.2.14393.3144","1","7-Aug-19","GDR","4512517","August 13, 2019-KB4512517 (OS Build 14393.3144)","http://support.microsoft.com/kb/4512517","No LDR Only available","No LDR Only available","No LDR Only available","rEX","19-08Rollup"
"Mslbfoprovider.sys","Hyper-V_Net","6.2.14393.0","1","16-Jul-16","GDR","4512517","August 13, 2019-KB4512517 (OS Build 14393.3144)","http://support.microsoft.com/kb/4512517","No LDR Only available","No LDR Only available","No LDR Only available","rEX","19-08Rollup"
"Wnv.sys","Hyper-V_Net","6.2.14393.3024","1","31-May-19","GDR","4512517","August 13, 2019-KB4512517 (OS Build 14393.3144)","http://support.microsoft.com/kb/4512517","No LDR Only available","No LDR Only available","No LDR Only available","rEX","19-08Rollup"
"Ndisimplatform.sys","Hyper-V_Net","6.2.14393.2608","1","25-Oct-18","GDR","4512517","August 13, 2019-KB4512517 (OS Build 14393.3144)","http://support.microsoft.com/kb/4512517","No LDR Only available","No LDR Only available","No LDR Only available","rEX","19-08Rollup"
"Vmms.exe","Hyper-V_Net","6.2.14393.3115","1","9-Jul-19","GDR","4512517","August 13, 2019-KB4512517 (OS Build 14393.3144)","http://support.microsoft.com/kb/4512517","No LDR Only available","No LDR Only available","No LDR Only available","rEX","19-08Rollup"
"Winnat.sys","Hyper-V_Net","6.2.14393.3053","1","13-Jun-19","GDR","4512517","August 13, 2019-KB4512517 (OS Build 14393.3144)","http://support.microsoft.com/kb/4512517","No LDR Only available","No LDR Only available","No LDR Only available","rEX","19-08Rollup"
"pvhdparser.sys","Hyper-V_Net","6.2.14393.2007","1","1-Jan-18","GDR","4512517","August 13, 2019-KB4512517 (OS Build 14393.3144)","http://support.microsoft.com/kb/4512517","No LDR Only available","No LDR Only available","No LDR Only available","rEX","19-08Rollup"
"Wmisvc.dll","Hyper-V_Net","6.2.14393.2515","1","30-Aug-18","GDR","4512517","August 13, 2019-KB4512517 (OS Build 14393.3144)","http://support.microsoft.com/kb/4512517","No LDR Only available","No LDR Only available","No LDR Only available","rEX","19-08Rollup"
"Rasapi32.dll","HNV_Net","6.2.14393.2608","1","25-Oct-18","GDR","4512517","August 13, 2019-KB4512517 (OS Build 14393.3144)","http://support.microsoft.com/kb/4512517","No LDR Only available","No LDR Only available","No LDR Only available","rEX","19-08Rollup"
"Mprapi.dll","HNV_Net","6.2.14393.206","1","15-Sep-16","GDR","4512517","August 13, 2019-KB4512517 (OS Build 14393.3144)","http://support.microsoft.com/kb/4512517","No LDR Only available","No LDR Only available","No LDR Only available","rEX","19-08Rollup"
"Vmwp.exe","Hyper-V_app","6.2.14393.3053","1","13-Jun-19","GDR","4512517","August 13, 2019-KB4512517 (OS Build 14393.3144)","http://support.microsoft.com/kb/4512517","No LDR Only available","No LDR Only available","No LDR Only available","rEX","19-08Rollup"
"Rdpshell.exe","RDS_remote_App","6.2.14393.2828","0","17-Feb-19","GDR","4512517","August 13, 2019-KB4512517 (OS Build 14393.3144)","http://support.microsoft.com/kb/4512517","No LDR Only available","No LDR Only available","No LDR Only available","rEX","19-08Rollup"
"Rdsdwmdr.dll","RDS_remote_App","6.2.14393.2457","0","23-Aug-18","GDR","4512517","August 13, 2019-KB4512517 (OS Build 14393.3144)","http://support.microsoft.com/kb/4512517","No LDR Only available","No LDR Only available","No LDR Only available","rEX","19-08Rollup"
"Tscfgwmi.dll","RDS_remote_App","6.2.14393.2248","0","28-Apr-18","GDR","4512517","August 13, 2019-KB4512517 (OS Build 14393.3144)","http://support.microsoft.com/kb/4512517","No LDR Only available","No LDR Only available","No LDR Only available","rEX","19-08Rollup"
"Audioeng.dll","RDS_devRdr","6.2.14393.3085","1","4-Jul-19","GDR","4512517","August 13, 2019-KB4512517 (OS Build 14393.3144)","http://support.microsoft.com/kb/4512517","No LDR Only available","No LDR Only available","No LDR Only available","rEX","19-08Rollup"
"Audiokse.dll","RDS_devRdr","6.2.14393.3085","1","4-Jul-19","GDR","4512517","August 13, 2019-KB4512517 (OS Build 14393.3144)","http://support.microsoft.com/kb/4512517","No LDR Only available","No LDR Only available","No LDR Only available","rEX","19-08Rollup"
"Audioses.dll","RDS_devRdr","6.2.14393.3085","1","4-Jul-19","GDR","4512517","August 13, 2019-KB4512517 (OS Build 14393.3144)","http://support.microsoft.com/kb/4512517","No LDR Only available","No LDR Only available","No LDR Only available","rEX","19-08Rollup"
"Audiosrv.dll","RDS_devRdr","6.2.14393.3085","1","4-Jul-19","GDR","4512517","August 13, 2019-KB4512517 (OS Build 14393.3144)","http://support.microsoft.com/kb/4512517","No LDR Only available","No LDR Only available","No LDR Only available","rEX","19-08Rollup"
"Vmrdvcore.dll","RDS_vHost","6.2.14393.2248","0","28-Apr-18","GDR","4512517","August 13, 2019-KB4512517 (OS Build 14393.3144)","http://support.microsoft.com/kb/4512517","No LDR Only available","No LDR Only available","No LDR Only available","rEX","19-08Rollup"
"Tsvmhasvc.dll","RDS_vHost","6.2.14393.2879","0","14-Mar-19","GDR","4512517","August 13, 2019-KB4512517 (OS Build 14393.3144)","http://support.microsoft.com/kb/4512517","No LDR Only available","No LDR Only available","No LDR Only available","rEX","19-08Rollup"
"Tssdis.exe","RDS_vHost","6.2.14393.2938","0","6-Apr-19","GDR","4512517","August 13, 2019-KB4512517 (OS Build 14393.3144)","http://support.microsoft.com/kb/4512517","No LDR Only available","No LDR Only available","No LDR Only available","rEX","19-08Rollup"
"aaedge.dll","RDS_gateway","6.2.14393.2580","1","10-Oct-18","GDR","4512517","August 13, 2019-KB4512517 (OS Build 14393.3144)","http://support.microsoft.com/kb/4512517","No LDR Only available","No LDR Only available","No LDR Only available","rEX","19-08Rollup"
"lserver.dll","RDS_license","6.2.14393.2155","1","6-Mar-18","GDR","4512517","August 13, 2019-KB4512517 (OS Build 14393.3144)","http://support.microsoft.com/kb/4512517","No LDR Only available","No LDR Only available","No LDR Only available","rEX","19-08Rollup"
"licmgr.exe","RDS_license","6.2.14393.2515","1","30-Aug-18","GDR","4512517","August 13, 2019-KB4512517 (OS Build 14393.3144)","http://support.microsoft.com/kb/4512517","No LDR Only available","No LDR Only available","No LDR Only available","rEX","19-08Rollup"
"dxgkrnl.sys","RDS_host","6.2.14393.3143","1","26-Jul-19","GDR","4512517","August 13, 2019-KB4512517 (OS Build 14393.3144)","http://support.microsoft.com/kb/4512517","No LDR Only available","No LDR Only available","No LDR Only available","rEX","19-08Rollup"
"sessenv.dll","RDS_host","6.2.14393.2457","1","23-Aug-18","GDR","4512517","August 13, 2019-KB4512517 (OS Build 14393.3144)","http://support.microsoft.com/kb/4512517","No LDR Only available","No LDR Only available","No LDR Only available","rEX","19-08Rollup"
"Localspl.dll","Print_Spool","6.2.14393.2999","0","21-May-19","GDR","4512517","August 13, 2019-KB4512517 (OS Build 14393.3144)","http://support.microsoft.com/kb/4512517","No LDR Only available","No LDR Only available","No LDR Only available","rEX","19-08Rollup"
"Win32spl.dll","Print_Spool","6.2.14393.2879","0","14-Mar-19","GDR","4512517","August 13, 2019-KB4512517 (OS Build 14393.3144)","http://support.microsoft.com/kb/4512517","No LDR Only available","No LDR Only available","No LDR Only available","rEX","19-08Rollup"
"Spoolsv.exe","Print_Spool","6.2.14393.3085","0","4-Jul-19","GDR","4512517","August 13, 2019-KB4512517 (OS Build 14393.3144)","http://support.microsoft.com/kb/4512517","No LDR Only available","No LDR Only available","No LDR Only available","rEX","19-08Rollup"
"Ntprint.exe","Print_App","6.2.14393.1715","0","7-Sep-17","GDR","4512517","August 13, 2019-KB4512517 (OS Build 14393.3144)","http://support.microsoft.com/kb/4512517","No LDR Only available","No LDR Only available","No LDR Only available","rEX","19-08Rollup"
"Printui.dll","Print_App","6.2.14393.2457","0","23-Aug-18","GDR","4512517","August 13, 2019-KB4512517 (OS Build 14393.3144)","http://support.microsoft.com/kb/4512517","No LDR Only available","No LDR Only available","No LDR Only available","rEX","19-08Rollup"
"Printfilterpipelineprxy.dll","Print_App","6.2.14393.2608","0","25-Oct-18","GDR","4512517","August 13, 2019-KB4512517 (OS Build 14393.3144)","http://support.microsoft.com/kb/4512517","No LDR Only available","No LDR Only available","No LDR Only available","rEX","19-08Rollup"
"Printfilterpipelinesvc.exe","Print_App","6.2.14393.2828","0","17-Feb-19","GDR","4512517","August 13, 2019-KB4512517 (OS Build 14393.3144)","http://support.microsoft.com/kb/4512517","No LDR Only available","No LDR Only available","No LDR Only available","rEX","19-08Rollup"
"Printbrm.exe","Print_App","6.2.14393.1378","0","21-Jun-17","GDR","4512517","August 13, 2019-KB4512517 (OS Build 14393.3144)","http://support.microsoft.com/kb/4512517","No LDR Only available","No LDR Only available","No LDR Only available","rEX","19-08Rollup"
"splwow64.exe","Print_App","6.2.14393.3085","0","4-Jul-19","GDR","4512517","August 13, 2019-KB4512517 (OS Build 14393.3144)","http://support.microsoft.com/kb/4512517","No LDR Only available","No LDR Only available","No LDR Only available","rEX","19-08Rollup"
"Mxdwdrv.dll","Print_Driver","0.3.14393.2938","1","6-Apr-19","GDR","4512517","August 13, 2019-KB4512517 (OS Build 14393.3144)","http://support.microsoft.com/kb/4512517","No LDR Only available","No LDR Only available","No LDR Only available","rEX","19-08Rollup"
"Pcl4res.dll","Print_Driver","0.3.5479.0","1","6-Apr-19","GDR","4512517","August 13, 2019-KB4512517 (OS Build 14393.3144)","http://support.microsoft.com/kb/4512517","No LDR Only available","No LDR Only available","No LDR Only available","rEX","19-08Rollup"
"Pscript5.dll","Print_Driver","0.3.14393.2938","1","6-Apr-19","GDR","4512517","August 13, 2019-KB4512517 (OS Build 14393.3144)","http://support.microsoft.com/kb/4512517","No LDR Only available","No LDR Only available","No LDR Only available","rEX","19-08Rollup"
"Unidrv.dll","Print_Driver","0.3.14393.2938","1","6-Apr-19","GDR","4512517","August 13, 2019-KB4512517 (OS Build 14393.3144)","http://support.microsoft.com/kb/4512517","No LDR Only available","No LDR Only available","No LDR Only available","rEX","19-08Rollup"
"Unires.dll","Print_Driver","0.3.14393.2938","1","6-Apr-19","GDR","4512517","August 13, 2019-KB4512517 (OS Build 14393.3144)","http://support.microsoft.com/kb/4512517","No LDR Only available","No LDR Only available","No LDR Only available","rEX","19-08Rollup"
"Mshtml.dll","IE_Client","11.0.14393.3143","0","26-Jul-19","GDR","4512517","August 13, 2019-KB4512517 (OS Build 14393.3144)","http://support.microsoft.com/kb/4512517","No LDR Only available","No LDR Only available","No LDR Only available","rEX","19-08Rollup"
