"Binary","Component","Version","Prio","Published","Branch","Article","Title","Link","LDROnlyKB","LDROnlyTitle","LDROnlyLink","Comment","RollupInfo"
"Netlogon.dll","Dom_NETLOGON","6.2.14393.2214","0","3-Apr-18","GDR","4489882","March 12, 2019-KB4489882 (OS Build 14393.2848)","http://support.microsoft.com/kb/4489882","No LDR Only available","No LDR Only available","No LDR Only available","rEX","19-03Rollup"
"LogonCli.dll","Dom_NETLOGON","6.2.14393.2007","0","1-Jan-18","GDR","4489882","March 12, 2019-KB4489882 (OS Build 14393.2848)","http://support.microsoft.com/kb/4489882","No LDR Only available","No LDR Only available","No LDR Only available","rEX","19-03Rollup"
"Winlogon.exe","Dom_WINLOGON","6.2.14393.2515","0","30-Aug-18","GDR","4489882","March 12, 2019-KB4489882 (OS Build 14393.2848)","http://support.microsoft.com/kb/4489882","No LDR Only available","No LDR Only available","No LDR Only available","rEX","19-03Rollup"
"Kerberos.dll","Dom_KERBEROS","6.2.14393.2724","0","1-Jan-19","GDR","4489882","March 12, 2019-KB4489882 (OS Build 14393.2848)","http://support.microsoft.com/kb/4489882","No LDR Only available","No LDR Only available","No LDR Only available","rEX","19-03Rollup"
"Msv1_0.dll","Dom_NTLM","6.2.14393.2848","1","6-Mar-19","GDR","4489882","March 12, 2019-KB4489882 (OS Build 14393.2848)","http://support.microsoft.com/kb/4489882","No LDR Only available","No LDR Only available","No LDR Only available","rEX","19-03Rollup"
"Wldap32.dll","Dom_LDAPClient","6.2.14393.2580","0","10-Oct-18","GDR","4489882","March 12, 2019-KB4489882 (OS Build 14393.2848)","http://support.microsoft.com/kb/4489882","No LDR Only available","No LDR Only available","No LDR Only available","rEX","19-03Rollup"
"Lsass.exe","Dom_LSA","6.2.14393.2580","0","10-Oct-18","GDR","4489882","March 12, 2019-KB4489882 (OS Build 14393.2848)","http://support.microsoft.com/kb/4489882","No LDR Only available","No LDR Only available","No LDR Only available","rEX","19-03Rollup"
"Lsasrv.dll","Dom_LSA","6.2.14393.2828","0","17-Feb-19","GDR","4489882","March 12, 2019-KB4489882 (OS Build 14393.2848)","http://support.microsoft.com/kb/4489882","No LDR Only available","No LDR Only available","No LDR Only available","rEX","19-03Rollup"
"Ksecdd.sys","Dom_LSA","6.2.14393.2580","0","10-Oct-18","GDR","4489882","March 12, 2019-KB4489882 (OS Build 14393.2848)","http://support.microsoft.com/kb/4489882","No LDR Only available","No LDR Only available","No LDR Only available","rEX","19-03Rollup"
"Ksecpkg.sys","Dom_LSA","6.2.14393.2828","0","17-Feb-19","GDR","4489882","March 12, 2019-KB4489882 (OS Build 14393.2848)","http://support.microsoft.com/kb/4489882","No LDR Only available","No LDR Only available","No LDR Only available","rEX","19-03Rollup"
"Secur32.dll","Dom_LSA","6.2.14393.2273","0","28-Apr-18","GDR","4489882","March 12, 2019-KB4489882 (OS Build 14393.2848)","http://support.microsoft.com/kb/4489882","No LDR Only available","No LDR Only available","No LDR Only available","rEX","19-03Rollup"
"Sspicli.dll","Dom_LSA","6.2.14393.2580","0","10-Oct-18","GDR","4489882","March 12, 2019-KB4489882 (OS Build 14393.2848)","http://support.microsoft.com/kb/4489882","No LDR Only available","No LDR Only available","No LDR Only available","rEX","19-03Rollup"
"Sspisrv.dll","Dom_LSA","6.2.14393.2580","0","10-Oct-18","GDR","4489882","March 12, 2019-KB4489882 (OS Build 14393.2848)","http://support.microsoft.com/kb/4489882","No LDR Only available","No LDR Only available","No LDR Only available","rEX","19-03Rollup"
"Schannel.dll","Dom_LSA","6.2.14393.2580","0","10-Oct-18","GDR","4489882","March 12, 2019-KB4489882 (OS Build 14393.2848)","http://support.microsoft.com/kb/4489882","No LDR Only available","No LDR Only available","No LDR Only available","rEX","19-03Rollup"
"AclUI.dll","Dom_SecAuditAndConfig","6.2.14393.2515","1","30-Aug-18","GDR","4489882","March 12, 2019-KB4489882 (OS Build 14393.2848)","http://support.microsoft.com/kb/4489882","No LDR Only available","No LDR Only available","No LDR Only available","rEX","19-03Rollup"
"Winscard.dll","Dom_SC_Provider","6.2.14393.2273","1","28-Apr-18","GDR","4489882","March 12, 2019-KB4489882 (OS Build 14393.2848)","http://support.microsoft.com/kb/4489882","No LDR Only available","No LDR Only available","No LDR Only available","rEX","19-03Rollup"
"Basecsp.dll","Dom_SC_Provider","6.2.14393.2608","1","25-Oct-18","GDR","4489882","March 12, 2019-KB4489882 (OS Build 14393.2848)","http://support.microsoft.com/kb/4489882","No LDR Only available","No LDR Only available","No LDR Only available","rEX","19-03Rollup"
"Scksp.dll","Dom_SC_Provider","6.2.14393.2608","1","25-Oct-18","GDR","4489882","March 12, 2019-KB4489882 (OS Build 14393.2848)","http://support.microsoft.com/kb/4489882","No LDR Only available","No LDR Only available","No LDR Only available","rEX","19-03Rollup"
"ScardSvr.dll","Dom_SC_Srv","6.2.14393.2273","1","28-Apr-18","GDR","4489882","March 12, 2019-KB4489882 (OS Build 14393.2848)","http://support.microsoft.com/kb/4489882","No LDR Only available","No LDR Only available","No LDR Only available","rEX","19-03Rollup"
"Scfilter.sys","Dom_SC_Srv","6.2.14393.0","1","16-Jul-16","GDR","4489882","March 12, 2019-KB4489882 (OS Build 14393.2848)","http://support.microsoft.com/kb/4489882","No LDR Only available","No LDR Only available","No LDR Only available","rEX","19-03Rollup"
"Certprop.dll","Dom_SC_Srv","6.2.14393.2273","1","28-Apr-18","GDR","4489882","March 12, 2019-KB4489882 (OS Build 14393.2848)","http://support.microsoft.com/kb/4489882","No LDR Only available","No LDR Only available","No LDR Only available","rEX","19-03Rollup"
"Crypt32.dll","Dom_CRYPTO","6.2.14393.2214","1","3-Apr-18","GDR","4489882","March 12, 2019-KB4489882 (OS Build 14393.2848)","http://support.microsoft.com/kb/4489882","No LDR Only available","No LDR Only available","No LDR Only available","rEX","19-03Rollup"
"Cryptnet.dll","Dom_CRYPTO","6.2.14393.2035","1","11-Jan-18","GDR","4489882","March 12, 2019-KB4489882 (OS Build 14393.2848)","http://support.microsoft.com/kb/4489882","No LDR Only available","No LDR Only available","No LDR Only available","rEX","19-03Rollup"
"Wintrust.dll","Dom_CRYPTO","6.2.14393.2791","1","6-Feb-19","GDR","4489882","March 12, 2019-KB4489882 (OS Build 14393.2848)","http://support.microsoft.com/kb/4489882","No LDR Only available","No LDR Only available","No LDR Only available","rEX","19-03Rollup"
"Gpapi.dll","Dom_GPSVC","6.2.14393.953","0","4-Mar-17","GDR","4489882","March 12, 2019-KB4489882 (OS Build 14393.2848)","http://support.microsoft.com/kb/4489882","No LDR Only available","No LDR Only available","No LDR Only available","rEX","19-03Rollup"
"Gpsvc.dll","Dom_GPSVC","6.2.14393.2457","0","23-Aug-18","GDR","4489882","March 12, 2019-KB4489882 (OS Build 14393.2848)","http://support.microsoft.com/kb/4489882","No LDR Only available","No LDR Only available","No LDR Only available","rEX","19-03Rollup"
"Gpmgmt.dll","Dom_GPSVC","6.2.14393.2339","0","12-Jun-18","GDR","4489882","March 12, 2019-KB4489882 (OS Build 14393.2848)","http://support.microsoft.com/kb/4489882","No LDR Only available","No LDR Only available","No LDR Only available","rEX","19-03Rollup"
"Gprsop.dll","Dom_GPSVC","6.2.14393.2155","0","6-Mar-18","GDR","4489882","March 12, 2019-KB4489882 (OS Build 14393.2848)","http://support.microsoft.com/kb/4489882","No LDR Only available","No LDR Only available","No LDR Only available","rEX","19-03Rollup"
"Appmgmts.dll","Dom_GPExt","6.2.14393.2457","0","23-Aug-18","GDR","4489882","March 12, 2019-KB4489882 (OS Build 14393.2848)","http://support.microsoft.com/kb/4489882","No LDR Only available","No LDR Only available","No LDR Only available","rEX","19-03Rollup"
"Gpprefcl.dll","Dom_GPP","6.2.14393.2608","0","25-Oct-18","GDR","4489882","March 12, 2019-KB4489882 (OS Build 14393.2848)","http://support.microsoft.com/kb/4489882","No LDR Only available","No LDR Only available","No LDR Only available","rEX","19-03Rollup"
"Gpme.dll","Dom_GPP","6.2.14393.2608","0","25-Oct-18","GDR","4489882","March 12, 2019-KB4489882 (OS Build 14393.2848)","http://support.microsoft.com/kb/4489882","No LDR Only available","No LDR Only available","No LDR Only available","rEX","19-03Rollup"
"Gppref.dll","Dom_GPP","6.2.14393.2248","0","28-Apr-18","GDR","4489882","March 12, 2019-KB4489882 (OS Build 14393.2848)","http://support.microsoft.com/kb/4489882","No LDR Only available","No LDR Only available","No LDR Only available","rEX","19-03Rollup"
"Gpprefbr.dll","Dom_GPP","6.2.14393.2248","0","28-Apr-18","GDR","4489882","March 12, 2019-KB4489882 (OS Build 14393.2848)","http://support.microsoft.com/kb/4489882","No LDR Only available","No LDR Only available","No LDR Only available","rEX","19-03Rollup"
"Gpprefcn.dll","Dom_GPP","6.2.14393.2248","0","28-Apr-18","GDR","4489882","March 12, 2019-KB4489882 (OS Build 14393.2848)","http://support.microsoft.com/kb/4489882","No LDR Only available","No LDR Only available","No LDR Only available","rEX","19-03Rollup"
"Gpregistrybrowser.dll","Dom_GPP","6.2.14393.2248","0","28-Apr-18","GDR","4489882","March 12, 2019-KB4489882 (OS Build 14393.2848)","http://support.microsoft.com/kb/4489882","No LDR Only available","No LDR Only available","No LDR Only available","rEX","19-03Rollup"
"Propshts.dll","Dom_GPP","6.2.14393.2608","0","25-Oct-18","GDR","4489882","March 12, 2019-KB4489882 (OS Build 14393.2848)","http://support.microsoft.com/kb/4489882","No LDR Only available","No LDR Only available","No LDR Only available","rEX","19-03Rollup"
"Profsvc.dll","Dom_ProfProc","6.2.14393.1715","0","7-Sep-17","GDR","4489882","March 12, 2019-KB4489882 (OS Build 14393.2848)","http://support.microsoft.com/kb/4489882","No LDR Only available","No LDR Only available","No LDR Only available","rEX","19-03Rollup"
"Fdeploy.dll","Dom_FolderRedir","6.2.14393.2457","0","23-Aug-18","GDR","4489882","March 12, 2019-KB4489882 (OS Build 14393.2848)","http://support.microsoft.com/kb/4489882","No LDR Only available","No LDR Only available","No LDR Only available","rEX","19-03Rollup"
"Esent.dll","Dom_ESENT","6.2.14393.2273","0","28-Apr-18","GDR","4489882","March 12, 2019-KB4489882 (OS Build 14393.2848)","http://support.microsoft.com/kb/4489882","No LDR Only available","No LDR Only available","No LDR Only available","rEX","19-03Rollup"
"Ntdsai.dll","Dom_NTDSAI","6.2.14393.2828","0","17-Feb-19","GDR","4489882","March 12, 2019-KB4489882 (OS Build 14393.2848)","http://support.microsoft.com/kb/4489882","No LDR Only available","No LDR Only available","No LDR Only available","rEX","19-03Rollup"
"Samsrv.dll","Dom_SAMSRV","6.2.14393.2724","0","1-Jan-19","GDR","4489882","March 12, 2019-KB4489882 (OS Build 14393.2848)","http://support.microsoft.com/kb/4489882","No LDR Only available","No LDR Only available","No LDR Only available","rEX","19-03Rollup"
"Samlib.dll","Dom_SAMSRV","6.2.14393.82","0","6-Aug-16","GDR","4489882","March 12, 2019-KB4489882 (OS Build 14393.2848)","http://support.microsoft.com/kb/4489882","No LDR Only available","No LDR Only available","No LDR Only available","rEX","19-03Rollup"
"Mrxsmb.sys","Net_SMB_Client","6.2.14393.2828","0","17-Feb-19","GDR","4489882","March 12, 2019-KB4489882 (OS Build 14393.2848)","http://support.microsoft.com/kb/4489882","No LDR Only available","No LDR Only available","No LDR Only available","rEX","19-03Rollup"
"Mrxsmb10.sys","Net_SMB_Client","6.2.14393.2848","0","6-Mar-19","GDR","4489882","March 12, 2019-KB4489882 (OS Build 14393.2848)","http://support.microsoft.com/kb/4489882","No LDR Only available","No LDR Only available","No LDR Only available","rEX","19-03Rollup"
"Mrxsmb20.sys","Net_SMB_Client","6.2.14393.2828","0","17-Feb-19","GDR","4489882","March 12, 2019-KB4489882 (OS Build 14393.2848)","http://support.microsoft.com/kb/4489882","No LDR Only available","No LDR Only available","No LDR Only available","rEX","19-03Rollup"
"Rdbss.sys","Net_SMB_Client","6.2.14393.2828","0","17-Feb-19","GDR","4489882","March 12, 2019-KB4489882 (OS Build 14393.2848)","http://support.microsoft.com/kb/4489882","No LDR Only available","No LDR Only available","No LDR Only available","rEX","19-03Rollup"
"Netbt.sys","Net_SMB_Client","6.2.14393.1715","0","7-Sep-17","GDR","4489882","March 12, 2019-KB4489882 (OS Build 14393.2848)","http://support.microsoft.com/kb/4489882","No LDR Only available","No LDR Only available","No LDR Only available","rEX","19-03Rollup"
"Mup.sys","Net_SMB_Client","6.2.14393.1378","0","21-Jun-17","GDR","4489882","March 12, 2019-KB4489882 (OS Build 14393.2848)","http://support.microsoft.com/kb/4489882","No LDR Only available","No LDR Only available","No LDR Only available","rEX","19-03Rollup"
"wkssvc.dll","Net_SMB_Client","6.2.14393.2007","0","1-Jan-18","GDR","4489882","March 12, 2019-KB4489882 (OS Build 14393.2848)","http://support.microsoft.com/kb/4489882","No LDR Only available","No LDR Only available","No LDR Only available","rEX","19-03Rollup"
"Tcpip.sys","Net_Protocol","6.2.14393.2848","0","6-Mar-19","GDR","4489882","March 12, 2019-KB4489882 (OS Build 14393.2848)","http://support.microsoft.com/kb/4489882","No LDR Only available","No LDR Only available","No LDR Only available","rEX","19-03Rollup"
"Afd.sys","Net_Protocol","6.2.14393.2097","0","12-Feb-18","GDR","4489882","March 12, 2019-KB4489882 (OS Build 14393.2848)","http://support.microsoft.com/kb/4489882","No LDR Only available","No LDR Only available","No LDR Only available","rEX","19-03Rollup"
"Netio.sys","Net_Protocol","6.2.14393.2339","0","12-Jun-18","GDR","4489882","March 12, 2019-KB4489882 (OS Build 14393.2848)","http://support.microsoft.com/kb/4489882","No LDR Only available","No LDR Only available","No LDR Only available","rEX","19-03Rollup"
"Ndis.sys","Net_Protocol","6.2.14393.2430","0","7-Aug-18","GDR","4489882","March 12, 2019-KB4489882 (OS Build 14393.2848)","http://support.microsoft.com/kb/4489882","No LDR Only available","No LDR Only available","No LDR Only available","rEX","19-03Rollup"
"Netiohlp.dll","Net_Protocol","6.2.14393.2515","0","30-Aug-18","GDR","4489882","March 12, 2019-KB4489882 (OS Build 14393.2848)","http://support.microsoft.com/kb/4489882","No LDR Only available","No LDR Only available","No LDR Only available","rEX","19-03Rollup"
"Tdx.sys","Net_Protocol","6.2.14393.2339","0","12-Jun-18","GDR","4489882","March 12, 2019-KB4489882 (OS Build 14393.2848)","http://support.microsoft.com/kb/4489882","No LDR Only available","No LDR Only available","No LDR Only available","rEX","19-03Rollup"
"Iphlpapi.dll","Net_Protocol","6.2.14393.2339","0","12-Jun-18","GDR","4489882","March 12, 2019-KB4489882 (OS Build 14393.2848)","http://support.microsoft.com/kb/4489882","No LDR Only available","No LDR Only available","No LDR Only available","rEX","19-03Rollup"
"Dfsc.sys","Net_DFS-N_Client","6.2.14393.2273","0","28-Apr-18","GDR","4489882","March 12, 2019-KB4489882 (OS Build 14393.2848)","http://support.microsoft.com/kb/4489882","No LDR Only available","No LDR Only available","No LDR Only available","rEX","19-03Rollup"
"Csc.sys","Net_CSC_Offline","6.2.14393.2828","0","17-Feb-19","GDR","4489882","March 12, 2019-KB4489882 (OS Build 14393.2848)","http://support.microsoft.com/kb/4489882","No LDR Only available","No LDR Only available","No LDR Only available","rEX","19-03Rollup"
"Cscmig.dll","Net_CSC_Offline","6.2.14393.2828","0","17-Feb-19","GDR","4489882","March 12, 2019-KB4489882 (OS Build 14393.2848)","http://support.microsoft.com/kb/4489882","No LDR Only available","No LDR Only available","No LDR Only available","rEX","19-03Rollup"
"Cscui.dll","Net_CSC_Offline","6.2.14393.2791","0","6-Feb-19","GDR","4489882","March 12, 2019-KB4489882 (OS Build 14393.2848)","http://support.microsoft.com/kb/4489882","No LDR Only available","No LDR Only available","No LDR Only available","rEX","19-03Rollup"
"Mrxdav.sys","Net_WebDAV","6.2.14393.321","0","5-Oct-16","GDR","4489882","March 12, 2019-KB4489882 (OS Build 14393.2848)","http://support.microsoft.com/kb/4489882","No LDR Only available","No LDR Only available","No LDR Only available","rEX","19-03Rollup"
"Webclnt.dll","Net_WebDAV","6.2.14393.2515","0","30-Aug-18","GDR","4489882","March 12, 2019-KB4489882 (OS Build 14393.2848)","http://support.microsoft.com/kb/4489882","No LDR Only available","No LDR Only available","No LDR Only available","rEX","19-03Rollup"
"Davclnt.dll","Net_WebDAV","6.2.14393.2515","0","30-Aug-18","GDR","4489882","March 12, 2019-KB4489882 (OS Build 14393.2848)","http://support.microsoft.com/kb/4489882","No LDR Only available","No LDR Only available","No LDR Only available","rEX","19-03Rollup"
"Shell32.dll","Net_WebDAV","6.2.14393.2551","0","4-Oct-18","GDR","4489882","March 12, 2019-KB4489882 (OS Build 14393.2848)","http://support.microsoft.com/kb/4489882","No LDR Only available","No LDR Only available","No LDR Only available","rEX","19-03Rollup"
"Winhttp.dll","Net_WebDAV","6.2.14393.2848","0","6-Mar-19","GDR","4489882","March 12, 2019-KB4489882 (OS Build 14393.2848)","http://support.microsoft.com/kb/4489882","No LDR Only available","No LDR Only available","No LDR Only available","rEX","19-03Rollup"
"Dhcpcore.dll","Net_DHCP_Client","6.2.14393.2007","0","1-Jan-18","GDR","4489882","March 12, 2019-KB4489882 (OS Build 14393.2848)","http://support.microsoft.com/kb/4489882","No LDR Only available","No LDR Only available","No LDR Only available","rEX","19-03Rollup"
"Dhcpcsvc.dll","Net_DHCP_Client","6.2.14393.0","0","16-Jul-16","GDR","4489882","March 12, 2019-KB4489882 (OS Build 14393.2848)","http://support.microsoft.com/kb/4489882","No LDR Only available","No LDR Only available","No LDR Only available","rEX","19-03Rollup"
"dnsapi.dll","Net_DNS_Client","6.2.14393.2363","0","26-Jun-18","GDR","4489882","March 12, 2019-KB4489882 (OS Build 14393.2848)","http://support.microsoft.com/kb/4489882","No LDR Only available","No LDR Only available","No LDR Only available","rEX","19-03Rollup"
"dnsrslvr.dll","Net_DNS_Client","6.2.14393.2363","0","26-Jun-18","GDR","4489882","March 12, 2019-KB4489882 (OS Build 14393.2848)","http://support.microsoft.com/kb/4489882","No LDR Only available","No LDR Only available","No LDR Only available","rEX","19-03Rollup"
"Rpcss.dll","Net_RPC","6.2.14393.2724","1","1-Jan-19","GDR","4489882","March 12, 2019-KB4489882 (OS Build 14393.2848)","http://support.microsoft.com/kb/4489882","No LDR Only available","No LDR Only available","No LDR Only available","rEX","19-03Rollup"
"Rpchttp.dll","Net_RPC","6.2.14393.1770","1","18-Sep-17","GDR","4489882","March 12, 2019-KB4489882 (OS Build 14393.2848)","http://support.microsoft.com/kb/4489882","No LDR Only available","No LDR Only available","No LDR Only available","rEX","19-03Rollup"
"Rpcrt4.dll","Net_RPC","6.2.14393.2848","1","6-Mar-19","GDR","4489882","March 12, 2019-KB4489882 (OS Build 14393.2848)","http://support.microsoft.com/kb/4489882","No LDR Only available","No LDR Only available","No LDR Only available","rEX","19-03Rollup"
"Bfe.dll","Net_Ipsec_BFE","6.2.14393.2430","1","7-Aug-18","GDR","4489882","March 12, 2019-KB4489882 (OS Build 14393.2848)","http://support.microsoft.com/kb/4489882","No LDR Only available","No LDR Only available","No LDR Only available","rEX","19-03Rollup"
"Ikeext.dll","Net_Ipsec_BFE","6.2.14393.2155","1","6-Mar-18","GDR","4489882","March 12, 2019-KB4489882 (OS Build 14393.2848)","http://support.microsoft.com/kb/4489882","No LDR Only available","No LDR Only available","No LDR Only available","rEX","19-03Rollup"
"Fwpuclnt.dll","Net_Ipsec_BFE","6.2.14393.0","1","16-Jul-16","GDR","4489882","March 12, 2019-KB4489882 (OS Build 14393.2848)","http://support.microsoft.com/kb/4489882","No LDR Only available","No LDR Only available","No LDR Only available","rEX","19-03Rollup"
"Iphlpsvc.dll","Net_DirectAccess_Client","6.2.14393.2636","1","1-Nov-18","GDR","4489882","March 12, 2019-KB4489882 (OS Build 14393.2848)","http://support.microsoft.com/kb/4489882","No LDR Only available","No LDR Only available","No LDR Only available","rEX","19-03Rollup"
"Netcorehc.dll","Net_DirectAccess_Client","6.2.14393.2097","1","12-Feb-18","GDR","4489882","March 12, 2019-KB4489882 (OS Build 14393.2848)","http://support.microsoft.com/kb/4489882","No LDR Only available","No LDR Only available","No LDR Only available","rEX","19-03Rollup"
"Rdpcore.dll","Net_DirectAccess_Client","6.2.14393.2828","1","17-Feb-19","GDR","4489882","March 12, 2019-KB4489882 (OS Build 14393.2848)","http://support.microsoft.com/kb/4489882","No LDR Only available","No LDR Only available","No LDR Only available","rEX","19-03Rollup"
"dot3svc.dll","Net_IEEE802.1x","6.2.14393.2007","1","1-Jan-18","GDR","4489882","March 12, 2019-KB4489882 (OS Build 14393.2848)","http://support.microsoft.com/kb/4489882","No LDR Only available","No LDR Only available","No LDR Only available","rEX","19-03Rollup"
"Rastls.dll","Net_IEEE802.1x","6.2.14393.2097","1","12-Feb-18","GDR","4489882","March 12, 2019-KB4489882 (OS Build 14393.2848)","http://support.microsoft.com/kb/4489882","No LDR Only available","No LDR Only available","No LDR Only available","rEX","19-03Rollup"
"wlansvc.dll","Net_WLAN_Client","6.2.14393.2828","1","17-Feb-19","GDR","4489882","March 12, 2019-KB4489882 (OS Build 14393.2848)","http://support.microsoft.com/kb/4489882","No LDR Only available","No LDR Only available","No LDR Only available","rEX","19-03Rollup"
"wlanmsm.dll","Net_WLAN_Client","6.2.14393.82","1","6-Aug-16","GDR","4489882","March 12, 2019-KB4489882 (OS Build 14393.2848)","http://support.microsoft.com/kb/4489882","No LDR Only available","No LDR Only available","No LDR Only available","rEX","19-03Rollup"
"wlanapi.dll","Net_WLAN_Client","6.2.14393.953","1","4-Mar-17","GDR","4489882","March 12, 2019-KB4489882 (OS Build 14393.2848)","http://support.microsoft.com/kb/4489882","No LDR Only available","No LDR Only available","No LDR Only available","rEX","19-03Rollup"
"wlansec.dll","Net_WLAN_Client","6.2.14393.2828","1","17-Feb-19","GDR","4489882","March 12, 2019-KB4489882 (OS Build 14393.2848)","http://support.microsoft.com/kb/4489882","No LDR Only available","No LDR Only available","No LDR Only available","rEX","19-03Rollup"
"wlansvcpal.dll","Net_WLAN_Client","6.2.14393.82","1","6-Aug-16","GDR","4489882","March 12, 2019-KB4489882 (OS Build 14393.2848)","http://support.microsoft.com/kb/4489882","No LDR Only available","No LDR Only available","No LDR Only available","rEX","19-03Rollup"
"wlanhlp.dll","Net_WLAN_Client","6.2.14393.82","1","6-Aug-16","GDR","4489882","March 12, 2019-KB4489882 (OS Build 14393.2848)","http://support.microsoft.com/kb/4489882","No LDR Only available","No LDR Only available","No LDR Only available","rEX","19-03Rollup"
"Rasapi32.dll","HNV_Net","6.2.14393.2608","1","25-Oct-18","GDR","4489882","March 12, 2019-KB4489882 (OS Build 14393.2848)","http://support.microsoft.com/kb/4489882","No LDR Only available","No LDR Only available","No LDR Only available","rEX","19-03Rollup"
"Mprapi.dll","HNV_Net","6.2.14393.206","1","15-Sep-16","GDR","4489882","March 12, 2019-KB4489882 (OS Build 14393.2848)","http://support.microsoft.com/kb/4489882","No LDR Only available","No LDR Only available","No LDR Only available","rEX","19-03Rollup"
"Dhcpcore6.dll","Net_IPv6","6.2.14393.2007","1","1-Jan-18","GDR","4489882","March 12, 2019-KB4489882 (OS Build 14393.2848)","http://support.microsoft.com/kb/4489882","No LDR Only available","No LDR Only available","No LDR Only available","rEX","19-03Rollup"
"Dhcpcsvc6.dll","Net_IPv6","6.2.14393.0","1","16-Jul-16","GDR","4489882","March 12, 2019-KB4489882 (OS Build 14393.2848)","http://support.microsoft.com/kb/4489882","No LDR Only available","No LDR Only available","No LDR Only available","rEX","19-03Rollup"
"WebIo.dll","Net_BranchCache","6.2.14393.2515","1","30-Aug-18","GDR","4489882","March 12, 2019-KB4489882 (OS Build 14393.2848)","http://support.microsoft.com/kb/4489882","No LDR Only available","No LDR Only available","No LDR Only available","rEX","19-03Rollup"
"Pacer.sys","Net_QoS","6.2.14393.2339","1","12-Jun-18","GDR","4489882","March 12, 2019-KB4489882 (OS Build 14393.2848)","http://support.microsoft.com/kb/4489882","No LDR Only available","No LDR Only available","No LDR Only available","rEX","19-03Rollup"
"Mpsdrv.sys","Net_Firewall","6.2.14393.2485","1","28-Aug-18","GDR","4489882","March 12, 2019-KB4489882 (OS Build 14393.2848)","http://support.microsoft.com/kb/4489882","No LDR Only available","No LDR Only available","No LDR Only available","rEX","19-03Rollup"
"MpsSvc.dll","Net_Firewall","6.2.14393.2636","1","1-Nov-18","GDR","4489882","March 12, 2019-KB4489882 (OS Build 14393.2848)","http://support.microsoft.com/kb/4489882","No LDR Only available","No LDR Only available","No LDR Only available","rEX","19-03Rollup"
"Ntoskrnl.exe","Core_Kernel","6.2.14393.2848","0","6-Mar-19","GDR","4489882","March 12, 2019-KB4489882 (OS Build 14393.2848)","http://support.microsoft.com/kb/4489882","No LDR Only available","No LDR Only available","No LDR Only available","rEX","19-03Rollup"
"Crashdmp.sys","Core_Kernel","6.2.14393.351","0","15-Oct-16","GDR","4489882","March 12, 2019-KB4489882 (OS Build 14393.2848)","http://support.microsoft.com/kb/4489882","No LDR Only available","No LDR Only available","No LDR Only available","rEX","19-03Rollup"
"Ntdll.dll","Core_Kernel","6.2.14393.2608","0","25-Oct-18","GDR","4489882","March 12, 2019-KB4489882 (OS Build 14393.2848)","http://support.microsoft.com/kb/4489882","No LDR Only available","No LDR Only available","No LDR Only available","rEX","19-03Rollup"
"Hal.dll","Core_Kernel","6.2.14393.2068","0","10-Feb-18","GDR","4489882","March 12, 2019-KB4489882 (OS Build 14393.2848)","http://support.microsoft.com/kb/4489882","No LDR Only available","No LDR Only available","No LDR Only available","rEX","19-03Rollup"
"win32k.sys","Core_Kernel","6.2.14393.594","0","14-Dec-16","GDR","4489882","March 12, 2019-KB4489882 (OS Build 14393.2848)","http://support.microsoft.com/kb/4489882","No LDR Only available","No LDR Only available","No LDR Only available","rEX","19-03Rollup"
"Ntfs.sys","Core_FileSystem","6.2.14393.2848","0","6-Mar-19","GDR","4489882","March 12, 2019-KB4489882 (OS Build 14393.2848)","http://support.microsoft.com/kb/4489882","No LDR Only available","No LDR Only available","No LDR Only available","rEX","19-03Rollup"
"dedup.sys","Core_FileSystem","6.2.14393.2828","0","17-Feb-19","GDR","4489882","March 12, 2019-KB4489882 (OS Build 14393.2848)","http://support.microsoft.com/kb/4489882","No LDR Only available","No LDR Only available","No LDR Only available","rEX","19-03Rollup"
"Msiscsi.sys","Core_DiskSystem","6.2.14393.2214","0","3-Apr-18","GDR","4489882","March 12, 2019-KB4489882 (OS Build 14393.2848)","http://support.microsoft.com/kb/4489882","No LDR Only available","No LDR Only available","No LDR Only available","rEX","19-03Rollup"
"Iscsitgt.dll","Core_DiskSystem","6.2.14393.1198","0","27-Apr-17","GDR","4489882","March 12, 2019-KB4489882 (OS Build 14393.2848)","http://support.microsoft.com/kb/4489882","No LDR Only available","No LDR Only available","No LDR Only available","rEX","19-03Rollup"
"Storport.sys","Core_DiskSystem","6.2.14393.2580","0","10-Oct-18","GDR","4489882","March 12, 2019-KB4489882 (OS Build 14393.2848)","http://support.microsoft.com/kb/4489882","No LDR Only available","No LDR Only available","No LDR Only available","rEX","19-03Rollup"
"Repdrvfs.dll","Core_WMI","6.2.14393.2791","0","6-Feb-19","GDR","4489882","March 12, 2019-KB4489882 (OS Build 14393.2848)","http://support.microsoft.com/kb/4489882","No LDR Only available","No LDR Only available","No LDR Only available","rEX","19-03Rollup"
"Advapi32.dll","Core_Apps","6.2.14393.2515","0","30-Aug-18","GDR","4489882","March 12, 2019-KB4489882 (OS Build 14393.2848)","http://support.microsoft.com/kb/4489882","No LDR Only available","No LDR Only available","No LDR Only available","rEX","19-03Rollup"
"Mshtml.dll","IE_Client","11.0.14393.2848","0","6-Mar-19","GDR","4489882","March 12, 2019-KB4489882 (OS Build 14393.2848)","http://support.microsoft.com/kb/4489882","No LDR Only available","No LDR Only available","No LDR Only available","rEX","19-03Rollup"
"4485447","Win2016_19_02_SvcStack_KB"," ","0","12-Feb-2019","GDR","4485447","Servicing stack update for Windows Server 2016 and Windows 10, version 1607: February 12, 2019","http://support.microsoft.com/kb/4485447","KB only","KB only","KB Only"," ","No Rollup"
"4489882","Win2016_19_03_B_rollup_KB"," ","0","12-Mar-2019","GDR","4489882","March 12, 2019-KB4489882 (OS Build 14393.2848)","http://support.microsoft.com/kb/4489882","KB only","KB only","KB Only"," ","19-03Rollup"
