"Binary","Component","Version","Prio","Published","Branch","Article","Title","Link","LDROnlyKB","LDROnlyTitle","LDROnlyLink","Comment","RollupInfo"
"Ntoskrnl.exe","Core_Kernel","6.2.17763.316","0","27-Oct-18","GDR","4487044 (v1.0)","February 12, 2019-KB4487044 (OS Build 17763.316)","http://support.microsoft.com/kb/4487044","KB only","KB only","KB Only"," ","19-02Rollup"
"win32k.sys","Core_Kernel","6.2.17763.316","0","15-Sep-18","GDR","4487044 (v1.0)","February 12, 2019-KB4487044 (OS Build 17763.316)","http://support.microsoft.com/kb/4487044","KB only","KB only","KB Only"," ","19-02Rollup"
"dxgkrnl.sys","RDS_host","6.2.17763.194","1","12-Feb-2019","GDR","4487044 (v1.0)","February 12, 2019-KB4487044 (OS Build 17763.316)","http://support.microsoft.com/kb/4487044","KB only","KB only","KB Only"," ","19-02Rollup"
"Profsvc.dll","Dom_ProfProc","6.2.17763.107","1","27-Oct-18","GDR","4487044 (v1.0)","February 12, 2019-KB4487044 (OS Build 17763.316)","http://support.microsoft.com/kb/4487044","KB only","KB only","KB Only"," ","19-02Rollup"
"4470788","Win2016_18_12_SvcStack_KB"," ","0","05-Dec-2018","GDR","4470788","Servicing stack update for Windows Server 2019 and Windows 10 version 1809: December 5, 2018","http://support.microsoft.com/kb/4470788","KB only","KB only","KB Only"," ","No Rollup"
"4487044","Win2016_19_02_B_rollup_KB"," ","0","12-Feb-2019","GDR","4487044 (v1.0)","February 12, 2019-KB4487044 (OS Build 17763.316)","http://support.microsoft.com/kb/4487044","KB only","KB only","KB Only"," ","19-02Rollup"
