"Binary","Component","Version","Prio","Published","Branch","Article","Title","Link","LDROnlyKB","LDROnlyTitle","LDROnlyLink","Comment","RollupInfo"
"Ntoskrnl.exe","Core_Kernel","6.2.18362.719","0","10-Mar-20","GDR","4540673","March 10, 2020-KB4540673 (OS Builds 18362.719 and 18363.719)","http://support.microsoft.com/kb/4540673","KB only","KB only","KB only"," ","20-03Rollup"
"Crashdmp.sys","Core_Kernel","6.2.18362.693","0","7-Mar-20","GDR","4540673","March 10, 2020-KB4540673 (OS Builds 18362.719 and 18363.719)","http://support.microsoft.com/kb/4540673","KB only","KB only","KB only"," ","20-03Rollup"
"Ntdll.dll","Core_Kernel","6.2.18362.719","0","10-Mar-20","GDR","4540673","March 10, 2020-KB4540673 (OS Builds 18362.719 and 18363.719)","http://support.microsoft.com/kb/4540673","KB only","KB only","KB only"," ","20-03Rollup"
"Hal.dll","Core_Kernel","6.2.18362.628","0","28-Jan-20","GDR","4540673 (v1.0)","March 10, 2020-KB4540673 (OS Builds 18362.719 and 18363.719)","http://support.microsoft.com/kb/4540673","KB only","KB only","KB only"," ","20-03Rollup"
"Fltmgr.sys","Core_Kernel","6.2.18362.267","0","26-Jul-19","GDR","4540673 (v1.0)","March 10, 2020-KB4540673 (OS Builds 18362.719 and 18363.719)","http://support.microsoft.com/kb/4540673","KB only","KB only","KB only"," ","20-03Rollup"
"win32k.sys","Core_Kernel","6.2.18362.719","0","10-Mar-20","GDR","4540673","March 10, 2020-KB4540673 (OS Builds 18362.719 and 18363.719)","http://support.microsoft.com/kb/4540673","KB only","KB only","KB only"," ","20-03Rollup"
"Ntfs.sys","Core_FileSystem","6.2.18362.719","0","10-Mar-20","GDR","4540673","March 10, 2020-KB4540673 (OS Builds 18362.719 and 18363.719)","http://support.microsoft.com/kb/4540673","KB only","KB only","KB only"," ","20-03Rollup"
"dedup.sys","Core_FileSystem","6.2.18362.1","0","23-Jan-20","GDR","4540673 (v1.0)","March 10, 2020-KB4540673 (OS Builds 18362.719 and 18363.719)","http://support.microsoft.com/kb/4540673","KB only","KB only","KB only"," ","20-03Rollup"
"Msiscsi.sys","Core_DiskSystem","6.2.18362.449","0","24-Oct-19","GDR","4540673 (v1.0)","March 10, 2020-KB4540673 (OS Builds 18362.719 and 18363.719)","http://support.microsoft.com/kb/4540673","KB only","KB only","KB only"," ","20-03Rollup"
"Storport.sys","Core_DiskSystem","6.2.18362.693","0","7-Mar-20","GDR","4540673","March 10, 2020-KB4540673 (OS Builds 18362.719 and 18363.719)","http://support.microsoft.com/kb/4540673","KB only","KB only","KB only"," ","20-03Rollup"
"Repdrvfs.dll","Core_WMI","6.2.18362.1","0","8-Feb-20","GDR","4540673 (v1.0)","March 10, 2020-KB4540673 (OS Builds 18362.719 and 18363.719)","http://support.microsoft.com/kb/4540673","KB only","KB only","KB only"," ","20-03Rollup"
"Mpio.sys","Core_MPIO","6.2.18362.1","0","7-Mar-20","GDR","4540673 (v1.0)","March 10, 2020-KB4540673 (OS Builds 18362.719 and 18363.719)","http://support.microsoft.com/kb/4540673","KB only","KB only","KB only"," ","20-03Rollup"
"wbengine.exe","Core_VSS","6.2.18362.657","1","22-Jan-20","GDR","4540673 (v1.0)","March 10, 2020-KB4540673 (OS Builds 18362.719 and 18363.719)","http://support.microsoft.com/kb/4540673","KB only","KB only","KB only"," ","20-03Rollup"
"pci.sys","Core_Sys","6.2.18362.628","1","28-Jan-20","GDR","4540673 (v1.0)","March 10, 2020-KB4540673 (OS Builds 18362.719 and 18363.719)","http://support.microsoft.com/kb/4540673","KB only","KB only","KB only"," ","20-03Rollup"
"Volmgr.sys","Core_Sys","6.2.18362.628","1","11-Feb-20","GDR","4540673 (v1.0)","March 10, 2020-KB4540673 (OS Builds 18362.719 and 18363.719)","http://support.microsoft.com/kb/4540673","KB only","KB only","KB only"," ","20-03Rollup"
"Advapi32.dll","Core_Apps","6.2.18362.329","0","30-Aug-19","GDR","4540673 (v1.0)","March 10, 2020-KB4540673 (OS Builds 18362.719 and 18363.719)","http://support.microsoft.com/kb/4540673","KB only","KB only","KB only"," ","20-03Rollup"
"Tzres.dll","Core_TimeZone","6.2.18362.1","1","22-Jan-20","GDR","4540673 (v1.0)","March 10, 2020-KB4540673 (OS Builds 18362.719 and 18363.719)","http://support.microsoft.com/kb/4540673","KB only","KB only","KB only"," ","20-03Rollup"
"Clussvc.exe","Cluster_Core","6.2.18362.1","0","22-Jan-20","GDR","4540673 (v1.0)","March 10, 2020-KB4540673 (OS Builds 18362.719 and 18363.719)","http://support.microsoft.com/kb/4540673","KB only","KB only","KB only"," ","20-03Rollup"
"ClusWMI.dll","Cluster_Core","6.2.18362.1","0","22-Jan-20","GDR","4540673 (v1.0)","March 10, 2020-KB4540673 (OS Builds 18362.719 and 18363.719)","http://support.microsoft.com/kb/4540673","KB only","KB only","KB only"," ","20-03Rollup"
"Rhs.exe","Cluster_Core","6.2.18362.1","0","23-Jan-20","GDR","4540673 (v1.0)","March 10, 2020-KB4540673 (OS Builds 18362.719 and 18363.719)","http://support.microsoft.com/kb/4540673","KB only","KB only","KB only"," ","20-03Rollup"
"Clusres.dll","Cluster_Core","6.2.18362.1","0","23-Jan-20","GDR","4540673 (v1.0)","March 10, 2020-KB4540673 (OS Builds 18362.719 and 18363.719)","http://support.microsoft.com/kb/4540673","KB only","KB only","KB only"," ","20-03Rollup"
"Clusres2.dll","Cluster_Core","6.2.18362.1","0","23-Jan-20","GDR","4540673 (v1.0)","March 10, 2020-KB4540673 (OS Builds 18362.719 and 18363.719)","http://support.microsoft.com/kb/4540673","KB only","KB only","KB only"," ","20-03Rollup"
"Csvflt.sys","Cluster_CSV","6.2.18362.1","0","23-Jan-20","GDR","4540673 (v1.0)","March 10, 2020-KB4540673 (OS Builds 18362.719 and 18363.719)","http://support.microsoft.com/kb/4540673","KB only","KB only","KB only"," ","20-03Rollup"
"Csvfs.sys","Cluster_CSV","6.2.18362.1","0","22-Jan-20","GDR","4540673 (v1.0)","March 10, 2020-KB4540673 (OS Builds 18362.719 and 18363.719)","http://support.microsoft.com/kb/4540673","KB only","KB only","KB only"," ","20-03Rollup"
"Vhdmp.sys","Cluster_CSV","6.2.18362.657","0","11-Feb-20","GDR","4540673 (v1.0)","March 10, 2020-KB4540673 (OS Builds 18362.719 and 18363.719)","http://support.microsoft.com/kb/4540673","KB only","KB only","KB only"," ","20-03Rollup"
"Volsnap.sys","Cluster_Volsnap","6.2.18362.693","0","7-Mar-20","GDR","4540673","March 10, 2020-KB4540673 (OS Builds 18362.719 and 18363.719)","http://support.microsoft.com/kb/4540673","KB only","KB only","KB only"," ","20-03Rollup"
"Cprepsrv.exe","Cluster_Validation","6.2.18362.1","1","22-Jan-20","GDR","4540673 (v1.0)","March 10, 2020-KB4540673 (OS Builds 18362.719 and 18363.719)","http://support.microsoft.com/kb/4540673","KB only","KB only","KB only"," ","20-03Rollup"
"Vmswitch.sys","Hyper-V_Net","6.2.18362.693","1","7-Mar-20","GDR","4540673","March 10, 2020-KB4540673 (OS Builds 18362.719 and 18363.719)","http://support.microsoft.com/kb/4540673","KB only","KB only","KB only"," ","20-03Rollup"
"Ndisimplatform.sys","Hyper-V_Net","6.2.18362.693","1","7-Mar-20","GDR","4540673","March 10, 2020-KB4540673 (OS Builds 18362.719 and 18363.719)","http://support.microsoft.com/kb/4540673","KB only","KB only","KB only"," ","20-03Rollup"
"Vmms.exe","Hyper-V_Net","6.2.18362.449","1","24-Oct-19","GDR","4540673 (v1.0)","March 10, 2020-KB4540673 (OS Builds 18362.719 and 18363.719)","http://support.microsoft.com/kb/4540673","KB only","KB only","KB only"," ","20-03Rollup"
"Winnat.sys","Hyper-V_Net","6.2.18362.693","1","7-Mar-20","GDR","4540673","March 10, 2020-KB4540673 (OS Builds 18362.719 and 18363.719)","http://support.microsoft.com/kb/4540673","KB only","KB only","KB only"," ","20-03Rollup"
"Vmbus.sys","Hyper-V_Net","6.2.18362.693","1","7-Mar-20","GDR","4540673","March 10, 2020-KB4540673 (OS Builds 18362.719 and 18363.719)","http://support.microsoft.com/kb/4540673","KB only","KB only","KB only"," ","20-03Rollup"
"Rasapi32.dll","HNV_Net","6.2.18362.387","1","26-Sep-19","GDR","4540673 (v1.0)","March 10, 2020-KB4540673 (OS Builds 18362.719 and 18363.719)","http://support.microsoft.com/kb/4540673","KB only","KB only","KB only"," ","20-03Rollup"
"Vmwp.exe","Net_IPv6","6.2.18362.476","1","12-Nov-19","GDR","4540673 (v1.0)","March 10, 2020-KB4540673 (OS Builds 18362.719 and 18363.719)","http://support.microsoft.com/kb/4540673","KB only","KB only","KB only"," ","20-03Rollup"
"Vmwp.exe","Hyper-V_app","6.2.18362.1","1","8-Feb-20","GDR","4540673 (v1.0)","March 10, 2020-KB4540673 (OS Builds 18362.719 and 18363.719)","http://support.microsoft.com/kb/4540673","KB only","KB only","KB only"," ","20-03Rollup"
"Tcpip.sys","Net_Protocol","6.2.18362.693","0","7-Mar-20","GDR","4540673","March 10, 2020-KB4540673 (OS Builds 18362.719 and 18363.719)","http://support.microsoft.com/kb/4540673","KB only","KB only","KB only"," ","20-03Rollup"
"Afd.sys","Net_Protocol","6.2.18362.693","0","7-Mar-20","GDR","4540673","March 10, 2020-KB4540673 (OS Builds 18362.719 and 18363.719)","http://support.microsoft.com/kb/4540673","KB only","KB only","KB only"," ","20-03Rollup"
"Netio.sys","Net_Protocol","6.2.18362.449","0","24-Oct-19","GDR","4540673 (v1.0)","March 10, 2020-KB4540673 (OS Builds 18362.719 and 18363.719)","http://support.microsoft.com/kb/4540673","KB only","KB only","KB only"," ","20-03Rollup"
"Ndis.sys","Net_Protocol","6.2.18362.693","0","7-Mar-20","GDR","4540673","March 10, 2020-KB4540673 (OS Builds 18362.719 and 18363.719)","http://support.microsoft.com/kb/4540673","KB only","KB only","KB only"," ","20-03Rollup"
"srv.sys","Net_SMB_Server","6.2.18362.628","0","11-Feb-20","GDR","4540673 (v1.0)","March 10, 2020-KB4540673 (OS Builds 18362.719 and 18363.719)","http://support.microsoft.com/kb/4540673","KB only","KB only","KB only"," ","20-03Rollup"
"srv2.sys","Net_SMB_Server","6.2.18362.719","0","10-Mar-20","GDR","4540673","March 10, 2020-KB4540673 (OS Builds 18362.719 and 18363.719)","http://support.microsoft.com/kb/4540673","KB only","KB only","KB only"," ","20-03Rollup"
"srvnet.sys","Net_SMB_Server","6.2.18362.693","0","7-Mar-20","GDR","4540673","March 10, 2020-KB4540673 (OS Builds 18362.719 and 18363.719)","http://support.microsoft.com/kb/4540673","KB only","KB only","KB only"," ","20-03Rollup"
"Mrxsmb.sys","Net_SMB_Client","6.2.18362.719","0","10-Mar-20","GDR","4540673","March 10, 2020-KB4540673 (OS Builds 18362.719 and 18363.719)","http://support.microsoft.com/kb/4540673","KB only","KB only","KB only"," ","20-03Rollup"
"Mrxsmb20.sys","Net_SMB_Client","6.2.18362.693","0","7-Mar-20","GDR","4540673","March 10, 2020-KB4540673 (OS Builds 18362.719 and 18363.719)","http://support.microsoft.com/kb/4540673","KB only","KB only","KB only"," ","20-03Rollup"
"Rdbss.sys","Net_SMB_Client","6.2.18362.693","0","7-Mar-20","GDR","4540673","March 10, 2020-KB4540673 (OS Builds 18362.719 and 18363.719)","http://support.microsoft.com/kb/4540673","KB only","KB only","KB only"," ","20-03Rollup"
"Netbt.sys","Net_SMB_Client","6.2.18362.145","0","29-May-19","GDR","4540673 (v1.0)","March 10, 2020-KB4540673 (OS Builds 18362.719 and 18363.719)","http://support.microsoft.com/kb/4540673","KB only","KB only","KB only"," ","20-03Rollup"
"Mup.sys","Net_SMB_Client","6.2.18362.207","0","27-Jun-19","GDR","4540673 (v1.0)","March 10, 2020-KB4540673 (OS Builds 18362.719 and 18363.719)","http://support.microsoft.com/kb/4540673","KB only","KB only","KB only"," ","20-03Rollup"
"wkssvc.dll","Net_SMB_Client","6.2.18362.267","0","26-Jul-19","GDR","4540673 (v1.0)","March 10, 2020-KB4540673 (OS Builds 18362.719 and 18363.719)","http://support.microsoft.com/kb/4540673","KB only","KB only","KB only"," ","20-03Rollup"
"4541338","Win2016_1909_20_03_SSU_KB"," ","0","10-Mar-2020","GDR","4541338","Servicing stack update for Windows 10, version 1903 and 1909: March 10, 2020","http://support.microsoft.com/kb/4541338","KB only","KB only","KB Only"," ","No Rollup"
"4540673","Win201619H2_20-03_B_rollup_KB"," ","0","10-Mar-2020","GDR","4540673 (v1.0)","March 10, 2020-KB4540673 (OS Builds 18362.719 and 18363.719)","http://support.microsoft.com/kb/4540673","KB only","KB only","KB only"," ","20-03Rollup"
