"Binary","Component","Version","Prio","Published","Branch","Article","Title","Link","LDROnlyKB","LDROnlyTitle","LDROnlyLink","Comment","RollupInfo"
"Ntoskrnl.exe","Core_Kernel","6.2.9200.23022","0","10-Mar-20","LDR","4550960","April 21, 2020-KB4550960 (Preview of Monthly Rollup)","http://support.microsoft.com/kb/4550960","No LDR Only available","No LDR Only available","No LDR Only available","rEX","20-04Rollup"
"crashdmp.sys","Core_Kernel","6.2.9200.21336","0","19.12.2014","LDRGDR","3027113 (v1.0)","Can't save a dump file when the system crashes and the Round Robin MPIO policy is used in Windows Server 201","http://support.microsoft.com/kb/3027113","No LDR Only available","No LDR Only available","No LDR Only available","rKB","No Rollup"
"Ntfs.sys","Core_FileSystem","6.2.9200.23009","0","26-Feb-20","LDR","4550960","April 21, 2020-KB4550960 (Preview of Monthly Rollup)","http://support.microsoft.com/kb/4550960","No LDR Only available","No LDR Only available","No LDR Only available","rEX","20-04Rollup"
"dedup.sys","Core_FileSystem","6.2.9200.21365","0","27.01.2015","LDR","3035444 (v1.0)","""0x000000F5"" Stop error when data deduplication is enabled on Windows Server 201","http://support.microsoft.com/kb/3035444","3035444 (v1.0)","""0x000000F5"" Stop error when data deduplication is enabled on Windows Server 201","http://support.microsoft.com/kb/3035444","rKB","No Rollup"
"robocopy.exe","Net_Applications","6.2.9200.21032","1","16.05.2014","LDR","2962407 (v1.2)","Windows RT, Windows 8, and Windows Server 2012 update rollup: June 2014","http://support.microsoft.com/kb/2962407","No LDR Only available","No LDR Only available","No LDR Only available","rKB","No Rollup"
"srv.sys","Net_SMB_Server","6.2.9200.22707","0","21-Feb-19","LDR","4550960","April 21, 2020-KB4550960 (Preview of Monthly Rollup)","http://support.microsoft.com/kb/4550960","No LDR Only available","No LDR Only available","No LDR Only available","rEX","20-04Rollup"
"srv2.sys","Net_SMB_Server","6.2.9200.22707","0","21-Feb-19","LDR","4550960","April 21, 2020-KB4550960 (Preview of Monthly Rollup)","http://support.microsoft.com/kb/4550960","No LDR Only available","No LDR Only available","No LDR Only available","rEX","20-04Rollup"
"srvnet.sys","Net_SMB_Server","6.2.9200.22668","0","9-Jan-19","LDR","4550960","April 21, 2020-KB4550960 (Preview of Monthly Rollup)","http://support.microsoft.com/kb/4550960","No LDR Only available","No LDR Only available","No LDR Only available","rEX","20-04Rollup"
"srvsvc.dll","Net_SMB_Server","6.2.9200.21172","0","17.07.2014","LDRGDR","2980749 (v3.0)","Event log data for troubleshooting SMB in Windows 8 and Windows Server 2012","http://support.microsoft.com/kb/2980749","2937634 (v1.0)","The Hyper-V host may be unable to reconnect to the Cluster Scale-Out File Server share after an unplanned failover in Windows 8 or Windows Server 2012","http://support.microsoft.com/kb/2937634","rEX","14-09Rollup"
"Mrxsmb.sys","Net_SMB_Client","6.2.9200.22859","0","28-Aug-19","LDR","4550960","April 21, 2020-KB4550960 (Preview of Monthly Rollup)","http://support.microsoft.com/kb/4550960","No LDR Only available","No LDR Only available","No LDR Only available","rEX","20-04Rollup"
"Mrxsmb10.sys","Net_SMB_Client","6.2.9200.22702","0","6-Mar-19","LDR","4550960","April 21, 2020-KB4550960 (Preview of Monthly Rollup)","http://support.microsoft.com/kb/4550960","No LDR Only available","No LDR Only available","No LDR Only available","rEX","20-04Rollup"
"Mrxsmb20.sys","Net_SMB_Client","6.2.9200.22365","0","1-Feb-18","LDR","4550960","April 21, 2020-KB4550960 (Preview of Monthly Rollup)","http://support.microsoft.com/kb/4550960","No LDR Only available","No LDR Only available","No LDR Only available","rEX","20-04Rollup"
"Rdbss.sys","Net_SMB_Client","6.2.9200.22874","0","4-Sep-19","LDR","4550960","April 21, 2020-KB4550960 (Preview of Monthly Rollup)","http://support.microsoft.com/kb/4550960","No LDR Only available","No LDR Only available","No LDR Only available","rEX","20-04Rollup"
"Netbt.sys","Net_SMB_Client","6.2.9200.22707","0","21-Feb-19","LDR","4550960","April 21, 2020-KB4550960 (Preview of Monthly Rollup)","http://support.microsoft.com/kb/4550960","No LDR Only available","No LDR Only available","No LDR Only available","rEX","20-04Rollup"
"mup.sys","Net_SMB_Client","6.2.9200.21339","0","08.01.2015","LDRGDR","3000483 (v1.7)","MS15-011: Vulnerability in Group Policy could allow remote code execution: February 10, 201","http://support.microsoft.com/kb/3000483","No LDR Only available","No LDR Only available","No LDR Only available","rKB","No Rollup"
"Tcpip.sys","Net_Protocol","6.2.9200.22825","0","11-Jul-19","LDR","4550960","April 21, 2020-KB4550960 (Preview of Monthly Rollup)","http://support.microsoft.com/kb/4550960","No LDR Only available","No LDR Only available","No LDR Only available","rEX","20-04Rollup"
"Afd.sys","Net_Protocol","6.2.9200.22376","0","24-Feb-18","LDR","4550960","April 21, 2020-KB4550960 (Preview of Monthly Rollup)","http://support.microsoft.com/kb/4550960","No LDR Only available","No LDR Only available","No LDR Only available","rEX","20-04Rollup"
"Netio.sys","Net_Protocol","6.2.9200.22901","0","9-Oct-19","LDR","4550960","April 21, 2020-KB4550960 (Preview of Monthly Rollup)","http://support.microsoft.com/kb/4550960","No LDR Only available","No LDR Only available","No LDR Only available","rEX","20-04Rollup"
"Ndis.sys","Net_Protocol","6.2.9200.22975","0","16-Jan-20","LDR","4550960","April 21, 2020-KB4550960 (Preview of Monthly Rollup)","http://support.microsoft.com/kb/4550960","No LDR Only available","No LDR Only available","No LDR Only available","rEX","20-04Rollup"
"netiohlp.dll","Net_Protocol","6.2.9200.21035","0","09.05.2014","LDR","2965750 (v1.0)","Performance issues occur over a high-latency network if the Windows Scaling option is removed from retransmitted SYNC packets in Windows 8 or Windows Server 2012","http://support.microsoft.com/kb/2965750","2965750 (v1.0)","Performance issues occur over a high-latency network if the Windows Scaling option is removed from retransmitted SYNC packets in Windows 8 or Windows Server 2012","http://support.microsoft.com/kb/2965750","rKB","No Rollup"
"Tdx.sys","Net_Protocol","6.2.9200.22376","0","24-Feb-18","LDR","4550960","April 21, 2020-KB4550960 (Preview of Monthly Rollup)","http://support.microsoft.com/kb/4550960","No LDR Only available","No LDR Only available","No LDR Only available","rEX","20-04Rollup"
"Dhcpcore6.dll","Net_IPv6","6.2.9200.22823","1","9-Jul-19","LDR","4550960","April 21, 2020-KB4550960 (Preview of Monthly Rollup)","http://support.microsoft.com/kb/4550960","No LDR Only available","No LDR Only available","No LDR Only available","rEX","20-04Rollup"
"Dhcpcsvc6.dll","Net_IPv6","6.2.9200.22823","1","9-Jul-19","LDR","4550960","April 21, 2020-KB4550960 (Preview of Monthly Rollup)","http://support.microsoft.com/kb/4550960","No LDR Only available","No LDR Only available","No LDR Only available","rEX","20-04Rollup"
"Nlasvc.dll","Net_NLA","6.2.9200.22825","0","11-Jul-19","LDR","4550960","April 21, 2020-KB4550960 (Preview of Monthly Rollup)","http://support.microsoft.com/kb/4550960","No LDR Only available","No LDR Only available","No LDR Only available","rEX","20-04Rollup"
"Ncsi.dll","Net_NLA","6.2.9200.22376","0","24-Feb-18","LDR","4550960","April 21, 2020-KB4550960 (Preview of Monthly Rollup)","http://support.microsoft.com/kb/4550960","No LDR Only available","No LDR Only available","No LDR Only available","rEX","20-04Rollup"
"Nlaapi.dll","Net_NLA","6.2.9200.22376","0","24-Feb-18","4550917","April 14, 2020-KB4550917 (Monthly Rollup)","http://support.microsoft.com/kb/4550917","No LDR Only available","No LDR Only available","No LDR Only available","rEX","20-04Rollup",""
"Msv1_0.dll","Dom_NTLM","6.2.9200.22978","1","28-Jan-20","LDR","4550960","April 21, 2020-KB4550960 (Preview of Monthly Rollup)","http://support.microsoft.com/kb/4550960","No LDR Only available","No LDR Only available","No LDR Only available","rEX","20-04Rollup"
"Dns.exe","Net_DNS_Srv","6.2.9200.22742","0","8-Apr-19","LDR","4550960","April 21, 2020-KB4550960 (Preview of Monthly Rollup)","http://support.microsoft.com/kb/4550960","No LDR Only available","No LDR Only available","No LDR Only available","rEX","20-04Rollup"
"Dhcpssvc.dll","Net_DHCP_Srv","6.2.9200.22835","0","11-Jul-19","LDR","4550960","April 21, 2020-KB4550960 (Preview of Monthly Rollup)","http://support.microsoft.com/kb/4550960","No LDR Only available","No LDR Only available","No LDR Only available","rEX","20-04Rollup"
"Dfssvc.exe","Net_DFS-N_Srv","6.2.9200.21968","0","22-Aug-16","LDR","4550960","April 21, 2020-KB4550960 (Preview of Monthly Rollup)","http://support.microsoft.com/kb/4550960","No LDR Only available","No LDR Only available","No LDR Only available","rEX","20-04Rollup"
"Nfssvc.exe","Net_NFS_Srv","6.2.9200.16384","0","26-Jul-12","LDR","4550960","April 21, 2020-KB4550960 (Preview of Monthly Rollup)","http://support.microsoft.com/kb/4550960","No LDR Only available","No LDR Only available","No LDR Only available","rEX","20-04Rollup"
"Nfssvr.sys","Net_NFS_Srv","6.2.9200.22153","0","21-Apr-17","LDR","4550960","April 21, 2020-KB4550960 (Preview of Monthly Rollup)","http://support.microsoft.com/kb/4550960","No LDR Only available","No LDR Only available","No LDR Only available","rEX","20-04Rollup"
"Msnfsflt.sys","Net_NFS_Srv","6.2.9200.16384","0","26-Jul-12","LDR","4550960","April 21, 2020-KB4550960 (Preview of Monthly Rollup)","http://support.microsoft.com/kb/4550960","No LDR Only available","No LDR Only available","No LDR Only available","rEX","20-04Rollup"
"Csc.sys","Net_CSC_Offline","6.2.9200.22508","1","28-Jun-18","LDR","4550960","April 21, 2020-KB4550960 (Preview of Monthly Rollup)","http://support.microsoft.com/kb/4550960","No LDR Only available","No LDR Only available","No LDR Only available","rEX","20-04Rollup"
"Cscmig.dll","Net_CSC_Offline","6.2.9200.20521","1","20-Sep-12","LDR","4550960","April 21, 2020-KB4550960 (Preview of Monthly Rollup)","http://support.microsoft.com/kb/4550960","No LDR Only available","No LDR Only available","No LDR Only available","rEX","20-04Rollup"
"cscui.dll","Net_CSC_Offline","6.2.9200.20623","1","04.02.2013","LDR","2810203 (v1.0)","High CPU utilization by the Wmiprvse.exe process on a client computer that is running Windows 8","http://support.microsoft.com/kb/2810203","2810203 (v1.0)","High CPU utilization by the Wmiprvse.exe process on a client computer that is running Windows 8","http://support.microsoft.com/kb/2810203","rKB","No Rollup"
"Mrxdav.sys","Net_WebDAV","6.2.9200.21976","1","7-Sep-16","LDR","4550960","April 21, 2020-KB4550960 (Preview of Monthly Rollup)","http://support.microsoft.com/kb/4550960","No LDR Only available","No LDR Only available","No LDR Only available","rEX","20-04Rollup"
"webclnt.dll","Net_WebDAV","6.2.9200.21538","1","01.07.2015","LDRGDR","3076949 (v1.0)","MS15-089: Vulnerability in WebDAV could allow security feature bypass: August 11, 2015","http://support.microsoft.com/kb/3076949","2732597 (v1.0)","0x80070091 error when you perform a drag-and-drop operation to replace a folder in a WebDAV shared folder in Windows","http://support.microsoft.com/kb/2732597","rEX","No Rollup"
"davclnt.dll","Net_WebDAV","6.2.9200.21538","1","01.07.2015","LDRGDR","3076949 (v1.0)","MS15-089: Vulnerability in WebDAV could allow security feature bypass: August 11, 2015","http://support.microsoft.com/kb/3076949","No LDR Only available","No LDR Only available","No LDR Only available","rEX","No Rollup"
"Shell32.dll","Net_WebDAV","6.2.9200.22776","1","25-May-19","LDR","4550960","April 21, 2020-KB4550960 (Preview of Monthly Rollup)","http://support.microsoft.com/kb/4550960","No LDR Only available","No LDR Only available","No LDR Only available","rEX","20-04Rollup"
"Winhttp.dll","Net_WebDAV","6.2.9200.22661","1","1-Jan-19","LDR","4550960","April 21, 2020-KB4550960 (Preview of Monthly Rollup)","http://support.microsoft.com/kb/4550960","No LDR Only available","No LDR Only available","No LDR Only available","rEX","20-04Rollup"
"Dfsc.sys","Net_DFS-N_Client","6.2.9200.21976","0","7-Sep-16","LDR","4550960","April 21, 2020-KB4550960 (Preview of Monthly Rollup)","http://support.microsoft.com/kb/4550960","No LDR Only available","No LDR Only available","No LDR Only available","rEX","20-04Rollup"
"Dhcpcore.dll","Net_DHCP_Client","6.2.9200.22823","1","9-Jul-19","LDR","4550960","April 21, 2020-KB4550960 (Preview of Monthly Rollup)","http://support.microsoft.com/kb/4550960","No LDR Only available","No LDR Only available","No LDR Only available","rEX","20-04Rollup"
"Dhcpcsvc.dll","Net_DHCP_Client","6.2.9200.22823","1","9-Jul-19","4550917","April 14, 2020-KB4550917 (Monthly Rollup)","http://support.microsoft.com/kb/4550917","No LDR Only available","No LDR Only available","No LDR Only available","rEX","20-04Rollup",""
"gpprefcl.dll","Dom_GPP","6.2.9200.21872","1","12.05.2016","LDR","3159398 (v1.0)","MS16-072: Description of the security update for Group Policy: June 14, 2016","http://support.microsoft.com/kb/3159398","3159398 (v1.0)","MS16-072: Description of the security update for Group Policy: June 14, 2016","http://support.microsoft.com/kb/3159398","rEX","No Rollup"
"gppref.dll","Dom_GPP","6.2.9200.21019","1","19.04.2014","LDR","2962142 (v1.0)","Can't disable security settings in Group Policy Preferences for Internet Explorer 10","http://support.microsoft.com/kb/2962142","2962142 (v1.0)","Can't disable security settings in Group Policy Preferences for Internet Explorer 10","http://support.microsoft.com/kb/2962142","rKB","No Rollup"
"gpprefbr.dll","Dom_GPP","6.2.9200.21012","1","19.04.2014","LDR","2962142 (v1.0)","Can't disable security settings in Group Policy Preferences for Internet Explorer 10","http://support.microsoft.com/kb/2962142","2962142 (v1.0)","Can't disable security settings in Group Policy Preferences for Internet Explorer 10","http://support.microsoft.com/kb/2962142","rKB","No Rollup"
"gpprefcn.dll","Dom_GPP","6.2.9200.21012","1","19.04.2014","LDR","2962142 (v1.0)","Can't disable security settings in Group Policy Preferences for Internet Explorer 10","http://support.microsoft.com/kb/2962142","2962142 (v1.0)","Can't disable security settings in Group Policy Preferences for Internet Explorer 10","http://support.microsoft.com/kb/2962142","rKB","No Rollup"
"propshts.dll","Dom_GPP","6.2.9200.21012","1","19.04.2014","LDR","2962142 (v1.0)","Can't disable security settings in Group Policy Preferences for Internet Explorer 10","http://support.microsoft.com/kb/2962142","2962142 (v1.0)","Can't disable security settings in Group Policy Preferences for Internet Explorer 10","http://support.microsoft.com/kb/2962142","rKB","No Rollup"
"Profsvc.dll","Dom_ProfProc","6.2.9200.22994","1","8-Feb-20","LDR","4550960","April 21, 2020-KB4550960 (Preview of Monthly Rollup)","http://support.microsoft.com/kb/4550960","No LDR Only available","No LDR Only available","No LDR Only available","rEX","20-04Rollup"
"Kerberos.dll","Dom_KERBEROS","6.2.9200.22978","0","28-Jan-20","4550917","April 14, 2020-KB4550917 (Monthly Rollup)","http://support.microsoft.com/kb/4550917","No LDR Only available","No LDR Only available","No LDR Only available","rEX","20-04Rollup",""
"nfsclnt.exe","Net_NFS_Client","6.2.9200.16384","1","09.09.2015","LDR","3093803 (v1.0)","Error 0x800704C9 occurs when you try to copy file to NFS share in Windows 8","http://support.microsoft.com/kb/3093803","3093803 (v1.0)","Error 0x800704C9 occurs when you try to copy file to NFS share in Windows 8","http://support.microsoft.com/kb/3093803","rKB","No Rollup"
"nfsnp.dll","Net_NFS_Client","6.2.9200.16384","1","09.09.2015","LDR","3093803 (v1.0)","Error 0x800704C9 occurs when you try to copy file to NFS share in Windows 8","http://support.microsoft.com/kb/3093803","3093803 (v1.0)","Error 0x800704C9 occurs when you try to copy file to NFS share in Windows 8","http://support.microsoft.com/kb/3093803","rKB","No Rollup"
"nfsrdr.sys","Net_NFS_Client","6.2.9200.21616","1","09.09.2015","LDRGDR","3093803 (v1.0)","Error 0x800704C9 occurs when you try to copy file to NFS share in Windows 8","http://support.microsoft.com/kb/3093803","3025097 (v1.0)","""Invalid device"" error when you try to rename a file on a Network File System client that is running Windows 8, Windows 8.1, Windows Server 2012, or Windows Server 2012 R","http://support.microsoft.com/kb/3025097","rKB","No Rollup"
"psxdll.dll","Net_Posix","6.2.9200.21435","1","02.04.2015","LDR","3042826 (v1.0)","POSIX subsystem crashes when you try to create a Telnet session in Windows","http://support.microsoft.com/kb/3042826","3042826 (v1.0)","POSIX subsystem crashes when you try to create a Telnet session in Windows","http://support.microsoft.com/kb/3042826","rKB","No Rollup"
"psxdllsvr.dll","Net_Posix","6.2.9200.21435","1","02.04.2015","LDR","3042826 (v1.0)","POSIX subsystem crashes when you try to create a Telnet session in Windows","http://support.microsoft.com/kb/3042826","3042826 (v1.0)","POSIX subsystem crashes when you try to create a Telnet session in Windows","http://support.microsoft.com/kb/3042826","rKB","No Rollup"
"psxss.exe","Net_Posix","6.2.9200.21439","1","02.04.2015","LDR","3042826 (v1.0)","POSIX subsystem crashes when you try to create a Telnet session in Windows","http://support.microsoft.com/kb/3042826","3042826 (v1.0)","POSIX subsystem crashes when you try to create a Telnet session in Windows","http://support.microsoft.com/kb/3042826","rKB","No Rollup"
"posix.exe","Net_Posix","6.2.9200.16384","1","02.04.2015","LDR","3042826 (v1.0)","POSIX subsystem crashes when you try to create a Telnet session in Windows","http://support.microsoft.com/kb/3042826","3042826 (v1.0)","POSIX subsystem crashes when you try to create a Telnet session in Windows","http://support.microsoft.com/kb/3042826","rKB","No Rollup"
"dnsapi.dll","Net_DNS_Client","6.2.9200.22482","1","8-Jun-18","LDR","4550960","April 21, 2020-KB4550960 (Preview of Monthly Rollup)","http://support.microsoft.com/kb/4550960","No LDR Only available","No LDR Only available","No LDR Only available","rEX","20-04Rollup"
"dnsrslvr.dll","Net_DNS_Client","6.2.9200.22482","1","8-Jun-18","LDR","4550960","April 21, 2020-KB4550960 (Preview of Monthly Rollup)","http://support.microsoft.com/kb/4550960","No LDR Only available","No LDR Only available","No LDR Only available","rEX","20-04Rollup"
"rpchttp.dll","Net_RPC","6.2.9200.21219","1","15.09.2014","LDR","2995387 (v1.2)","October 2014 update rollup for Windows RT, Windows 8, and Windows Server 2012","http://support.microsoft.com/kb/2995387","No LDR Only available","No LDR Only available","No LDR Only available","rKB","No Rollup"
"Rpcrt4.dll","Net_RPC","6.2.9200.22904","1","17-Oct-19","LDR","4550960","April 21, 2020-KB4550960 (Preview of Monthly Rollup)","http://support.microsoft.com/kb/4550960","No LDR Only available","No LDR Only available","No LDR Only available","rEX","20-04Rollup"
"Bfe.dll","Net_Ipsec_BFE","6.2.9200.22376","1","24-Feb-18","LDR","4550960","April 21, 2020-KB4550960 (Preview of Monthly Rollup)","http://support.microsoft.com/kb/4550960","No LDR Only available","No LDR Only available","No LDR Only available","rEX","20-04Rollup"
"Ikeext.dll","Net_Ipsec_BFE","6.2.9200.22376","1","24-Feb-18","LDR","4550960","April 21, 2020-KB4550960 (Preview of Monthly Rollup)","http://support.microsoft.com/kb/4550960","No LDR Only available","No LDR Only available","No LDR Only available","rEX","20-04Rollup"
"Fwpuclnt.dll","Net_Ipsec_BFE","6.2.9200.22376","1","24-Feb-18","LDR","4550960","April 21, 2020-KB4550960 (Preview of Monthly Rollup)","http://support.microsoft.com/kb/4550960","No LDR Only available","No LDR Only available","No LDR Only available","rEX","20-04Rollup"
"Iphlpsvc.dll","Net_DirectAccess_Client","6.2.9200.22898","1","4-Oct-19","LDR","4550960","April 21, 2020-KB4550960 (Preview of Monthly Rollup)","http://support.microsoft.com/kb/4550960","No LDR Only available","No LDR Only available","No LDR Only available","rEX","20-04Rollup"
"Iphlpsvcmigplugin.dll","Net_DirectAccess_Client","6.2.9200.16384","1","26-Jul-12","LDR","4550960","April 21, 2020-KB4550960 (Preview of Monthly Rollup)","http://support.microsoft.com/kb/4550960","No LDR Only available","No LDR Only available","No LDR Only available","rEX","20-04Rollup"
"daotpcredentialprovider.dll","Net_DirectAccess_Client","6.2.9200.20732","1","31.05.2013","LDR","2855269 (v1.0)","Error message when you use an account that contains a special character in its DN to connect to a Windows Server 2012-based Direct Access server","http://support.microsoft.com/kb/2855269","2855269 (v1.0)","Error message when you use an account that contains a special character in its DN to connect to a Windows Server 2012-based Direct Access server","http://support.microsoft.com/kb/2855269","rKB","No Rollup"
"Rdpcore.dll","Net_DirectAccess_Client","6.2.9200.22977","1","20-Jan-20","4550917","April 14, 2020-KB4550917 (Monthly Rollup)","http://support.microsoft.com/kb/4550917","No LDR Only available","No LDR Only available","No LDR Only available","rEX","20-04Rollup",""
"rastls.dll","Net_IEEE802.1x","6.2.9200.21219","1","04.09.2014","LDRGDR","2977292 (v1.0)","Microsoft security advisory: Update for Microsoft EAP implementation that enables the use of TLS: October 14, 2014","http://support.microsoft.com/kb/2977292","No LDR Only available","No LDR Only available","No LDR Only available","rKB","No Rollup"
"wlansvc.dll","Net_WLAN_Client","6.2.9200.22802","1","25-Jun-19","LDR","4550960","April 21, 2020-KB4550960 (Preview of Monthly Rollup)","http://support.microsoft.com/kb/4550960","No LDR Only available","No LDR Only available","No LDR Only available","rEX","20-04Rollup"
"wlanmsm.dll","Net_WLAN_Client","6.2.9200.22802","1","25-Jun-19","LDR","4550960","April 21, 2020-KB4550960 (Preview of Monthly Rollup)","http://support.microsoft.com/kb/4550960","No LDR Only available","No LDR Only available","No LDR Only available","rEX","20-04Rollup"
"wlanapi.dll","Net_WLAN_Client","6.2.9200.22802","1","25-Jun-19","LDR","4550960","April 21, 2020-KB4550960 (Preview of Monthly Rollup)","http://support.microsoft.com/kb/4550960","No LDR Only available","No LDR Only available","No LDR Only available","rEX","20-04Rollup"
"wlansec.dll","Net_WLAN_Client","6.2.9200.22802","1","25-Jun-19","LDR","4550960","April 21, 2020-KB4550960 (Preview of Monthly Rollup)","http://support.microsoft.com/kb/4550960","No LDR Only available","No LDR Only available","No LDR Only available","rEX","20-04Rollup"
"wlanhlp.dll","Net_WLAN_Client","6.2.9200.20555","1","6-Nov-12","4550917","April 14, 2020-KB4550917 (Monthly Rollup)","http://support.microsoft.com/kb/4550917","No LDR Only available","No LDR Only available","No LDR Only available","rEX","20-04Rollup",""
"netcfgx.dll","Net_Config","6.2.9200.21745","1","13.01.2016","LDRGDR","3055343 (v5.0)","Stop error code 0xD1, 0x139, or 0x3B and cluster nodes go down in Windows Server 2012 R2 or Windows Server 2012","http://support.microsoft.com/kb/3055343","3021052 (v1.0)","Monitor that uses the WMI service stops working for the cluster service in Windows Server 201","http://support.microsoft.com/kb/3021052","rEX","No Rollup"
"webio.dll","Net_BranchCache","6.2.9200.21797","1","08.03.2016","LDR","3140245 (v1.0)","A new registry key enables TLS 1.1 and TLS 1.2 to default secure protocols in WinHTTP in Windows","http://support.microsoft.com/kb/3140245","3140245 (v1.0)","A new registry key enables TLS 1.1 and TLS 1.2 to default secure protocols in WinHTTP in Windows","http://support.microsoft.com/kb/3140245","rEX","No Rollup"
"Mpsdrv.sys","Net_Firewall","6.2.9200.22544","1","10-Aug-18","LDR","4550960","April 21, 2020-KB4550960 (Preview of Monthly Rollup)","http://support.microsoft.com/kb/4550960","No LDR Only available","No LDR Only available","No LDR Only available","rEX","20-04Rollup"
"MpsSvc.dll","Net_Firewall","6.2.9200.22376","1","24-Feb-18","LDR","4550960","April 21, 2020-KB4550960 (Preview of Monthly Rollup)","http://support.microsoft.com/kb/4550960","No LDR Only available","No LDR Only available","No LDR Only available","rEX","20-04Rollup"
"Vmswitch.sys","Hyper-V_Net","6.2.9200.22903","1","11-Oct-19","LDR","4550960","April 21, 2020-KB4550960 (Preview of Monthly Rollup)","http://support.microsoft.com/kb/4550960","No LDR Only available","No LDR Only available","No LDR Only available","rEX","20-04Rollup"
"mslbfoprovider.sys","Hyper-V_Net","6.2.9200.20764","1","03.08.2013","LDRGDR","2862768 (v1.3)","Windows RT, Windows 8, and Windows Server 2012 update rollup: August 2013","http://support.microsoft.com/kb/2862768","No LDR Only available","No LDR Only available","No LDR Only available","rEX","13-08Rollup"
"wnv.sys","Hyper-V_Net","6.2.9200.20555","1","09.11.2012","LDRGDR","2779768 (v1.1)","Windows 8 and Windows Server 2012 cumulative update: December 2012","http://support.microsoft.com/kb/2779768","No LDR Only available","No LDR Only available","No LDR Only available","rKB","No Rollup"
"Vmsntfy.dll","Hyper-V_Net","6.2.9200.22108","1","17-Mar-17","LDR","4550960","April 21, 2020-KB4550960 (Preview of Monthly Rollup)","http://support.microsoft.com/kb/4550960","No LDR Only available","No LDR Only available","No LDR Only available","rEX","20-04Rollup"
"ndisimplatform.sys","Hyper-V_Net","6.2.9200.21252","1","08.10.2014","LDR","2996205 (v1.0)","ifAdminStatus variable of 0 in NIC Teaming interface in Windows Server 2012 or Windows Server 2012 R","http://support.microsoft.com/kb/2996205","2996205 (v1.0)","ifAdminStatus variable of 0 in NIC Teaming interface in Windows Server 2012 or Windows Server 2012 R","http://support.microsoft.com/kb/2996205","rKB","No Rollup"
"Vmms.exe","Hyper-V_Net","6.2.9200.22918","1","1-Nov-19","LDR","4550960","April 21, 2020-KB4550960 (Preview of Monthly Rollup)","http://support.microsoft.com/kb/4550960","No LDR Only available","No LDR Only available","No LDR Only available","rEX","20-04Rollup"
"winnat.sys","Hyper-V_Net","6.2.9200.20762","1","13.08.2013","LDRGDR","2849568 (v1.1)","MS13-064: Vulnerability in the Windows NAT driver could allow denial of service: August 13, 2013","http://support.microsoft.com/kb/2849568","2845152 (v2.0)","DirectAccess server cannot ping a DNS server or a domain controller when a DirectAccess client is pinging the same server in Windows Server 2012","http://support.microsoft.com/kb/2845152","rKB","No Rollup"
"4540726","Win2012_20_03_SSU_KB","KBOnlyVersion","0","10-Mar-2020","GDR","4540726","Servicing stack update for Windows Server 2012: March 10, 2020","http://support.microsoft.com/kb/4540726","KB only","KB only","KB only"," ","No Rollup"
"2756872","Win2012_12_10_rollup_KB"," ","0","23.09.2012","GDR","2756872 (v1.0)","Windows 8 Client and Windows Server 2012 General Availability Update Rollup","http://support.microsoft.com/kb/2756872","KB only","KB only","KB Only"," ","12-10Rollup"
"2770917","Win2012_12_11_rollup_KB"," ","0","14.10.2012","GDR","2770917 (v1.0)","Windows 8 and Windows Server 2012 update rollup: November 2012","http://support.microsoft.com/kb/2770917","KB only","KB only","KB Only"," ","12-11Rollup"
"2779768","Win2012_12_12_rollup_KB"," ","0","09.11.2012","GDR","2779768 (v1.1)","Windows 8 and Windows Server 2012 update rollup: December 2012","http://support.microsoft.com/kb/2779768","KB only","KB only","KB Only"," ","12-12Rollup"
"2785094","Win2012_13_01_rollup_KB"," ","0","29.11.2012","GDR","2785094 (v1.2)","Windows 8 and Windows Server 2012 update rollup: January 2013","http://support.microsoft.com/kb/2785094","KB only","KB only","KB Only"," ","13-01Rollup"
"2795944","Win2012_13_02_rollup_KB"," ","0","11.01.2013","GDR","2795944 (v1.1)","Windows 8 and Windows Server 2012 update rollup: February 2013","http://support.microsoft.com/kb/2795944","KB only","KB only","KB Only"," ","13-02Rollup"
"2811660","Win2012_13_03_rollup_KB"," ","0","04.02.2013","GDR","2811660 (v1.0)","Windows 8 and Windows Server 2012 update rollup: March 2013","http://support.microsoft.com/kb/2811660","KB only","KB only","KB Only"," ","13-03Rollup"
"2822241","Win2012_13_04_rollup_KB"," ","0","05.03.2013","GDR","2822241 (v1.0)","Windows 8 and Windows Server 2012 update rollup: April 2013","http://support.microsoft.com/kb/2822241","KB only","KB only","KB Only"," ","13-04Rollup"
"2836988","Win2012_13_05_rollup_KB"," ","0","11.04.2013","GDR","2836988 (v1.0)","Windows 8 and Windows Server 2012 update rollup: May 2013","http://support.microsoft.com/kb/2836988","KB only","KB only","KB Only"," ","13-05Rollup"
"2845533","Win2012_13_06_rollup_KB"," ","0","07.05.2013","GDR","2845533 (v1.2)","Windows RT, Windows 8, and Windows Server 2012 update rollup: June 2013","http://support.microsoft.com/kb/2845533","KB only","KB only","KB Only"," ","13-06Rollup"
"2855336","Win2012_13_07_rollup_KB"," ","0","02.06.2013","GDR","2855336 (v1.0)","Windows RT, Windows 8, and Windows Server 2012 update rollup: July 2013","http://support.microsoft.com/kb/2855336","KB only","KB only","KB Only"," ","13-07Rollup"
"2862768","Win2012_13_08_rollup_KB"," ","0","02.07.2013","GDR","2862768 (v1.0)","Windows RT, Windows 8, and Windows Server 2012 update rollup: August 2013","http://support.microsoft.com/kb/2862768","KB only","KB only","KB Only"," ","13-08Rollup"
"2876415","Win2012_13_09_rollup_KB"," ","0","02.08.2013","GDR","2876415 (v1.0)","Windows RT, Windows 8, and Windows Server 2012 update rollup: September 2013","http://support.microsoft.com/kb/2876415","KB only","KB only","KB Only"," ","13-09Rollup"
"2883201","Win2012_13_10_rollup_KB"," ","0","02.09.2013","GDR","2883201 (v1.0)","Windows RT, Windows 8, and Windows Server 2012 update rollup: October 2013","http://support.microsoft.com/kb/2883201","KB only","KB only","KB Only"," ","13-10Rollup"
"2889784","Win2012_13_11_rollup_KB"," ","0","02.10.2013","GDR","2889784 (v1.0)","Windows RT, Windows 8, and Windows Server 2012 update rollup: November 2013","http://support.microsoft.com/kb/2889784","KB only","KB only","KB Only"," ","13-11Rollup"
"2903938","Win2012_13_12_rollup_KB"," ","0","02.11.2013","GDR","2903938 (v1.0)","Windows RT, Windows 8, and Windows Server 2012 update rollup: December 2013","http://support.microsoft.com/kb/2903938","KB only","KB only","KB Only"," ","13-12Rollup"
"2911101","Win2012_14_01_rollup_KB"," ","0","02.12.2013","GDR","2911101 (v1.0)","Windows RT, Windows 8, and Windows Server 2012 update rollup: January 2014","http://support.microsoft.com/kb/2911101","KB only","KB only","KB Only"," ","14-01Rollup"
"2919393","Win2012_14_02_rollup_KB"," ","0","02.01.2014","GDR","2919393 (v1.0)","Windows RT, Windows 8, and Windows Server 2012 update rollup: February 2014","http://support.microsoft.com/kb/2919393","KB only","KB only","KB Only"," ","14-02Rollup"
"2928678","Win2012_14_03_rollup_KB"," ","0","02.02.2014","GDR","2928678 (v1.0)","Windows RT, Windows 8, and Windows Server 2012 update rollup: March 2014","http://support.microsoft.com/kb/2928678","KB only","KB only","KB Only"," ","14-03Rollup"
"2934016","Win2012_14_04_rollup_KB"," ","0","02.03.2014","GDR","2934016 (v1.0)","Windows RT, Windows 8, and Windows Server 2012 update rollup: April 2014","http://support.microsoft.com/kb/2934016","KB only","KB only","KB Only"," ","14-04Rollup"
"2955163","Win2012_14_05_rollup_KB"," ","0","02.04.2014","GDR","2955163 (v1.0)","Windows RT, Windows 8, and Windows Server 2012 update rollup: May 2014","http://support.microsoft.com/kb/2955163","KB only","KB only","KB Only"," ","14-05Rollup"
"2962407","Win2012_14_06_rollup_KB"," ","0","02.05.2014","GDR","2962407 (v1.0)","Windows RT, Windows 8, and Windows Server 2012 update rollup: June 2014","http://support.microsoft.com/kb/2962407","KB only","KB only","KB Only"," ","14-06Rollup"
"2967916","Win2012_14_07_rollup_KB"," ","0","02.06.2014","GDR","2967916 (v1.0)","July 2014 update rollup for Windows RT, Windows 8, and Windows Server 2012","http://support.microsoft.com/kb/2967916","KB only","KB only","KB Only"," ","14-07Rollup"
"2975331","Win2012_14_08_rollup_KB"," ","0","12.08.2014","GDR","2975331 (v1.0)","August 2014 update rollup for Windows RT, Windows 8, and Windows Server 2012","http://support.microsoft.com/kb/2975331","KB only","KB only","KB Only"," ","14-08Rollup"
"2984005","Win2012_14_09_rollup_KB"," ","0","10.09.2014","GDR","2984005 (v2.0)","September 2014 update rollup for Windows RT, Windows 8, and Windows Server 2012","http://support.microsoft.com/kb/2984005","KB only","KB only","KB Only"," ","14-09Rollup"
"2995387","Win2012_14_10_rollup_KB"," ","0","15.10.2014","GDR","2995387 (v2.0)","October 2014 update rollup for Windows RT, Windows 8, and Windows Server 2012","http://support.microsoft.com/kb/2995387","KB only","KB only","KB Only"," ","14-10Rollup"
"3000853","Win2012_14_11_rollup_KB"," ","0","15.11.2014","GDR","3000853 (v2.0)","November 2014 update rollup for Windows RT, Windows 8, and Windows Server 2012","http://support.microsoft.com/kb/3000853","KB only","KB only","KB Only"," ","14-11Rollup"
"3013767","Win2012_14_12_rollup_KB"," ","0","10.12.2014","GDR","3013767 (v2.0)","December 2014 update rollup for Windows RT, Windows 8, and Windows Server 2012","http://support.microsoft.com/kb/3013767","KB only","KB only","KB Only"," ","14-12Rollup"
"3156416","Win2012_16_05_rollup_KB"," ","0","17.05.2016","GDR","3156416 (v1.0)","May 2016 update rollup for Windows Server 2012","http://support.microsoft.com/kb/3156416","KB only","KB only","KB Only"," ","16-05Rollup"
"3161609","Win2012_16_06_rollup_KB"," ","0","21.06.2016","GDR","3161609 (v1.0)","June 2016 update rollup for Windows Server 2012","http://support.microsoft.com/kb/3161609","KB only","KB only","KB Only"," ","16-06Rollup"
"3172615","Win2012_16_07_rollup_KB"," ","0","19.07.2016","GDR","3172615 (v1.0)","July 2016 update rollup for Windows Server 2012","http://support.microsoft.com/kb/3172615","KB only","KB only","KB Only"," ","16-07Rollup"
"3179575","Win2012_16_08_rollup_KB"," ","0","16.08.2016","GDR","3179575 (v1.0)","August 2016 update rollup for Windows Server 2012","http://support.microsoft.com/kb/3179575","KB only","KB only","KB Only"," ","16-08Rollup"
"4550960","Win2012_20-04_C_rollup_KB"," ","0","21-Apr-2020","GDR","4550960 (v1.0)","April 21, 2020-KB4550960 (Preview of Monthly Rollup)","http://support.microsoft.com/kb/4550960","KB only","KB only","KB only"," ","20-04Rollup"
