"Binary","Component","Version","Prio","Published","Branch","Article","Title","Link","LDROnlyKB","LDROnlyTitle","LDROnlyLink","Comment","RollupInfo"
"Ntoskrnl.exe","Core_Kernel","6.3.9600.19780","0","11-Jul-20","GDR","4577066","September 8, 2020-KB4577066 (Monthly Rollup)","http://support.microsoft.com/kb/4577066","No LDR Only available","No LDR Only available","No LDR Only available","rEX","20-09Rollup"
"crashdmp.sys","Core_Kernel","6.3.9600.17622","0","20.12.2014","GDR","3027113 (v1.0)","Can't save a dump file when the system crashes and the Round Robin MPIO policy is used in Windows Server 201","http://support.microsoft.com/kb/3027113","No LDR Only available","No LDR Only available","No LDR Only available","rKB","No Rollup"
"Ntdll.dll","Core_Kernel","6.3.9600.19697","0","11-Aug-20","GDR","4577066","September 8, 2020-KB4577066 (Monthly Rollup)","http://support.microsoft.com/kb/4577066","No LDR Only available","No LDR Only available","No LDR Only available","rEX","20-09Rollup"
"Hal.dll","Core_Kernel","6.3.9600.18969","0","9-Mar-18","LDR","4577066","September 8, 2020-KB4577066 (Monthly Rollup)","http://support.microsoft.com/kb/4577066","No LDR Only available","No LDR Only available","No LDR Only available","rEX","20-09Rollup"
"Fltmgr.sys","Core_Kernel","6.3.9600.19482","0","10-Sep-19","LDR","4577066","September 8, 2020-KB4577066 (Monthly Rollup)","http://support.microsoft.com/kb/4577066","No LDR Only available","No LDR Only available","No LDR Only available","rEX","20-09Rollup"
"win32k.sys","Core_Kernel","6.3.9600.19781","0","11-Aug-20","GDR","4577066","September 8, 2020-KB4577066 (Monthly Rollup)","http://support.microsoft.com/kb/4577066","No LDR Only available","No LDR Only available","No LDR Only available","rEX","20-09Rollup"
"Ntfs.sys","Core_FileSystem","6.3.9600.19664","0","4-Mar-20","GDR","4577066","September 8, 2020-KB4577066 (Monthly Rollup)","http://support.microsoft.com/kb/4577066","No LDR Only available","No LDR Only available","No LDR Only available","rEX","20-09Rollup"
"dedup.sys","Core_FileSystem","6.3.9600.19242","0","22-Dec-18","LDR","4577066","September 8, 2020-KB4577066 (Monthly Rollup)","http://support.microsoft.com/kb/4577066","No LDR Only available","No LDR Only available","No LDR Only available","rEX","20-09Rollup"
"Msiscsi.sys","Core_DiskSystem","6.3.9600.18968","0","9-Mar-18","LDR","4577066","September 8, 2020-KB4577066 (Monthly Rollup)","http://support.microsoft.com/kb/4577066","No LDR Only available","No LDR Only available","No LDR Only available","rEX","20-09Rollup"
"Iscsitgt.dll","Core_DiskSystem","6.3.9600.19749","0","9-Jun-20","LDR","4577066","September 8, 2020-KB4577066 (Monthly Rollup)","http://support.microsoft.com/kb/4577066","No LDR Only available","No LDR Only available","No LDR Only available","rEX","20-09Rollup"
"Storport.sys","Core_DiskSystem","6.3.9600.18833","0","5-Oct-17","GDR","4577066","September 8, 2020-KB4577066 (Monthly Rollup)","http://support.microsoft.com/kb/4577066","No LDR Only available","No LDR Only available","No LDR Only available","rEX","20-09Rollup"
"repdrvfs.dll","Core_WMI","6.3.9600.17475","0","29.10.2014","GDR","3173424 (v3.0)","Servicing stack update for Windows 8.1 and Windows Server 2012 R2: July 12, 2016","http://support.microsoft.com/kb/3173424","No LDR Only available","No LDR Only available","No LDR Only available","rEX","No Rollup"
"Mpio.sys","Core_MPIO","6.3.9600.19343","0","8-Apr-19","LDR","4577066","September 8, 2020-KB4577066 (Monthly Rollup)","http://support.microsoft.com/kb/4577066","No LDR Only available","No LDR Only available","No LDR Only available","rEX","20-09Rollup"
"Msdsm.sys","Core_MPIO","6.3.9600.18592","0","11-Feb-17","LDR","4577066","September 8, 2020-KB4577066 (Monthly Rollup)","http://support.microsoft.com/kb/4577066","No LDR Only available","No LDR Only available","No LDR Only available","rEX","20-09Rollup"
"vssapi.dll","Core_VSS","6.3.9600.17466","1","22.10.2014","GDR","2996928 (v1.1)","Backup task fails with a time-out error in Window","http://support.microsoft.com/kb/2996928","No LDR Only available","No LDR Only available","No LDR Only available","rEX","14-12Rollup"
"vsstrace.dll","Core_VSS","6.3.9600.17466","1","22.10.2014","GDR","2996928 (v1.1)","Backup task fails with a time-out error in Window","http://support.microsoft.com/kb/2996928","No LDR Only available","No LDR Only available","No LDR Only available","rEX","14-12Rollup"
"swprv.dll","Core_VSS","6.3.9600.17415","1","30.10.2014","GDR","3000850 (v1.7)","November 2014 update rollup for Windows RT 8.1, Windows 8.1, and Windows Server 2012 R","http://support.microsoft.com/kb/3000850","No LDR Only available","No LDR Only available","No LDR Only available"," ","14-11Rollup"
"spp.dll","Core_VSS","6.3.9600.17415","1","18.11.2014","GDR","3000850 (v1.8)","November 2014 update rollup for Windows RT 8.1, Windows 8.1, and Windows Server 2012 R","http://support.microsoft.com/kb/3000850","No LDR Only available","No LDR Only available","No LDR Only available"," ","14-11Rollup"
"wbengine.exe","Core_VSS","6.3.9600.19692","1","4-Apr-20","LDR","4577066","September 8, 2020-KB4577066 (Monthly Rollup)","http://support.microsoft.com/kb/4577066","No LDR Only available","No LDR Only available","No LDR Only available","rEX","20-09Rollup"
"blbsrv.dll","Core_VSS","6.3.9600.18192","1","10.01.2016","GDR","3134813 (v1.0)","Windows Server Backup may hit process freeze and backup operation fails in Windows Server 2012 R2","http://support.microsoft.com/kb/3134813","No LDR Only available","No LDR Only available","No LDR Only available","rEX","No Rollup"
"pci.sys","Core_Sys","6.3.9600.18939","1","10-Feb-18","LDR","4577066","September 8, 2020-KB4577066 (Monthly Rollup)","http://support.microsoft.com/kb/4577066","No LDR Only available","No LDR Only available","No LDR Only available","rEX","20-09Rollup"
"Advapi32.dll","Core_Apps","6.3.9600.18895","0","10-Feb-17","LDR","4577066","September 8, 2020-KB4577066 (Monthly Rollup)","http://support.microsoft.com/kb/4577066","No LDR Only available","No LDR Only available","No LDR Only available","rEX","20-09Rollup"
"Tzres.dll","Core_TimeZone","6.3.9600.16384","1","22-Aug-13","GDR","4577066","September 8, 2020-KB4577066 (Monthly Rollup)","http://support.microsoft.com/kb/4577066","No LDR Only available","No LDR Only available","No LDR Only available","rEX","20-09Rollup"
"Clussvc.exe","Cluster_Core","6.3.9600.19122","0","9-Aug-18","LDR","4577066","September 8, 2020-KB4577066 (Monthly Rollup)","http://support.microsoft.com/kb/4577066","No LDR Only available","No LDR Only available","No LDR Only available","rEX","20-09Rollup"
"ClusWMI.dll","Cluster_Core","6.3.9600.18523","0","22-Oct-16","LDR","4577066","September 8, 2020-KB4577066 (Monthly Rollup)","http://support.microsoft.com/kb/4577066","No LDR Only available","No LDR Only available","No LDR Only available","rEX","20-09Rollup"
"Rhs.exe","Cluster_Core","6.3.9600.18907","0","9-Jan-18","LDR","4577066","September 8, 2020-KB4577066 (Monthly Rollup)","http://support.microsoft.com/kb/4577066","No LDR Only available","No LDR Only available","No LDR Only available","rEX","20-09Rollup"
"Clusres.dll","Cluster_Core","6.3.9600.18907","0","9-Jan-18","LDR","4577066","September 8, 2020-KB4577066 (Monthly Rollup)","http://support.microsoft.com/kb/4577066","No LDR Only available","No LDR Only available","No LDR Only available","rEX","20-09Rollup"
"clusres2.dll","Cluster_Core","6.3.9600.17343","0","16.09.2014","GDR","2990852 (v4.0)","Performance and reliability enhancements for clustered environments in Windows 8.1 and Windows Server 2012 R2","http://support.microsoft.com/kb/2990852","No LDR Only available","No LDR Only available","No LDR Only available","rEX","14-11Rollup"
"netft.sys","Cluster_Core","6.3.9600.17396","0","18.11.2014","GDR","3000850 (v6.8)","Performance and reliability enhancements for clustered environments in Windows 8.1 and Windows Server 2012 R","http://support.microsoft.com/kb/3000850","No LDR Only available","No LDR Only available","No LDR Only available"," ","14-11Rollup"
"clusauthmgr.dll","Cluster_Core","6.3.9600.17396","0","18.11.2014","GDR","3000850 (v6.8)","Performance and reliability enhancements for clustered environments in Windows 8.1 and Windows Server 2012 R","http://support.microsoft.com/kb/3000850","No LDR Only available","No LDR Only available","No LDR Only available"," ","14-11Rollup"
"csvflt.sys","Cluster_CSV","6.3.9600.17669","0","29.01.2015","GDR","2970653 (v1.0)","A SQL Server that is running in a Hyper-V virtual machine takes a long time to restore a database to a dynamic VH","http://support.microsoft.com/kb/2970653","No LDR Only available","No LDR Only available","No LDR Only available","rKB","No Rollup"
"Csvfs.sys","Cluster_CSV","6.3.9600.18696","0","12-May-17","LDR","4577066","September 8, 2020-KB4577066 (Monthly Rollup)","http://support.microsoft.com/kb/4577066","No LDR Only available","No LDR Only available","No LDR Only available","rEX","20-09Rollup"
"Vhdmp.sys","Cluster_CSV","6.3.9600.19388","0","25-May-19","GDR","4577066","September 8, 2020-KB4577066 (Monthly Rollup)","http://support.microsoft.com/kb/4577066","No LDR Only available","No LDR Only available","No LDR Only available","rEX","20-09Rollup"
"Svhdxflt.sys","Cluster_CSV","6.3.9600.18185","0","30-Dec-15","LDR","4577066","September 8, 2020-KB4577066 (Monthly Rollup)","http://support.microsoft.com/kb/4577066","No LDR Only available","No LDR Only available","No LDR Only available","rEX","20-09Rollup"
"Clusdisk.sys","Cluster_Disk","6.3.9600.18228","0","4-Feb-16","LDR","4577066","September 8, 2020-KB4577066 (Monthly Rollup)","http://support.microsoft.com/kb/4577066","No LDR Only available","No LDR Only available","No LDR Only available","rEX","20-09Rollup"
"volsnap.sys","Cluster_Volsnap","6.3.9600.18265","0","14.03.2016","GDR","3145384 (v1.0)","MinDiffAreaFileSize registry value limit is increased from 3 GB to 50 GB in Windows 8.1 or Windows Server 2012 R2","http://support.microsoft.com/kb/3145384","No LDR Only available","No LDR Only available","No LDR Only available","rEX","No Rollup"
"cprepsrv.exe","Cluster_Validation","6.3.9600.18035","1","21.08.2015","GDR","3091057 (v1.0)","Cluster validation fails in the ""Validate Simultaneous Failover"" test in a Windows Server 2012 R2-based failover cluster","http://support.microsoft.com/kb/3091057","No LDR Only available","No LDR Only available","No LDR Only available","rEX","No Rollup"
"microsoft.failoverclusters.framework.dll","Cluster_Validation","6.3.9600.18569","1","06-Jan-2017","GDR","4577066","September 8, 2020-KB4577066 (Monthly Rollup)","http://support.microsoft.com/kb/4577066","No LDR Only available","No LDR Only available","No LDR Only available","rEX","20-09Rollup"
"Vmswitch.sys","Hyper-V_Net","6.3.9600.19537","1","11-Oct-19","LDR","4577066","September 8, 2020-KB4577066 (Monthly Rollup)","http://support.microsoft.com/kb/4577066","No LDR Only available","No LDR Only available","No LDR Only available","rEX","20-09Rollup"
"Mslbfoprovider.sys","Hyper-V_Net","6.3.9600.18406","1","09-Jul-2016","LDR","3179574","August 2016 update rollup for Windows RT 8.1, Windows 8.1, and Windows Server 2012 R2","http://support.microsoft.com/kb/3179574","No LDR Only available","No LDR Only available","No LDR Only available","rEX","16-08Rollup"
"wnv.sys","Hyper-V_Net","6.3.9600.17676","1","08.02.2015","GDR","3023869 (v4.0)","Crash on Windows 8.1 or Windows Server 2012 R2 when a WPF driver calls the FwpsConstructIpHeaderForTransportPacket0 function","http://support.microsoft.com/kb/3023869","No LDR Only available","No LDR Only available","No LDR Only available","rEX","No Rollup"
"Vmsntfy.dll","Hyper-V_Net","6.3.9600.17396","1","8-Oct-14","LDR","4577066","September 8, 2020-KB4577066 (Monthly Rollup)","http://support.microsoft.com/kb/4577066","No LDR Only available","No LDR Only available","No LDR Only available","rEX","20-09Rollup"
"ndisimplatform.sys","Hyper-V_Net","6.3.9600.18258","1","03.03.2016","GDR","3145432 (v1.0)","Cluster nodes or VMs go offline when they are using VMQ capable NICs on a Windows Server 2012 R2 host","http://support.microsoft.com/kb/3145432","No LDR Only available","No LDR Only available","No LDR Only available","rEX","No Rollup"
"Vmms.exe","Hyper-V_Net","6.3.9600.19558","1","1-Nov-19","LDR","4577066","September 8, 2020-KB4577066 (Monthly Rollup)","http://support.microsoft.com/kb/4577066","No LDR Only available","No LDR Only available","No LDR Only available","rEX","20-09Rollup"
"winnat.sys","Hyper-V_Net","6.3.9600.18226","1","02.02.2016","GDR","3139164 (v1.0)","Tracert command doesn't receive responses when you trace resources on Internet through Windows Server 2012 R2 HNV GW","http://support.microsoft.com/kb/3139164","No LDR Only available","No LDR Only available","No LDR Only available","rEX","No Rollup"
"pvhdparser.sys","Hyper-V_Net","6.3.9600.18575","1","12-Jan-17","LDR","4577066","September 8, 2020-KB4577066 (Monthly Rollup)","http://support.microsoft.com/kb/4577066","No LDR Only available","No LDR Only available","No LDR Only available","rEX","20-09Rollup"
"Vmbus.sys","Hyper-V_Net","6.3.9600.19456","1","21-Feb-18","GDR","4072650","Hyper-V integration components update for Windows virtual machines","http://support.microsoft.com/kb/4072650","No LDR Only available","No LDR Only available","No LDR Only available","rEX","No Rollup"
"Rasapi32.dll","HNV_Net","6.3.9600.19786","1","11-Aug-20","GDR","4577066","September 8, 2020-KB4577066 (Monthly Rollup)","http://support.microsoft.com/kb/4577066","No LDR Only available","No LDR Only available","No LDR Only available","rEX","20-09Rollup"
"Mprapi.dll","HNV_Net","6.3.9600.19786","1","11-Aug-20","GDR","4577066","September 8, 2020-KB4577066 (Monthly Rollup)","http://support.microsoft.com/kb/4577066","No LDR Only available","No LDR Only available","No LDR Only available","rEX","20-09Rollup"
"Vmwp.exe","Hyper-V_app","6.3.9600.19558","1","1-Nov-19","LDR","4577066","September 8, 2020-KB4577066 (Monthly Rollup)","http://support.microsoft.com/kb/4577066","No LDR Only available","No LDR Only available","No LDR Only available","rEX","20-09Rollup"
"Tcpip.sys","Net_Protocol","6.3.9600.19696","0","11-Apr-20","LDR","4577066","September 8, 2020-KB4577066 (Monthly Rollup)","http://support.microsoft.com/kb/4577066","No LDR Only available","No LDR Only available","No LDR Only available","rEX","20-09Rollup"
"Afd.sys","Net_Protocol","6.3.9600.19783","0","23-Jul-20","GDR","4577066","September 8, 2020-KB4577066 (Monthly Rollup)","http://support.microsoft.com/kb/4577066","No LDR Only available","No LDR Only available","No LDR Only available","rEX","20-09Rollup"
"Netio.sys","Net_Protocol","6.3.9600.19535","0","9-Oct-19","GDR","4577066","September 8, 2020-KB4577066 (Monthly Rollup)","http://support.microsoft.com/kb/4577066","No LDR Only available","No LDR Only available","No LDR Only available","rEX","20-09Rollup"
"Ndis.sys","Net_Protocol","6.3.9600.19635","0","16-Jan-20","GDR","4577066","September 8, 2020-KB4577066 (Monthly Rollup)","http://support.microsoft.com/kb/4577066","No LDR Only available","No LDR Only available","No LDR Only available","rEX","20-09Rollup"
"netiohlp.dll","Net_Protocol","6.3.9600.18202","0","19.01.2016","GDR","3123245 (v1.0)","Update improves port exhaustion identification in Windows Server 2012 R2","http://support.microsoft.com/kb/3123245","No LDR Only available","No LDR Only available","No LDR Only available","rEX","No Rollup"
"Tdx.sys","Net_Protocol","6.3.9600.18783","0","2-Aug-17","LDR","4577066","September 8, 2020-KB4577066 (Monthly Rollup)","http://support.microsoft.com/kb/4577066","No LDR Only available","No LDR Only available","No LDR Only available","rEX","20-09Rollup"
"srv.sys","Net_SMB_Server","6.3.9600.19719","0","10-May-20","LDR","4577066","September 8, 2020-KB4577066 (Monthly Rollup)","http://support.microsoft.com/kb/4577066","No LDR Only available","No LDR Only available","No LDR Only available","rEX","20-09Rollup"
"srv2.sys","Net_SMB_Server","6.3.9600.19309","0","21-Feb-19","LDR","4577066","September 8, 2020-KB4577066 (Monthly Rollup)","http://support.microsoft.com/kb/4577066","No LDR Only available","No LDR Only available","No LDR Only available","rEX","20-09Rollup"
"srvnet.sys","Net_SMB_Server","6.3.9600.19309","0","5-Jan-19","GDR","4577066","September 8, 2020-KB4577066 (Monthly Rollup)","http://support.microsoft.com/kb/4577066","No LDR Only available","No LDR Only available","No LDR Only available","rEX","20-09Rollup"
"Srvsvc.dll","Net_SMB_Server","6.3.9600.18817","0","7-Sep-17","LDR","4577066","September 8, 2020-KB4577066 (Monthly Rollup)","http://support.microsoft.com/kb/4577066","No LDR Only available","No LDR Only available","No LDR Only available","rEX","20-09Rollup"
"Mrxsmb.sys","Net_SMB_Client","6.3.9600.19481","0","6-Sep-19","GDR","4577066","September 8, 2020-KB4577066 (Monthly Rollup)","http://support.microsoft.com/kb/4577066","No LDR Only available","No LDR Only available","No LDR Only available","rEX","20-09Rollup"
"Mrxsmb10.sys","Net_SMB_Client","6.3.9600.19293","0","9-Feb-19","LDR","4577066","September 8, 2020-KB4577066 (Monthly Rollup)","http://support.microsoft.com/kb/4577066","No LDR Only available","No LDR Only available","No LDR Only available","rEX","20-09Rollup"
"Mrxsmb20.sys","Net_SMB_Client","6.3.9600.18625","0","1-Feb-17","GDR","4577066","September 8, 2020-KB4577066 (Monthly Rollup)","http://support.microsoft.com/kb/4577066","No LDR Only available","No LDR Only available","No LDR Only available","rEX","20-09Rollup"
"Rdbss.sys","Net_SMB_Client","6.3.9600.19481","0","6-Sep-19","GDR","4577066","September 8, 2020-KB4577066 (Monthly Rollup)","http://support.microsoft.com/kb/4577066","No LDR Only available","No LDR Only available","No LDR Only available","rEX","20-09Rollup"
"Netbt.sys","Net_SMB_Client","6.3.9600.19309","0","21-Feb-19","GDR","4577066","September 8, 2020-KB4577066 (Monthly Rollup)","http://support.microsoft.com/kb/4577066","No LDR Only available","No LDR Only available","No LDR Only available","rEX","20-09Rollup"
"mup.sys","Net_SMB_Client","6.3.9600.18298","0","06.04.2016","GDR","3172614","July 2016 update rollup for Windows RT 8.1, Windows 8.1, and Windows Server 2012 R2","http://support.microsoft.com/kb/3172614","No LDR Only available","No LDR Only available","No LDR Only available","rEX","16-07Rollup"
"wkssvc.dll","Net_SMB_Client","6.3.9600.17415","0","18.11.2014","GDR","3000850 (v1.8)","November 2014 update rollup for Windows RT 8.1, Windows 8.1, and Windows Server 2012 R","http://support.microsoft.com/kb/3000850","No LDR Only available","No LDR Only available","No LDR Only available"," ","14-11Rollup"
"4566425","Win2012R2_20_07_SSU_KB","KBOnlyVersion","0","14-Jul-2020","GDR","4566425","Servicing stack update for Windows 8.1, RT 8.1, and Server 2012 R2: July 14, 2020","http://support.microsoft.com/kb/4566425","KB only","KB only","KB only"," ","No Rollup"
"3123245","All_OS_2012R2_important_KB","KBOnlyVersion","0","14-Apr-2016","GDR","3123245 (v4.0)","Update improves port exhaustion identification in Windows Server 2012 R2","http://support.microsoft.com/kb/3123245","KB only","KB only","KB only"," ","No Rollup"
"2919355","Win2012R2_14_04_rollup_KB"," ","0","24.02.2014","GDR","2919355 (v1.14)","Windows RT 8.1, Windows 8.1, and Windows Server 2012 R2 Update: April 2014","http://support.microsoft.com/kb/2919355","KB only","KB only","KB Only"," ","14-04Rollup"
"3000850","Win2012R2_14_11_rollup_KB"," ","0","18.11.2014","GDR","3000850 (v2.0)","November 2014 update rollup for Windows RT 8.1, Windows 8.1, and Windows Server 2012 R2","http://support.microsoft.com/kb/3000850","KB only","KB only","KB Only"," ","14-11Rollup"
"3013769","Win2012R2_14_12_rollup_KB"," ","0","10.12.2014","GDR","3013769 (v2.0)","December 2014 update rollup for Windows RT 8.1, Windows 8.1, and Windows Server 2012 R2","http://support.microsoft.com/kb/3013769","KB only","KB only","KB Only"," ","14-12Rollup"
"3172614","Win2012R2_16_07_rollup_KB"," ","0","19.07.2016","GDR","3172614 (v1.0)","July 2016 update rollup for Windows RT 8.1, Windows 8.1, and Windows Server 2012 R2","http://support.microsoft.com/kb/3172614","KB only","KB only","KB Only"," ","16-07Rollup"
"3179574","Win2012R2_16_08_rollup_KB"," ","0","16.08.2016","GDR","3179574 (v1.0)","August 2016 update rollup for Windows RT 8.1, Windows 8.1, and Windows Server 2012 R2","http://support.microsoft.com/kb/3179574","KB only","KB only","KB Only"," ","16-08Rollup"
"4577066","Win2012R2_20-09_B_rollup_KB"," ","0","08-Sep-2020","GDR","4577066 (v1.0)","September 8, 2020-KB4577066 (Monthly Rollup)","http://support.microsoft.com/kb/4577066","KB only","KB only","KB only"," ","20-09Rollup"
