"Binary","Component","Version","Prio","Published","Branch","Article","Title","Link","LDROnlyKB","LDROnlyTitle","LDROnlyLink","Comment","RollupInfo"
"Ntoskrnl.exe","Core_Kernel","6.1.7601.24548","0","5-Feb-20","LDR","4540688","March 10, 2020-KB4540688 (Monthly Rollup)","http://support.microsoft.com/kb/4540688","No LDR Only available","No LDR Only available","No LDR Only available","rEX","20-03Rollup"
"ntkrnlpa.exe","Core_Kernel","6.1.7601.24548","0","5-Feb-20","LDR","4540688","March 10, 2020-KB4540688 (Monthly Rollup)","http://support.microsoft.com/kb/4540688","No LDR Only available","No LDR Only available","No LDR Only available","rEX","20-03Rollup"
"crashdmp.sys","Core_Kernel","6.1.7601.22277","0","12.03.2013","LDRGDR","2826910 (v1.0)","Secondary dump data is limited to 256 MB in Windows 7 and Windows Server 2008 R2","http://support.microsoft.com/kb/2826910","No LDR Only available","No LDR Only available","No LDR Only available"," ","16-04Rollup"
"Ntfs.sys","Core_FileSystem","6.1.7601.24549","0","13-Feb-20","LDR","4540688","March 10, 2020-KB4540688 (Monthly Rollup)","http://support.microsoft.com/kb/4540688","No LDR Only available","No LDR Only available","No LDR Only available","rEX","20-03Rollup"
"robocopy.exe","Net_Applications","6.1.7601.22012","1","07.06.2012","LDR","2639043 (v5.0)","A robocopy command updates DACLs incorrectly in Windows 7 or in Windows Server 2008 R2","http://support.microsoft.com/kb/2639043","2639043 (v5.0)","A robocopy command updates DACLs incorrectly in Windows 7 or in Windows Server 2008 R2","http://support.microsoft.com/kb/2639043"," ","16-04Rollup"
"srv.sys","Net_SMB_Server","6.1.7601.24548","0","5-Feb-20","LDR","4540688","March 10, 2020-KB4540688 (Monthly Rollup)","http://support.microsoft.com/kb/4540688","No LDR Only available","No LDR Only available","No LDR Only available","rEX","20-03Rollup"
"srv2.sys","Net_SMB_Server","6.1.7601.24548","0","5-Feb-20","LDR","4540688","March 10, 2020-KB4540688 (Monthly Rollup)","http://support.microsoft.com/kb/4540688","No LDR Only available","No LDR Only available","No LDR Only available","rEX","20-03Rollup"
"srvnet.sys","Net_SMB_Server","6.1.7601.24548","0","5-Feb-20","LDR","4540688","March 10, 2020-KB4540688 (Monthly Rollup)","http://support.microsoft.com/kb/4540688","No LDR Only available","No LDR Only available","No LDR Only available","rEX","20-03Rollup"
"Srvsvc.dll","Net_SMB_Server","6.1.7601.24548","0","5-Feb-20","LDR","4540688","March 10, 2020-KB4540688 (Monthly Rollup)","http://support.microsoft.com/kb/4540688","No LDR Only available","No LDR Only available","No LDR Only available","rEX","20-03Rollup"
"Mrxsmb.sys","Net_SMB_Client","6.1.7601.24548","0","5-Feb-20","LDR","4540688","March 10, 2020-KB4540688 (Monthly Rollup)","http://support.microsoft.com/kb/4540688","No LDR Only available","No LDR Only available","No LDR Only available","rEX","20-03Rollup"
"Mrxsmb10.sys","Net_SMB_Client","6.1.7601.24548","0","5-Feb-20","LDR","4540688","March 10, 2020-KB4540688 (Monthly Rollup)","http://support.microsoft.com/kb/4540688","No LDR Only available","No LDR Only available","No LDR Only available","rEX","20-03Rollup"
"Mrxsmb20.sys","Net_SMB_Client","6.1.7601.24548","0","5-Feb-20","LDR","4540688","March 10, 2020-KB4540688 (Monthly Rollup)","http://support.microsoft.com/kb/4540688","No LDR Only available","No LDR Only available","No LDR Only available","rEX","20-03Rollup"
"Rdbss.sys","Net_SMB_Client","6.1.7601.24521","0","10-Sep-19","LDR","4540688","March 10, 2020-KB4540688 (Monthly Rollup)","http://support.microsoft.com/kb/4540688","No LDR Only available","No LDR Only available","No LDR Only available","rEX","20-03Rollup"
"Netbt.sys","Net_SMB_Client","6.1.7601.24394","0","21-Feb-19","LDR","4540688","March 10, 2020-KB4540688 (Monthly Rollup)","http://support.microsoft.com/kb/4540688","No LDR Only available","No LDR Only available","No LDR Only available","rEX","20-03Rollup"
"mup.sys","Net_SMB_Client","6.1.7601.23121","0","11.07.2015","LDR","3075623 (v1.0)","Configuring registry policy processing causes MUP to ignore Group Policy setting in Windows","http://support.microsoft.com/kb/3075623","3075623 (v1.0)","Configuring registry policy processing causes MUP to ignore Group Policy setting in Windows","http://support.microsoft.com/kb/3075623"," ","16-04Rollup"
"wkssvc.dll","Net_SMB_Client","6.1.7601.24136","0","25-Apr-18","LDR","4540688","March 10, 2020-KB4540688 (Monthly Rollup)","http://support.microsoft.com/kb/4540688","No LDR Only available","No LDR Only available","No LDR Only available","rEX","20-03Rollup"
"Tcpip.sys","Net_Protocol","6.1.7601.24498","0","13-Jul-19","LDR","4540688","March 10, 2020-KB4540688 (Monthly Rollup)","http://support.microsoft.com/kb/4540688","No LDR Only available","No LDR Only available","No LDR Only available","rEX","20-03Rollup"
"Afd.sys","Net_Protocol","6.1.7601.23761","0","4-Apr-17","LDR","4540688","March 10, 2020-KB4540688 (Monthly Rollup)","http://support.microsoft.com/kb/4540688","No LDR Only available","No LDR Only available","No LDR Only available","rEX","20-03Rollup"
"Netio.sys","Net_Protocol","6.1.7601.24498","0","13-Jul-19","LDR","4540688","March 10, 2020-KB4540688 (Monthly Rollup)","http://support.microsoft.com/kb/4540688","No LDR Only available","No LDR Only available","No LDR Only available","rEX","20-03Rollup"
"Ndis.sys","Net_Protocol","6.1.7601.24546","0","16-Jan-20","LDR","4540688","March 10, 2020-KB4540688 (Monthly Rollup)","http://support.microsoft.com/kb/4540688","No LDR Only available","No LDR Only available","No LDR Only available","rEX","20-03Rollup"
"netiohlp.dll","Net_Protocol","6.1.7601.22477","0","11.10.2013","LDR","2896146 (v1.0)","Packet loss occurs when MTU is below 576 and PMTU discovery is enabled on your Windows 7 SP1 or Windows Server 2008 R2 SP1","http://support.microsoft.com/kb/2896146","2896146 (v1.0)","Packet loss occurs when MTU is below 576 and PMTU discovery is enabled on your Windows 7 SP1 or Windows Server 2008 R2 SP1","http://support.microsoft.com/kb/2896146"," ","16-04Rollup"
"Tdx.sys","Net_Protocol","6.1.7601.23880","0","29-Jul-17","LDR","4540688","March 10, 2020-KB4540688 (Monthly Rollup)","http://support.microsoft.com/kb/4540688","No LDR Only available","No LDR Only available","No LDR Only available","rEX","20-03Rollup"
"tunnel.sys","Net_IPv6","6.1.7601.22214","1","11.01.2013","LDRGDR","2591271 (v2.0)","""0x0000007E"" Stop error when you restart a computer that is running Windows Server 2008 R2 or Windows 7","http://support.microsoft.com/kb/2591271","No LDR Only available","No LDR Only available","No LDR Only available"," ","16-04Rollup"
"Dhcpcore6.dll","Net_IPv6","6.1.7601.24498","1","13-Jul-19","LDR","4540688","March 10, 2020-KB4540688 (Monthly Rollup)","http://support.microsoft.com/kb/4540688","No LDR Only available","No LDR Only available","No LDR Only available","rEX","20-03Rollup"
"Dhcpcsvc6.dll","Net_IPv6","6.1.7601.24498","1","13-Jul-19","LDR","4540688","March 10, 2020-KB4540688 (Monthly Rollup)","http://support.microsoft.com/kb/4540688","No LDR Only available","No LDR Only available","No LDR Only available","rEX","20-03Rollup"
"Nlasvc.dll","Net_NLA","6.1.7601.24000","0","1-Jan-18","LDR","4540688","March 10, 2020-KB4540688 (Monthly Rollup)","http://support.microsoft.com/kb/4540688","No LDR Only available","No LDR Only available","No LDR Only available","rEX","20-03Rollup"
"Ncsi.dll","Net_NLA","6.1.7601.24000","0","1-Jan-18","LDR","4540688","March 10, 2020-KB4540688 (Monthly Rollup)","http://support.microsoft.com/kb/4540688","No LDR Only available","No LDR Only available","No LDR Only available","rEX","20-03Rollup"
"Nlaapi.dll","Net_NLA","6.1.7601.24000","0","1-Jan-18","LDR","4540688","March 10, 2020-KB4540688 (Monthly Rollup)","http://support.microsoft.com/kb/4540688","No LDR Only available","No LDR Only available","No LDR Only available","rEX","20-03Rollup"
"Msv1_0.dll","Dom_NTLM","6.1.7601.24548","1","5-Feb-20","LDR","4540688","March 10, 2020-KB4540688 (Monthly Rollup)","http://support.microsoft.com/kb/4540688","No LDR Only available","No LDR Only available","No LDR Only available","rEX","20-03Rollup"
"Dns.exe","Net_DNS_Srv","6.1.7601.24437","0","11-Apr-19","LDR","4540688","March 10, 2020-KB4540688 (Monthly Rollup)","http://support.microsoft.com/kb/4540688","No LDR Only available","No LDR Only available","No LDR Only available","rEX","20-03Rollup"
"Dhcpssvc.dll","Net_DHCP_Srv","6.1.7601.24498","0","13-Jul-19","LDR","4540688","March 10, 2020-KB4540688 (Monthly Rollup)","http://support.microsoft.com/kb/4540688","No LDR Only available","No LDR Only available","No LDR Only available","rEX","20-03Rollup"
"dfssvc.exe","Net_DFS-N_Srv","6.1.7601.22822","0","28.09.2014","LDR","2761922 (v3.0)","DFS namespace folders are deleted after you restart a Windows Server 2008 R2-based computer","http://support.microsoft.com/kb/2761922","2761922 (v3.0)","DFS namespace folders are deleted after you restart a Windows Server 2008 R2-based computer","http://support.microsoft.com/kb/2761922"," ","16-04Rollup"
"nfssvc.exe","Net_NFS_Srv","6.1.7601.22998","0","12.03.2015","LDR","3043762 (v1.0)","""The process cannot access the file"" error when you open files from NFS server in Windows Server 2008 R2 SP1","http://support.microsoft.com/kb/2870015","3043762 (v1.0)","""The process cannot access the file"" error when you open files from NFS server in Windows Server 2008 R2 SP1","http://support.microsoft.com/kb/3043762","rEX","16-04Rollup"
"nfssvr.sys","Net_NFS_Srv","6.1.7601.22998","0","12.03.2015","LDR","3043762 (v1.0)","""The process cannot access the file"" error when you open files from NFS server in Windows Server 2008 R2 SP1","http://support.microsoft.com/kb/2870015","3043762 (v1.0)","""The process cannot access the file"" error when you open files from NFS server in Windows Server 2008 R2 SP1","http://support.microsoft.com/kb/3043762","rEX","16-04Rollup"
"msnfsflt.sys","Net_NFS_Srv","6.1.7601.22998","0","12.03.2015","LDR","3043762 (v1.0)","""The process cannot access the file"" error when you open files from NFS server in Windows Server 2008 R2 SP1","http://support.microsoft.com/kb/3043762","3043762 (v1.0)","""The process cannot access the file"" error when you open files from NFS server in Windows Server 2008 R2 SP1","http://support.microsoft.com/kb/3043762","rEX","16-04Rollup"
"rpcxdr.sys","Net_NFS_Srv","6.1.7601.24452","0","24-Apr-19","LDR","4540688","March 10, 2020-KB4540688 (Monthly Rollup)","http://support.microsoft.com/kb/4540688","No LDR Only available","No LDR Only available","No LDR Only available","rEX","20-03Rollup"
"nlb.sys","Net_NLB_Srv","6.1.7601.22891","0","04.12.2014","LDR","3022332 (v1.0)","""Windows has detected an IP address conflict"" error in Windows Server 2012 R2 or Windows Server 2008 R2 NLB node","http://support.microsoft.com/kb/3022332","3022332 (v1.0)","""Windows has detected an IP address conflict"" error in Windows Server 2012 R2 or Windows Server 2008 R2 NLB node","http://support.microsoft.com/kb/3022332"," ","16-04Rollup"
"Csc.sys","Net_CSC_Offline","6.1.7601.24197","1","29-Jun-18","LDR","4540688","March 10, 2020-KB4540688 (Monthly Rollup)","http://support.microsoft.com/kb/4540688","No LDR Only available","No LDR Only available","No LDR Only available","rEX","20-03Rollup"
"Cscapi.dll","Net_CSC_Offline","6.1.7601.24197","1","29-Jun-18","LDR","4540688","March 10, 2020-KB4540688 (Monthly Rollup)","http://support.microsoft.com/kb/4540688","No LDR Only available","No LDR Only available","No LDR Only available","rEX","20-03Rollup"
"Cscdll.dll","Net_CSC_Offline","6.1.7601.24197","1","29-Jun-18","LDR","4540688","March 10, 2020-KB4540688 (Monthly Rollup)","http://support.microsoft.com/kb/4540688","No LDR Only available","No LDR Only available","No LDR Only available","rEX","20-03Rollup"
"Cscsvc.dll","Net_CSC_Offline","6.1.7601.24197","1","29-Jun-18","LDR","4540688","March 10, 2020-KB4540688 (Monthly Rollup)","http://support.microsoft.com/kb/4540688","No LDR Only available","No LDR Only available","No LDR Only available","rEX","20-03Rollup"
"Cscmig.dll","Net_CSC_Offline","6.1.7601.24197","1","29-Jun-18","LDR","4540688","March 10, 2020-KB4540688 (Monthly Rollup)","http://support.microsoft.com/kb/4540688","No LDR Only available","No LDR Only available","No LDR Only available","rEX","20-03Rollup"
"cscui.dll","Net_CSC_Offline","6.1.7601.22699","1","23.05.2014","LDR","2967567 (v1.0)","Cannot access DFS root when the DFS path is offline and you log on to a Windows-based computer for the first time","http://support.microsoft.com/kb/2967567","2967567 (v1.0)","Cannot access DFS root when the DFS path is offline and you log on to a Windows-based computer for the first time","http://support.microsoft.com/kb/2967567"," ","16-04Rollup"
"Mrxdav.sys","Net_WebDAV","6.1.7601.23542","1","8-Sep-16","LDR","4540688","March 10, 2020-KB4540688 (Monthly Rollup)","http://support.microsoft.com/kb/4540688","No LDR Only available","No LDR Only available","No LDR Only available","rEX","20-03Rollup"
"Webclnt.dll","Net_WebDAV","6.1.7601.23542","1","8-Sep-16","LDR","4540688","March 10, 2020-KB4540688 (Monthly Rollup)","http://support.microsoft.com/kb/4540688","No LDR Only available","No LDR Only available","No LDR Only available","rEX","20-03Rollup"
"Davclnt.dll","Net_WebDAV","6.1.7601.23542","1","8-Sep-16","LDR","4540688","March 10, 2020-KB4540688 (Monthly Rollup)","http://support.microsoft.com/kb/4540688","No LDR Only available","No LDR Only available","No LDR Only available","rEX","20-03Rollup"
"Shell32.dll","Net_WebDAV","6.1.7601.24468","1","25-May-19","LDR","4540688","March 10, 2020-KB4540688 (Monthly Rollup)","http://support.microsoft.com/kb/4540688","No LDR Only available","No LDR Only available","No LDR Only available","rEX","20-03Rollup"
"Winhttp.dll","Net_WebDAV","6.1.7601.24000","1","1-Jan-18","LDR","4540688","March 10, 2020-KB4540688 (Monthly Rollup)","http://support.microsoft.com/kb/4540688","No LDR Only available","No LDR Only available","No LDR Only available","rEX","20-03Rollup"
"Dfsc.sys","Net_DFS-N_Client","6.1.7601.24136","0","25-Apr-18","LDR","4540688","March 10, 2020-KB4540688 (Monthly Rollup)","http://support.microsoft.com/kb/4540688","No LDR Only available","No LDR Only available","No LDR Only available","rEX","20-03Rollup"
"Dhcpcore.dll","Net_DHCP_Client","6.1.7601.24498","1","13-Jul-19","LDR","4540688","March 10, 2020-KB4540688 (Monthly Rollup)","http://support.microsoft.com/kb/4540688","No LDR Only available","No LDR Only available","No LDR Only available","rEX","20-03Rollup"
"Dhcpcsvc.dll","Net_DHCP_Client","6.1.7601.24498","1","13-Jul-19","LDR","4540688","March 10, 2020-KB4540688 (Monthly Rollup)","http://support.microsoft.com/kb/4540688","No LDR Only available","No LDR Only available","No LDR Only available","rEX","20-03Rollup"
"gpprefcl.dll","Dom_GPP","6.1.7601.23452","1","12.05.2016","LDR","3159398 (v1.0)","MS16-072: Description of the security update for Group Policy: June 14, 2016","http://support.microsoft.com/kb/3159398","3159398 (v1.0)","MS16-072: Description of the security update for Group Policy: June 14, 2016","http://support.microsoft.com/kb/3159398","rEX","No Rollup"
"gpme.dll","Dom_GPP","6.1.7601.22605","1","19.02.2014","LDR","2928120 (v1.2)","MS14-025: Description of the security update for Group Policy Preferences for systems that have update 2919355 installed: May 13, 2014","http://support.microsoft.com/kb/2928120","No LDR Only available","No LDR Only available","No LDR Only available","rEX","16-04Rollup"
"gppref.dll","Dom_GPP","6.1.7601.22605","1","19.02.2014","LDRGDR","2928120 (v1.2)","MS14-025: Description of the security update for Group Policy Preferences for systems that have update 2919355 installed: May 13, 2014","http://support.microsoft.com/kb/2928120","2798787 (v1.0)","Name of Group Policy preferences for Internet Explorer are displayed incorrectly in Windows 7 or Windows Server 2008 R2","http://support.microsoft.com/kb/2798787","rEX","16-04Rollup"
"gpprefbr.dll","Dom_GPP","6.1.7601.22605","1","19.02.2014","LDR","2928120 (v1.2)","MS14-025: Description of the security update for Group Policy Preferences for systems that have update 2919355 installed: May 13, 2014","http://support.microsoft.com/kb/2928120","2928120 (v1.2)","MS14-025: Description of the security update for Group Policy Preferences for systems that have update 2919355 installed: May 13, 2014","http://support.microsoft.com/kb/2928120","rEX","16-04Rollup"
"gpprefcn.dll","Dom_GPP","6.1.7601.22605","1","19.02.2014","LDR","2928120 (v1.2)","MS14-025: Description of the security update for Group Policy Preferences for systems that have update 2919355 installed: May 13, 2014","http://support.microsoft.com/kb/2928120","2928120 (v1.2)","MS14-025: Description of the security update for Group Policy Preferences for systems that have update 2919355 installed: May 13, 2014","http://support.microsoft.com/kb/2928120","rEX","16-04Rollup"
"Gpregistrybrowser.dll","Dom_GPP","6.1.7601.23403","1","25-Mar-2016","LDR","3125574","Convenience roll-up update for Windows 7 SP1 and Windows Server 2008 R2 SP1","http://support.microsoft.com/kb/3125574","No LDR Only available","No LDR Only available","No LDR Only available","rEX","16-04Rollup"
"propshts.dll","Dom_GPP","6.1.7601.22605","1","19.02.2014","LDRGDR","2928120 (v1.2)","MS14-025: Description of the security update for Group Policy Preferences for systems that have update 2919355 installed: May 13, 2014","http://support.microsoft.com/kb/2928120","2798787 (v1.0)","Name of Group Policy preferences for Internet Explorer are displayed incorrectly in Windows 7 or Windows Server 2008 R2","http://support.microsoft.com/kb/2798787","rEX","16-04Rollup"
"Profprov.dll","Dom_ProfProc","6.1.7601.24548","1","5-Feb-20","LDR","4540688","March 10, 2020-KB4540688 (Monthly Rollup)","http://support.microsoft.com/kb/4540688","No LDR Only available","No LDR Only available","No LDR Only available","rEX","20-03Rollup"
"Profsvc.dll","Dom_ProfProc","6.1.7601.24549","1","13-Feb-20","LDR","4540688","March 10, 2020-KB4540688 (Monthly Rollup)","http://support.microsoft.com/kb/4540688","No LDR Only available","No LDR Only available","No LDR Only available","rEX","20-03Rollup"
"Kerberos.dll","Dom_KERBEROS","6.1.7601.24548","0","5-Feb-20","LDR","4540688","March 10, 2020-KB4540688 (Monthly Rollup)","http://support.microsoft.com/kb/4540688","No LDR Only available","No LDR Only available","No LDR Only available","rEX","20-03Rollup"
"nfsclnt.exe","Net_NFS_Client","6.1.7601.22684","1","14.05.2014","LDR","2956990 (v1.0)","NFS client can?t reconnect to NFS server in Windows 7 SP1 or Windows Server 2008 R2 SP1","http://support.microsoft.com/kb/2956990","2956990 (v1.0)","NFS client can?t reconnect to NFS server in Windows 7 SP1 or Windows Server 2008 R2 SP1","http://support.microsoft.com/kb/2956990"," ","16-04Rollup"
"nfsnp.dll","Net_NFS_Client","6.1.7601.22684","1","14.05.2014","LDR","2956990 (v1.0)","NFS client can?t reconnect to NFS server in Windows 7 SP1 or Windows Server 2008 R2 SP1","http://support.microsoft.com/kb/2956990","2956990 (v1.0)","NFS client can?t reconnect to NFS server in Windows 7 SP1 or Windows Server 2008 R2 SP1","http://support.microsoft.com/kb/2956990"," ","16-04Rollup"
"nfsrdr.sys","Net_NFS_Client","6.1.7601.22684","1","14.05.2014","LDR","2956990 (v1.0)","NFS client can?t reconnect to NFS server in Windows 7 SP1 or Windows Server 2008 R2 SP1","http://support.microsoft.com/kb/2956990","2956990 (v1.0)","NFS client can?t reconnect to NFS server in Windows 7 SP1 or Windows Server 2008 R2 SP1","http://support.microsoft.com/kb/2956990"," ","16-04Rollup"
"psxdll.dll","Net_Posix","6.1.7601.23015","1","03.04.2015","LDR","3042826 (v1.0)","POSIX subsystem crashes when you try to create a Telnet session in Windows","http://support.microsoft.com/kb/3042826","3042826 (v1.0)","POSIX subsystem crashes when you try to create a Telnet session in Windows","http://support.microsoft.com/kb/3042826"," ","16-04Rollup"
"psxdllsvr.dll","Net_Posix","6.1.7601.23015","1","03.04.2015","LDR","3042826 (v1.0)","POSIX subsystem crashes when you try to create a Telnet session in Windows","http://support.microsoft.com/kb/3042826","3042826 (v1.0)","POSIX subsystem crashes when you try to create a Telnet session in Windows","http://support.microsoft.com/kb/3042826"," ","16-04Rollup"
"psxss.exe","Net_Posix","6.1.7601.23015","1","03.04.2015","LDR","3042826 (v1.0)","POSIX subsystem crashes when you try to create a Telnet session in Windows","http://support.microsoft.com/kb/3042826","3042826 (v1.0)","POSIX subsystem crashes when you try to create a Telnet session in Windows","http://support.microsoft.com/kb/3042826"," ","16-04Rollup"
"posix.exe","Net_Posix","6.1.7601.23015","1","03.04.2015","LDR","3042826 (v1.0)","POSIX subsystem crashes when you try to create a Telnet session in Windows","http://support.microsoft.com/kb/3042826","3042826 (v1.0)","POSIX subsystem crashes when you try to create a Telnet session in Windows","http://support.microsoft.com/kb/3042826"," ","16-04Rollup"
"dnsapi.dll","Net_DNS_Client","6.1.7601.24168","1","8-Jun-18","LDR","4540688","March 10, 2020-KB4540688 (Monthly Rollup)","http://support.microsoft.com/kb/4540688","No LDR Only available","No LDR Only available","No LDR Only available","rEX","20-03Rollup"
"dnsrslvr.dll","Net_DNS_Client","6.1.7601.24168","1","8-Jun-18","LDR","4540688","March 10, 2020-KB4540688 (Monthly Rollup)","http://support.microsoft.com/kb/4540688","No LDR Only available","No LDR Only available","No LDR Only available","rEX","20-03Rollup"
"Dnscacheugc.exe","Net_DNS_Client","6.1.7601.24168","1","8-Jun-18","LDR","4540688","March 10, 2020-KB4540688 (Monthly Rollup)","http://support.microsoft.com/kb/4540688","No LDR Only available","No LDR Only available","No LDR Only available","rEX","20-03Rollup"
"Rpcss.dll","Net_RPC","6.1.7601.24537","1","15-Nov-19","LDR","4540688","March 10, 2020-KB4540688 (Monthly Rollup)","http://support.microsoft.com/kb/4540688","No LDR Only available","No LDR Only available","No LDR Only available","rEX","20-03Rollup"
"Rpchttp.dll","Net_RPC","6.1.7601.24549","1","13-Feb-20","LDR","4540688","March 10, 2020-KB4540688 (Monthly Rollup)","http://support.microsoft.com/kb/4540688","No LDR Only available","No LDR Only available","No LDR Only available","rEX","20-03Rollup"
"Rpcrt4.dll","Net_RPC","6.1.7601.24548","1","5-Feb-20","LDR","4540688","March 10, 2020-KB4540688 (Monthly Rollup)","http://support.microsoft.com/kb/4540688","No LDR Only available","No LDR Only available","No LDR Only available","rEX","20-03Rollup"
"Bfe.dll","Net_Ipsec_BFE","6.1.7601.24000","1","1-Jan-18","LDR","4540688","March 10, 2020-KB4540688 (Monthly Rollup)","http://support.microsoft.com/kb/4540688","No LDR Only available","No LDR Only available","No LDR Only available","rEX","20-03Rollup"
"Ikeext.dll","Net_Ipsec_BFE","6.1.7601.24000","1","1-Jan-18","LDR","4540688","March 10, 2020-KB4540688 (Monthly Rollup)","http://support.microsoft.com/kb/4540688","No LDR Only available","No LDR Only available","No LDR Only available","rEX","20-03Rollup"
"Fwpuclnt.dll","Net_Ipsec_BFE","6.1.7601.24000","1","1-Jan-18","LDR","4540688","March 10, 2020-KB4540688 (Monthly Rollup)","http://support.microsoft.com/kb/4540688","No LDR Only available","No LDR Only available","No LDR Only available","rEX","20-03Rollup"
"Iphlpsvc.dll","Net_DirectAccess_Client","6.1.7601.24535","1","5-Nov-19","LDR","4540688","March 10, 2020-KB4540688 (Monthly Rollup)","http://support.microsoft.com/kb/4540688","No LDR Only available","No LDR Only available","No LDR Only available","rEX","20-03Rollup"
"Iphlpsvcmigplugin.dll","Net_DirectAccess_Client","6.1.7601.24535","1","5-Nov-19","LDR","4540688","March 10, 2020-KB4540688 (Monthly Rollup)","http://support.microsoft.com/kb/4540688","No LDR Only available","No LDR Only available","No LDR Only available","rEX","20-03Rollup"
"Netcorehc.dll","Net_DirectAccess_Client","6.1.7601.24535","1","5-Nov-19","LDR","4540688","March 10, 2020-KB4540688 (Monthly Rollup)","http://support.microsoft.com/kb/4540688","No LDR Only available","No LDR Only available","No LDR Only available","rEX","20-03Rollup"
"daotpcredentialprovider.dll","Net_DirectAccess_Client","7.1.7601.22653","1","15.04.2014","LDR","2939489 (v2.0)","""HTTP 403"" or ""0x80040001"" error when you connect to a DirectAccess server from a DCA tool in Windows 7 SP1","http://support.microsoft.com/kb/2939489","2939489 (v2.0)","""HTTP 403"" or ""0x80040001"" error when you connect to a DirectAccess server from a DCA tool in Windows 7 SP1","http://support.microsoft.com/kb/2939489"," ","16-04Rollup"
"Rdpcore.dll","Net_DirectAccess_Client","6.1.7601.24548","1","5-Feb-20","LDR","4540688","March 10, 2020-KB4540688 (Monthly Rollup)","http://support.microsoft.com/kb/4540688","No LDR Only available","No LDR Only available","No LDR Only available","rEX","20-03Rollup"
"dot3svc.dll","Net_IEEE802.1x","6.1.7601.22137","1","13.08.2014","LDR","2775511 (v1.0)","An enterprise hotfix rollup is available for Windows 7 SP1 and Windows Server 2008 R2 SP1","http://support.microsoft.com/kb/2775511","2736878 (v1.0)","802.1X authentication fails after you connect a computer to a network in Windows 7 SP1 or Windows Server 2008 R2 SP1","http://support.microsoft.com/kb/2736878","rEX","16-04Rollup"
"rastls.dll","Net_IEEE802.1x","6.1.7601.22792","1","04.09.2014","LDRGDR","2977292 (v1.0)","Microsoft security advisory: Update for Microsoft EAP implementation that enables the use of TLS: October 14, 2014","http://support.microsoft.com/kb/2977292","2769121 (v1.0)","802.1X authentication fails on a Windows 7-based or Windows 2008 R2-based computer that has multiple certificates","http://support.microsoft.com/kb/2769121","rEX","16-04Rollup"
"wlansvc.dll","Net_WLAN_Client","6.1.7601.24495","1","28-Jun-19","LDR","4540688","March 10, 2020-KB4540688 (Monthly Rollup)","http://support.microsoft.com/kb/4540688","No LDR Only available","No LDR Only available","No LDR Only available","rEX","20-03Rollup"
"wlanmsm.dll","Net_WLAN_Client","6.1.7601.24495","1","28-Jun-19","LDR","4540688","March 10, 2020-KB4540688 (Monthly Rollup)","http://support.microsoft.com/kb/4540688","No LDR Only available","No LDR Only available","No LDR Only available","rEX","20-03Rollup"
"wlanapi.dll","Net_WLAN_Client","6.1.7601.24495","1","28-Jun-19","LDR","4540688","March 10, 2020-KB4540688 (Monthly Rollup)","http://support.microsoft.com/kb/4540688","No LDR Only available","No LDR Only available","No LDR Only available","rEX","20-03Rollup"
"wlansec.dll","Net_WLAN_Client","6.1.7601.24495","1","28-Jun-19","LDR","4540688","March 10, 2020-KB4540688 (Monthly Rollup)","http://support.microsoft.com/kb/4540688","No LDR Only available","No LDR Only available","No LDR Only available","rEX","20-03Rollup"
"wlanhlp.dll","Net_WLAN_Client","6.1.7601.24495","1","28-Jun-19","LDR","4540688","March 10, 2020-KB4540688 (Monthly Rollup)","http://support.microsoft.com/kb/4540688","No LDR Only available","No LDR Only available","No LDR Only available","rEX","20-03Rollup"
"netcfgx.dll","Net_Config","6.1.7601.22650","1","08.04.2014","LDRGDR","2846340 (v3.0)","Duplicate friendly names of network adapters are displayed in Windows 7, Windows 8, Windows Server 2008 R2, and Windows Server 2012","http://support.microsoft.com/kb/2846340","2928496 (v1.0)","Wmiprvse.exe freezes in Windows 7 or Windows Server 2008 R2","http://support.microsoft.com/kb/2928496"," ","16-04Rollup"
"rasapi32.dll","HNV_Net","6.1.7601.22276","1","11.03.2013","LDR","2826164 (v1.0)","The remote access connection status is connected after the connection times out in Windows 7 and Windows Server 2008 R2","http://support.microsoft.com/kb/2826164","2826164 (v1.0)","The remote access connection status is connected after the connection times out in Windows 7 and Windows Server 2008 R2","http://support.microsoft.com/kb/2826164"," ","16-04Rollup"
"webio.dll","Net_BranchCache","6.1.7601.23375","1","09.03.2016","LDR","3140245 (v1.0)","A new registry key enables TLS 1.1 and TLS 1.2 to default secure protocols in WinHTTP in Windows","http://support.microsoft.com/kb/3140245","3140245 (v1.0)","A new registry key enables TLS 1.1 and TLS 1.2 to default secure protocols in WinHTTP in Windows","http://support.microsoft.com/kb/3140245","rEX","16-04Rollup"
"smbhash.exe","Net_BranchCache","6.1.7601.21822","1","19.09.2011","LDR","2591402 (v1.0)","The BranchCache feature does not work for shared files that are opened in read/write mode in Windows 7 or in Windows Server 2008 R2","http://support.microsoft.com/kb/2591402","2591402 (v1.0)","The BranchCache feature does not work for shared files that are opened in read/write mode in Windows 7 or in Windows Server 2008 R2","http://support.microsoft.com/kb/2591402"," ","16-04Rollup"
"Mpsdrv.sys","Net_Firewall","6.1.7601.24231","1","10-Aug-18","LDR","4540688","March 10, 2020-KB4540688 (Monthly Rollup)","http://support.microsoft.com/kb/4540688","No LDR Only available","No LDR Only available","No LDR Only available","rEX","20-03Rollup"
"MpsSvc.dll","Net_Firewall","6.1.7601.24231","1","10-Aug-18","LDR","4540688","March 10, 2020-KB4540688 (Monthly Rollup)","http://support.microsoft.com/kb/4540688","No LDR Only available","No LDR Only available","No LDR Only available","rEX","20-03Rollup"
"qmgr.dll","Net_BiTS","7.5.7601.24549","1","13-Feb-20","LDR","4540688","March 10, 2020-KB4540688 (Monthly Rollup)","http://support.microsoft.com/kb/4540688","No LDR Only available","No LDR Only available","No LDR Only available","rEX","20-03Rollup"
"4537829","Win2008R2_20_02_SSU_KB"," ","0","11-Feb-2020","LDR","4537829","Servicing stack update for Windows 7 SP1 and Server 2008 R2 SP1: February 11, 2020","http://support.microsoft.com/kb/4537829","KB only","KB only","KB Only"," ","No Rollup"
"4538483","Win2008R2_20_02_ESU_KB"," ","0","11-Feb-2020","LDR","4538483","Extended Security Updates (ESU) Licensing Preparation Package for Windows 7 SP1 and Windows Server 2008 R2 SP1","http://support.microsoft.com/kb/4538483","KB only","KB only","KB Only"," ","No Rollup"
"3125574","Win2008R2_16_04B_rollup_KB"," ","0","07-May-2016","LDR","3125574 (v1.0)","Convenience roll-up update for Windows 7 SP1 and Windows Server 2008 R2 SP1","http://support.microsoft.com/kb/3125574","KB only","KB only","KB Only"," ","No Rollup"
"4540688","Win2008R2_20-03_B_rollup_KB"," ","0","10-Mar-2020","GDR","4540688 (v1.0)","March 10, 2020-KB4540688 (Monthly Rollup)","http://support.microsoft.com/kb/4540688","KB only","KB only","KB only"," ","20-03Rollup"
