"Binary","Component","Version","Prio","Published","Branch","Article","Title","Link","LDROnlyKB","LDROnlyTitle","LDROnlyLink","Comment","RollupInfo"
"Ntoskrnl.exe","Core_Kernel","6.2.17134.648","0","6-Mar-19","GDR","4489868","March 12, 2019-KB4489868 (OS Build 17134.648)","http://support.microsoft.com/kb/4489868","No LDR Only available","No LDR Only available","No LDR Only available","rEX","19-03Rollup"
"Crashdmp.sys","Core_Kernel","6.2.17134.81","0","20-May-18","GDR","4489868","March 12, 2019-KB4489868 (OS Build 17134.648)","http://support.microsoft.com/kb/4489868","No LDR Only available","No LDR Only available","No LDR Only available","rEX","19-03Rollup"
"Ntdll.dll","Core_Kernel","6.2.17134.556","0","9-Jan-19","GDR","4489868","March 12, 2019-KB4489868 (OS Build 17134.648)","http://support.microsoft.com/kb/4489868","No LDR Only available","No LDR Only available","No LDR Only available","rEX","19-03Rollup"
"Hal.dll","Core_Kernel","6.2.17134.619","0","16-Feb-19","GDR","4489868","March 12, 2019-KB4489868 (OS Build 17134.648)","http://support.microsoft.com/kb/4489868","No LDR Only available","No LDR Only available","No LDR Only available","rEX","19-03Rollup"
"win32k.sys","Core_Kernel","6.2.17134.1","0","11-Apr-18","GDR","4489868","March 12, 2019-KB4489868 (OS Build 17134.648)","http://support.microsoft.com/kb/4489868","No LDR Only available","No LDR Only available","No LDR Only available","rEX","19-03Rollup"
"Ntfs.sys","Core_FileSystem","6.2.17134.648","0","6-Mar-19","GDR","4489868","March 12, 2019-KB4489868 (OS Build 17134.648)","http://support.microsoft.com/kb/4489868","No LDR Only available","No LDR Only available","No LDR Only available","rEX","19-03Rollup"
"Storport.sys","Core_DiskSystem","6.2.17134.376","0","21-Oct-18","GDR","4489868","March 12, 2019-KB4489868 (OS Build 17134.648)","http://support.microsoft.com/kb/4489868","No LDR Only available","No LDR Only available","No LDR Only available","rEX","19-03Rollup"
"Msdsm.sys","Core_MPIO","6.2.17134.137","0","15-Jun-18","GDR","4489868","March 12, 2019-KB4489868 (OS Build 17134.648)","http://support.microsoft.com/kb/4489868","No LDR Only available","No LDR Only available","No LDR Only available","rEX","19-03Rollup"
"spp.dll","Core_VSS","6.2.17134.285","1","31-Aug-18","GDR","4489868","March 12, 2019-KB4489868 (OS Build 17134.648)","http://support.microsoft.com/kb/4489868","No LDR Only available","No LDR Only available","No LDR Only available","rEX","19-03Rollup"
"wbengine.exe","Core_VSS","6.2.17134.441","1","9-Nov-18","GDR","4489868","March 12, 2019-KB4489868 (OS Build 17134.648)","http://support.microsoft.com/kb/4489868","No LDR Only available","No LDR Only available","No LDR Only available","rEX","19-03Rollup"
"pci.sys","Core_Sys","6.2.17134.441","1","9-Nov-18","GDR","4489868","March 12, 2019-KB4489868 (OS Build 17134.648)","http://support.microsoft.com/kb/4489868","No LDR Only available","No LDR Only available","No LDR Only available","rEX","19-03Rollup"
"Volmgr.sys","Core_Sys","6.2.17134.137","1","15-Jun-18","GDR","4489868","March 12, 2019-KB4489868 (OS Build 17134.648)","http://support.microsoft.com/kb/4489868","No LDR Only available","No LDR Only available","No LDR Only available","rEX","19-03Rollup"
"Advapi32.dll","Core_Apps","6.2.17134.319","0","8-Sep-18","GDR","4489868","March 12, 2019-KB4489868 (OS Build 17134.648)","http://support.microsoft.com/kb/4489868","No LDR Only available","No LDR Only available","No LDR Only available","rEX","19-03Rollup"
"Tzres.dll","Core_TimeZone","6.2.17134.619","1","16-Feb-19","GDR","4489868","March 12, 2019-KB4489868 (OS Build 17134.648)","http://support.microsoft.com/kb/4489868","No LDR Only available","No LDR Only available","No LDR Only available","rEX","19-03Rollup"
"Clussvc.exe","Cluster_Core","6.2.17134.619","0","16-Feb-19","GDR","4489868","March 12, 2019-KB4489868 (OS Build 17134.648)","http://support.microsoft.com/kb/4489868","No LDR Only available","No LDR Only available","No LDR Only available","rEX","19-03Rollup"
"ClusWMI.dll","Cluster_Core","6.2.17134.619","0","16-Feb-19","GDR","4489868","March 12, 2019-KB4489868 (OS Build 17134.648)","http://support.microsoft.com/kb/4489868","No LDR Only available","No LDR Only available","No LDR Only available","rEX","19-03Rollup"
"Rhs.exe","Cluster_Core","6.2.17134.619","0","16-Feb-19","GDR","4489868","March 12, 2019-KB4489868 (OS Build 17134.648)","http://support.microsoft.com/kb/4489868","No LDR Only available","No LDR Only available","No LDR Only available","rEX","19-03Rollup"
"Clusres.dll","Cluster_Core","6.2.17134.619","0","16-Feb-19","GDR","4489868","March 12, 2019-KB4489868 (OS Build 17134.648)","http://support.microsoft.com/kb/4489868","No LDR Only available","No LDR Only available","No LDR Only available","rEX","19-03Rollup"
"Clusres2.dll","Cluster_Core","6.2.17134.619","0","16-Feb-19","GDR","4489868","March 12, 2019-KB4489868 (OS Build 17134.648)","http://support.microsoft.com/kb/4489868","No LDR Only available","No LDR Only available","No LDR Only available","rEX","19-03Rollup"
"Vhdmp.sys","Cluster_CSV","6.2.17134.619","0","16-Feb-19","GDR","4489868","March 12, 2019-KB4489868 (OS Build 17134.648)","http://support.microsoft.com/kb/4489868","No LDR Only available","No LDR Only available","No LDR Only available","rEX","19-03Rollup"
"Cprepsrv.exe","Cluster_Validation","6.2.17134.619","1","16-Feb-19","GDR","4489868","March 12, 2019-KB4489868 (OS Build 17134.648)","http://support.microsoft.com/kb/4489868","No LDR Only available","No LDR Only available","No LDR Only available","rEX","19-03Rollup"
"Vmswitch.sys","Hyper-V_Net","6.2.17134.556","1","9-Jan-19","GDR","4489868","March 12, 2019-KB4489868 (OS Build 17134.648)","http://support.microsoft.com/kb/4489868","No LDR Only available","No LDR Only available","No LDR Only available","rEX","19-03Rollup"
"Wnv.sys","Hyper-V_Net","6.2.17134.441","1","9-Nov-18","GDR","4489868","March 12, 2019-KB4489868 (OS Build 17134.648)","http://support.microsoft.com/kb/4489868","No LDR Only available","No LDR Only available","No LDR Only available","rEX","19-03Rollup"
"Vmms.exe","Hyper-V_Net","6.2.17134.81","1","20-May-18","GDR","4489868","March 12, 2019-KB4489868 (OS Build 17134.648)","http://support.microsoft.com/kb/4489868","No LDR Only available","No LDR Only available","No LDR Only available","rEX","19-03Rollup"
"Winnat.sys","Hyper-V_Net","6.2.17134.376","1","21-Oct-18","GDR","4489868","March 12, 2019-KB4489868 (OS Build 17134.648)","http://support.microsoft.com/kb/4489868","No LDR Only available","No LDR Only available","No LDR Only available","rEX","19-03Rollup"
"Rasapi32.dll","HNV_Net","6.2.17134.81","1","20-May-18","GDR","4489868","March 12, 2019-KB4489868 (OS Build 17134.648)","http://support.microsoft.com/kb/4489868","No LDR Only available","No LDR Only available","No LDR Only available","rEX","19-03Rollup"
"Vmwp.exe","Hyper-V_app","6.2.17134.441","1","9-Nov-18","GDR","4489868","March 12, 2019-KB4489868 (OS Build 17134.648)","http://support.microsoft.com/kb/4489868","No LDR Only available","No LDR Only available","No LDR Only available","rEX","19-03Rollup"
"Tcpip.sys","Net_Protocol","6.2.17134.648","0","6-Mar-19","GDR","4489868","March 12, 2019-KB4489868 (OS Build 17134.648)","http://support.microsoft.com/kb/4489868","No LDR Only available","No LDR Only available","No LDR Only available","rEX","19-03Rollup"
"Afd.sys","Net_Protocol","6.2.17134.648","0","6-Mar-19","GDR","4489868","March 12, 2019-KB4489868 (OS Build 17134.648)","http://support.microsoft.com/kb/4489868","No LDR Only available","No LDR Only available","No LDR Only available","rEX","19-03Rollup"
"Netio.sys","Net_Protocol","6.2.17134.441","0","9-Nov-18","GDR","4489868","March 12, 2019-KB4489868 (OS Build 17134.648)","http://support.microsoft.com/kb/4489868","No LDR Only available","No LDR Only available","No LDR Only available","rEX","19-03Rollup"
"Ndis.sys","Net_Protocol","6.2.17134.619","0","16-Feb-19","GDR","4489868","March 12, 2019-KB4489868 (OS Build 17134.648)","http://support.microsoft.com/kb/4489868","No LDR Only available","No LDR Only available","No LDR Only available","rEX","19-03Rollup"
"srv.sys","Net_SMB_Server","6.2.17134.648","0","6-Mar-19","GDR","4489868","March 12, 2019-KB4489868 (OS Build 17134.648)","http://support.microsoft.com/kb/4489868","No LDR Only available","No LDR Only available","No LDR Only available","rEX","19-03Rollup"
"srv2.sys","Net_SMB_Server","6.2.17134.648","0","6-Mar-19","GDR","4489868","March 12, 2019-KB4489868 (OS Build 17134.648)","http://support.microsoft.com/kb/4489868","No LDR Only available","No LDR Only available","No LDR Only available","rEX","19-03Rollup"
"srvnet.sys","Net_SMB_Server","6.2.17134.648","0","6-Mar-19","GDR","4489868","March 12, 2019-KB4489868 (OS Build 17134.648)","http://support.microsoft.com/kb/4489868","No LDR Only available","No LDR Only available","No LDR Only available","rEX","19-03Rollup"
"Mrxsmb.sys","Net_SMB_Client","6.2.17134.345","0","20-Sep-18","GDR","4489868","March 12, 2019-KB4489868 (OS Build 17134.648)","http://support.microsoft.com/kb/4489868","No LDR Only available","No LDR Only available","No LDR Only available","rEX","19-03Rollup"
"Mrxsmb10.sys","Net_SMB_Client","6.2.17134.648","0","6-Mar-19","GDR","4489868","March 12, 2019-KB4489868 (OS Build 17134.648)","http://support.microsoft.com/kb/4489868","No LDR Only available","No LDR Only available","No LDR Only available","rEX","19-03Rollup"
"Mrxsmb20.sys","Net_SMB_Client","6.2.17134.556","0","9-Jan-19","GDR","4489868","March 12, 2019-KB4489868 (OS Build 17134.648)","http://support.microsoft.com/kb/4489868","No LDR Only available","No LDR Only available","No LDR Only available","rEX","19-03Rollup"
"Rdbss.sys","Net_SMB_Client","6.2.17134.619","0","16-Feb-19","GDR","4489868","March 12, 2019-KB4489868 (OS Build 17134.648)","http://support.microsoft.com/kb/4489868","No LDR Only available","No LDR Only available","No LDR Only available","rEX","19-03Rollup"
"Netbt.sys","Net_SMB_Client","6.2.17134.228","0","3-Aug-18","GDR","4489868","March 12, 2019-KB4489868 (OS Build 17134.648)","http://support.microsoft.com/kb/4489868","No LDR Only available","No LDR Only available","No LDR Only available","rEX","19-03Rollup"
"4485449","Win2016_19_02_SvcStack_KB"," ","0","12-Feb-2019","GDR","4485449","Servicing stack update for Windows Server version 1803 and Windows 10 version 1803: February 12, 2019","http://support.microsoft.com/kb/4485449","KB only","KB only","KB Only"," ","No Rollup"
"4489868","Win2016_19_03_B_rollup_KB"," ","0","12-Mar-2019","GDR","4489868 (v1.0)","March 12, 2019-KB4489868 (OS Build 17134.648)","http://support.microsoft.com/kb/4489868","KB only","KB only","KB Only"," ","19-03Rollup"
