"Binary","Component","Version","Prio","Published","Branch","Article","Title","Link","LDROnlyKB","LDROnlyTitle","LDROnlyLink","Comment","RollupInfo"
"Ntoskrnl.exe","Core_Kernel","6.0.6003.20731","0","22-Jan-20","GDR","4550951","April 14, 2020-KB4550951 (Monthly Rollup)","http://support.microsoft.com/kb/4550951","No LDR Only available","No LDR Only available","No LDR Only available","rEX","20-04Rollup"
"ntkrnlpa.exe","Core_Kernel","6.0.6003.20731","0","22-Jan-20","GDR","4550951","April 14, 2020-KB4550951 (Monthly Rollup)","http://support.microsoft.com/kb/4550951","No LDR Only available","No LDR Only available","No LDR Only available","rEX","20-04Rollup"
"Ntdll.dll","Core_Kernel","6.0.6003.20731","0","22-Jan-20","GDR","4550951","April 14, 2020-KB4550951 (Monthly Rollup)","http://support.microsoft.com/kb/4550951","No LDR Only available","No LDR Only available","No LDR Only available","rEX","20-04Rollup"
"Hal.dll","Core_Kernel","6.0.6003.20812","0","11-Mar-20","GDR","4550951","April 14, 2020-KB4550951 (Monthly Rollup)","http://support.microsoft.com/kb/4550951","No LDR Only available","No LDR Only available","No LDR Only available","rEX","20-04Rollup"
"fltmgr.sys","Core_Kernel","6.0.6002.24339","0","09-Mar-2018","LDR","4090450 (v1.0)","Description of the security update for the speculative execution side-channel vulnerabilities in Windows Server 2008: March 13, 2018","http://support.microsoft.com/kb/4090450","No LDR Only available","No LDR Only available","No LDR Only available","rEX","No Rollup"
"win32k.sys","Core_Kernel","6.0.6003.20802","0","12-Mar-20","GDR","4550951","April 14, 2020-KB4550951 (Monthly Rollup)","http://support.microsoft.com/kb/4550951","No LDR Only available","No LDR Only available","No LDR Only available","rEX","20-04Rollup"
"Ntfs.sys","Core_FileSystem","6.0.6003.20749","0","9-Feb-20","GDR","4550951","April 14, 2020-KB4550951 (Monthly Rollup)","http://support.microsoft.com/kb/4550951","No LDR Only available","No LDR Only available","No LDR Only available","rEX","20-04Rollup"
"msiscsi.sys","Core_DiskSystem","6.0.6002.22814","0","09.03.2012","LDR","2684681 (v1.0)","Iscsicpl.exe process stops responding when you try to reconnect a storage device to a computer that is running Windows Vista, Windows Server 2008, Windows 7, or Windows Server 2008 R2","http://support.microsoft.com/kb/2684681","2684681 (v1.0)","Iscsicpl.exe process stops responding when you try to reconnect a storage device to a computer that is running Windows Vista, Windows Server 2008, Windows 7, or Windows Server 2008 R2","http://support.microsoft.com/kb/2684681"," ","No Rollup"
"storport.sys","Core_DiskSystem","6.0.6002.22969","0","08.11.2012","LDR","2780444 (v1.0)","""0x0000012E"" Stop error occurs when an application sends a 12-byte SCSI opcode to an iSCSI target in Windows Vista SP2, Windows Server 2008 SP2, Windows 7 SP1, and Windows Server 2008 R2 SP1","http://support.microsoft.com/kb/2780444","2780444 (v1.0)","""0x0000012E"" Stop error occurs when an application sends a 12-byte SCSI opcode to an iSCSI target in Windows Vista SP2, Windows Server 2008 SP2, Windows 7 SP1, and Windows Server 2008 R2 SP1","http://support.microsoft.com/kb/2780444"," ","No Rollup"
"repdrvfs.dll","Core_WMI","6.0.6002.22526","0","17.11.2010","LDR","2464876 (v1.0)","The WMI repository is corrupted on a computer that is running Windows Server 2008 or Windows Vista","http://support.microsoft.com/kb/2464876","2464876 (v1.0)","The WMI repository is corrupted on a computer that is running Windows Server 2008 or Windows Vista","http://support.microsoft.com/kb/2464876"," ","No Rollup"
"mpio.sys","Core_MPIO","6.0.6002.23457","0","08.08.2014","LDRGDR","2990170 (v1.0)","Multipath I/O identifies different disks as the same disk in Windows","http://support.microsoft.com/kb/2990170","2754704 (v1.0)","A hotfix is available that provides a mechanism for DSM to notify MPIO that a particular path is back to online in Windows Server 2008","http://support.microsoft.com/kb/2754704"," ","No Rollup"
"msdsm.sys","Core_MPIO","6.0.6002.23457","0","08.08.2014","LDRGDR","2990170 (v1.0)","Multipath I/O identifies different disks as the same disk in Windows","http://support.microsoft.com/kb/2990170","2878031 (v1.0)","""0x000000D1"" Stop error when you try to open the MPIO console on a computer that is running Windows Server 2008 SP2","http://support.microsoft.com/kb/2878031"," ","No Rollup"
"vssapi.dll","Core_VSS","6.0.6002.22267","1","16.11.2009","LDR","975928 (v1.0)","A parallel backup operation may fail when the operation is performed by Volume Shadow Copy Service (VSS)","http://support.microsoft.com/kb/975928","975928 (v1.0)","A parallel backup operation may fail when the operation is performed by Volume Shadow Copy Service (VSS)","http://support.microsoft.com/kb/975928"," ","No Rollup"
"vsstrace.dll","Core_VSS","6.0.6002.22267","1","16.11.2009","LDR","975928 (v1.0)","A parallel backup operation may fail when the operation is performed by Volume Shadow Copy Service (VSS)","http://support.microsoft.com/kb/975928","975928 (v1.0)","A parallel backup operation may fail when the operation is performed by Volume Shadow Copy Service (VSS)","http://support.microsoft.com/kb/975928"," ","No Rollup"
"swprv.dll","Core_VSS","6.0.6002.22137","1","16.05.2009","LDR","971394 (v1.0)","A backup of virtual machines fails when you use the Hyper-V VSS writer to back up virtual machines concurrently on a computer that is running Windows Server 2008","http://support.microsoft.com/kb/971394","971394 (v1.0)","A backup of virtual machines fails when you use the Hyper-V VSS writer to back up virtual machines concurrently on a computer that is running Windows Server 2008","http://support.microsoft.com/kb/971394"," ","No Rollup"
"spp.dll","Core_VSS","6.0.6002.22641","1","13.05.2011","LDR","2457458 (v1.0)","Windows backup fails when you back up data from the root folder of a mount point","http://support.microsoft.com/kb/2457458","2457458 (v1.0)","Windows backup fails when you back up data from the root folder of a mount point","http://support.microsoft.com/kb/2457458"," ","No Rollup"
"wbengine.exe","Core_VSS","6.0.6002.22910","1","24.08.2012","LDR","2727978 (v3.0)","Error message when you run ""wbadmin start systemstatebackup"" to back up the system state of a Windows Vista-based or Windows Server 2008-based virtual machine that is running on a VMware host server","http://support.microsoft.com/kb/2727978","2727978 (v3.0)","Error message when you run ""wbadmin start systemstatebackup"" to back up the system state of a Windows Vista-based or Windows Server 2008-based virtual machine that is running on a VMware host server","http://support.microsoft.com/kb/2727978","rEX","No Rollup"
"pci.sys","Core_Sys","6.0.6003.20514","1","19-Apr-19","GDR","4550951","April 14, 2020-KB4550951 (Monthly Rollup)","http://support.microsoft.com/kb/4550951","No LDR Only available","No LDR Only available","No LDR Only available","rEX","20-04Rollup"
"Termdd.sys","Core_Sys","6.0.6003.20514","1","19-Apr-19","GDR","4550951","April 14, 2020-KB4550951 (Monthly Rollup)","http://support.microsoft.com/kb/4550951","No LDR Only available","No LDR Only available","No LDR Only available","rEX","20-04Rollup"
"Volmgr.sys","Core_Sys","6.0.6003.20514","1","19-Apr-19","GDR","4550951","April 14, 2020-KB4550951 (Monthly Rollup)","http://support.microsoft.com/kb/4550951","No LDR Only available","No LDR Only available","No LDR Only available","rEX","20-04Rollup"
"Advapi32.dll","Core_Apps","6.0.6003.20731","0","22-Jan-20","GDR","4550951","April 14, 2020-KB4550951 (Monthly Rollup)","http://support.microsoft.com/kb/4550951","No LDR Only available","No LDR Only available","No LDR Only available","rEX","20-04Rollup"
"Tzres.dll","Core_TimeZone","6.0.6003.20642","1","7-Sep-19","GDR","4550951","April 14, 2020-KB4550951 (Monthly Rollup)","http://support.microsoft.com/kb/4550951","No LDR Only available","No LDR Only available","No LDR Only available","rEX","20-04Rollup"
"clussvc.exe","Cluster_Core","6.0.6002.23245","0","17.10.2013","LDR","2898118 (v1.0)","Changed cluster properties revert to default values on cluster nodes that run Windows Server 2008 SP2","http://support.microsoft.com/kb/2898118","2898118 (v1.0)","Changed cluster properties revert to default values on cluster nodes that run Windows Server 2008 SP2","http://support.microsoft.com/kb/2898118"," ","No Rollup"
"cluswmi.dll","Cluster_Core","6.0.6002.23245","0","17.10.2013","LDR","2898118 (v1.0)","Changed cluster properties revert to default values on cluster nodes that run Windows Server 2008 SP2","http://support.microsoft.com/kb/2898118","2898118 (v1.0)","Changed cluster properties revert to default values on cluster nodes that run Windows Server 2008 SP2","http://support.microsoft.com/kb/2898118"," ","No Rollup"
"rhs.exe","Cluster_Core","6.0.6002.22984","0","23.11.2012","LDR","2782761 (v1.0)","Hotfix enables a dump file to be generated when the Rhs.exe process detects a deadlock condition in Windows Server 2008","http://support.microsoft.com/kb/2782761","2782761 (v1.0)","Hotfix enables a dump file to be generated when the Rhs.exe process detects a deadlock condition in Windows Server 2008","http://support.microsoft.com/kb/2782761"," ","No Rollup"
"clusres.dll","Cluster_Core","6.0.6002.23657","0","27.03.2015","LDRGDR","3050293 (v1.0)","Cluster resources are not initialized correctly after Rhs.exe process crashes on a Windows Server 2008 SP2-based cluster","http://support.microsoft.com/kb/3050293","2685891 (v1.0)","CAP does not come online in a Windows Server 2008 R2-based failover cluster","http://support.microsoft.com/kb/2685891"," ","No Rollup"
"volsnap.sys","Cluster_Volsnap","6.0.6002.22987","0","27.11.2012","LDR","2787113 (v1.0)","""0x00000050"" Stop error when you create a snapshot by using the VSS in Windows Vista or in Windows Server 2008","http://support.microsoft.com/kb/2787113","2787113 (v1.0)","""0x00000050"" Stop error when you create a snapshot by using the VSS in Windows Vista or in Windows Server 2008","http://support.microsoft.com/kb/2787113"," ","No Rollup"
"cprepsrv.exe","Cluster_Validation","6.0.6002.22268","1","17.11.2009","LDR","975665 (v1.0)","The time stamps in the Cluster log are less accurate compared to the system time that is used for events on a failover cluster node that is running a non-English version of Windows Server 2008","http://support.microsoft.com/kb/975665","975665 (v1.0)","The time stamps in the Cluster log are less accurate compared to the system time that is used for events on a failover cluster node that is running a non-English version of Windows Server 2008","http://support.microsoft.com/kb/975665"," ","No Rollup"
"failoverclusters.agent.interop.dll","Cluster_Validation","6.0.6002.22485","1","13.09.2010","LDR","976097 (v1.0)","Hotfix to add support for asymmetric storages to the Failover Cluster Management MMC snap-in for a failover cluster that is running Windows Server 2008 or Windows Server 2008 R2","http://support.microsoft.com/kb/976097","976097 (v1.0)","Hotfix to add support for asymmetric storages to the Failover Cluster Management MMC snap-in for a failover cluster that is running Windows Server 2008 or Windows Server 2008 R2","http://support.microsoft.com/kb/976097"," ","No Rollup"
"Vmswitch.sys","Hyper-V_Net","6.0.6003.20665","1","14-Oct-19","GDR","4550951","April 14, 2020-KB4550951 (Monthly Rollup)","http://support.microsoft.com/kb/4550951","No LDR Only available","No LDR Only available","No LDR Only available","rEX","20-04Rollup"
"Vmsntfy.dll","Hyper-V_Net","6.0.6003.20665","1","14-Oct-19","GDR","4550951","April 14, 2020-KB4550951 (Monthly Rollup)","http://support.microsoft.com/kb/4550951","No LDR Only available","No LDR Only available","No LDR Only available","rEX","20-04Rollup"
"Vmms.exe","Hyper-V_Net","6.0.6003.20682","1","1-Nov-19","GDR","4550951","April 14, 2020-KB4550951 (Monthly Rollup)","http://support.microsoft.com/kb/4550951","No LDR Only available","No LDR Only available","No LDR Only available","rEX","20-04Rollup"
"rasapi32.dll","HNV_Net","6.0.6002.22637","1","07.05.2011","LDR","2548491 (v1.0)","A SSTP connection to an external SSTP server from a computer that is running Windows Vista or Windows Server 2008 does not work","http://support.microsoft.com/kb/2548491","2548491 (v1.0)","A SSTP connection to an external SSTP server from a computer that is running Windows Vista or Windows Server 2008 does not work","http://support.microsoft.com/kb/2548491"," ","No Rollup"
"mprapi.dll","HNV_Net","6.0.6002.22268","1","17.11.2009","LDR","977656 (v1.0)","You cannot use CHAP or PAP authentication to create a VPN connection to a computer that is running Windows Vista or Windows Server 2008","http://support.microsoft.com/kb/977656","977656 (v1.0)","You cannot use CHAP or PAP authentication to create a VPN connection to a computer that is running Windows Vista or Windows Server 2008","http://support.microsoft.com/kb/977656"," ","No Rollup"
"Tcpip.sys","Net_Protocol","6.0.6003.20584","0","4-Jul-19","GDR","4550951","April 14, 2020-KB4550951 (Monthly Rollup)","http://support.microsoft.com/kb/4550951","No LDR Only available","No LDR Only available","No LDR Only available","rEX","20-04Rollup"
"afd.sys","Net_Protocol","6.0.6002.24087","0","05-Apr-2017","LDRGDR","4018821 (v1.0)","Security Update for the Windows Kernel Information Disclosure Vulnerability in Windows Server 2008: May 9, 2017","http://support.microsoft.com/kb/4018821","2781571 (v1.0)","""0x000000D1"" Stop error after you install TDI drivers in Windows Vista and Windows Server 2008","http://support.microsoft.com/kb/2781571","rEX","No Rollup"
"netio.sys","Net_Protocol","6.0.6002.24125","0","02-Jun-2017","LDRGDR","4022748 (v1.0)","Security update for the Windows kernel information disclosure vulnerability in Windows Server 2008: July 11, 2017","http://support.microsoft.com/kb/4022748","2712746 (v1.0)","""0x00000019"" Stop error when you run an SNMP application on a computer that is running Windows Vista or Windows Server 2008","http://support.microsoft.com/kb/2712746","rEX","No Rollup"
"Ndis.sys","Net_Protocol","6.0.6003.20738","0","16-Jan-20","GDR","4550951","April 14, 2020-KB4550951 (Monthly Rollup)","http://support.microsoft.com/kb/4550951","No LDR Only available","No LDR Only available","No LDR Only available","rEX","20-04Rollup"
"netiohlp.dll","Net_Protocol","6.0.6002.22989","0","30.11.2012","LDR","2780879 (v3.0)","Hotfix improves TCP window scaling in Windows Vista, Windows Server 2008, Windows 7, or Windows Server 2008 R2","http://support.microsoft.com/kb/2780879","2780879 (v3.0)","Hotfix improves TCP window scaling in Windows Vista, Windows Server 2008, Windows 7, or Windows Server 2008 R2","http://support.microsoft.com/kb/2780879"," ","No Rollup"
"tdx.sys","Net_Protocol","6.0.6002.24152","0","03-Jul-2017","LDRGDR","4022750 (v1.0)","Security update for the Windows NetBIOS denial of service vulnerability in Windows Server 2008: August 8, 2017","http://support.microsoft.com/kb/4022750","No LDR Only available","No LDR Only available","No LDR Only available","rEX","No Rollup"
"srv.sys","Net_SMB_Server","6.0.6003.20731","0","22-Jan-20","GDR","4550951","April 14, 2020-KB4550951 (Monthly Rollup)","http://support.microsoft.com/kb/4550951","No LDR Only available","No LDR Only available","No LDR Only available","rEX","20-04Rollup"
"srv2.sys","Net_SMB_Server","6.0.6003.20749","0","9-Feb-20","GDR","4550951","April 14, 2020-KB4550951 (Monthly Rollup)","http://support.microsoft.com/kb/4550951","No LDR Only available","No LDR Only available","No LDR Only available","rEX","20-04Rollup"
"srvnet.sys","Net_SMB_Server","6.0.6003.20812","0","11-Mar-20","GDR","4550951","April 14, 2020-KB4550951 (Monthly Rollup)","http://support.microsoft.com/kb/4550951","No LDR Only available","No LDR Only available","No LDR Only available","rEX","20-04Rollup"
"srvsvc.dll","Net_SMB_Server","6.0.6002.22481","0","07.09.2010","LDRGDR","2345886 (v1.1)","Description of the update that implements Extended Protection for Authentication in the Server service","http://support.microsoft.com/kb/2345886","971277 (v1.0)","You cannot access an administrative share on a computer after you set the SrvsvcDefaultShareInfo registry entry to configure the default share permissions for a network share","http://support.microsoft.com/kb/971277"," ","No Rollup"
"Mrxsmb.sys","Net_SMB_Client","6.0.6003.20731","0","22-Jan-20","GDR","4550951","April 14, 2020-KB4550951 (Monthly Rollup)","http://support.microsoft.com/kb/4550951","No LDR Only available","No LDR Only available","No LDR Only available","rEX","20-04Rollup"
"Mrxsmb10.sys","Net_SMB_Client","6.0.6003.20731","0","22-Jan-20","GDR","4550951","April 14, 2020-KB4550951 (Monthly Rollup)","http://support.microsoft.com/kb/4550951","No LDR Only available","No LDR Only available","No LDR Only available","rEX","20-04Rollup"
"Mrxsmb20.sys","Net_SMB_Client","6.0.6003.20731","0","22-Jan-20","GDR","4550951","April 14, 2020-KB4550951 (Monthly Rollup)","http://support.microsoft.com/kb/4550951","No LDR Only available","No LDR Only available","No LDR Only available","rEX","20-04Rollup"
"rdbss.sys","Net_SMB_Client","6.0.6002.23588","0","09.01.2015","LDRGDR","3000483 (v1.6)","MS15-011: Vulnerability in Group Policy could allow remote code execution: February 10, 201","http://support.microsoft.com/kb/3000483","2870965 (v1.0)","""0x00000027"" Stop error when you try to access some shared resources in Windows Vista SP2 or Windows Server 2008 SP2","http://support.microsoft.com/kb/2870965"," ","No Rollup"
"Netbt.sys","Net_SMB_Client","6.0.6003.20481","0","7-Mar-19","GDR","4550951","April 14, 2020-KB4550951 (Monthly Rollup)","http://support.microsoft.com/kb/4550951","No LDR Only available","No LDR Only available","No LDR Only available","rEX","20-04Rollup"
"mup.sys","Net_SMB_Client","6.0.6002.23775","0","07.08.2015","LDR","3075623 (v1.0)","Configuring registry policy processing causes MUP to ignore Group Policy setting in Windows","http://support.microsoft.com/kb/3075623","3075623 (v1.0)","Configuring registry policy processing causes MUP to ignore Group Policy setting in Windows","http://support.microsoft.com/kb/3075623"," ","No Rollup"
"4537830","Win2008_20_02_SSU_KB"," ","0","11-Feb-2020","LDR","4537830","Servicing stack update for Windows Server 2008 SP2: February 11, 2020","http://support.microsoft.com/kb/4537830","KB only","KB only","KB Only"," ","No Rollup"
"4538484","Win2008_20_02_ESU_KB"," ","0","11-Feb-2020","LDR","4538484","Extended Security Updates (ESU) Licensing Preparation Package for Windows Server 2008 SP2","http://support.microsoft.com/kb/4538484","KB only","KB only","KB Only"," ","No Rollup"
"3216520","Win2008_17_03_C_rollup_KB"," ","0","21-Mar-2017","LDR","3216520 (v1.0)","March 2017 Preview of the Quality Rollup for the .NET Framework 2.0 SP2, 4.5.2, and 4.6 on Windows Vista SP2 and Windows Server 2008 SP2 (KB 3216520): February 21, 2017","http://support.microsoft.com/kb/3216520","KB only","KB only","KB Only"," ","17-03Rollup"
"4550951","Win2008_20-04_B_rollup_KB"," ","0","14-Apr-2020","GDR","4550951 (v1.0)","April 14, 2020-KB4550951 (Monthly Rollup)","http://support.microsoft.com/kb/4550951","KB only","KB only","KB only"," ","20-04Rollup"
