"Binary","Component","Version","Prio","Published","Branch","Article","Title","Link","LDROnlyKB","LDROnlyTitle","LDROnlyLink","Comment","RollupInfo"
"Ntoskrnl.exe","Core_Kernel","6.2.15063.1805","0","3-May-19","GDR","4499181","May 14, 2019-KB4499181 (OS Build 15063.1805)","http://support.microsoft.com/kb/4499181","No LDR Only available","No LDR Only available","No LDR Only available","rEX","19-05Rollup"
"Ntdll.dll","Core_Kernel","6.2.15063.1805","0","3-May-19","GDR","4499181","May 14, 2019-KB4499181 (OS Build 15063.1805)","http://support.microsoft.com/kb/4499181","No LDR Only available","No LDR Only available","No LDR Only available","rEX","19-05Rollup"
"Hal.dll","Core_Kernel","6.2.15063.1805","0","3-May-19","GDR","4499181","May 14, 2019-KB4499181 (OS Build 15063.1805)","http://support.microsoft.com/kb/4499181","No LDR Only available","No LDR Only available","No LDR Only available","rEX","19-05Rollup"
"Fltmgr.sys","Core_Kernel","6.2.15063.850","0","1-Jan-18","GDR","4499181","May 14, 2019-KB4499181 (OS Build 15063.1805)","http://support.microsoft.com/kb/4499181","No LDR Only available","No LDR Only available","No LDR Only available","rEX","19-05Rollup"
"win32k.sys","Core_Kernel","6.2.15063.608","0","5-Sep-17","GDR","4499181","May 14, 2019-KB4499181 (OS Build 15063.1805)","http://support.microsoft.com/kb/4499181","No LDR Only available","No LDR Only available","No LDR Only available","rEX","19-05Rollup"
"Ntfs.sys","Core_FileSystem","6.2.15063.1716","0","14-Mar-19","GDR","4499181","May 14, 2019-KB4499181 (OS Build 15063.1805)","http://support.microsoft.com/kb/4499181","No LDR Only available","No LDR Only available","No LDR Only available","rEX","19-05Rollup"
"Msiscsi.sys","Core_DiskSystem","6.2.15063.1058","0","3-Apr-18","GDR","4499181","May 14, 2019-KB4499181 (OS Build 15063.1805)","http://support.microsoft.com/kb/4499181","No LDR Only available","No LDR Only available","No LDR Only available","rEX","19-05Rollup"
"Storport.sys","Core_DiskSystem","6.2.15063.1418","0","10-Oct-18","GDR","4499181","May 14, 2019-KB4499181 (OS Build 15063.1805)","http://support.microsoft.com/kb/4499181","No LDR Only available","No LDR Only available","No LDR Only available","rEX","19-05Rollup"
"Repdrvfs.dll","Core_WMI","6.2.15063.994","0","2-Mar-18","GDR","4499181","May 14, 2019-KB4499181 (OS Build 15063.1805)","http://support.microsoft.com/kb/4499181","No LDR Only available","No LDR Only available","No LDR Only available","rEX","19-05Rollup"
"Msdsm.sys","Core_MPIO","6.2.15063.1235","0","18-Jul-18","GDR","4499181","May 14, 2019-KB4499181 (OS Build 15063.1805)","http://support.microsoft.com/kb/4499181","No LDR Only available","No LDR Only available","No LDR Only available","rEX","19-05Rollup"
"Vssapi.dll","Core_VSS","6.2.15063.1155","1","8-Jun-18","GDR","4499181","May 14, 2019-KB4499181 (OS Build 15063.1805)","http://support.microsoft.com/kb/4499181","No LDR Only available","No LDR Only available","No LDR Only available","rEX","19-05Rollup"
"Vsstrace.dll","Core_VSS","6.2.15063.994","1","2-Mar-18","GDR","4499181","May 14, 2019-KB4499181 (OS Build 15063.1805)","http://support.microsoft.com/kb/4499181","No LDR Only available","No LDR Only available","No LDR Only available","rEX","19-05Rollup"
"Swprv.dll","Core_VSS","6.2.15063.1689","1","6-Mar-19","GDR","4499181","May 14, 2019-KB4499181 (OS Build 15063.1805)","http://support.microsoft.com/kb/4499181","No LDR Only available","No LDR Only available","No LDR Only available","rEX","19-05Rollup"
"wbengine.exe","Core_VSS","6.2.15063.1155","1","8-Jun-18","GDR","4499181","May 14, 2019-KB4499181 (OS Build 15063.1805)","http://support.microsoft.com/kb/4499181","No LDR Only available","No LDR Only available","No LDR Only available","rEX","19-05Rollup"
"Volmgr.sys","Core_Sys","6.2.15063.1112","1","26-Apr-18","GDR","4499181","May 14, 2019-KB4499181 (OS Build 15063.1805)","http://support.microsoft.com/kb/4499181","No LDR Only available","No LDR Only available","No LDR Only available","rEX","19-05Rollup"
"Advapi32.dll","Core_Apps","6.2.15063.1356","0","30-Aug-18","GDR","4499181","May 14, 2019-KB4499181 (OS Build 15063.1805)","http://support.microsoft.com/kb/4499181","No LDR Only available","No LDR Only available","No LDR Only available","rEX","19-05Rollup"
"Tzres.dll","Core_TimeZone","6.2.15063.1716","1","14-Mar-19","GDR","4499181","May 14, 2019-KB4499181 (OS Build 15063.1805)","http://support.microsoft.com/kb/4499181","No LDR Only available","No LDR Only available","No LDR Only available","rEX","19-05Rollup"
"Clussvc.exe","Cluster_Core","6.2.15063.1689","0","6-Mar-19","GDR","4499181","May 14, 2019-KB4499181 (OS Build 15063.1805)","http://support.microsoft.com/kb/4499181","No LDR Only available","No LDR Only available","No LDR Only available","rEX","19-05Rollup"
"ClusWMI.dll","Cluster_Core","6.2.15063.1689","0","6-Mar-19","GDR","4499181","May 14, 2019-KB4499181 (OS Build 15063.1805)","http://support.microsoft.com/kb/4499181","No LDR Only available","No LDR Only available","No LDR Only available","rEX","19-05Rollup"
"Rhs.exe","Cluster_Core","6.2.15063.1689","0","6-Mar-19","GDR","4499181","May 14, 2019-KB4499181 (OS Build 15063.1805)","http://support.microsoft.com/kb/4499181","No LDR Only available","No LDR Only available","No LDR Only available","rEX","19-05Rollup"
"Clusres.dll","Cluster_Core","6.2.15063.1689","0","6-Mar-19","GDR","4499181","May 14, 2019-KB4499181 (OS Build 15063.1805)","http://support.microsoft.com/kb/4499181","No LDR Only available","No LDR Only available","No LDR Only available","rEX","19-05Rollup"
"Vhdmp.sys","Cluster_CSV","6.2.15063.1155","0","8-Jun-18","GDR","4499181","May 14, 2019-KB4499181 (OS Build 15063.1805)","http://support.microsoft.com/kb/4499181","No LDR Only available","No LDR Only available","No LDR Only available","rEX","19-05Rollup"
"Cprepsrv.exe","Cluster_Validation","6.2.15063.1689","1","6-Mar-19","GDR","4499181","May 14, 2019-KB4499181 (OS Build 15063.1805)","http://support.microsoft.com/kb/4499181","No LDR Only available","No LDR Only available","No LDR Only available","rEX","19-05Rollup"
"Vmswitch.sys","Hyper-V_Net","6.2.15063.1356","1","30-Aug-18","GDR","4499181","May 14, 2019-KB4499181 (OS Build 15063.1805)","http://support.microsoft.com/kb/4499181","No LDR Only available","No LDR Only available","No LDR Only available","rEX","19-05Rollup"
"Wnv.sys","Hyper-V_Net","6.2.15063.1746","1","2-Apr-19","GDR","4499181","May 14, 2019-KB4499181 (OS Build 15063.1805)","http://support.microsoft.com/kb/4499181","No LDR Only available","No LDR Only available","No LDR Only available","rEX","19-05Rollup"
"Ndisimplatform.sys","Hyper-V_Net","6.2.15063.994","1","2-Mar-18","GDR","4499181","May 14, 2019-KB4499181 (OS Build 15063.1805)","http://support.microsoft.com/kb/4499181","No LDR Only available","No LDR Only available","No LDR Only available","rEX","19-05Rollup"
"Vmms.exe","Hyper-V_Net","6.2.15063.1805","1","3-May-19","GDR","4499181","May 14, 2019-KB4499181 (OS Build 15063.1805)","http://support.microsoft.com/kb/4499181","No LDR Only available","No LDR Only available","No LDR Only available","rEX","19-05Rollup"
"Winnat.sys","Hyper-V_Net","6.2.15063.850","1","1-Jan-18","GDR","4499181","May 14, 2019-KB4499181 (OS Build 15063.1805)","http://support.microsoft.com/kb/4499181","No LDR Only available","No LDR Only available","No LDR Only available","rEX","19-05Rollup"
"pvhdparser.sys","Hyper-V_Net","6.2.15063.850","1","1-Jan-18","GDR","4499181","May 14, 2019-KB4499181 (OS Build 15063.1805)","http://support.microsoft.com/kb/4499181","No LDR Only available","No LDR Only available","No LDR Only available","rEX","19-05Rollup"
"Rasapi32.dll","HNV_Net","6.2.15063.997","1","18-Mar-18","GDR","4499181","May 14, 2019-KB4499181 (OS Build 15063.1805)","http://support.microsoft.com/kb/4499181","No LDR Only available","No LDR Only available","No LDR Only available","rEX","19-05Rollup"
"Vmwp.exe","Hyper-V_app","6.2.15063.1805","1","3-May-19","GDR","4499181","May 14, 2019-KB4499181 (OS Build 15063.1805)","http://support.microsoft.com/kb/4499181","No LDR Only available","No LDR Only available","No LDR Only available","rEX","19-05Rollup"
"Tcpip.sys","Net_Protocol","6.2.15063.1746","0","2-Apr-19","GDR","4499181","May 14, 2019-KB4499181 (OS Build 15063.1805)","http://support.microsoft.com/kb/4499181","No LDR Only available","No LDR Only available","No LDR Only available","rEX","19-05Rollup"
"Afd.sys","Net_Protocol","6.2.15063.1689","0","6-Mar-19","GDR","4499181","May 14, 2019-KB4499181 (OS Build 15063.1805)","http://support.microsoft.com/kb/4499181","No LDR Only available","No LDR Only available","No LDR Only available","rEX","19-05Rollup"
"Netio.sys","Net_Protocol","6.2.15063.909","0","10-Feb-18","GDR","4499181","May 14, 2019-KB4499181 (OS Build 15063.1805)","http://support.microsoft.com/kb/4499181","No LDR Only available","No LDR Only available","No LDR Only available","rEX","19-05Rollup"
"Ndis.sys","Net_Protocol","6.2.15063.1446","0","30-Oct-18","GDR","4499181","May 14, 2019-KB4499181 (OS Build 15063.1805)","http://support.microsoft.com/kb/4499181","No LDR Only available","No LDR Only available","No LDR Only available","rEX","19-05Rollup"
"Tdx.sys","Net_Protocol","6.2.15063.850","0","1-Jan-18","GDR","4499181","May 14, 2019-KB4499181 (OS Build 15063.1805)","http://support.microsoft.com/kb/4499181","No LDR Only available","No LDR Only available","No LDR Only available","rEX","19-05Rollup"
"srv.sys","Net_SMB_Server","6.2.15063.1689","0","6-Mar-19","GDR","4499181","May 14, 2019-KB4499181 (OS Build 15063.1805)","http://support.microsoft.com/kb/4499181","No LDR Only available","No LDR Only available","No LDR Only available","rEX","19-05Rollup"
"srv2.sys","Net_SMB_Server","6.2.15063.1689","0","6-Mar-19","GDR","4499181","May 14, 2019-KB4499181 (OS Build 15063.1805)","http://support.microsoft.com/kb/4499181","No LDR Only available","No LDR Only available","No LDR Only available","rEX","19-05Rollup"
"srvnet.sys","Net_SMB_Server","6.2.15063.1689","0","6-Mar-19","GDR","4499181","May 14, 2019-KB4499181 (OS Build 15063.1805)","http://support.microsoft.com/kb/4499181","No LDR Only available","No LDR Only available","No LDR Only available","rEX","19-05Rollup"
"Srvsvc.dll","Net_SMB_Server","6.2.15063.850","0","1-Jan-18","GDR","4499181","May 14, 2019-KB4499181 (OS Build 15063.1805)","http://support.microsoft.com/kb/4499181","No LDR Only available","No LDR Only available","No LDR Only available","rEX","19-05Rollup"
"Mrxsmb.sys","Net_SMB_Client","6.2.15063.1387","0","27-Sep-18","GDR","4499181","May 14, 2019-KB4499181 (OS Build 15063.1805)","http://support.microsoft.com/kb/4499181","No LDR Only available","No LDR Only available","No LDR Only available","rEX","19-05Rollup"
"Mrxsmb10.sys","Net_SMB_Client","6.2.15063.1689","0","6-Mar-19","GDR","4499181","May 14, 2019-KB4499181 (OS Build 15063.1805)","http://support.microsoft.com/kb/4499181","No LDR Only available","No LDR Only available","No LDR Only available","rEX","19-05Rollup"
"Mrxsmb20.sys","Net_SMB_Client","6.2.15063.1596","0","5-Jan-19","GDR","4499181","May 14, 2019-KB4499181 (OS Build 15063.1805)","http://support.microsoft.com/kb/4499181","No LDR Only available","No LDR Only available","No LDR Only available","rEX","19-05Rollup"
"Rdbss.sys","Net_SMB_Client","6.2.15063.1596","0","5-Jan-19","GDR","4499181","May 14, 2019-KB4499181 (OS Build 15063.1805)","http://support.microsoft.com/kb/4499181","No LDR Only available","No LDR Only available","No LDR Only available","rEX","19-05Rollup"
"Netbt.sys","Net_SMB_Client","6.2.15063.1746","0","2-Apr-19","GDR","4499181","May 14, 2019-KB4499181 (OS Build 15063.1805)","http://support.microsoft.com/kb/4499181","No LDR Only available","No LDR Only available","No LDR Only available","rEX","19-05Rollup"
"Mup.sys","Net_SMB_Client","6.2.15063.850","0","1-Jan-18","GDR","4499181","May 14, 2019-KB4499181 (OS Build 15063.1805)","http://support.microsoft.com/kb/4499181","No LDR Only available","No LDR Only available","No LDR Only available","rEX","19-05Rollup"
"wkssvc.dll","Net_SMB_Client","6.2.15063.850","0","1-Jan-18","GDR","4499181","May 14, 2019-KB4499181 (OS Build 15063.1805)","http://support.microsoft.com/kb/4499181","No LDR Only available","No LDR Only available","No LDR Only available","rEX","19-05Rollup"
"4487327","Win2016_19_02_SvcStack_KB"," ","0","12-Feb-2019","GDR","4487327","Servicing stack update for Windows 10, version 1703: February 12, 2019","http://support.microsoft.com/kb/4487327","KB only","KB only","KB Only"," ","No Rollup"
"4493436","Win2016_19_04_C_rollup_KB"," ","0","25-Apr-2019","GDR","4493436 (v1.0)","April 25, 2019-KB4493436 (OS Build 15063.1784)","http://support.microsoft.com/kb/4493436","KB only","KB only","KB Only"," ","19-04Rollup"
"4499181","Win2016RS2_19-05_B_rollup_KB"," ","0","14-May-2019","GDR","4499181 (v1.0)","May 14, 2019-KB4499181 (OS Build 15063.1805)","http://support.microsoft.com/kb/4499181","KB only","KB only","KB only"," ","19-05Rollup"
