"Binary","Component","Version","Prio","Published","Branch","Article","Title","Link","LDROnlyKB","LDROnlyTitle","LDROnlyLink","Comment","RollupInfo"
"Vmswitch.sys","Hyper-V_Net","6.2.16299.1775","1","6-Mar-20","GDR","4561602","June 9, 2020-KB4561602 (OS Build 16299.1932)","http://support.microsoft.com/kb/4561602","No LDR Only available","No LDR Only available","No LDR Only available","rEX","20-06Rollup"
"Ndisimplatform.sys","Hyper-V_Net","6.2.16299.1419","1","13-Sep-19","GDR","4561602","June 9, 2020-KB4561602 (OS Build 16299.1932)","http://support.microsoft.com/kb/4561602","No LDR Only available","No LDR Only available","No LDR Only available","rEX","20-06Rollup"
"pvhdparser.sys","Hyper-V_Net","6.2.16299.371","1","30-Mar-18","GDR","4561602","June 9, 2020-KB4561602 (OS Build 16299.1932)","http://support.microsoft.com/kb/4561602","No LDR Only available","No LDR Only available","No LDR Only available","rEX","20-06Rollup"
"4562560","Win2016RS3_20_06_SSU_KB"," ","0","09-Jun-2020","GDR","4562560","Servicing stack update for Windows 10, version 1709: June 9, 2020","http://support.microsoft.com/kb/4562560","KB only","KB only","KB Only"," ","No Rollup"
"4561602","Win2016RS3_20-06_B_rollup_KB"," ","0","09-Jun-2020","GDR","4561602 (v1.0)","June 9, 2020-KB4561602 (OS Build 16299.1932)","http://support.microsoft.com/kb/4561602","KB only","KB only","KB only"," ","20-06Rollup"
