"Binary","Component","Version","Prio","Published","Branch","Article","Title","Link","LDROnlyKB","LDROnlyTitle","LDROnlyLink","Comment","RollupInfo"
"Ntoskrnl.exe","Core_Kernel","6.2.17763.437","0","02-Apr-2019","GDR","4493509 (v1.0)","April 9, 2019-KB4493509 (OS Build 17763.437)","http://support.microsoft.com/kb/4493509","KB only","KB only","KB Only"," ","19-04Rollup"
"Ntdll.dll","Core_Kernel","6.2.17763.404","0","02-Apr-2019","GDR","4493509 (v1.0)","April 9, 2019-KB4493509 (OS Build 17763.437)","http://support.microsoft.com/kb/4493509","KB only","KB only","KB Only"," ","19-04Rollup"
"Hal.dll","Core_Kernel","6.2.17763.404","0","02-Apr-2019","GDR","4493509 (v1.0)","April 9, 2019-KB4493509 (OS Build 17763.437)","http://support.microsoft.com/kb/4493509","KB only","KB only","KB Only"," ","19-04Rollup"
"win32k.sys","Core_Kernel","6.2.17763.437","0","02-Apr-2019","GDR","4493509 (v1.0)","April 9, 2019-KB4493509 (OS Build 17763.437)","http://support.microsoft.com/kb/4493509","KB only","KB only","KB Only"," ","19-04Rollup"
"Ntfs.sys","Core_FileSystem","6.2.17763.404","0","02-Apr-2019","GDR","4493509 (v1.0)","April 9, 2019-KB4493509 (OS Build 17763.437)","http://support.microsoft.com/kb/4493509","KB only","KB only","KB Only"," ","19-04Rollup"
"Storport.sys","Core_DiskSystem","6.2.17763.292","0","01-Mar-2019","GDR","4493509 (v1.0)","April 9, 2019-KB4493509 (OS Build 17763.437)","http://support.microsoft.com/kb/4493509","KB only","KB only","KB Only"," ","19-04Rollup"
"pci.sys","Core_Sys","6.2.17763.404","0","02-Apr-2019","GDR","4493509 (v1.0)","April 9, 2019-KB4493509 (OS Build 17763.437)","http://support.microsoft.com/kb/4493509","KB only","KB only","KB Only"," ","19-04Rollup"
"Volmgr.sys","Core_Sys","6.2.17763.168","0","01-Mar-2019","GDR","4493509 (v1.0)","April 9, 2019-KB4493509 (OS Build 17763.437)","http://support.microsoft.com/kb/4493509","KB only","KB only","KB Only"," ","19-04Rollup"
"Wintrust.dll","Dom_CRYPTO","6.2.17763.348","0","01-Mar-2019","GDR","4493509 (v1.0)","April 9, 2019-KB4493509 (OS Build 17763.437)","http://support.microsoft.com/kb/4493509","KB only","KB only","KB Only"," ","19-04Rollup"
"4470788","Win2016_18_12_SvcStack_KB"," ","0","05-Dec-2018","GDR","4470788","Servicing stack update for Windows Server 2019 and Windows 10 version 1809: December 5, 2018","http://support.microsoft.com/kb/4470788","KB only","KB only","KB Only"," ","No Rollup"
"4493509","Win2016_19_03_D_rollup_KB"," ","0","09-Apr-2019","GDR","4493509 (v1.0)","April 9, 2019-KB4493509 (OS Build 17763.437)","http://support.microsoft.com/kb/4493509","KB only","KB only","KB Only"," ","19-04Rollup"
