"Binary","Component","Version","Prio","Published","Branch","Article","Title","Link","LDROnlyKB","LDROnlyTitle","LDROnlyLink","Comment","RollupInfo"
"Ntoskrnl.exe","Core_Kernel","6.3.9600.19263","0","9-Jan-19","LDR","4487016","February 19, 2019-KB4487016 (Preview of Monthly Rollup)","http://support.microsoft.com/kb/4487016","No LDR Only available","No LDR Only available","No LDR Only available","rEX","19-02Rollup"
"crashdmp.sys","Core_Kernel","6.3.9600.17622","0","20.12.2014","GDR","3027113 (v1.0)","Can't save a dump file when the system crashes and the Round Robin MPIO policy is used in Windows Server 201","http://support.microsoft.com/kb/3027113","No LDR Only available","No LDR Only available","No LDR Only available","rKB","No Rollup"
"win32k.sys","Core_Kernel","6.3.9600.19259","0","5-Jan-19","LDR","4487016","February 19, 2019-KB4487016 (Preview of Monthly Rollup)","http://support.microsoft.com/kb/4487016","No LDR Only available","No LDR Only available","No LDR Only available","rEX","19-02Rollup"
"Rdpshell.exe","RDS_remote_App","6.3.9600.18402","0","04-Jul-2016","LDR","3179574","August 2016 update rollup for Windows RT 8.1, Windows 8.1, and Windows Server 2012 R2","http://support.microsoft.com/kb/3179574","No LDR Only available","No LDR Only available","No LDR Only available","rEX","16-08Rollup"
"Rdsdwmdr.dll","RDS_remote_App","6.3.9600.18708","0","27-May-17","LDR","4487016","February 19, 2019-KB4487016 (Preview of Monthly Rollup)","http://support.microsoft.com/kb/4487016","No LDR Only available","No LDR Only available","No LDR Only available","rEX","19-02Rollup"
"tscfgwmi.dll","RDS_remote_App","6.3.9600.17415","0","30.10.2014","GDR","3000850 (v1.7)","November 2014 update rollup for Windows RT 8.1, Windows 8.1, and Windows Server 2012 R","http://support.microsoft.com/kb/3000850","No LDR Only available","No LDR Only available","No LDR Only available"," ","14-11Rollup"
"audioeng.dll","RDS_devRdr","6.3.9600.17415","1","30.10.2014","GDR","3000850 (v1.7)","November 2014 update rollup for Windows RT 8.1, Windows 8.1, and Windows Server 2012 R2","http://support.microsoft.com/kb/3000850","No LDR Only available","No LDR Only available","No LDR Only available","rEX","14-11Rollup"
"audiokse.dll","RDS_devRdr","6.3.9600.17415","1","31.05.2015","GDR","3004365 (v2.7)","November 2014 update rollup for Windows RT 8.1, Windows 8.1, and Windows Server 2012 R","http://support.microsoft.com/kb/3004365","No LDR Only available","No LDR Only available","No LDR Only available","rKB","No Rollup"
"audioses.dll","RDS_devRdr","6.3.9600.17415","1","29.10.2014","GDR","3015354 (v2.0)","Update of multimedia class device drivers fails after you upgrade Windows","http://support.microsoft.com/kb/3015354","No LDR Only available","No LDR Only available","No LDR Only available","rEX","14-11Rollup"
"audiosrv.dll","RDS_devRdr","6.3.9600.17893","1","31.05.2015","GDR","3004365 (v2.0)","MS15-006: Vulnerability in Windows Error Reporting could allow security feature bypass: January 13, 2015","http://support.microsoft.com/kb/3004365","No LDR Only available","No LDR Only available","No LDR Only available","rKB","No Rollup"
"wsepno.dll","RDS_msTsc","7.0.9600.17415","1","18.11.2014","GDR","3000850 (v1.8)","November 2014 update rollup for Windows RT 8.1, Windows 8.1, and Windows Server 2012 R","http://support.microsoft.com/kb/3000850","No LDR Only available","No LDR Only available","No LDR Only available"," ","14-11Rollup"
"xpsgdiconverter.dll","RDS_msTsc","6.3.9600.17415","1","30.10.2014","GDR","3000850 (v1.7)","November 2014 update rollup for Windows RT 8.1, Windows 8.1, and Windows Server 2012 R","http://support.microsoft.com/kb/3000850","No LDR Only available","No LDR Only available","No LDR Only available"," ","14-11Rollup"
"Vmrdvcore.dll","RDS_vHost","6.3.9600.18465","0","1-Sep-16","LDR","4487016","February 19, 2019-KB4487016 (Preview of Monthly Rollup)","http://support.microsoft.com/kb/4487016","No LDR Only available","No LDR Only available","No LDR Only available","rEX","19-02Rollup"
"Tsvmhasvc.dll","RDS_vHost","6.3.9600.18790","0","11-Aug-17","LDR","4487016","February 19, 2019-KB4487016 (Preview of Monthly Rollup)","http://support.microsoft.com/kb/4487016","No LDR Only available","No LDR Only available","No LDR Only available","rEX","19-02Rollup"
"tssdis.exe","RDS_vHost","6.3.9600.18260","0","05.03.2016","GDR","3134179 (v1.0)","Update adds performance counters for Remote Desktop Connection Broker in Windows Server 2012 R2","http://support.microsoft.com/kb/3134179","No LDR Only available","No LDR Only available","No LDR Only available","rEX","No Rollup"
"aaedge.dll","RDS_gateway","6.3.9600.18698","1","14-May-17","LDR","4487016","February 19, 2019-KB4487016 (Preview of Monthly Rollup)","http://support.microsoft.com/kb/4487016","No LDR Only available","No LDR Only available","No LDR Only available","rEX","19-02Rollup"
"licmgr.exe","RDS_license","6.3.9600.17515","0","23.01.2015","GDR","3013108 (v2.0)","RDS License Manager shows no issued free or temporary client access licenses in Windows Server 2012 R2","http://support.microsoft.com/kb/3013108","No LDR Only available","No LDR Only available","No LDR Only available","rEX","No Rollup"
"dxgkrnl.sys","RDS_host","6.3.9600.19176","1","6-Oct-18","LDR","4487016","February 19, 2019-KB4487016 (Preview of Monthly Rollup)","http://support.microsoft.com/kb/4487016","No LDR Only available","No LDR Only available","No LDR Only available","rEX","19-02Rollup"
"sessenv.dll","RDS_host","6.3.9600.19094","1","6-Jul-18","LDR","4487016","February 19, 2019-KB4487016 (Preview of Monthly Rollup)","http://support.microsoft.com/kb/4487016","No LDR Only available","No LDR Only available","No LDR Only available","rEX","19-02Rollup"
"profprov.dll","Dom_ProfProc","6.3.9600.17415","1","18.11.2014","GDR","3000850 (v1.8)","November 2014 update rollup for Windows RT 8.1, Windows 8.1, and Windows Server 2012 R","http://support.microsoft.com/kb/3000850","No LDR Only available","No LDR Only available","No LDR Only available"," ","14-11Rollup"
"profsvc.dll","Dom_ProfProc","6.3.9600.17930","1","10.07.2015","GDR","3078676 (v1.0)","Event 1530 is logged and ProfSvc leaks paged pool memory and handles in Windows 8.1 or Windows Server 2012 R2","http://support.microsoft.com/kb/3078676","No LDR Only available","No LDR Only available","No LDR Only available","rKB","No Rollup"
"3173424","Win2012R2_16_07_SvcStack_KB","KBOnlyVersion","0","12-Jul-2016","GDR","3173424 (v3.0)","Servicing stack update for Windows 8.1 and Windows Server 2012 R2: July 12, 2016","http://support.microsoft.com/kb/3173424","KB only","KB only","KB only"," ","No Rollup"
"3123245","All_OS_2012R2_important_KB","KBOnlyVersion","0","14-Apr-2016","GDR","3123245 (v4.0)","Update improves port exhaustion identification in Windows Server 2012 R2","http://support.microsoft.com/kb/3123245","KB only","KB only","KB only"," ","No Rollup"
"2919355","Win2012R2_14_04_rollup_KB"," ","0","24.02.2014","GDR","2919355 (v1.14)","Windows RT 8.1, Windows 8.1, and Windows Server 2012 R2 Update: April 2014","http://support.microsoft.com/kb/2919355","KB only","KB only","KB Only"," ","14-04Rollup"
"3000850","Win2012R2_14_11_rollup_KB"," ","0","18.11.2014","GDR","3000850 (v2.0)","November 2014 update rollup for Windows RT 8.1, Windows 8.1, and Windows Server 2012 R2","http://support.microsoft.com/kb/3000850","KB only","KB only","KB Only"," ","14-11Rollup"
"3013769","Win2012R2_14_12_rollup_KB"," ","0","10.12.2014","GDR","3013769 (v2.0)","December 2014 update rollup for Windows RT 8.1, Windows 8.1, and Windows Server 2012 R2","http://support.microsoft.com/kb/3013769","KB only","KB only","KB Only"," ","14-12Rollup"
"3172614","Win2012R2_16_07_rollup_KB"," ","0","19.07.2016","GDR","3172614 (v1.0)","July 2016 update rollup for Windows RT 8.1, Windows 8.1, and Windows Server 2012 R2","http://support.microsoft.com/kb/3172614","KB only","KB only","KB Only"," ","16-07Rollup"
"3179574","Win2012R2_16_08_rollup_KB"," ","0","16.08.2016","GDR","3179574 (v1.0)","August 2016 update rollup for Windows RT 8.1, Windows 8.1, and Windows Server 2012 R2","http://support.microsoft.com/kb/3179574","KB only","KB only","KB Only"," ","16-08Rollup"
"4487016","Win2012R2_19_02_C_rollup_KB"," ","0","19-Feb-2019","GDR","4487016 (v1.0)","February 19, 2019-KB4487016 (Preview of Monthly Rollup)","http://support.microsoft.com/kb/4487016","KB only","KB only","KB Only"," ","19-02Rollup"
