"Binary","Component","Version","Prio","Published","Branch","Article","Title","Link","LDROnlyKB","LDROnlyTitle","LDROnlyLink","Comment","RollupInfo"
"Ntoskrnl.exe","Core_Kernel","6.2.16299.967","0","6-Feb-19","GDR","4486996","February 12, 2019-KB4486996 (OS Build 16299.967)","http://support.microsoft.com/kb/4486996","No LDR Only available","No LDR Only available","No LDR Only available","rEX","19-02Rollup"
"win32k.sys","Core_Kernel","6.2.16299.15","0","29-Sep-17","GDR","4486996","February 12, 2019-KB4486996 (OS Build 16299.967)","http://support.microsoft.com/kb/4486996","No LDR Only available","No LDR Only available","No LDR Only available","rEX","19-02Rollup"
"Rdpshell.exe","RDS_remote_App","6.2.16299.696","0","30-Aug-18","GDR","4486996","February 12, 2019-KB4486996 (OS Build 16299.967)","http://support.microsoft.com/kb/4486996","No LDR Only available","No LDR Only available","No LDR Only available","rEX","19-02Rollup"
"Audioeng.dll","RDS_devRdr","6.2.16299.785","1","30-Oct-18","GDR","4486996","February 12, 2019-KB4486996 (OS Build 16299.967)","http://support.microsoft.com/kb/4486996","No LDR Only available","No LDR Only available","No LDR Only available","rEX","19-02Rollup"
"Audiokse.dll","RDS_devRdr","6.2.16299.785","1","30-Oct-18","GDR","4486996","February 12, 2019-KB4486996 (OS Build 16299.967)","http://support.microsoft.com/kb/4486996","No LDR Only available","No LDR Only available","No LDR Only available","rEX","19-02Rollup"
"Audioses.dll","RDS_devRdr","6.2.16299.785","1","30-Oct-18","GDR","4486996","February 12, 2019-KB4486996 (OS Build 16299.967)","http://support.microsoft.com/kb/4486996","No LDR Only available","No LDR Only available","No LDR Only available","rEX","19-02Rollup"
"Audiosrv.dll","RDS_devRdr","6.2.16299.785","1","30-Oct-18","GDR","4486996","February 12, 2019-KB4486996 (OS Build 16299.967)","http://support.microsoft.com/kb/4486996","No LDR Only available","No LDR Only available","No LDR Only available","rEX","19-02Rollup"
"Vmrdvcore.dll","RDS_vHost","6.2.16299.371","0","30-Mar-18","GDR","4486996","February 12, 2019-KB4486996 (OS Build 16299.967)","http://support.microsoft.com/kb/4486996","No LDR Only available","No LDR Only available","No LDR Only available","rEX","19-02Rollup"
"Tsvmhasvc.dll","RDS_vHost","6.2.16299.402","0","15-Apr-18","GDR","4486996","February 12, 2019-KB4486996 (OS Build 16299.967)","http://support.microsoft.com/kb/4486996","No LDR Only available","No LDR Only available","No LDR Only available","rEX","19-02Rollup"
"lserver.dll","RDS_license","6.2.16299.334","1","13-Mar-18","GDR","4486996","February 12, 2019-KB4486996 (OS Build 16299.967)","http://support.microsoft.com/kb/4486996","No LDR Only available","No LDR Only available","No LDR Only available","rEX","19-02Rollup"
"dxgkrnl.sys","RDS_host","6.2.16299.785","1","30-Oct-18","GDR","4486996","February 12, 2019-KB4486996 (OS Build 16299.967)","http://support.microsoft.com/kb/4486996","No LDR Only available","No LDR Only available","No LDR Only available","rEX","19-02Rollup"
"sessenv.dll","RDS_host","6.2.16299.371","1","30-Mar-18","GDR","4486996","February 12, 2019-KB4486996 (OS Build 16299.967)","http://support.microsoft.com/kb/4486996","No LDR Only available","No LDR Only available","No LDR Only available","rEX","19-02Rollup"
"Profsvc.dll","Dom_ProfProc","6.2.16299.402","1","15-Apr-18","GDR","4486996","February 12, 2019-KB4486996 (OS Build 16299.967)","http://support.microsoft.com/kb/4486996","No LDR Only available","No LDR Only available","No LDR Only available","rEX","19-02Rollup"
"4485448","Win2016_19_02_SvcStack_KB"," ","0","12-Feb-2019","GDR","4485448","Servicing stack update for Windows Server 2016 version 1709 and Windows 10 version 1709: February 12, 2019","http://support.microsoft.com/kb/4485448","KB only","KB only","KB Only"," ","No Rollup"
"4487021","Win2016_19_02_C_rollup_KB"," ","0","19-Feb-2019","GDR","4487021 (v1.0)","February 19, 2019-KB4487021 (OS Build 16299.1004)","http://support.microsoft.com/kb/4487021","KB only","KB only","KB Only"," ","19-02Rollup"
