"Binary","Component","Version","Prio","Published","Branch","Article","Title","Link","LDROnlyKB","LDROnlyTitle","LDROnlyLink","Comment","RollupInfo"
"Ntoskrnl.exe","Core_Kernel","6.2.19041.804","0","09-Feb-21","GDR","4601319 (v1.0)","February 9, 2021-KB4601319 (OS Builds 19041.804 and 19042.804)","http://support.microsoft.com/kb/4601319","KB only","KB only","KB only"," ","21-02Rollup"
"Ntkrnlpa.exe","Core_Kernel","6.2.19041.1","0","06-May-20","GDR","4601319 (v1.0)","February 9, 2021-KB4601319 (OS Builds 19041.804 and 19042.804)","http://support.microsoft.com/kb/4601319","KB only","KB only","KB only"," ","21-02Rollup"
"Crashdmp.sys","Core_Kernel","6.2.19041.1","0","06-May-20","GDR","4601319 (v1.0)","February 9, 2021-KB4601319 (OS Builds 19041.804 and 19042.804)","http://support.microsoft.com/kb/4601319","KB only","KB only","KB only"," ","21-02Rollup"
"win32k.sys","Core_Kernel","6.2.19041.804","0","09-Feb-21","GDR","4601319 (v1.0)","February 9, 2021-KB4601319 (OS Builds 19041.804 and 19042.804)","http://support.microsoft.com/kb/4601319","KB only","KB only","KB only"," ","21-02Rollup"
"Rdpshell.exe","RDS_remote_App","6.2.19041.746","0","01-Oct-20","GDR","4601319 (v1.0)","February 9, 2021-KB4601319 (OS Builds 19041.804 and 19042.804)","http://support.microsoft.com/kb/4601319","KB only","KB only","KB only"," ","21-02Rollup"
"Rdsdwmdr.dll","RDS_remote_App","6.2.19041.789","0","02-Feb-21","GDR","4601319 (v1.0)","February 9, 2021-KB4601319 (OS Builds 19041.804 and 19042.804)","http://support.microsoft.com/kb/4601319","KB only","KB only","KB only"," ","21-02Rollup"
"Tscfgwmi.dll","RDS_remote_App","6.2.19041.546","0","01-Oct-20","GDR","4601319 (v1.0)","February 9, 2021-KB4601319 (OS Builds 19041.804 and 19042.804)","http://support.microsoft.com/kb/4601319","KB only","KB only","KB only"," ","21-02Rollup"
"Audioeng.dll","RDS_devRdr","6.2.19041.804","1","09-Feb-21","GDR","4601319 (v1.0)","February 9, 2021-KB4601319 (OS Builds 19041.804 and 19042.804)","http://support.microsoft.com/kb/4601319","KB only","KB only","KB only"," ","21-02Rollup"
"Audiokse.dll","RDS_devRdr","6.2.19041.804","1","09-Feb-21","GDR","4601319 (v1.0)","February 9, 2021-KB4601319 (OS Builds 19041.804 and 19042.804)","http://support.microsoft.com/kb/4601319","KB only","KB only","KB only"," ","21-02Rollup"
"Audioses.dll","RDS_devRdr","6.2.19041.789","1","02-Feb-21","GDR","4601319 (v1.0)","February 9, 2021-KB4601319 (OS Builds 19041.804 and 19042.804)","http://support.microsoft.com/kb/4601319","KB only","KB only","KB only"," ","21-02Rollup"
"Audiosrv.dll","RDS_devRdr","6.2.19041.804","1","09-Feb-21","GDR","4601319 (v1.0)","February 9, 2021-KB4601319 (OS Builds 19041.804 and 19042.804)","http://support.microsoft.com/kb/4601319","KB only","KB only","KB only"," ","21-02Rollup"
"Wsepno.dll","RDS_msTsc","7.0.19041.1","1","06-May-20","GDR","4601319 (v1.0)","February 9, 2021-KB4601319 (OS Builds 19041.804 and 19042.804)","http://support.microsoft.com/kb/4601319","KB only","KB only","KB only"," ","21-02Rollup"
"Xpsgdiconverter.dll","RDS_msTsc","6.2.19041.1","1","06-May-20","GDR","4601319 (v1.0)","February 9, 2021-KB4601319 (OS Builds 19041.804 and 19042.804)","http://support.microsoft.com/kb/4601319","KB only","KB only","KB only"," ","21-02Rollup"
"Vmrdvcore.dll","RDS_vHost","6.2.19041.546","0","01-Oct-20","GDR","4601319 (v1.0)","February 9, 2021-KB4601319 (OS Builds 19041.804 and 19042.804)","http://support.microsoft.com/kb/4601319","KB only","KB only","KB only"," ","21-02Rollup"
"Tsvmhasvc.dll","RDS_vHost","6.2.19041.1","0","06-May-20","GDR","4601319 (v1.0)","February 9, 2021-KB4601319 (OS Builds 19041.804 and 19042.804)","http://support.microsoft.com/kb/4601319","KB only","KB only","KB only"," ","21-02Rollup"
"Tssdis.exe","RDS_vHost","6.2.19041.1","0","06-May-20","GDR","4601319 (v1.0)","February 9, 2021-KB4601319 (OS Builds 19041.804 and 19042.804)","http://support.microsoft.com/kb/4601319","KB only","KB only","KB only"," ","21-02Rollup"
"aaedge.dll","RDS_gateway","6.2.19041.1","1","06-May-20","GDR","4601319 (v1.0)","February 9, 2021-KB4601319 (OS Builds 19041.804 and 19042.804)","http://support.microsoft.com/kb/4601319","KB only","KB only","KB only"," ","21-02Rollup"
"lserver.dll","RDS_license","6.2.19041.1","1","06-May-20","GDR","4601319 (v1.0)","February 9, 2021-KB4601319 (OS Builds 19041.804 and 19042.804)","http://support.microsoft.com/kb/4601319","KB only","KB only","KB only"," ","21-02Rollup"
"licmgr.exe","RDS_license","6.2.19041.1","1","06-May-20","GDR","4601319 (v1.0)","February 9, 2021-KB4601319 (OS Builds 19041.804 and 19042.804)","http://support.microsoft.com/kb/4601319","KB only","KB only","KB only"," ","21-02Rollup"
"dxgkrnl.sys","RDS_host","6.2.19041.804","1","09-Feb-21","GDR","4601319 (v1.0)","February 9, 2021-KB4601319 (OS Builds 19041.804 and 19042.804)","http://support.microsoft.com/kb/4601319","KB only","KB only","KB only"," ","21-02Rollup"
"sessenv.dll","RDS_host","6.2.19041.1","1","06-May-20","GDR","4601319 (v1.0)","February 9, 2021-KB4601319 (OS Builds 19041.804 and 19042.804)","http://support.microsoft.com/kb/4601319","KB only","KB only","KB only"," ","21-02Rollup"
"Profprov.dll","Dom_ProfProc","6.2.19041.1","1","06-May-20","GDR","4601319 (v1.0)","February 9, 2021-KB4601319 (OS Builds 19041.804 and 19042.804)","http://support.microsoft.com/kb/4601319","KB only","KB only","KB only"," ","21-02Rollup"
"Profsvc.dll","Dom_ProfProc","6.2.19041.789","1","02-Feb-21","GDR","4601319 (v1.0)","February 9, 2021-KB4601319 (OS Builds 19041.804 and 19042.804)","http://support.microsoft.com/kb/4601319","KB only","KB only","KB only"," ","21-02Rollup"
"4598481","Win2016_20H2_21-01_SSU_KB"," ","0","12-Jan-2021","GDR","4598481","Servicing stack update for Windows 10, version 2004 and 20H2: January 12, 2021","http://support.microsoft.com/kb/4598481","KB only","KB only","KB Only"," ","No Rollup"
"4601319","Win201620H2_21-02_B_rollup_KB"," ","0","09-Feb-2021","GDR","4601319 (v1.0)","February 9, 2021-KB4601319 (OS Builds 19041.804 and 19042.804)","http://support.microsoft.com/kb/4601319","KB only","KB only","KB only"," ","21-02Rollup"
