"Binary","Component","Version","Prio","Published","Branch","Article","Title","Link","LDROnlyKB","LDROnlyTitle","LDROnlyLink","Comment","RollupInfo"
"Ntoskrnl.exe","Core_Kernel","6.2.18362.815","0","21-Apr-20","GDR","4550945","April 21, 2020-KB4550945 (OS Builds 18362.815 and 18363.815)","http://support.microsoft.com/kb/4550945","KB only","KB only","KB only"," ","20-04Rollup"
"Crashdmp.sys","Core_Kernel","6.2.18362.693","0","7-Mar-20","GDR","4550945","April 21, 2020-KB4550945 (OS Builds 18362.815 and 18363.815)","http://support.microsoft.com/kb/4550945","KB only","KB only","KB only"," ","20-04Rollup"
"Ntdll.dll","Core_Kernel","6.2.18362.815","0","21-Apr-20","GDR","4550945","April 21, 2020-KB4550945 (OS Builds 18362.815 and 18363.815)","http://support.microsoft.com/kb/4550945","KB only","KB only","KB only"," ","20-04Rollup"
"Hal.dll","Core_Kernel","6.2.18362.752","0","24-Mar-20","GDR","4550945","April 21, 2020-KB4550945 (OS Builds 18362.815 and 18363.815)","http://support.microsoft.com/kb/4550945","KB only","KB only","KB only"," ","20-04Rollup"
"Fltmgr.sys","Core_Kernel","6.2.18362.267","0","26-Jul-19","GDR","4550945","April 21, 2020-KB4550945 (OS Builds 18362.815 and 18363.815)","http://support.microsoft.com/kb/4550945","KB only","KB only","KB only"," ","20-04Rollup"
"win32k.sys","Core_Kernel","6.2.18362.815","0","21-Apr-20","GDR","4550945","April 21, 2020-KB4550945 (OS Builds 18362.815 and 18363.815)","http://support.microsoft.com/kb/4550945","KB only","KB only","KB only"," ","20-04Rollup"
"Ntfs.sys","Core_FileSystem","6.2.18362.719","0","10-Mar-20","GDR","4550945","April 21, 2020-KB4550945 (OS Builds 18362.815 and 18363.815)","http://support.microsoft.com/kb/4550945","KB only","KB only","KB only"," ","20-04Rollup"
"dedup.sys","Core_FileSystem","6.2.18362.1","0","23-Jan-20","GDR","4550945","April 21, 2020-KB4550945 (OS Builds 18362.815 and 18363.815)","http://support.microsoft.com/kb/4550945","KB only","KB only","KB only"," ","20-04Rollup"
"Msiscsi.sys","Core_DiskSystem","6.2.18362.449","0","24-Oct-19","GDR","4550945","April 21, 2020-KB4550945 (OS Builds 18362.815 and 18363.815)","http://support.microsoft.com/kb/4550945","KB only","KB only","KB only"," ","20-04Rollup"
"Storport.sys","Core_DiskSystem","6.2.18362.815","0","21-Apr-20","GDR","4550945","April 21, 2020-KB4550945 (OS Builds 18362.815 and 18363.815)","http://support.microsoft.com/kb/4550945","KB only","KB only","KB only"," ","20-04Rollup"
"Repdrvfs.dll","Core_WMI","6.2.18362.1","0","8-Feb-20","GDR","4550945","April 21, 2020-KB4550945 (OS Builds 18362.815 and 18363.815)","http://support.microsoft.com/kb/4550945","KB only","KB only","KB only"," ","20-04Rollup"
"Mpio.sys","Core_MPIO","6.2.18362.1","0","7-Mar-20","GDR","4550945","April 21, 2020-KB4550945 (OS Builds 18362.815 and 18363.815)","http://support.microsoft.com/kb/4550945","KB only","KB only","KB only"," ","20-04Rollup"
"wbengine.exe","Core_VSS","6.2.18362.657","1","11-Feb-20","GDR","4550945","April 21, 2020-KB4550945 (OS Builds 18362.815 and 18363.815)","http://support.microsoft.com/kb/4550945","KB only","KB only","KB only"," ","20-04Rollup"
"pci.sys","Core_Sys","6.2.18362.752","1","24-Mar-20","GDR","4550945","April 21, 2020-KB4550945 (OS Builds 18362.815 and 18363.815)","http://support.microsoft.com/kb/4550945","KB only","KB only","KB only"," ","20-04Rollup"
"Volmgr.sys","Core_Sys","6.2.18362.752","1","24-Mar-20","GDR","4550945","April 21, 2020-KB4550945 (OS Builds 18362.815 and 18363.815)","http://support.microsoft.com/kb/4550945","KB only","KB only","KB only"," ","20-04Rollup"
"Advapi32.dll","Core_Apps","6.2.18362.752","0","24-Mar-20","GDR","4550945","April 21, 2020-KB4550945 (OS Builds 18362.815 and 18363.815)","http://support.microsoft.com/kb/4550945","KB only","KB only","KB only"," ","20-04Rollup"
"Tzres.dll","Core_TimeZone","6.2.18362.1","1","22-Jan-20","GDR","4550945","April 21, 2020-KB4550945 (OS Builds 18362.815 and 18363.815)","http://support.microsoft.com/kb/4550945","KB only","KB only","KB only"," ","20-04Rollup"
"Clussvc.exe","Cluster_Core","6.2.18362.1","0","22-Jan-20","GDR","4550945","April 21, 2020-KB4550945 (OS Builds 18362.815 and 18363.815)","http://support.microsoft.com/kb/4550945","KB only","KB only","KB only"," ","20-04Rollup"
"ClusWMI.dll","Cluster_Core","6.2.18362.1","0","22-Jan-20","GDR","4550945","April 21, 2020-KB4550945 (OS Builds 18362.815 and 18363.815)","http://support.microsoft.com/kb/4550945","KB only","KB only","KB only"," ","20-04Rollup"
"Rhs.exe","Cluster_Core","6.2.18362.1","0","23-Jan-20","GDR","4550945","April 21, 2020-KB4550945 (OS Builds 18362.815 and 18363.815)","http://support.microsoft.com/kb/4550945","KB only","KB only","KB only"," ","20-04Rollup"
"Clusres.dll","Cluster_Core","6.2.18362.1","0","23-Jan-20","GDR","4550945","April 21, 2020-KB4550945 (OS Builds 18362.815 and 18363.815)","http://support.microsoft.com/kb/4550945","KB only","KB only","KB only"," ","20-04Rollup"
"Clusres2.dll","Cluster_Core","6.2.18362.1","0","23-Jan-20","GDR","4550945","April 21, 2020-KB4550945 (OS Builds 18362.815 and 18363.815)","http://support.microsoft.com/kb/4550945","KB only","KB only","KB only"," ","20-04Rollup"
"Csvflt.sys","Cluster_CSV","6.2.18362.1","0","23-Jan-20","GDR","4550945","April 21, 2020-KB4550945 (OS Builds 18362.815 and 18363.815)","http://support.microsoft.com/kb/4550945","KB only","KB only","KB only"," ","20-04Rollup"
"Csvfs.sys","Cluster_CSV","6.2.18362.1","0","22-Jan-20","GDR","4550945","April 21, 2020-KB4550945 (OS Builds 18362.815 and 18363.815)","http://support.microsoft.com/kb/4550945","KB only","KB only","KB only"," ","20-04Rollup"
"Vhdmp.sys","Cluster_CSV","6.2.18362.657","0","11-Feb-20","GDR","4550945","April 21, 2020-KB4550945 (OS Builds 18362.815 and 18363.815)","http://support.microsoft.com/kb/4550945","KB only","KB only","KB only"," ","20-04Rollup"
"Volsnap.sys","Cluster_Volsnap","6.2.18362.693","0","7-Mar-20","GDR","4550945","April 21, 2020-KB4550945 (OS Builds 18362.815 and 18363.815)","http://support.microsoft.com/kb/4550945","KB only","KB only","KB only"," ","20-04Rollup"
"Cprepsrv.exe","Cluster_Validation","6.2.18362.1","1","22-Jan-20","GDR","4550945","April 21, 2020-KB4550945 (OS Builds 18362.815 and 18363.815)","http://support.microsoft.com/kb/4550945","KB only","KB only","KB only"," ","20-04Rollup"
"Vmswitch.sys","Hyper-V_Net","6.2.18362.752","1","7-Mar-20","GDR","4550945","April 21, 2020-KB4550945 (OS Builds 18362.815 and 18363.815)","http://support.microsoft.com/kb/4550945","KB only","KB only","KB only"," ","20-04Rollup"
"Ndisimplatform.sys","Hyper-V_Net","6.2.18362.693","1","7-Mar-20","GDR","4550945","April 21, 2020-KB4550945 (OS Builds 18362.815 and 18363.815)","http://support.microsoft.com/kb/4550945","KB only","KB only","KB only"," ","20-04Rollup"
"Vmms.exe","Hyper-V_Net","6.2.18362.449","1","24-Oct-19","GDR","4550945","April 21, 2020-KB4550945 (OS Builds 18362.815 and 18363.815)","http://support.microsoft.com/kb/4550945","KB only","KB only","KB only"," ","20-04Rollup"
"Winnat.sys","Hyper-V_Net","6.2.18362.815","1","21-Apr-20","GDR","4550945","April 21, 2020-KB4550945 (OS Builds 18362.815 and 18363.815)","http://support.microsoft.com/kb/4550945","KB only","KB only","KB only"," ","20-04Rollup"
"Vmbus.sys","Hyper-V_Net","6.2.18362.693","1","7-Mar-20","GDR","4550945","April 21, 2020-KB4550945 (OS Builds 18362.815 and 18363.815)","http://support.microsoft.com/kb/4550945","KB only","KB only","KB only"," ","20-04Rollup"
"Rasapi32.dll","HNV_Net","6.2.18362.387","1","26-Sep-19","GDR","4550945","April 21, 2020-KB4550945 (OS Builds 18362.815 and 18363.815)","http://support.microsoft.com/kb/4550945","KB only","KB only","KB only"," ","20-04Rollup"
"Vmwp.exe","Net_IPv6","6.2.18362.476","1","12-Nov-19","GDR","4550945","April 21, 2020-KB4550945 (OS Builds 18362.815 and 18363.815)","http://support.microsoft.com/kb/4550945","KB only","KB only","KB only"," ","20-04Rollup"
"Vmwp.exe","Hyper-V_app","6.2.18362.657","1","11-Feb-20","GDR","4550945","April 21, 2020-KB4550945 (OS Builds 18362.815 and 18363.815)","http://support.microsoft.com/kb/4550945","KB only","KB only","KB only"," ","20-04Rollup"
"Tcpip.sys","Net_Protocol","6.2.18362.752","0","24-Mar-20","GDR","4550945","April 21, 2020-KB4550945 (OS Builds 18362.815 and 18363.815)","http://support.microsoft.com/kb/4550945","KB only","KB only","KB only"," ","20-04Rollup"
"Afd.sys","Net_Protocol","6.2.18362.815","0","21-Apr-20","GDR","4550945","April 21, 2020-KB4550945 (OS Builds 18362.815 and 18363.815)","http://support.microsoft.com/kb/4550945","KB only","KB only","KB only"," ","20-04Rollup"
"Netio.sys","Net_Protocol","6.2.18362.449","0","24-Oct-19","GDR","4550945","April 21, 2020-KB4550945 (OS Builds 18362.815 and 18363.815)","http://support.microsoft.com/kb/4550945","KB only","KB only","KB only"," ","20-04Rollup"
"Ndis.sys","Net_Protocol","6.2.18362.693","0","7-Mar-20","GDR","4550945","April 21, 2020-KB4550945 (OS Builds 18362.815 and 18363.815)","http://support.microsoft.com/kb/4550945","KB only","KB only","KB only"," ","20-04Rollup"
"srv.sys","Net_SMB_Server","6.2.18362.628","0","11-Feb-20","GDR","4550945","April 21, 2020-KB4550945 (OS Builds 18362.815 and 18363.815)","http://support.microsoft.com/kb/4550945","KB only","KB only","KB only"," ","20-04Rollup"
"srv2.sys","Net_SMB_Server","6.2.18362.753","0","30-Mar-20","GDR","4550945","April 21, 2020-KB4550945 (OS Builds 18362.815 and 18363.815)","http://support.microsoft.com/kb/4550945","KB only","KB only","KB only"," ","20-04Rollup"
"srvnet.sys","Net_SMB_Server","6.2.18362.693","0","7-Mar-20","GDR","4550945","April 21, 2020-KB4550945 (OS Builds 18362.815 and 18363.815)","http://support.microsoft.com/kb/4550945","KB only","KB only","KB only"," ","20-04Rollup"
"Mrxsmb.sys","Net_SMB_Client","6.2.18362.753","0","30-Mar-20","GDR","4550945","April 21, 2020-KB4550945 (OS Builds 18362.815 and 18363.815)","http://support.microsoft.com/kb/4550945","KB only","KB only","KB only"," ","20-04Rollup"
"Mrxsmb20.sys","Net_SMB_Client","6.2.18362.693","0","7-Mar-20","GDR","4550945","April 21, 2020-KB4550945 (OS Builds 18362.815 and 18363.815)","http://support.microsoft.com/kb/4550945","KB only","KB only","KB only"," ","20-04Rollup"
"Rdbss.sys","Net_SMB_Client","6.2.18362.752","0","24-Mar-20","GDR","4550945","April 21, 2020-KB4550945 (OS Builds 18362.815 and 18363.815)","http://support.microsoft.com/kb/4550945","KB only","KB only","KB only"," ","20-04Rollup"
"Netbt.sys","Net_SMB_Client","6.2.18362.145","0","29-May-19","GDR","4550945","April 21, 2020-KB4550945 (OS Builds 18362.815 and 18363.815)","http://support.microsoft.com/kb/4550945","KB only","KB only","KB only"," ","20-04Rollup"
"Mup.sys","Net_SMB_Client","6.2.18362.207","0","27-Jun-19","GDR","4550945","April 21, 2020-KB4550945 (OS Builds 18362.815 and 18363.815)","http://support.microsoft.com/kb/4550945","KB only","KB only","KB only"," ","20-04Rollup"
"wkssvc.dll","Net_SMB_Client","6.2.18362.267","0","26-Jul-19","GDR","4550945","April 21, 2020-KB4550945 (OS Builds 18362.815 and 18363.815)","http://support.microsoft.com/kb/4550945","KB only","KB only","KB only"," ","20-04Rollup"
"4552152","Win2016_1903_20_04_SSU_KB"," ","0","14-Apr-2020","GDR","4552152","Servicing stack update for Windows 10, version 1903 and 1909: April 14, 2020","http://support.microsoft.com/kb/4552152","KB only","KB only","KB Only"," ","No Rollup"
"4550945","Win201619H2_20-04_C_rollup_KB"," ","0","21-Apr-2020","GDR","4550945 (v1.0)","April 21, 2020-KB4550945 (OS Builds 18362.815 and 18363.815)","http://support.microsoft.com/kb/4550945","KB only","KB only","KB only"," ","20-04Rollup"
