"Binary","Component","Version","Prio","Published","Branch","Article","Title","Link","LDROnlyKB","LDROnlyTitle","LDROnlyLink","Comment","RollupInfo"
"Netlogon.dll","Dom_NETLOGON","6.2.14393.3321","0","17-Oct-19","GDR","4525236","November 12, 2019-KB4525236 (OS Build 14393.3326)","http://support.microsoft.com/kb/4525236","No LDR Only available","No LDR Only available","No LDR Only available","rEX","19-11Rollup"
"LogonCli.dll","Dom_NETLOGON","6.2.14393.2007","0","1-Jan-18","GDR","4525236","November 12, 2019-KB4525236 (OS Build 14393.3326)","http://support.microsoft.com/kb/4525236","No LDR Only available","No LDR Only available","No LDR Only available","rEX","19-11Rollup"
"Winlogon.exe","Dom_WINLOGON","6.2.14393.3204","0","31-Aug-19","GDR","4525236","November 12, 2019-KB4525236 (OS Build 14393.3326)","http://support.microsoft.com/kb/4525236","No LDR Only available","No LDR Only available","No LDR Only available","rEX","19-11Rollup"
"Kerberos.dll","Dom_KERBEROS","6.2.14393.3241","0","11-Sep-19","GDR","4525236","November 12, 2019-KB4525236 (OS Build 14393.3326)","http://support.microsoft.com/kb/4525236","No LDR Only available","No LDR Only available","No LDR Only available","rEX","19-11Rollup"
"Msv1_0.dll","Dom_NTLM","6.2.14393.3321","1","17-Oct-19","GDR","4525236","November 12, 2019-KB4525236 (OS Build 14393.3326)","http://support.microsoft.com/kb/4525236","No LDR Only available","No LDR Only available","No LDR Only available","rEX","19-11Rollup"
"Wldap32.dll","Dom_LDAPClient","6.2.14393.3269","0","29-Sep-19","GDR","4525236","November 12, 2019-KB4525236 (OS Build 14393.3326)","http://support.microsoft.com/kb/4525236","No LDR Only available","No LDR Only available","No LDR Only available","rEX","19-11Rollup"
"Lsass.exe","Dom_LSA","6.2.14393.2580","0","10-Oct-18","GDR","4525236","November 12, 2019-KB4525236 (OS Build 14393.3326)","http://support.microsoft.com/kb/4525236","No LDR Only available","No LDR Only available","No LDR Only available","rEX","19-11Rollup"
"Lsasrv.dll","Dom_LSA","6.2.14393.3241","0","11-Sep-19","GDR","4525236","November 12, 2019-KB4525236 (OS Build 14393.3326)","http://support.microsoft.com/kb/4525236","No LDR Only available","No LDR Only available","No LDR Only available","rEX","19-11Rollup"
"Ksecdd.sys","Dom_LSA","6.2.14393.2580","0","10-Oct-18","GDR","4525236","November 12, 2019-KB4525236 (OS Build 14393.3326)","http://support.microsoft.com/kb/4525236","No LDR Only available","No LDR Only available","No LDR Only available","rEX","19-11Rollup"
"Ksecpkg.sys","Dom_LSA","6.2.14393.3241","0","11-Sep-19","GDR","4525236","November 12, 2019-KB4525236 (OS Build 14393.3326)","http://support.microsoft.com/kb/4525236","No LDR Only available","No LDR Only available","No LDR Only available","rEX","19-11Rollup"
"Secur32.dll","Dom_LSA","6.2.14393.2273","0","28-Apr-18","GDR","4525236","November 12, 2019-KB4525236 (OS Build 14393.3326)","http://support.microsoft.com/kb/4525236","No LDR Only available","No LDR Only available","No LDR Only available","rEX","19-11Rollup"
"Sspicli.dll","Dom_LSA","6.2.14393.2580","0","10-Oct-18","GDR","4525236","November 12, 2019-KB4525236 (OS Build 14393.3326)","http://support.microsoft.com/kb/4525236","No LDR Only available","No LDR Only available","No LDR Only available","rEX","19-11Rollup"
"Sspisrv.dll","Dom_LSA","6.2.14393.2580","0","10-Oct-18","GDR","4525236","November 12, 2019-KB4525236 (OS Build 14393.3326)","http://support.microsoft.com/kb/4525236","No LDR Only available","No LDR Only available","No LDR Only available","rEX","19-11Rollup"
"Schannel.dll","Dom_LSA","6.2.14393.3269","0","29-Sep-19","GDR","4525236","November 12, 2019-KB4525236 (OS Build 14393.3326)","http://support.microsoft.com/kb/4525236","No LDR Only available","No LDR Only available","No LDR Only available","rEX","19-11Rollup"
"AclUI.dll","Dom_SecAuditAndConfig","6.2.14393.2515","1","30-Aug-18","GDR","4525236","November 12, 2019-KB4525236 (OS Build 14393.3326)","http://support.microsoft.com/kb/4525236","No LDR Only available","No LDR Only available","No LDR Only available","rEX","19-11Rollup"
"Winscard.dll","Dom_SC_Provider","6.2.14393.2273","1","28-Apr-18","GDR","4525236","November 12, 2019-KB4525236 (OS Build 14393.3326)","http://support.microsoft.com/kb/4525236","No LDR Only available","No LDR Only available","No LDR Only available","rEX","19-11Rollup"
"Basecsp.dll","Dom_SC_Provider","6.2.14393.2608","1","25-Oct-18","GDR","4525236","November 12, 2019-KB4525236 (OS Build 14393.3326)","http://support.microsoft.com/kb/4525236","No LDR Only available","No LDR Only available","No LDR Only available","rEX","19-11Rollup"
"Scksp.dll","Dom_SC_Provider","6.2.14393.2608","1","25-Oct-18","GDR","4525236","November 12, 2019-KB4525236 (OS Build 14393.3326)","http://support.microsoft.com/kb/4525236","No LDR Only available","No LDR Only available","No LDR Only available","rEX","19-11Rollup"
"ScardSvr.dll","Dom_SC_Srv","6.2.14393.2273","1","28-Apr-18","GDR","4525236","November 12, 2019-KB4525236 (OS Build 14393.3326)","http://support.microsoft.com/kb/4525236","No LDR Only available","No LDR Only available","No LDR Only available","rEX","19-11Rollup"
"Scfilter.sys","Dom_SC_Srv","6.2.14393.0","1","16-Jul-16","GDR","4525236","November 12, 2019-KB4525236 (OS Build 14393.3326)","http://support.microsoft.com/kb/4525236","No LDR Only available","No LDR Only available","No LDR Only available","rEX","19-11Rollup"
"Certprop.dll","Dom_SC_Srv","6.2.14393.2273","1","28-Apr-18","GDR","4525236","November 12, 2019-KB4525236 (OS Build 14393.3326)","http://support.microsoft.com/kb/4525236","No LDR Only available","No LDR Only available","No LDR Only available","rEX","19-11Rollup"
"Crypt32.dll","Dom_CRYPTO","6.2.14393.3324","1","1-Nov-19","GDR","4525236","November 12, 2019-KB4525236 (OS Build 14393.3326)","http://support.microsoft.com/kb/4525236","No LDR Only available","No LDR Only available","No LDR Only available","rEX","19-11Rollup"
"Cryptnet.dll","Dom_CRYPTO","6.2.14393.2035","1","11-Jan-18","GDR","4525236","November 12, 2019-KB4525236 (OS Build 14393.3326)","http://support.microsoft.com/kb/4525236","No LDR Only available","No LDR Only available","No LDR Only available","rEX","19-11Rollup"
"Wintrust.dll","Dom_CRYPTO","6.2.14393.2791","1","6-Feb-19","GDR","4525236","November 12, 2019-KB4525236 (OS Build 14393.3326)","http://support.microsoft.com/kb/4525236","No LDR Only available","No LDR Only available","No LDR Only available","rEX","19-11Rollup"
"Cryptdll.dll","Dom_CRYPTO","6.2.14393.2969","1","4-May-19","GDR","4525236","November 12, 2019-KB4525236 (OS Build 14393.3326)","http://support.microsoft.com/kb/4525236","No LDR Only available","No LDR Only available","No LDR Only available","rEX","19-11Rollup"
"Cryptcatsvc.dll","Dom_CRYPTO","6.2.14393.3115","1","9-Jul-19","GDR","4525236","November 12, 2019-KB4525236 (OS Build 14393.3326)","http://support.microsoft.com/kb/4525236","No LDR Only available","No LDR Only available","No LDR Only available","rEX","19-11Rollup"
"Gpapi.dll","Dom_GPSVC","6.2.14393.953","0","4-Mar-17","GDR","4525236","November 12, 2019-KB4525236 (OS Build 14393.3326)","http://support.microsoft.com/kb/4525236","No LDR Only available","No LDR Only available","No LDR Only available","rEX","19-11Rollup"
"Gpsvc.dll","Dom_GPSVC","6.2.14393.2457","0","23-Aug-18","GDR","4525236","November 12, 2019-KB4525236 (OS Build 14393.3326)","http://support.microsoft.com/kb/4525236","No LDR Only available","No LDR Only available","No LDR Only available","rEX","19-11Rollup"
"Gpmgmt.dll","Dom_GPSVC","6.2.14393.2879","0","14-Mar-19","GDR","4525236","November 12, 2019-KB4525236 (OS Build 14393.3326)","http://support.microsoft.com/kb/4525236","No LDR Only available","No LDR Only available","No LDR Only available","rEX","19-11Rollup"
"Gprsop.dll","Dom_GPSVC","6.2.14393.2155","0","6-Mar-18","GDR","4525236","November 12, 2019-KB4525236 (OS Build 14393.3326)","http://support.microsoft.com/kb/4525236","No LDR Only available","No LDR Only available","No LDR Only available","rEX","19-11Rollup"
"Userenv.dll","Dom_GPSVC","6.2.14393.3297","0","1-Oct-19","GDR","4525236","November 12, 2019-KB4525236 (OS Build 14393.3326)","http://support.microsoft.com/kb/4525236","No LDR Only available","No LDR Only available","No LDR Only available","rEX","19-11Rollup"
"Appmgmts.dll","Dom_GPExt","6.2.14393.2457","0","23-Aug-18","GDR","4525236","November 12, 2019-KB4525236 (OS Build 14393.3326)","http://support.microsoft.com/kb/4525236","No LDR Only available","No LDR Only available","No LDR Only available","rEX","19-11Rollup"
"Gpprefcl.dll","Dom_GPP","6.2.14393.2608","0","25-Oct-18","GDR","4525236","November 12, 2019-KB4525236 (OS Build 14393.3326)","http://support.microsoft.com/kb/4525236","No LDR Only available","No LDR Only available","No LDR Only available","rEX","19-11Rollup"
"Gpme.dll","Dom_GPP","6.2.14393.3297","0","1-Oct-19","GDR","4525236","November 12, 2019-KB4525236 (OS Build 14393.3326)","http://support.microsoft.com/kb/4525236","No LDR Only available","No LDR Only available","No LDR Only available","rEX","19-11Rollup"
"Gppref.dll","Dom_GPP","6.2.14393.3297","0","1-Oct-19","GDR","4525236","November 12, 2019-KB4525236 (OS Build 14393.3326)","http://support.microsoft.com/kb/4525236","No LDR Only available","No LDR Only available","No LDR Only available","rEX","19-11Rollup"
"Gpprefbr.dll","Dom_GPP","6.2.14393.3297","0","1-Oct-19","GDR","4525236","November 12, 2019-KB4525236 (OS Build 14393.3326)","http://support.microsoft.com/kb/4525236","No LDR Only available","No LDR Only available","No LDR Only available","rEX","19-11Rollup"
"Gpprefcn.dll","Dom_GPP","6.2.14393.2248","0","28-Apr-18","GDR","4525236","November 12, 2019-KB4525236 (OS Build 14393.3326)","http://support.microsoft.com/kb/4525236","No LDR Only available","No LDR Only available","No LDR Only available","rEX","19-11Rollup"
"Gpregistrybrowser.dll","Dom_GPP","6.2.14393.2248","0","28-Apr-18","GDR","4525236","November 12, 2019-KB4525236 (OS Build 14393.3326)","http://support.microsoft.com/kb/4525236","No LDR Only available","No LDR Only available","No LDR Only available","rEX","19-11Rollup"
"Propshts.dll","Dom_GPP","6.2.14393.3297","0","1-Oct-19","GDR","4525236","November 12, 2019-KB4525236 (OS Build 14393.3326)","http://support.microsoft.com/kb/4525236","No LDR Only available","No LDR Only available","No LDR Only available","rEX","19-11Rollup"
"Profsvc.dll","Dom_ProfProc","6.2.14393.1715","0","7-Sep-17","GDR","4525236","November 12, 2019-KB4525236 (OS Build 14393.3326)","http://support.microsoft.com/kb/4525236","No LDR Only available","No LDR Only available","No LDR Only available","rEX","19-11Rollup"
"Fdeploy.dll","Dom_FolderRedir","6.2.14393.3241","0","11-Sep-19","GDR","4525236","November 12, 2019-KB4525236 (OS Build 14393.3326)","http://support.microsoft.com/kb/4525236","No LDR Only available","No LDR Only available","No LDR Only available","rEX","19-11Rollup"
"Esent.dll","Dom_ESENT","6.2.14393.2999","0","21-May-19","GDR","4525236","November 12, 2019-KB4525236 (OS Build 14393.3326)","http://support.microsoft.com/kb/4525236","No LDR Only available","No LDR Only available","No LDR Only available","rEX","19-11Rollup"
"Ntdsai.dll","Dom_NTDSAI","6.2.14393.3297","0","1-Oct-19","GDR","4525236","November 12, 2019-KB4525236 (OS Build 14393.3326)","http://support.microsoft.com/kb/4525236","No LDR Only available","No LDR Only available","No LDR Only available","rEX","19-11Rollup"
"Ntdsutil.exe","Dom_NTDSAI","6.2.14393.2969","0","4-May-19","GDR","4525236","November 12, 2019-KB4525236 (OS Build 14393.3326)","http://support.microsoft.com/kb/4525236","No LDR Only available","No LDR Only available","No LDR Only available","rEX","19-11Rollup"
"Samsrv.dll","Dom_SAMSRV","6.2.14393.3241","0","11-Sep-19","GDR","4525236","November 12, 2019-KB4525236 (OS Build 14393.3326)","http://support.microsoft.com/kb/4525236","No LDR Only available","No LDR Only available","No LDR Only available","rEX","19-11Rollup"
"Samlib.dll","Dom_SAMSRV","6.2.14393.82","0","6-Aug-16","GDR","4525236","November 12, 2019-KB4525236 (OS Build 14393.3326)","http://support.microsoft.com/kb/4525236","No LDR Only available","No LDR Only available","No LDR Only available","rEX","19-11Rollup"
"Mrxsmb.sys","Net_SMB_Client","6.2.14393.3326","0","7-Nov-19","GDR","4525236","November 12, 2019-KB4525236 (OS Build 14393.3326)","http://support.microsoft.com/kb/4525236","No LDR Only available","No LDR Only available","No LDR Only available","rEX","19-11Rollup"
"Mrxsmb10.sys","Net_SMB_Client","6.2.14393.2848","0","6-Mar-19","GDR","4525236","November 12, 2019-KB4525236 (OS Build 14393.3326)","http://support.microsoft.com/kb/4525236","No LDR Only available","No LDR Only available","No LDR Only available","rEX","19-11Rollup"
"Mrxsmb20.sys","Net_SMB_Client","6.2.14393.3326","0","7-Nov-19","GDR","4525236","November 12, 2019-KB4525236 (OS Build 14393.3326)","http://support.microsoft.com/kb/4525236","No LDR Only available","No LDR Only available","No LDR Only available","rEX","19-11Rollup"
"Rdbss.sys","Net_SMB_Client","6.2.14393.3269","0","29-Sep-19","GDR","4525236","November 12, 2019-KB4525236 (OS Build 14393.3326)","http://support.microsoft.com/kb/4525236","No LDR Only available","No LDR Only available","No LDR Only available","rEX","19-11Rollup"
"Netbt.sys","Net_SMB_Client","6.2.14393.2906","0","2-Apr-19","GDR","4525236","November 12, 2019-KB4525236 (OS Build 14393.3326)","http://support.microsoft.com/kb/4525236","No LDR Only available","No LDR Only available","No LDR Only available","rEX","19-11Rollup"
"Mup.sys","Net_SMB_Client","6.2.14393.1378","0","21-Jun-17","GDR","4525236","November 12, 2019-KB4525236 (OS Build 14393.3326)","http://support.microsoft.com/kb/4525236","No LDR Only available","No LDR Only available","No LDR Only available","rEX","19-11Rollup"
"wkssvc.dll","Net_SMB_Client","6.2.14393.2999","0","21-May-19","GDR","4525236","November 12, 2019-KB4525236 (OS Build 14393.3326)","http://support.microsoft.com/kb/4525236","No LDR Only available","No LDR Only available","No LDR Only available","rEX","19-11Rollup"
"Tcpip.sys","Net_Protocol","6.2.14393.3297","0","1-Oct-19","GDR","4525236","November 12, 2019-KB4525236 (OS Build 14393.3326)","http://support.microsoft.com/kb/4525236","No LDR Only available","No LDR Only available","No LDR Only available","rEX","19-11Rollup"
"Afd.sys","Net_Protocol","6.2.14393.3115","0","9-Jul-19","GDR","4525236","November 12, 2019-KB4525236 (OS Build 14393.3326)","http://support.microsoft.com/kb/4525236","No LDR Only available","No LDR Only available","No LDR Only available","rEX","19-11Rollup"
"Netio.sys","Net_Protocol","6.2.14393.3297","0","1-Oct-19","GDR","4525236","November 12, 2019-KB4525236 (OS Build 14393.3326)","http://support.microsoft.com/kb/4525236","No LDR Only available","No LDR Only available","No LDR Only available","rEX","19-11Rollup"
"Ndis.sys","Net_Protocol","6.2.14393.2430","0","7-Aug-18","GDR","4525236","November 12, 2019-KB4525236 (OS Build 14393.3326)","http://support.microsoft.com/kb/4525236","No LDR Only available","No LDR Only available","No LDR Only available","rEX","19-11Rollup"
"Netiohlp.dll","Net_Protocol","6.2.14393.2515","0","30-Aug-18","GDR","4525236","November 12, 2019-KB4525236 (OS Build 14393.3326)","http://support.microsoft.com/kb/4525236","No LDR Only available","No LDR Only available","No LDR Only available","rEX","19-11Rollup"
"Tdx.sys","Net_Protocol","6.2.14393.2339","0","12-Jun-18","GDR","4525236","November 12, 2019-KB4525236 (OS Build 14393.3326)","http://support.microsoft.com/kb/4525236","No LDR Only available","No LDR Only available","No LDR Only available","rEX","19-11Rollup"
"Iphlpapi.dll","Net_Protocol","6.2.14393.2339","0","12-Jun-18","GDR","4525236","November 12, 2019-KB4525236 (OS Build 14393.3326)","http://support.microsoft.com/kb/4525236","No LDR Only available","No LDR Only available","No LDR Only available","rEX","19-11Rollup"
"Dfsc.sys","Net_DFS-N_Client","6.2.14393.2273","0","28-Apr-18","GDR","4525236","November 12, 2019-KB4525236 (OS Build 14393.3326)","http://support.microsoft.com/kb/4525236","No LDR Only available","No LDR Only available","No LDR Only available","rEX","19-11Rollup"
"Csc.sys","Net_CSC_Offline","6.2.14393.2828","0","17-Feb-19","GDR","4525236","November 12, 2019-KB4525236 (OS Build 14393.3326)","http://support.microsoft.com/kb/4525236","No LDR Only available","No LDR Only available","No LDR Only available","rEX","19-11Rollup"
"Cscsvc.dll","Net_CSC_Offline","6.2.14393.2879","0","14-Mar-19","GDR","4525236","November 12, 2019-KB4525236 (OS Build 14393.3326)","http://support.microsoft.com/kb/4525236","No LDR Only available","No LDR Only available","No LDR Only available","rEX","19-11Rollup"
"Cscmig.dll","Net_CSC_Offline","6.2.14393.2828","0","25-Oct-18","GDR","4525236","November 12, 2019-KB4525236 (OS Build 14393.3326)","http://support.microsoft.com/kb/4525236","No LDR Only available","No LDR Only available","No LDR Only available","rEX","19-11Rollup"
"Cscui.dll","Net_CSC_Offline","6.2.14393.2879","0","14-Mar-19","GDR","4525236","November 12, 2019-KB4525236 (OS Build 14393.3326)","http://support.microsoft.com/kb/4525236","No LDR Only available","No LDR Only available","No LDR Only available","rEX","19-11Rollup"
"Mrxdav.sys","Net_WebDAV","6.2.14393.321","0","5-Oct-16","GDR","4525236","November 12, 2019-KB4525236 (OS Build 14393.3326)","http://support.microsoft.com/kb/4525236","No LDR Only available","No LDR Only available","No LDR Only available","rEX","19-11Rollup"
"Webclnt.dll","Net_WebDAV","6.2.14393.2515","0","30-Aug-18","GDR","4525236","November 12, 2019-KB4525236 (OS Build 14393.3326)","http://support.microsoft.com/kb/4525236","No LDR Only available","No LDR Only available","No LDR Only available","rEX","19-11Rollup"
"Davclnt.dll","Net_WebDAV","6.2.14393.2515","0","30-Aug-18","GDR","4525236","November 12, 2019-KB4525236 (OS Build 14393.3326)","http://support.microsoft.com/kb/4525236","No LDR Only available","No LDR Only available","No LDR Only available","rEX","19-11Rollup"
"Shell32.dll","Net_WebDAV","6.2.14393.3321","0","17-Oct-19","GDR","4525236","November 12, 2019-KB4525236 (OS Build 14393.3326)","http://support.microsoft.com/kb/4525236","No LDR Only available","No LDR Only available","No LDR Only available","rEX","19-11Rollup"
"Winhttp.dll","Net_WebDAV","6.2.14393.2848","0","6-Mar-19","GDR","4525236","November 12, 2019-KB4525236 (OS Build 14393.3326)","http://support.microsoft.com/kb/4525236","No LDR Only available","No LDR Only available","No LDR Only available","rEX","19-11Rollup"
"Dhcpcore.dll","Net_DHCP_Client","6.2.14393.3143","0","26-Jul-19","GDR","4525236","November 12, 2019-KB4525236 (OS Build 14393.3326)","http://support.microsoft.com/kb/4525236","No LDR Only available","No LDR Only available","No LDR Only available","rEX","19-11Rollup"
"Dhcpcsvc.dll","Net_DHCP_Client","6.2.14393.0","0","16-Jul-16","GDR","4525236","November 12, 2019-KB4525236 (OS Build 14393.3326)","http://support.microsoft.com/kb/4525236","No LDR Only available","No LDR Only available","No LDR Only available","rEX","19-11Rollup"
"dnsapi.dll","Net_DNS_Client","6.2.14393.2999","0","21-May-19","GDR","4525236","November 12, 2019-KB4525236 (OS Build 14393.3326)","http://support.microsoft.com/kb/4525236","No LDR Only available","No LDR Only available","No LDR Only available","rEX","19-11Rollup"
"dnsrslvr.dll","Net_DNS_Client","6.2.14393.2999","0","21-May-19","GDR","4525236","November 12, 2019-KB4525236 (OS Build 14393.3326)","http://support.microsoft.com/kb/4525236","No LDR Only available","No LDR Only available","No LDR Only available","rEX","19-11Rollup"
"Rpcss.dll","Net_RPC","6.2.14393.3143","1","26-Jul-19","GDR","4525236","November 12, 2019-KB4525236 (OS Build 14393.3326)","http://support.microsoft.com/kb/4525236","No LDR Only available","No LDR Only available","No LDR Only available","rEX","19-11Rollup"
"Rpchttp.dll","Net_RPC","6.2.14393.1770","1","18-Sep-17","GDR","4525236","November 12, 2019-KB4525236 (OS Build 14393.3326)","http://support.microsoft.com/kb/4525236","No LDR Only available","No LDR Only available","No LDR Only available","rEX","19-11Rollup"
"Rpcrt4.dll","Net_RPC","6.2.14393.3321","1","17-Oct-19","GDR","4525236","November 12, 2019-KB4525236 (OS Build 14393.3326)","http://support.microsoft.com/kb/4525236","No LDR Only available","No LDR Only available","No LDR Only available","rEX","19-11Rollup"
"Bfe.dll","Net_Ipsec_BFE","6.2.14393.2430","1","7-Aug-18","GDR","4525236","November 12, 2019-KB4525236 (OS Build 14393.3326)","http://support.microsoft.com/kb/4525236","No LDR Only available","No LDR Only available","No LDR Only available","rEX","19-11Rollup"
"Ikeext.dll","Net_Ipsec_BFE","6.2.14393.2430","1","7-Aug-18","GDR","4525236","November 12, 2019-KB4525236 (OS Build 14393.3326)","http://support.microsoft.com/kb/4525236","No LDR Only available","No LDR Only available","No LDR Only available","rEX","19-11Rollup"
"Fwpuclnt.dll","Net_Ipsec_BFE","6.2.14393.0","1","16-Jul-16","GDR","4525236","November 12, 2019-KB4525236 (OS Build 14393.3326)","http://support.microsoft.com/kb/4525236","No LDR Only available","No LDR Only available","No LDR Only available","rEX","19-11Rollup"
"Iphlpsvc.dll","Net_DirectAccess_Client","6.2.14393.3321","1","17-Oct-19","GDR","4525236","November 12, 2019-KB4525236 (OS Build 14393.3326)","http://support.microsoft.com/kb/4525236","No LDR Only available","No LDR Only available","No LDR Only available","rEX","19-11Rollup"
"Netcorehc.dll","Net_DirectAccess_Client","6.2.14393.2097","1","12-Feb-18","GDR","4525236","November 12, 2019-KB4525236 (OS Build 14393.3326)","http://support.microsoft.com/kb/4525236","No LDR Only available","No LDR Only available","No LDR Only available","rEX","19-11Rollup"
"Rdpcore.dll","Net_DirectAccess_Client","6.2.14393.3269","1","29-Sep-19","GDR","4525236","November 12, 2019-KB4525236 (OS Build 14393.3326)","http://support.microsoft.com/kb/4525236","No LDR Only available","No LDR Only available","No LDR Only available","rEX","19-11Rollup"
"dot3svc.dll","Net_IEEE802.1x","6.2.14393.2007","1","1-Jan-18","GDR","4525236","November 12, 2019-KB4525236 (OS Build 14393.3326)","http://support.microsoft.com/kb/4525236","No LDR Only available","No LDR Only available","No LDR Only available","rEX","19-11Rollup"
"Rastls.dll","Net_IEEE802.1x","6.2.14393.3053","1","13-Jun-19","GDR","4525236","November 12, 2019-KB4525236 (OS Build 14393.3326)","http://support.microsoft.com/kb/4525236","No LDR Only available","No LDR Only available","No LDR Only available","rEX","19-11Rollup"
"wlansvc.dll","Net_WLAN_Client","6.2.14393.3085","1","4-Jul-19","GDR","4525236","November 12, 2019-KB4525236 (OS Build 14393.3326)","http://support.microsoft.com/kb/4525236","No LDR Only available","No LDR Only available","No LDR Only available","rEX","19-11Rollup"
"wlanmsm.dll","Net_WLAN_Client","6.2.14393.82","1","6-Aug-16","GDR","4525236","November 12, 2019-KB4525236 (OS Build 14393.3326)","http://support.microsoft.com/kb/4525236","No LDR Only available","No LDR Only available","No LDR Only available","rEX","19-11Rollup"
"wlanapi.dll","Net_WLAN_Client","6.2.14393.3085","1","4-Jul-19","GDR","4525236","November 12, 2019-KB4525236 (OS Build 14393.3326)","http://support.microsoft.com/kb/4525236","No LDR Only available","No LDR Only available","No LDR Only available","rEX","19-11Rollup"
"wlansec.dll","Net_WLAN_Client","6.2.14393.3085","1","4-Jul-19","GDR","4525236","November 12, 2019-KB4525236 (OS Build 14393.3326)","http://support.microsoft.com/kb/4525236","No LDR Only available","No LDR Only available","No LDR Only available","rEX","19-11Rollup"
"wlansvcpal.dll","Net_WLAN_Client","6.2.14393.82","1","6-Aug-16","GDR","4525236","November 12, 2019-KB4525236 (OS Build 14393.3326)","http://support.microsoft.com/kb/4525236","No LDR Only available","No LDR Only available","No LDR Only available","rEX","19-11Rollup"
"wlanhlp.dll","Net_WLAN_Client","6.2.14393.82","1","6-Aug-16","GDR","4525236","November 12, 2019-KB4525236 (OS Build 14393.3326)","http://support.microsoft.com/kb/4525236","No LDR Only available","No LDR Only available","No LDR Only available","rEX","19-11Rollup"
"Rasapi32.dll","HNV_Net","6.2.14393.2608","1","25-Oct-18","GDR","4525236","November 12, 2019-KB4525236 (OS Build 14393.3326)","http://support.microsoft.com/kb/4525236","No LDR Only available","No LDR Only available","No LDR Only available","rEX","19-11Rollup"
"Mprapi.dll","HNV_Net","6.2.14393.206","1","15-Sep-16","GDR","4525236","November 12, 2019-KB4525236 (OS Build 14393.3326)","http://support.microsoft.com/kb/4525236","No LDR Only available","No LDR Only available","No LDR Only available","rEX","19-11Rollup"
"Dhcpcore6.dll","Net_IPv6","6.2.14393.3143","1","26-Jul-19","GDR","4525236","November 12, 2019-KB4525236 (OS Build 14393.3326)","http://support.microsoft.com/kb/4525236","No LDR Only available","No LDR Only available","No LDR Only available","rEX","19-11Rollup"
"Dhcpcsvc6.dll","Net_IPv6","6.2.14393.0","1","16-Jul-16","GDR","4525236","November 12, 2019-KB4525236 (OS Build 14393.3326)","http://support.microsoft.com/kb/4525236","No LDR Only available","No LDR Only available","No LDR Only available","rEX","19-11Rollup"
"WebIo.dll","Net_BranchCache","6.2.14393.3241","1","11-Sep-19","GDR","4525236","November 12, 2019-KB4525236 (OS Build 14393.3326)","http://support.microsoft.com/kb/4525236","No LDR Only available","No LDR Only available","No LDR Only available","rEX","19-11Rollup"
"Pacer.sys","Net_QoS","6.2.14393.3241","1","11-Sep-19","GDR","4525236","November 12, 2019-KB4525236 (OS Build 14393.3326)","http://support.microsoft.com/kb/4525236","No LDR Only available","No LDR Only available","No LDR Only available","rEX","19-11Rollup"
"Mpsdrv.sys","Net_Firewall","6.2.14393.2485","1","28-Aug-18","GDR","4525236","November 12, 2019-KB4525236 (OS Build 14393.3326)","http://support.microsoft.com/kb/4525236","No LDR Only available","No LDR Only available","No LDR Only available","rEX","19-11Rollup"
"MpsSvc.dll","Net_Firewall","6.2.14393.3085","1","4-Jul-19","GDR","4525236","November 12, 2019-KB4525236 (OS Build 14393.3326)","http://support.microsoft.com/kb/4525236","No LDR Only available","No LDR Only available","No LDR Only available","rEX","19-11Rollup"
"Ntoskrnl.exe","Core_Kernel","6.2.14393.3321","0","17-Oct-19","GDR","4525236","November 12, 2019-KB4525236 (OS Build 14393.3326)","http://support.microsoft.com/kb/4525236","No LDR Only available","No LDR Only available","No LDR Only available","rEX","19-11Rollup"
"Crashdmp.sys","Core_Kernel","6.2.14393.351","0","15-Oct-16","GDR","4525236","November 12, 2019-KB4525236 (OS Build 14393.3326)","http://support.microsoft.com/kb/4525236","No LDR Only available","No LDR Only available","No LDR Only available","rEX","19-11Rollup"
"Ntdll.dll","Core_Kernel","6.2.14393.3241","0","11-Sep-19","GDR","4525236","November 12, 2019-KB4525236 (OS Build 14393.3326)","http://support.microsoft.com/kb/4525236","No LDR Only available","No LDR Only available","No LDR Only available","rEX","19-11Rollup"
"Hal.dll","Core_Kernel","6.2.14393.3297","0","1-Oct-19","GDR","4525236","November 12, 2019-KB4525236 (OS Build 14393.3326)","http://support.microsoft.com/kb/4525236","No LDR Only available","No LDR Only available","No LDR Only available","rEX","19-11Rollup"
"Fltmgr.sys","Core_Kernel","6.2.14393.3297","0","1-Oct-19","GDR","4525236","November 12, 2019-KB4525236 (OS Build 14393.3326)","http://support.microsoft.com/kb/4525236","No LDR Only available","No LDR Only available","No LDR Only available","rEX","19-11Rollup"
"win32k.sys","Core_Kernel","6.2.14393.594","0","14-Dec-16","GDR","4525236","November 12, 2019-KB4525236 (OS Build 14393.3326)","http://support.microsoft.com/kb/4525236","No LDR Only available","No LDR Only available","No LDR Only available","rEX","19-11Rollup"
"Ntfs.sys","Core_FileSystem","6.2.14393.3297","0","1-Oct-19","GDR","4525236","November 12, 2019-KB4525236 (OS Build 14393.3326)","http://support.microsoft.com/kb/4525236","No LDR Only available","No LDR Only available","No LDR Only available","rEX","19-11Rollup"
"dedup.sys","Core_FileSystem","6.2.14393.2828","0","17-Feb-19","GDR","4525236","November 12, 2019-KB4525236 (OS Build 14393.3326)","http://support.microsoft.com/kb/4525236","No LDR Only available","No LDR Only available","No LDR Only available","rEX","19-11Rollup"
"Msiscsi.sys","Core_DiskSystem","6.2.14393.3055","0","21-Jun-19","GDR","4525236","November 12, 2019-KB4525236 (OS Build 14393.3326)","http://support.microsoft.com/kb/4525236","No LDR Only available","No LDR Only available","No LDR Only available","rEX","19-11Rollup"
"Iscsitgt.dll","Core_DiskSystem","6.2.14393.2879","0","14-Mar-19","GDR","4525236","November 12, 2019-KB4525236 (OS Build 14393.3326)","http://support.microsoft.com/kb/4525236","No LDR Only available","No LDR Only available","No LDR Only available","rEX","19-11Rollup"
"Storport.sys","Core_DiskSystem","6.2.14393.3053","0","13-Jun-19","GDR","4525236","November 12, 2019-KB4525236 (OS Build 14393.3326)","http://support.microsoft.com/kb/4525236","No LDR Only available","No LDR Only available","No LDR Only available","rEX","19-11Rollup"
"Repdrvfs.dll","Core_WMI","6.2.14393.3241","0","11-Sep-19","GDR","4525236","November 12, 2019-KB4525236 (OS Build 14393.3326)","http://support.microsoft.com/kb/4525236","No LDR Only available","No LDR Only available","No LDR Only available","rEX","19-11Rollup"
"Advapi32.dll","Core_Apps","6.2.14393.2969","0","30-Aug-18","GDR","4525236","November 12, 2019-KB4525236 (OS Build 14393.3326)","http://support.microsoft.com/kb/4525236","No LDR Only available","No LDR Only available","No LDR Only available","rEX","19-11Rollup"
"Mshtml.dll","IE_Client","11.0.14393.3321","0","17-Oct-19","GDR","4525236","November 12, 2019-KB4525236 (OS Build 14393.3326)","http://support.microsoft.com/kb/4525236","No LDR Only available","No LDR Only available","No LDR Only available","rEX","19-11Rollup"
"4521858","Win2016RS1_19_10_SSU_KB"," ","0","08-Oct-2019","GDR","4521858","Servicing stack update for Windows 10 version 1607: October 8, 2019","http://support.microsoft.com/kb/4521858","KB only","KB only","KB Only"," ","No Rollup"
"4525236","Win2016RS1_19-11_B_rollup_KB"," ","0","12-Nov-2019","GDR","4525236 (v1.0)","November 12, 2019-KB4525236 (OS Build 14393.3326)","http://support.microsoft.com/kb/4525236","KB only","KB only","KB only"," ","19-11Rollup"
