"Binary","Component","Version","Prio","Published","Branch","Article","Title","Link","LDROnlyKB","LDROnlyTitle","LDROnlyLink","Comment","RollupInfo"
"Netlogon.dll","Dom_NETLOGON","6.0.6003.20665","0","14-Oct-19","GDR","4550951","April 14, 2020-KB4550951 (Monthly Rollup)","http://support.microsoft.com/kb/4550951","No LDR Only available","No LDR Only available","No LDR Only available","rEX","20-04Rollup"
"Winlogon.exe","Dom_WINLOGON","6.0.6003.20610","0","30-Jul-19","GDR","4550951","April 14, 2020-KB4550951 (Monthly Rollup)","http://support.microsoft.com/kb/4550951","No LDR Only available","No LDR Only available","No LDR Only available","rEX","20-04Rollup"
"Kerberos.dll","Dom_KERBEROS","6.0.6003.20730","0","20-Jan-20","GDR","4550951","April 14, 2020-KB4550951 (Monthly Rollup)","http://support.microsoft.com/kb/4550951","No LDR Only available","No LDR Only available","No LDR Only available","rEX","20-04Rollup"
"Msv1_0.dll","Dom_NTLM","6.0.6003.20731","1","22-Jan-20","GDR","4550951","April 14, 2020-KB4550951 (Monthly Rollup)","http://support.microsoft.com/kb/4550951","No LDR Only available","No LDR Only available","No LDR Only available","rEX","20-04Rollup"
"wldap32.dll","Dom_LDAPClient","6.0.6002.24130","0","11-Jul-2017","LDR","4025409 (v1.0)","Security update for the Windows elevation of privilege vulnerability in Windows Server 2008: July 11, 2017","http://support.microsoft.com/kb/4025409","2282241 (v1.0)","An error occurs when you use the alias name from an LDAP client computer that is running Windows Vista or Windows Server 2008 to try to establish SSL connections to nodes that host the LDAP service","http://support.microsoft.com/kb/2282241"," ","No Rollup"
"Lsass.exe","Dom_LSA","6.0.6003.20731","0","22-Jan-20","GDR","4550951","April 14, 2020-KB4550951 (Monthly Rollup)","http://support.microsoft.com/kb/4550951","No LDR Only available","No LDR Only available","No LDR Only available","rEX","20-04Rollup"
"Lsasrv.dll","Dom_LSA","6.0.6003.20731","0","22-Jan-20","GDR","4550951","April 14, 2020-KB4550951 (Monthly Rollup)","http://support.microsoft.com/kb/4550951","No LDR Only available","No LDR Only available","No LDR Only available","rEX","20-04Rollup"
"Ksecdd.sys","Dom_LSA","6.0.6003.20729","0","20-Jan-20","GDR","4550951","April 14, 2020-KB4550951 (Monthly Rollup)","http://support.microsoft.com/kb/4550951","No LDR Only available","No LDR Only available","No LDR Only available","rEX","20-04Rollup"
"Secur32.dll","Dom_LSA","6.0.6003.20731","0","22-Jan-20","GDR","4550951","April 14, 2020-KB4550951 (Monthly Rollup)","http://support.microsoft.com/kb/4550951","No LDR Only available","No LDR Only available","No LDR Only available","rEX","20-04Rollup"
"Schannel.dll","Dom_LSA","6.0.6003.20731","0","22-Jan-20","GDR","4550951","April 14, 2020-KB4550951 (Monthly Rollup)","http://support.microsoft.com/kb/4550951","No LDR Only available","No LDR Only available","No LDR Only available","rEX","20-04Rollup"
"scesrv.dll","Dom_SecAuditAndConfig","6.0.6002.24282","1","20-Feb-2018","LDR","4074834 (v1.0)","Event ID 1202 0x4b8 and event ID 1000 0xc0000409 errors in Windows Server 2008 SP2","http://support.microsoft.com/kb/4074834","No LDR Only available","No LDR Only available","No LDR Only available","rEX","No Rollup"
"winscard.dll","Dom_SC_Provider","6.0.6002.24327","1","05-Mar-2018","LDR","4090928 (v1.0)","Windows leaks handles in the lsm.exe process and smart card applications may display SCARD_E_NO_SERVICE"" errors""","http://support.microsoft.com/kb/4090928","No LDR Only available","No LDR Only available","No LDR Only available","rEX","No Rollup"
"basecsp.dll","Dom_SC_Provider","6.0.6002.24398","1","23-May-2018","LDR","4093227 (v1.0)","Description of the security update for the Windows Remote Desktop Protocol (RDP) denial of service vulnerability in Windows Server 2008: April 10, 2018","http://support.microsoft.com/kb/4093227","No LDR Only available","No LDR Only available","No LDR Only available","rEX","No Rollup"
"scksp.dll","Dom_SC_Provider","6.0.6002.24398","1","23-May-2018","LDR","4093227 (v1.0)","Description of the security update for the Windows Remote Desktop Protocol (RDP) denial of service vulnerability in Windows Server 2008: April 10, 2018","http://support.microsoft.com/kb/4093227","No LDR Only available","No LDR Only available","No LDR Only available","rEX","No Rollup"
"scardsvr.dll","Dom_SC_Srv","6.0.6002.22524","1","15.11.2010","LDR","2427997 (v1.0)","A process that connects to a smart card hangs when a program that requires you to use the smart card crashes in Windows Vista, in Windows Server 2008, in Windows 7 or in Windows Server 2008 R2","http://support.microsoft.com/kb/2427997","2427997 (v1.0)","A process that connects to a smart card hangs when a program that requires you to use the smart card crashes in Windows Vista, in Windows Server 2008, in Windows 7 or in Windows Server 2008 R2","http://support.microsoft.com/kb/2427997"," ","No Rollup"
"certprop.dll","Dom_SC_Srv","6.0.6002.22524","1","15.11.2010","LDR","2427997 (v1.0)","A process that connects to a smart card hangs when a program that requires you to use the smart card crashes in Windows Vista, in Windows Server 2008, in Windows 7 or in Windows Server 2008 R2","http://support.microsoft.com/kb/2427997","2427997 (v1.0)","A process that connects to a smart card hangs when a program that requires you to use the smart card crashes in Windows Vista, in Windows Server 2008, in Windows 7 or in Windows Server 2008 R2","http://support.microsoft.com/kb/2427997"," ","No Rollup"
"Crypt32.dll","Dom_CRYPTO","6.0.6003.20731","1","22-Jan-20","GDR","4550951","April 14, 2020-KB4550951 (Monthly Rollup)","http://support.microsoft.com/kb/4550951","No LDR Only available","No LDR Only available","No LDR Only available","rEX","20-04Rollup"
"Cryptsvc.dll","Dom_CRYPTO","6.0.6003.20731","1","22-Jan-20","GDR","4550951","April 14, 2020-KB4550951 (Monthly Rollup)","http://support.microsoft.com/kb/4550951","No LDR Only available","No LDR Only available","No LDR Only available","rEX","20-04Rollup"
"Cryptnet.dll","Dom_CRYPTO","6.0.6003.20731","1","22-Jan-20","GDR","4550951","April 14, 2020-KB4550951 (Monthly Rollup)","http://support.microsoft.com/kb/4550951","No LDR Only available","No LDR Only available","No LDR Only available","rEX","20-04Rollup"
"Wintrust.dll","Dom_CRYPTO","6.0.6003.20731","1","22-Jan-20","GDR","4550951","April 14, 2020-KB4550951 (Monthly Rollup)","http://support.microsoft.com/kb/4550951","No LDR Only available","No LDR Only available","No LDR Only available","rEX","20-04Rollup"
"dimsroam.dll","Dom_DIMS","6.0.6002.22892","1","11.07.2012","LDR","2520487 (v4.0)","AD DS database size increases significantly when the Credential Roaming feature is enabled in Windows 7 or in Windows Server 2008 R2","http://support.microsoft.com/kb/2520487","2520487 (v4.0)","AD DS database size increases significantly when the Credential Roaming feature is enabled in Windows 7 or in Windows Server 2008 R2","http://support.microsoft.com/kb/2520487"," ","No Rollup"
"gpapi.dll","Dom_GPSVC","6.0.6002.23972","1","12.05.2016","LDRGDR","3159398 (v1.0)","MS16-072: Description of the security update for Group Policy: June 14, 2016","http://support.microsoft.com/kb/3159398","2581608 (v1.0)","Logon scripts take a long time to run in Windows Vista, in Windows Server 2008, in Windows 7 or in Windows Server 2008 R2","http://support.microsoft.com/kb/2581608","rEX","No Rollup"
"gpsvc.dll","Dom_GPSVC","6.0.6002.23972","1","12.05.2016","LDRGDR","3159398 (v1.0)","MS16-072: Description of the security update for Group Policy: June 14, 2016","http://support.microsoft.com/kb/3159398","2581608 (v1.0)","Logon scripts take a long time to run in Windows Vista, in Windows Server 2008, in Windows 7 or in Windows Server 2008 R2","http://support.microsoft.com/kb/2581608","rEX","No Rollup"
"gpmgmt.dll","Dom_GPSVC","6.0.6002.22171","1","13.07.2009","LDR","969867 (v1.0)","FIX: You cannot import or paste some group policies across domains by using the ""Group Policy Management"" MMC snap-in","http://support.microsoft.com/kb/969867","969867 (v1.0)","FIX: You cannot import or paste some group policies across domains by using the ""Group Policy Management"" MMC snap-in","http://support.microsoft.com/kb/969867"," ","No Rollup"
"gprsop.dll","Dom_GPSVC","6.0.6002.22171","1","13.07.2009","LDR","969867 (v1.0)","FIX: You cannot import or paste some group policies across domains by using the ""Group Policy Management"" MMC snap-in","http://support.microsoft.com/kb/969867","969867 (v1.0)","FIX: You cannot import or paste some group policies across domains by using the ""Group Policy Management"" MMC snap-in","http://support.microsoft.com/kb/969867"," ","No Rollup"
"Userenv.dll","Dom_GPSVC","6.0.6003.20668","1","5-Nov-19","GDR","4550951","April 14, 2020-KB4550951 (Monthly Rollup)","http://support.microsoft.com/kb/4550951","No LDR Only available","No LDR Only available","No LDR Only available","rEX","20-04Rollup"
"gpprnext.dll","Dom_GPExt","6.0.6002.22131","1","12.05.2009","LDR","967113 (v1.0)","Per-machine printer connections that are removed are still displayed in the GPO report about a print client computer that is running Windows Server 2008 or Windows Vista","http://support.microsoft.com/kb/967113","967113 (v1.0)","Per-machine printer connections that are removed are still displayed in the GPO report about a print client computer that is running Windows Server 2008 or Windows Vista","http://support.microsoft.com/kb/967113"," ","No Rollup"
"gpprefcl.dll","Dom_GPP","6.0.6002.23972","1","12.05.2016","LDRGDR","3159398 (v1.0)","MS16-072: Description of the security update for Group Policy: June 14, 2016","http://support.microsoft.com/kb/3159398","3036089 (v1.0)","""0x80070003"" error when a Group Policy preference is applied to a domain-joined computer in Windows Server 2008","http://support.microsoft.com/kb/3036089","rEX","No Rollup"
"gpme.dll","Dom_GPP","6.0.6002.23339","1","11.03.2014","LDRGDR","2928120 (v1.4)","MS14-025: Description of the security update for Group Policy Preferences for systems that have update 2919355 installed: May 13, 2014","http://support.microsoft.com/kb/2928120","2548478 (v1.0)","The start time of a scheduled task in Group Policy Management Editor is changed incorrectly in Windows Vista or in Windows Server 2008","http://support.microsoft.com/kb/2548478"," ","No Rollup"
"gppref.dll","Dom_GPP","6.0.6002.23339","1","11.03.2014","LDRGDR","2928120 (v1.4)","MS14-025: Description of the security update for Group Policy Preferences for systems that have update 2919355 installed: May 13, 2014","http://support.microsoft.com/kb/2928120","2548478 (v1.0)","The start time of a scheduled task in Group Policy Management Editor is changed incorrectly in Windows Vista or in Windows Server 2008","http://support.microsoft.com/kb/2548478"," ","No Rollup"
"gpprefbr.dll","Dom_GPP","6.0.6002.23339","1","11.03.2014","LDRGDR","2928120 (v1.4)","MS14-025: Description of the security update for Group Policy Preferences for systems that have update 2919355 installed: May 13, 2014","http://support.microsoft.com/kb/2928120","2548478 (v1.0)","The start time of a scheduled task in Group Policy Management Editor is changed incorrectly in Windows Vista or in Windows Server 2008","http://support.microsoft.com/kb/2548478"," ","No Rollup"
"gpprefcn.dll","Dom_GPP","6.0.6002.23339","1","11.03.2014","LDRGDR","2928120 (v1.4)","MS14-025: Description of the security update for Group Policy Preferences for systems that have update 2919355 installed: May 13, 2014","http://support.microsoft.com/kb/2928120","2548478 (v1.0)","The start time of a scheduled task in Group Policy Management Editor is changed incorrectly in Windows Vista or in Windows Server 2008","http://support.microsoft.com/kb/2548478"," ","No Rollup"
"gpregistrybrowser.dll","Dom_GPP","6.0.6002.23339","1","11.03.2014","LDRGDR","2928120 (v1.4)","MS14-025: Description of the security update for Group Policy Preferences for systems that have update 2919355 installed: May 13, 2014","http://support.microsoft.com/kb/2928120","2548478 (v1.0)","The start time of a scheduled task in Group Policy Management Editor is changed incorrectly in Windows Vista or in Windows Server 2008","http://support.microsoft.com/kb/2548478"," ","No Rollup"
"propshts.dll","Dom_GPP","6.0.6002.23339","1","11.03.2014","LDRGDR","2928120 (v1.4)","MS14-025: Description of the security update for Group Policy Preferences for systems that have update 2919355 installed: May 13, 2014","http://support.microsoft.com/kb/2928120","2548478 (v1.0)","The start time of a scheduled task in Group Policy Management Editor is changed incorrectly in Windows Vista or in Windows Server 2008","http://support.microsoft.com/kb/2548478"," ","No Rollup"
"repdrvfs.dll","Core_WMI","6.0.6002.22526","0","17.11.2010","LDR","2464876 (v1.0)","The WMI repository is corrupted on a computer that is running Windows Server 2008 or Windows Vista","http://support.microsoft.com/kb/2464876","2464876 (v1.0)","The WMI repository is corrupted on a computer that is running Windows Server 2008 or Windows Vista","http://support.microsoft.com/kb/2464876"," ","No Rollup"
"profprov.dll","Dom_ProfProc","6.0.6002.23557","1","06.12.2014","LDR","3021674 (v1.1)","MS15-003: Vulnerability in Windows User Profile service could allow elevation of privilege: January 13, 201","http://support.microsoft.com/kb/3021674","3021674 (v1.1)","MS15-003: Vulnerability in Windows User Profile service could allow elevation of privilege: January 13, 201","http://support.microsoft.com/kb/3021674"," ","No Rollup"
"profsvc.dll","Dom_ProfProc","6.0.6002.23557","1","06.12.2014","LDRGDR","3021674 (v1.1)","MS15-003: Vulnerability in Windows User Profile service could allow elevation of privilege: January 13, 201","http://support.microsoft.com/kb/3021674","2685893 (v1.0)","Error messages after you change the 2047 character limit in an environment variable on a computer that is running Windows 7 or Windows Server 2008 R2","http://support.microsoft.com/kb/2685893"," ","No Rollup"
"csc.sys","Net_CSC_Offline","6.0.6002.24436","1","28-Jun-2018","LDR","4338380 (v1.0)","Description of the security update for the Windows kernel information disclosure vulnerability in Windows Server 2008: August 14, 2018 ","http://support.microsoft.com/kb/4338380","No LDR Only available","No LDR Only available","No LDR Only available","rEX","No Rollup"
"cscsvc.dll","Net_CSC_Offline","6.0.6002.24436","1","28-Jun-2018","LDR","4338380 (v1.0)","Description of the security update for the Windows kernel information disclosure vulnerability in Windows Server 2008: August 14, 2018 ","http://support.microsoft.com/kb/4338380","No LDR Only available","No LDR Only available","No LDR Only available","rEX","No Rollup"
"cscmig.dll","Net_CSC_Offline","6.0.6002.24436","1","28-Jun-2018","LDR","4338380 (v1.0)","Description of the security update for the Windows kernel information disclosure vulnerability in Windows Server 2008: August 14, 2018 ","http://support.microsoft.com/kb/4338380","No LDR Only available","No LDR Only available","No LDR Only available","rEX","No Rollup"
"esent.dll","Dom_ESENT","6.0.6002.22985","0","24.11.2012","LDR","2786623 (v1.0)","Tuple index is corrupted in a Windows Server 2008 domain or in an LDS instance","http://support.microsoft.com/kb/2786623","2786623 (v1.0)","Tuple index is corrupted in a Windows Server 2008 domain or in an LDS instance","http://support.microsoft.com/kb/2786623"," ","No Rollup"
"ntdsai.dll","Dom_NTDSAI","6.0.6002.24130","0","11-Jun-2017","LDRGDR","4025409 (v1.0)","Security update for the Windows elevation of privilege vulnerability in Windows Server 2008: July 11, 2017","http://support.microsoft.com/kb/4025409","2913087 (v1.0)","Lsass.exe process crashes and error code 255 is logged because of a CNF NTDS Settings object in Active Directory on Windows 7 or Windows Server 2008 R2","http://support.microsoft.com/kb/2913087","rEX","No Rollup"
"Ntdsutil.exe","Dom_NTDSAI","6.0.6002.22758","1","19.12.2011","LDR","2644042 (v6.0)","""error -1101"" when you use the Ntdsutil.exe utility to check an AD DS database's integrity in Windows Server 2008 R2 or in Windows Server 2008","http://support.microsoft.com/kb/2644042","2644042 (v6.0)","""error -1101"" when you use the Ntdsutil.exe utility to check an AD DS database's integrity in Windows Server 2008 R2 or in Windows Server 2008","http://support.microsoft.com/kb/2644042","rEX","No Rollup"
"samsrv.dll","Dom_SAMSRV","6.0.6002.23936","0","18.03.2016","LDRGDR","3148527 (v1.0)","MS16-047: Security update for SAM and LSAD remote protocols: April 12, 2016","http://support.microsoft.com/kb/3148527","2641192 (v1.0)","The badPwdCount attribute is not reset to 0 on a Windows Server 2008 R2-based or Windows Server 2008-based PDC when the reset request is sent from an RODC","http://support.microsoft.com/kb/2641192","rEX","No Rollup"
"samlib.dll","Dom_SAMSRV","6.0.6002.23936","0","18.03.2016","LDRGDR","3148527 (v1.0)","MS16-047: Security update for SAM and LSAD remote protocols: April 12, 2016","http://support.microsoft.com/kb/3148527","2641192 (v1.0)","The badPwdCount attribute is not reset to 0 on a Windows Server 2008 R2-based or Windows Server 2008-based PDC when the reset request is sent from an RODC","http://support.microsoft.com/kb/2641192","rEX","No Rollup"
"Kdcsvc.dll","Dom_KDCSVC","6.0.6003.20574","0","11-Jun-19","GDR","4550951","April 14, 2020-KB4550951 (Monthly Rollup)","http://support.microsoft.com/kb/4550951","No LDR Only available","No LDR Only available","No LDR Only available","rEX","20-04Rollup"
"dfsrs.exe","Dom_DFS-R","6.0.6002.23026","0","24.01.2013","LDR","2387778 (v1.0)","You find a very large increase in the DFS Replication backlogs","http://support.microsoft.com/kb/2387778","2387778 (v1.0)","You find a very large increase in the DFS Replication backlogs","http://support.microsoft.com/kb/2387778"," ","No Rollup"
"dfsrress.dll","Dom_DFS-R","6.0.6002.23026","0","24.01.2013","LDR","2387778 (v1.0)","You find a very large increase in the DFS Replication backlogs","http://support.microsoft.com/kb/2387778","2387778 (v1.0)","You find a very large increase in the DFS Replication backlogs","http://support.microsoft.com/kb/2387778"," ","No Rollup"
"microsoft.identityserver.service.dll","Dom_ADFS","6.1.7601.23675","0","10-Feb-2017","LDRGDR","3217882 (v1.1)","MS17-019: Description of the security update for Active Directory Federation Services: March 14, 2017","http://support.microsoft.com/kb/3217882","2896713 (v1.0)","Update is available to fix several issues after you install security update 2843638 on an AD FS server","http://support.microsoft.com/kb/2896713","rEX","No Rollup"
"microsoft.identityserver.dll","Dom_ADFS","6.1.7601.23675","0","10-Feb-2017","LDRGDR","3217882 (v1.1)","MS17-019: Description of the security update for Active Directory Federation Services: March 14, 2017","http://support.microsoft.com/kb/3217882","2896713 (v1.0)","Update is available to fix several issues after you install security update 2843638 on an AD FS server","http://support.microsoft.com/kb/2896713","rEX","No Rollup"
"4537830","Win2008_20_02_SSU_KB"," ","0","11-Feb-2020","LDR","4537830","Servicing stack update for Windows Server 2008 SP2: February 11, 2020","http://support.microsoft.com/kb/4537830","KB only","KB only","KB Only"," ","No Rollup"
"4538484","Win2008_20_02_ESU_KB"," ","0","11-Feb-2020","LDR","4538484","Extended Security Updates (ESU) Licensing Preparation Package for Windows Server 2008 SP2","http://support.microsoft.com/kb/4538484","KB only","KB only","KB Only"," ","No Rollup"
"3216520","Win2008_17_03_C_rollup_KB"," ","0","21-Mar-2017","LDR","3216520 (v1.0)","March 2017 Preview of the Quality Rollup for the .NET Framework 2.0 SP2, 4.5.2, and 4.6 on Windows Vista SP2 and Windows Server 2008 SP2 (KB 3216520): February 21, 2017","http://support.microsoft.com/kb/3216520","KB only","KB only","KB Only"," ","17-03Rollup"
"4550951","Win2008_20-04_B_rollup_KB"," ","0","14-Apr-2020","GDR","4550951 (v1.0)","April 14, 2020-KB4550951 (Monthly Rollup)","http://support.microsoft.com/kb/4550951","KB only","KB only","KB only"," ","20-04Rollup"
