"Binary","Component","Version","Prio","Published","Branch","Article","Title","Link","LDROnlyKB","LDROnlyTitle","LDROnlyLink","Comment","RollupInfo"
"Ntoskrnl.exe","Core_Kernel","6.3.9600.19538","0","15-Oct-19","LDR","4525243","November 12, 2019-KB4525243 (Monthly Rollup)","http://support.microsoft.com/kb/4525243","No LDR Only available","No LDR Only available","No LDR Only available","rEX","19-11Rollup"
"crashdmp.sys","Core_Kernel","6.3.9600.17622","0","20.12.2014","GDR","3027113 (v1.0)","Can't save a dump file when the system crashes and the Round Robin MPIO policy is used in Windows Server 201","http://support.microsoft.com/kb/3027113","No LDR Only available","No LDR Only available","No LDR Only available","rKB","No Rollup"
"Ntfs.sys","Core_FileSystem","6.3.9600.19377","0","25-May-19","LDR","4525243","November 12, 2019-KB4525243 (Monthly Rollup)","http://support.microsoft.com/kb/4525243","No LDR Only available","No LDR Only available","No LDR Only available","rEX","19-11Rollup"
"dedup.sys","Core_FileSystem","6.3.9600.19242","0","22-Dec-18","LDR","4525243","November 12, 2019-KB4525243 (Monthly Rollup)","http://support.microsoft.com/kb/4525243","No LDR Only available","No LDR Only available","No LDR Only available","rEX","19-11Rollup"
"robocopy.exe","Net_Applications","6.3.9600.17415","1","18.11.2014","GDR","3000850 (v1.8)","November 2014 update rollup for Windows RT 8.1, Windows 8.1, and Windows Server 2012 R","http://support.microsoft.com/kb/3000850","No LDR Only available","No LDR Only available","No LDR Only available"," ","14-11Rollup"
"srv.sys","Net_SMB_Server","6.3.9600.19309","0","21-Feb-19","LDR","4525243","November 12, 2019-KB4525243 (Monthly Rollup)","http://support.microsoft.com/kb/4525243","No LDR Only available","No LDR Only available","No LDR Only available","rEX","19-11Rollup"
"srv2.sys","Net_SMB_Server","6.3.9600.19309","0","21-Feb-19","LDR","4525243","November 12, 2019-KB4525243 (Monthly Rollup)","http://support.microsoft.com/kb/4525243","No LDR Only available","No LDR Only available","No LDR Only available","rEX","19-11Rollup"
"srvnet.sys","Net_SMB_Server","6.3.9600.19309","0","5-Jan-19","LDR","4525243","November 12, 2019-KB4525243 (Monthly Rollup)","http://support.microsoft.com/kb/4525243","No LDR Only available","No LDR Only available","No LDR Only available","rEX","19-11Rollup"
"Srvsvc.dll","Net_SMB_Server","6.3.9600.18817","0","7-Sep-17","LDR","4525243","November 12, 2019-KB4525243 (Monthly Rollup)","http://support.microsoft.com/kb/4525243","No LDR Only available","No LDR Only available","No LDR Only available","rEX","19-11Rollup"
"Mrxsmb.sys","Net_SMB_Client","6.3.9600.19481","0","6-Sep-19","LDR","4525243","November 12, 2019-KB4525243 (Monthly Rollup)","http://support.microsoft.com/kb/4525243","No LDR Only available","No LDR Only available","No LDR Only available","rEX","19-11Rollup"
"Mrxsmb10.sys","Net_SMB_Client","6.3.9600.19293","0","9-Feb-19","LDR","4525243","November 12, 2019-KB4525243 (Monthly Rollup)","http://support.microsoft.com/kb/4525243","No LDR Only available","No LDR Only available","No LDR Only available","rEX","19-11Rollup"
"Mrxsmb20.sys","Net_SMB_Client","6.3.9600.18625","0","1-Feb-17","LDR","4525243","November 12, 2019-KB4525243 (Monthly Rollup)","http://support.microsoft.com/kb/4525243","No LDR Only available","No LDR Only available","No LDR Only available","rEX","19-11Rollup"
"Rdbss.sys","Net_SMB_Client","6.3.9600.19481","0","6-Sep-19","LDR","4525243","November 12, 2019-KB4525243 (Monthly Rollup)","http://support.microsoft.com/kb/4525243","No LDR Only available","No LDR Only available","No LDR Only available","rEX","19-11Rollup"
"Netbt.sys","Net_SMB_Client","6.3.9600.19309","0","21-Feb-19","LDR","4525243","November 12, 2019-KB4525243 (Monthly Rollup)","http://support.microsoft.com/kb/4525243","No LDR Only available","No LDR Only available","No LDR Only available","rEX","19-11Rollup"
"mup.sys","Net_SMB_Client","6.3.9600.18298","0","06.04.2016","GDR","3172614","July 2016 update rollup for Windows RT 8.1, Windows 8.1, and Windows Server 2012 R2","http://support.microsoft.com/kb/3172614","No LDR Only available","No LDR Only available","No LDR Only available","rEX","16-07Rollup"
"wkssvc.dll","Net_SMB_Client","6.3.9600.17415","0","18.11.2014","GDR","3000850 (v1.8)","November 2014 update rollup for Windows RT 8.1, Windows 8.1, and Windows Server 2012 R","http://support.microsoft.com/kb/3000850","No LDR Only available","No LDR Only available","No LDR Only available"," ","14-11Rollup"
"Tcpip.sys","Net_Protocol","6.3.9600.19425","0","11-Jul-19","LDR","4525243","November 12, 2019-KB4525243 (Monthly Rollup)","http://support.microsoft.com/kb/4525243","No LDR Only available","No LDR Only available","No LDR Only available","rEX","19-11Rollup"
"Afd.sys","Net_Protocol","6.3.9600.18930","0","10-Jan-18","LDR","4525243","November 12, 2019-KB4525243 (Monthly Rollup)","http://support.microsoft.com/kb/4525243","No LDR Only available","No LDR Only available","No LDR Only available","rEX","19-11Rollup"
"Netio.sys","Net_Protocol","6.3.9600.19535","0","9-Oct-19","LDR","4525243","November 12, 2019-KB4525243 (Monthly Rollup)","http://support.microsoft.com/kb/4525243","No LDR Only available","No LDR Only available","No LDR Only available","rEX","19-11Rollup"
"Ndis.sys","Net_Protocol","6.3.9600.19090","0","30-Jun-18","LDR","4525243","November 12, 2019-KB4525243 (Monthly Rollup)","http://support.microsoft.com/kb/4525243","No LDR Only available","No LDR Only available","No LDR Only available","rEX","19-11Rollup"
"netiohlp.dll","Net_Protocol","6.3.9600.18202","0","19.01.2016","GDR","3123245 (v1.0)","Update improves port exhaustion identification in Windows Server 2012 R2","http://support.microsoft.com/kb/3123245","No LDR Only available","No LDR Only available","No LDR Only available","rEX","No Rollup"
"Tdx.sys","Net_Protocol","6.3.9600.18939","0","2-Aug-17","LDR","4525243","November 12, 2019-KB4525243 (Monthly Rollup)","http://support.microsoft.com/kb/4525243","No LDR Only available","No LDR Only available","No LDR Only available","rEX","19-11Rollup"
"tunnel.sys","Net_IPv6","6.3.9600.18048","1","05.09.2015","GDR","3078405 (v2.0)","""0x0000004A"" or ""0x0000009F"" Stop error occurs in Windows 8.1","http://support.microsoft.com/kb/3078405","No LDR Only available","No LDR Only available","No LDR Only available","rKB","No Rollup"
"Dhcpcore6.dll","Net_IPv6","6.3.9600.19423","1","9-Jul-19","LDR","4525243","November 12, 2019-KB4525243 (Monthly Rollup)","http://support.microsoft.com/kb/4525243","No LDR Only available","No LDR Only available","No LDR Only available","rEX","19-11Rollup"
"Dhcpcsvc6.dll","Net_IPv6","6.3.9600.19423","1","9-Jul-19","LDR","4525243","November 12, 2019-KB4525243 (Monthly Rollup)","http://support.microsoft.com/kb/4525243","No LDR Only available","No LDR Only available","No LDR Only available","rEX","19-11Rollup"
"Nlasvc.dll","Net_NLA","6.3.9600.19425","0","11-Jul-19","LDR","4525243","November 12, 2019-KB4525243 (Monthly Rollup)","http://support.microsoft.com/kb/4525243","No LDR Only available","No LDR Only available","No LDR Only available","rEX","19-11Rollup"
"Ncsi.dll","Net_NLA","6.3.9600.19425","0","11-Jul-19","LDR","4525243","November 12, 2019-KB4525243 (Monthly Rollup)","http://support.microsoft.com/kb/4525243","No LDR Only available","No LDR Only available","No LDR Only available","rEX","19-11Rollup"
"Nlaapi.dll","Net_NLA","6.3.9600.18895","0","2-Jan-18","LDR","4525243","November 12, 2019-KB4525243 (Monthly Rollup)","http://support.microsoft.com/kb/4525243","No LDR Only available","No LDR Only available","No LDR Only available","rEX","19-11Rollup"
"Msv1_0.dll","Dom_NTLM","6.3.9600.19537","1","11-Oct-19","LDR","4525243","November 12, 2019-KB4525243 (Monthly Rollup)","http://support.microsoft.com/kb/4525243","No LDR Only available","No LDR Only available","No LDR Only available","rEX","19-11Rollup"
"Dns.exe","Net_DNS_Srv","6.3.9600.19397","0","8-Jun-19","LDR","4525243","November 12, 2019-KB4525243 (Monthly Rollup)","http://support.microsoft.com/kb/4525243","No LDR Only available","No LDR Only available","No LDR Only available","rEX","19-11Rollup"
"Dhcpssvc.dll","Net_DHCP_Srv","6.3.9600.19436","0","13-Jul-19","LDR","4525243","November 12, 2019-KB4525243 (Monthly Rollup)","http://support.microsoft.com/kb/4525243","No LDR Only available","No LDR Only available","No LDR Only available","rEX","19-11Rollup"
"dfssvc.exe","Net_DFS-N_Srv","6.3.9600.17722","0","07.03.2015","GDR","3046481 (v1.0)","DFS Namespaces deployment causes slow access or access time-out when you access DFS share in Windows Server 2012 R2","http://support.microsoft.com/kb/3046481","No LDR Only available","No LDR Only available","No LDR Only available","rKB","No Rollup"
"Nfssvc.exe","Net_NFS_Srv","6.3.9600.18751","0","30-Jun-17","LDR","4525243","November 12, 2019-KB4525243 (Monthly Rollup)","http://support.microsoft.com/kb/4525243","No LDR Only available","No LDR Only available","No LDR Only available","rEX","19-11Rollup"
"Nfssvr.sys","Net_NFS_Srv","6.3.9600.19240","0","12-Dec-18","LDR","4525243","November 12, 2019-KB4525243 (Monthly Rollup)","http://support.microsoft.com/kb/4525243","No LDR Only available","No LDR Only available","No LDR Only available","rEX","19-11Rollup"
"Msnfsflt.sys","Net_NFS_Srv","6.3.9600.18336","0","9-May-16","LDR","4525243","November 12, 2019-KB4525243 (Monthly Rollup)","http://support.microsoft.com/kb/4525243","No LDR Only available","No LDR Only available","No LDR Only available","rEX","19-11Rollup"
"Nlb.sys","Net_NLB_Srv","6.3.9600.18183","0","28-Dec-15","LDR","4525243","November 12, 2019-KB4525243 (Monthly Rollup)","http://support.microsoft.com/kb/4525243","No LDR Only available","No LDR Only available","No LDR Only available","rEX","19-11Rollup"
"Csc.sys","Net_CSC_Offline","6.3.9600.19087","1","27-Jun-18","LDR","4525243","November 12, 2019-KB4525243 (Monthly Rollup)","http://support.microsoft.com/kb/4525243","No LDR Only available","No LDR Only available","No LDR Only available","rEX","19-11Rollup"
"cscapi.dll","Net_CSC_Offline","6.3.9600.17927","1","09.07.2015","GDR","3078627 (v1.0)","Offline Files network shares might not be available in Windows 8.1","http://support.microsoft.com/kb/3078627","No LDR Only available","No LDR Only available","No LDR Only available","rKB","No Rollup"
"cscdll.dll","Net_CSC_Offline","6.3.9600.17415","1","09.07.2015","GDR","3078627 (v1.7)","November 2014 update rollup for Windows RT 8.1, Windows 8.1, and Windows Server 2012 R","http://support.microsoft.com/kb/3078627","No LDR Only available","No LDR Only available","No LDR Only available","rKB","No Rollup"
"cscsvc.dll","Net_CSC_Offline","6.3.9600.17929","1","09.07.2015","GDR","3078627 (v1.0)","Offline Files network shares might not be available in Windows 8.1","http://support.microsoft.com/kb/3078627","No LDR Only available","No LDR Only available","No LDR Only available","rKB","No Rollup"
"Cscmig.dll","Net_CSC_Offline","6.3.9600.19087","1","27-Jun-18","LDR","4525243","November 12, 2019-KB4525243 (Monthly Rollup)","http://support.microsoft.com/kb/4525243","No LDR Only available","No LDR Only available","No LDR Only available","rEX","19-11Rollup"
"cscui.dll","Net_CSC_Offline","6.3.9600.17415","1","30.10.2014","GDR","3000850 (v1.7)","November 2014 update rollup for Windows RT 8.1, Windows 8.1, and Windows Server 2012 R2","http://support.microsoft.com/kb/3000850","No LDR Only available","No LDR Only available","No LDR Only available","rEX","14-11Rollup"
"Mrxdav.sys","Net_WebDAV","6.3.9600.18469","1","8-Sep-16","LDR","4525243","November 12, 2019-KB4525243 (Monthly Rollup)","http://support.microsoft.com/kb/4525243","No LDR Only available","No LDR Only available","No LDR Only available","rEX","19-11Rollup"
"Webclnt.dll","Net_WebDAV","6.3.9600.18376","1","09-Jun-2016","GDR","3172614","July 2016 update rollup for Windows RT 8.1, Windows 8.1, and Windows Server 2012 R2","http://support.microsoft.com/kb/3172614","No LDR Only available","No LDR Only available","No LDR Only available","rEX","16-07Rollup"
"davclnt.dll","Net_WebDAV","6.3.9600.17923","1","02.07.2015","GDR","3076949 (v1.0)","MS15-089: Vulnerability in WebDAV could allow security feature bypass: August 11, 2015","http://support.microsoft.com/kb/3076949","No LDR Only available","No LDR Only available","No LDR Only available","rKB","No Rollup"
"Shell32.dll","Net_WebDAV","6.3.9600.19377","1","10-Feb-17","LDR","4525243","November 12, 2019-KB4525243 (Monthly Rollup)","http://support.microsoft.com/kb/4525243","No LDR Only available","No LDR Only available","No LDR Only available","rEX","19-11Rollup"
"Winhttp.dll","Net_WebDAV","6.3.9600.19254","1","27-Dec-18","LDR","4525243","November 12, 2019-KB4525243 (Monthly Rollup)","http://support.microsoft.com/kb/4525243","No LDR Only available","No LDR Only available","No LDR Only available","rEX","19-11Rollup"
"Dfsc.sys","Net_DFS-N_Client","6.3.9600.18895","0","2-Jan-18","LDR","4525243","November 12, 2019-KB4525243 (Monthly Rollup)","http://support.microsoft.com/kb/4525243","No LDR Only available","No LDR Only available","No LDR Only available","rEX","19-11Rollup"
"Dhcpcore.dll","Net_DHCP_Client","6.3.9600.19423","1","9-Jul-19","LDR","4525243","November 12, 2019-KB4525243 (Monthly Rollup)","http://support.microsoft.com/kb/4525243","No LDR Only available","No LDR Only available","No LDR Only available","rEX","19-11Rollup"
"Dhcpcsvc.dll","Net_DHCP_Client","6.3.9600.19423","1","9-Jul-19","LDR","4525243","November 12, 2019-KB4525243 (Monthly Rollup)","http://support.microsoft.com/kb/4525243","No LDR Only available","No LDR Only available","No LDR Only available","rEX","19-11Rollup"
"Gpprefcl.dll","Dom_GPP","6.3.9600.18731","1","15-Jun-17","LDR","4525243","November 12, 2019-KB4525243 (Monthly Rollup)","http://support.microsoft.com/kb/4525243","No LDR Only available","No LDR Only available","No LDR Only available","rEX","19-11Rollup"
"Gpme.dll","Dom_GPP","6.3.9600.18907","1","9-Jan-18","LDR","4525243","November 12, 2019-KB4525243 (Monthly Rollup)","http://support.microsoft.com/kb/4525243","No LDR Only available","No LDR Only available","No LDR Only available","rEX","19-11Rollup"
"Gppref.dll","Dom_GPP","6.3.9600.18907","1","9-Jan-18","LDR","4525243","November 12, 2019-KB4525243 (Monthly Rollup)","http://support.microsoft.com/kb/4525243","No LDR Only available","No LDR Only available","No LDR Only available","rEX","19-11Rollup"
"Gpprefbr.dll","Dom_GPP","6.3.9600.18907","1","9-Jan-18","LDR","4525243","November 12, 2019-KB4525243 (Monthly Rollup)","http://support.microsoft.com/kb/4525243","No LDR Only available","No LDR Only available","No LDR Only available","rEX","19-11Rollup"
"Gpprefcn.dll","Dom_GPP","6.3.9600.18907","1","9-Jan-18","LDR","4525243","November 12, 2019-KB4525243 (Monthly Rollup)","http://support.microsoft.com/kb/4525243","No LDR Only available","No LDR Only available","No LDR Only available","rEX","19-11Rollup"
"Gpregistrybrowser.dll","Dom_GPP","6.3.9600.18907","1","9-Jan-18","LDR","4525243","November 12, 2019-KB4525243 (Monthly Rollup)","http://support.microsoft.com/kb/4525243","No LDR Only available","No LDR Only available","No LDR Only available","rEX","19-11Rollup"
"Propshts.dll","Dom_GPP","6.3.9600.18907","1","9-Jan-18","LDR","4525243","November 12, 2019-KB4525243 (Monthly Rollup)","http://support.microsoft.com/kb/4525243","No LDR Only available","No LDR Only available","No LDR Only available","rEX","19-11Rollup"
"profprov.dll","Dom_ProfProc","6.3.9600.17415","1","18.11.2014","GDR","3000850 (v1.8)","November 2014 update rollup for Windows RT 8.1, Windows 8.1, and Windows Server 2012 R","http://support.microsoft.com/kb/3000850","No LDR Only available","No LDR Only available","No LDR Only available"," ","14-11Rollup"
"profsvc.dll","Dom_ProfProc","6.3.9600.17930","1","10.07.2015","GDR","3078676 (v1.0)","Event 1530 is logged and ProfSvc leaks paged pool memory and handles in Windows 8.1 or Windows Server 2012 R2","http://support.microsoft.com/kb/3078676","No LDR Only available","No LDR Only available","No LDR Only available","rKB","No Rollup"
"Kerberos.dll","Dom_KERBEROS","6.3.9600.19377","0","25-May-19","LDR","4525243","November 12, 2019-KB4525243 (Monthly Rollup)","http://support.microsoft.com/kb/4525243","No LDR Only available","No LDR Only available","No LDR Only available","rEX","19-11Rollup"
"Nfsclnt.exe","Net_NFS_Client","6.3.9600.18751","1","30-Jun-17","LDR","4525243","November 12, 2019-KB4525243 (Monthly Rollup)","http://support.microsoft.com/kb/4525243","No LDR Only available","No LDR Only available","No LDR Only available","rEX","19-11Rollup"
"Nfsnp.dll","Net_NFS_Client","6.3.9600.18384","1","21-Jun-16","LDR","4525243","November 12, 2019-KB4525243 (Monthly Rollup)","http://support.microsoft.com/kb/4525243","No LDR Only available","No LDR Only available","No LDR Only available","rEX","19-11Rollup"
"Nfsrdr.sys","Net_NFS_Client","6.3.9600.18385","1","22-Jun-16","LDR","4525243","November 12, 2019-KB4525243 (Monthly Rollup)","http://support.microsoft.com/kb/4525243","No LDR Only available","No LDR Only available","No LDR Only available","rEX","19-11Rollup"
"dnsapi.dll","Net_DNS_Client","6.3.9600.19060","1","8-Jun-18","LDR","4525243","November 12, 2019-KB4525243 (Monthly Rollup)","http://support.microsoft.com/kb/4525243","No LDR Only available","No LDR Only available","No LDR Only available","rEX","19-11Rollup"
"dnsrslvr.dll","Net_DNS_Client","6.3.9600.19060","1","8-Jun-18","LDR","4525243","November 12, 2019-KB4525243 (Monthly Rollup)","http://support.microsoft.com/kb/4525243","No LDR Only available","No LDR Only available","No LDR Only available","rEX","19-11Rollup"
"dnscacheugc.exe","Net_DNS_Client","6.3.9600.17415","1","18.11.2014","GDR","3000850 (v1.8)","November 2014 update rollup for Windows RT 8.1, Windows 8.1, and Windows Server 2012 R","http://support.microsoft.com/kb/3000850","No LDR Only available","No LDR Only available","No LDR Only available"," ","14-11Rollup"
"Rpcss.dll","Net_RPC","6.3.9600.19425","1","11-Jul-19","LDR","4525243","November 12, 2019-KB4525243 (Monthly Rollup)","http://support.microsoft.com/kb/4525243","No LDR Only available","No LDR Only available","No LDR Only available","rEX","19-11Rollup"
"rpchttp.dll","Net_RPC","6.3.9600.17415","1","30.10.2014","GDR","3000850 (v1.7)","November 2014 update rollup for Windows RT 8.1, Windows 8.1, and Windows Server 2012 R","http://support.microsoft.com/kb/3000850","No LDR Only available","No LDR Only available","No LDR Only available"," ","14-11Rollup"
"Rpcrt4.dll","Net_RPC","6.3.9600.19538","1","15-Oct-19","LDR","4525243","November 12, 2019-KB4525243 (Monthly Rollup)","http://support.microsoft.com/kb/4525243","No LDR Only available","No LDR Only available","No LDR Only available","rEX","19-11Rollup"
"Bfe.dll","Net_Ipsec_BFE","6.3.9600.18895","1","2-Jan-18","LDR","4525243","November 12, 2019-KB4525243 (Monthly Rollup)","http://support.microsoft.com/kb/4525243","No LDR Only available","No LDR Only available","No LDR Only available","rEX","19-11Rollup"
"Ikeext.dll","Net_Ipsec_BFE","6.3.9600.19343","1","4-Apr-19","LDR","4525243","November 12, 2019-KB4525243 (Monthly Rollup)","http://support.microsoft.com/kb/4525243","No LDR Only available","No LDR Only available","No LDR Only available","rEX","19-11Rollup"
"Fwpuclnt.dll","Net_Ipsec_BFE","6.3.9600.18229","1","5-Feb-16","LDR","4525243","November 12, 2019-KB4525243 (Monthly Rollup)","http://support.microsoft.com/kb/4525243","No LDR Only available","No LDR Only available","No LDR Only available","rEX","19-11Rollup"
"Iphlpsvc.dll","Net_DirectAccess_Client","6.3.9600.19532","1","4-Oct-19","LDR","4525243","November 12, 2019-KB4525243 (Monthly Rollup)","http://support.microsoft.com/kb/4525243","No LDR Only available","No LDR Only available","No LDR Only available","rEX","19-11Rollup"
"Iphlpsvcmigplugin.dll","Net_DirectAccess_Client","6.3.9600.19532","1","4-Oct-19","LDR","4525243","November 12, 2019-KB4525243 (Monthly Rollup)","http://support.microsoft.com/kb/4525243","No LDR Only available","No LDR Only available","No LDR Only available","rEX","19-11Rollup"
"netcorehc.dll","Net_DirectAccess_Client","6.3.9600.17415","1","18.11.2014","GDR","3000850 (v1.8)","November 2014 update rollup for Windows RT 8.1, Windows 8.1, and Windows Server 2012 R","http://support.microsoft.com/kb/3000850","No LDR Only available","No LDR Only available","No LDR Only available"," ","14-11Rollup"
"daotpcredentialprovider.dll","Net_DirectAccess_Client","6.3.9600.17415","1","18.11.2014","GDR","3000850 (v1.8)","November 2014 update rollup for Windows RT 8.1, Windows 8.1, and Windows Server 2012 R","http://support.microsoft.com/kb/3000850","No LDR Only available","No LDR Only available","No LDR Only available"," ","14-11Rollup"
"Rdpcore.dll","Net_DirectAccess_Client","6.3.9600.19482","1","7-Sep-19","LDR","4525243","November 12, 2019-KB4525243 (Monthly Rollup)","http://support.microsoft.com/kb/4525243","No LDR Only available","No LDR Only available","No LDR Only available","rEX","19-11Rollup"
"Damgmt.dll","Net_DirectAccess_Srv","6.3.9600.17795","1","10-Apr-15","GDR","3047280","'The URL cannot be resolved' error in DirectAccess and routing failure on HNV gateway cluster in Windows Server 2012 R2 ","http://support.microsoft.com/kb/3047280","No LDR Only available","No LDR Only available","No LDR Only available","rEX","No Rollup"
"Ramgmtui.exe","Net_DirectAccess_Srv","6.3.9600.17795","1","10-Apr-15","GDR","3047280","'The URL cannot be resolved' error in DirectAccess and routing failure on HNV gateway cluster in Windows Server 2012 R2 ","http://support.microsoft.com/kb/3047280","No LDR Only available","No LDR Only available","No LDR Only available","rEX","No Rollup"
"Ramgmtsvc.dll","Net_DirectAccess_Srv","6.3.9600.17795","1","10-Apr-15","GDR","3047280","'The URL cannot be resolved' error in DirectAccess and routing failure on HNV gateway cluster in Windows Server 2012 R2 ","http://support.microsoft.com/kb/3047280","No LDR Only available","No LDR Only available","No LDR Only available","rEX","No Rollup"
"Rasclusterres.dll","Net_DirectAccess_Srv","6.3.9600.17795","1","10-Apr-15","GDR","3047280","'The URL cannot be resolved' error in DirectAccess and routing failure on HNV gateway cluster in Windows Server 2012 R2 ","http://support.microsoft.com/kb/3047280","No LDR Only available","No LDR Only available","No LDR Only available","rEX","No Rollup"
"Raserverpsprovider.dll","Net_DirectAccess_Srv","6.3.9600.17795","1","10-Apr-15","GDR","3047280","'The URL cannot be resolved' error in DirectAccess and routing failure on HNV gateway cluster in Windows Server 2012 R2 ","http://support.microsoft.com/kb/3047280","No LDR Only available","No LDR Only available","No LDR Only available","rEX","No Rollup"
"dot3svc.dll","Net_IEEE802.1x","6.3.9600.17415","1","18.11.2014","GDR","3000850 (v1.8)","November 2014 update rollup for Windows RT 8.1, Windows 8.1, and Windows Server 2012 R","http://support.microsoft.com/kb/3000850","No LDR Only available","No LDR Only available","No LDR Only available"," ","14-11Rollup"
"Rastls.dll","Net_IEEE802.1x","6.3.9600.18785","1","6-Aug-17","LDR","4525243","November 12, 2019-KB4525243 (Monthly Rollup)","http://support.microsoft.com/kb/4525243","No LDR Only available","No LDR Only available","No LDR Only available","rEX","19-11Rollup"
"wlansvc.dll","Net_WLAN_Client","6.3.9600.19402","1","25-Jun-19","LDR","4525243","November 12, 2019-KB4525243 (Monthly Rollup)","http://support.microsoft.com/kb/4525243","No LDR Only available","No LDR Only available","No LDR Only available","rEX","19-11Rollup"
"wlanmsm.dll","Net_WLAN_Client","6.3.9600.18730","1","13-Jun-17","LDR","4525243","November 12, 2019-KB4525243 (Monthly Rollup)","http://support.microsoft.com/kb/4525243","No LDR Only available","No LDR Only available","No LDR Only available","rEX","19-11Rollup"
"wlanapi.dll","Net_WLAN_Client","6.3.9600.19402","1","25-Jun-19","LDR","4525243","November 12, 2019-KB4525243 (Monthly Rollup)","http://support.microsoft.com/kb/4525243","No LDR Only available","No LDR Only available","No LDR Only available","rEX","19-11Rollup"
"wlansec.dll","Net_WLAN_Client","6.3.9600.18820","1","13-Sep-17","LDR","4525243","November 12, 2019-KB4525243 (Monthly Rollup)","http://support.microsoft.com/kb/4525243","No LDR Only available","No LDR Only available","No LDR Only available","rEX","19-11Rollup"
"wlansvcpal.dll","Net_WLAN_Client","6.3.9600.17415","1","29-Oct-14","LDR","4525243","November 12, 2019-KB4525243 (Monthly Rollup)","http://support.microsoft.com/kb/4525243","No LDR Only available","No LDR Only available","No LDR Only available","rEX","19-11Rollup"
"wlanhlp.dll","Net_WLAN_Client","6.3.9600.17415","1","29-Oct-14","LDR","4525243","November 12, 2019-KB4525243 (Monthly Rollup)","http://support.microsoft.com/kb/4525243","No LDR Only available","No LDR Only available","No LDR Only available","rEX","19-11Rollup"
"netcfgx.dll","Net_Config","6.3.9600.17931","1","15.07.2015","GDR","3055343 (v2.0)","Stop error code 0xD1, 0x139, or 0x3B and random crashes in Windows Server 2012 R2","http://support.microsoft.com/kb/3055343","No LDR Only available","No LDR Only available","No LDR Only available","rKB","No Rollup"
"Rasapi32.dll","HNV_Net","6.3.9600.18404","1","7-Jul-16","LDR","4525243","November 12, 2019-KB4525243 (Monthly Rollup)","http://support.microsoft.com/kb/4525243","No LDR Only available","No LDR Only available","No LDR Only available","rEX","19-11Rollup"
"Mprapi.dll","HNV_Net","6.3.9600.18738","1","24-Jun-17","LDR","4525243","November 12, 2019-KB4525243 (Monthly Rollup)","http://support.microsoft.com/kb/4525243","No LDR Only available","No LDR Only available","No LDR Only available","rEX","19-11Rollup"
"WebIo.dll","Net_BranchCache","6.3.9600.18378","1","11-Jun-2016","GDR","3172614","July 2016 update rollup for Windows RT 8.1, Windows 8.1, and Windows Server 2012 R2","http://support.microsoft.com/kb/3172614","No LDR Only available","No LDR Only available","No LDR Only available","rEX","16-07Rollup"
"Pacer.sys","Net_QoS","6.3.9600.18895","1","2-Jan-18","LDR","4525243","November 12, 2019-KB4525243 (Monthly Rollup)","http://support.microsoft.com/kb/4525243","No LDR Only available","No LDR Only available","No LDR Only available","rEX","19-11Rollup"
"Mpsdrv.sys","Net_Firewall","6.3.9600.19122","1","9-Aug-18","LDR","4525243","November 12, 2019-KB4525243 (Monthly Rollup)","http://support.microsoft.com/kb/4525243","No LDR Only available","No LDR Only available","No LDR Only available","rEX","19-11Rollup"
"MpsSvc.dll","Net_Firewall","6.3.9600.18895","1","2-Jan-18","LDR","4525243","November 12, 2019-KB4525243 (Monthly Rollup)","http://support.microsoft.com/kb/4525243","No LDR Only available","No LDR Only available","No LDR Only available","rEX","19-11Rollup"
"qmgr.dll","Net_BiTS","7.7.9600.17415","1","29.10.2014","GDR","3000850 (v1.7)","November 2014 update rollup for Windows RT 8.1, Windows 8.1, and Windows Server 2012 R2","http://support.microsoft.com/kb/3000850","No LDR Only available","No LDR Only available","No LDR Only available","rEX","14-11Rollup"
"Vmswitch.sys","Hyper-V_Net","6.3.9600.19537","1","11-Oct-19","LDR","4525243","November 12, 2019-KB4525243 (Monthly Rollup)","http://support.microsoft.com/kb/4525243","No LDR Only available","No LDR Only available","No LDR Only available","rEX","19-11Rollup"
"Mslbfoprovider.sys","Hyper-V_Net","6.3.9600.18406","1","09-Jul-2016","LDR","3179574","August 2016 update rollup for Windows RT 8.1, Windows 8.1, and Windows Server 2012 R2","http://support.microsoft.com/kb/3179574","No LDR Only available","No LDR Only available","No LDR Only available","rEX","16-08Rollup"
"wnv.sys","Hyper-V_Net","6.3.9600.17676","1","08.02.2015","GDR","3023869 (v4.0)","Crash on Windows 8.1 or Windows Server 2012 R2 when a WPF driver calls the FwpsConstructIpHeaderForTransportPacket0 function","http://support.microsoft.com/kb/3023869","No LDR Only available","No LDR Only available","No LDR Only available","rEX","No Rollup"
"Vmsntfy.dll","Hyper-V_Net","6.3.9600.17396","1","8-Oct-14","LDR","4525243","November 12, 2019-KB4525243 (Monthly Rollup)","http://support.microsoft.com/kb/4525243","No LDR Only available","No LDR Only available","No LDR Only available","rEX","19-11Rollup"
"ndisimplatform.sys","Hyper-V_Net","6.3.9600.18258","1","03.03.2016","GDR","3145432 (v1.0)","Cluster nodes or VMs go offline when they are using VMQ capable NICs on a Windows Server 2012 R2 host","http://support.microsoft.com/kb/3145432","No LDR Only available","No LDR Only available","No LDR Only available","rEX","No Rollup"
"Vmms.exe","Hyper-V_Net","6.3.9600.19529","1","28-Sep-19","LDR","4525243","November 12, 2019-KB4525243 (Monthly Rollup)","http://support.microsoft.com/kb/4525243","No LDR Only available","No LDR Only available","No LDR Only available","rEX","19-11Rollup"
"winnat.sys","Hyper-V_Net","6.3.9600.18226","1","02.02.2016","GDR","3139164 (v1.0)","Tracert command doesn't receive responses when you trace resources on Internet through Windows Server 2012 R2 HNV GW","http://support.microsoft.com/kb/3139164","No LDR Only available","No LDR Only available","No LDR Only available","rEX","No Rollup"
"pvhdparser.sys","Hyper-V_Net","6.3.9600.18575","1","12-Jan-17","LDR","4525243","November 12, 2019-KB4525243 (Monthly Rollup)","http://support.microsoft.com/kb/4525243","No LDR Only available","No LDR Only available","No LDR Only available","rEX","19-11Rollup"
"Wmisvc.dll","Hyper-V_Net","10.0.14394.1046","1","25-Oct-17","LDR","4525243","November 12, 2019-KB4525243 (Monthly Rollup)","http://support.microsoft.com/kb/4525243","No LDR Only available","No LDR Only available","No LDR Only available","rEX","19-11Rollup"
"Vmbus.sys","Hyper-V_Net","6.3.9600.18907","1","01-Oct-15","LDR","3063109","Hyper-V integration components update for Windows virtual machines","http://support.microsoft.com/kb/3063109","No LDR Only available","No LDR Only available","No LDR Only available","rEX","No Rollup"
"workfolders.exe","Net_WorkFolders","6.3.9600.17415","1","28.07.2015","GDR","3083424 (v1.7)","November 2014 update rollup for Windows RT 8.1, Windows 8.1, and Windows Server 2012 R","http://support.microsoft.com/kb/3083424","No LDR Only available","No LDR Only available","No LDR Only available","rKB","No Rollup"
"workfoldersshell.dll","Net_WorkFolders","6.3.9600.17415","1","28.07.2015","GDR","3083424 (v1.7)","November 2014 update rollup for Windows RT 8.1, Windows 8.1, and Windows Server 2012 R","http://support.microsoft.com/kb/3083424","No LDR Only available","No LDR Only available","No LDR Only available","rKB","No Rollup"
"workfolderssvc.dll","Net_WorkFolders","6.3.9600.18227","1","03.02.2016","GDR","3140222 (v1.0)","Conflicting files in Internet Explorer favorites when Work Folders is installed in Windows 8.1","http://support.microsoft.com/kb/3140222","No LDR Only available","No LDR Only available","No LDR Only available","rEX","No Rollup"
"workfolderscontrol.dll","Net_WorkFolders","6.3.9600.18226","1","02.02.2016","GDR","3140222 (v1.0)","Conflicting files in Internet Explorer favorites when Work Folders is installed in Windows 8.1","http://support.microsoft.com/kb/3140222","No LDR Only available","No LDR Only available","No LDR Only available","rEX","No Rollup"
"WorkFoldersGPExt.dll","Net_WorkFolders","6.3.9600.17415","1","28.07.2015","GDR","3083424 (v1.7)","November 2014 update rollup for Windows RT 8.1, Windows 8.1, and Windows Server 2012 R","http://support.microsoft.com/kb/3083424","No LDR Only available","No LDR Only available","No LDR Only available","rKB","No Rollup"
"Syncsharesvc.dll","Net_WorkFolders","6.3.9600.18558","1","20-Dec-16","LDR","4525243","November 12, 2019-KB4525243 (Monthly Rollup)","http://support.microsoft.com/kb/4525243","No LDR Only available","No LDR Only available","No LDR Only available","rEX","19-11Rollup"
"Syncsharesrv.dll","Net_WorkFolders","6.3.9600.18558","1","20-Dec-16","LDR","4525243","November 12, 2019-KB4525243 (Monthly Rollup)","http://support.microsoft.com/kb/4525243","No LDR Only available","No LDR Only available","No LDR Only available","rEX","19-11Rollup"
"syncsharettlib.dll","Net_WorkFolders","6.3.9600.18558","1","20-Dec-2016","LDR","4525243","November 12, 2019-KB4525243 (Monthly Rollup)","http://support.microsoft.com/kb/4525243","No LDR Only available","No LDR Only available","No LDR Only available","rEX","19-11Rollup"
"Syncsharettsvc.exe","Net_WorkFolders","6.3.9600.18558","1","21-Dec-16","LDR","4525243","November 12, 2019-KB4525243 (Monthly Rollup)","http://support.microsoft.com/kb/4525243","No LDR Only available","No LDR Only available","No LDR Only available","rEX","19-11Rollup"
"4521864","Win2012R2_19_10_SSU_KB","KBOnlyVersion","0","10-Sep-2019","GDR","4521864","Servicing stack update for Windows 8.1, RT 8.1, and Server 2012 R2: October 8, 2019","http://support.microsoft.com/kb/4521864","KB only","KB only","KB only"," ","No Rollup"
"3123245","All_OS_2012R2_important_KB","KBOnlyVersion","0","14-Apr-2016","GDR","3123245 (v4.0)","Update improves port exhaustion identification in Windows Server 2012 R2","http://support.microsoft.com/kb/3123245","KB only","KB only","KB only"," ","No Rollup"
"2919355","Win2012R2_14_04_rollup_KB"," ","0","24.02.2014","GDR","2919355 (v1.14)","Windows RT 8.1, Windows 8.1, and Windows Server 2012 R2 Update: April 2014","http://support.microsoft.com/kb/2919355","KB only","KB only","KB Only"," ","14-04Rollup"
"3000850","Win2012R2_14_11_rollup_KB"," ","0","18.11.2014","GDR","3000850 (v2.0)","November 2014 update rollup for Windows RT 8.1, Windows 8.1, and Windows Server 2012 R2","http://support.microsoft.com/kb/3000850","KB only","KB only","KB Only"," ","14-11Rollup"
"3013769","Win2012R2_14_12_rollup_KB"," ","0","10.12.2014","GDR","3013769 (v2.0)","December 2014 update rollup for Windows RT 8.1, Windows 8.1, and Windows Server 2012 R2","http://support.microsoft.com/kb/3013769","KB only","KB only","KB Only"," ","14-12Rollup"
"3172614","Win2012R2_16_07_rollup_KB"," ","0","19.07.2016","GDR","3172614 (v1.0)","July 2016 update rollup for Windows RT 8.1, Windows 8.1, and Windows Server 2012 R2","http://support.microsoft.com/kb/3172614","KB only","KB only","KB Only"," ","16-07Rollup"
"3179574","Win2012R2_16_08_rollup_KB"," ","0","16.08.2016","GDR","3179574 (v1.0)","August 2016 update rollup for Windows RT 8.1, Windows 8.1, and Windows Server 2012 R2","http://support.microsoft.com/kb/3179574","KB only","KB only","KB Only"," ","16-08Rollup"
"4525243","Win2012R2_19-11_B_rollup_KB"," ","0","12-Nov-2019","GDR","4525243 (v1.0)","November 12, 2019-KB4525243 (Monthly Rollup)","http://support.microsoft.com/kb/4525243","KB only","KB only","KB only"," ","19-11Rollup"
