"Binary","Component","Version","Prio","Published","Branch","Article","Title","Link","LDROnlyKB","LDROnlyTitle","LDROnlyLink","Comment","RollupInfo"
"Ntoskrnl.exe","Core_Kernel","6.2.17763.1098","0","17-Mar-20","GDR","4538461","March 10, 2020-KB4538461 (OS Build 17763.1098)","http://support.microsoft.com/kb/4538461","KB only","KB only","KB only","rEX","20-03Rollup"
"Crashdmp.sys","Core_Kernel","6.2.17763.771","0","8-Oct-19","GDR","4538461 (v1.0)","March 10, 2020-KB4538461 (OS Build 17763.1098)","http://support.microsoft.com/kb/4538461","KB only","KB only","KB only"," ","20-03Rollup"
"Ntdll.dll","Core_Kernel","6.2.17763.1098","0","17-Mar-20","GDR","4538461","March 10, 2020-KB4538461 (OS Build 17763.1098)","http://support.microsoft.com/kb/4538461","KB only","KB only","KB only","rEX","20-03Rollup"
"Hal.dll","Core_Kernel","6.2.17763.1007","0","23-Jan-20","GDR","4538461 (v1.0)","March 10, 2020-KB4538461 (OS Build 17763.1098)","http://support.microsoft.com/kb/4538461","KB only","KB only","KB only"," ","20-03Rollup"
"Fltmgr.sys","Core_Kernel","6.2.17763.831","0","15-Oct-19","GDR","4538461 (v1.0)","March 10, 2020-KB4538461 (OS Build 17763.1098)","http://support.microsoft.com/kb/4538461","KB only","KB only","KB only"," ","20-03Rollup"
"win32k.sys","Core_Kernel","6.2.17763.557","0","11-Jun-19","GDR","4538461 (v1.0)","March 10, 2020-KB4538461 (OS Build 17763.1098)","http://support.microsoft.com/kb/4538461","KB only","KB only","KB only"," ","20-03Rollup"
"Ntfs.sys","Core_FileSystem","6.2.17763.1098","0","17-Mar-20","GDR","4538461","March 10, 2020-KB4538461 (OS Build 17763.1098)","http://support.microsoft.com/kb/4538461","KB only","KB only","KB only","rEX","20-03Rollup"
"dedup.sys","Core_FileSystem","6.2.17763.831","0","12-Feb-19","GDR","4538461 (v1.0)","March 10, 2020-KB4538461 (OS Build 17763.1098)","http://support.microsoft.com/kb/4538461","KB only","KB only","KB only"," ","20-03Rollup"
"Msiscsi.sys","Core_DiskSystem","6.2.17763.593","0","26-Jun-19","GDR","4538461 (v1.0)","March 10, 2020-KB4538461 (OS Build 17763.1098)","http://support.microsoft.com/kb/4538461","KB only","KB only","KB only"," ","20-03Rollup"
"Storport.sys","Core_DiskSystem","6.2.17763.1075","0","23-Jan-20","GDR","4538461 (v1.0)","March 10, 2020-KB4538461 (OS Build 17763.1098)","http://support.microsoft.com/kb/4538461","KB only","KB only","KB only"," ","20-03Rollup"
"Repdrvfs.dll","Core_WMI","6.2.17763.1","0","17-Jan-20","GDR","4538461 (v1.0)","March 10, 2020-KB4538461 (OS Build 17763.1098)","http://support.microsoft.com/kb/4538461","KB only","KB only","KB only"," ","20-03Rollup"
"Mpio.sys","Core_MPIO","6.2.17763.1007","0","22-Jul-19","GDR","4538461 (v1.0)","March 10, 2020-KB4538461 (OS Build 17763.1098)","http://support.microsoft.com/kb/4538461","KB only","KB only","KB only"," ","20-03Rollup"
"Msdsm.sys","Core_MPIO","6.2.17763.652","0","8-Oct-19","GDR","4538461 (v1.0)","March 10, 2020-KB4538461 (OS Build 17763.1098)","http://support.microsoft.com/kb/4538461","KB only","KB only","KB only"," ","20-03Rollup"
"Vssapi.dll","Core_VSS","6.2.17763.592","1","18-Jun-19","GDR","4538461 (v1.0)","March 10, 2020-KB4538461 (OS Build 17763.1098)","http://support.microsoft.com/kb/4538461","KB only","KB only","KB only"," ","20-03Rollup"
"Vsstrace.dll","Core_VSS","6.2.17763.1","1","17-Jan-20","GDR","4538461 (v1.0)","March 10, 2020-KB4538461 (OS Build 17763.1098)","http://support.microsoft.com/kb/4538461","KB only","KB only","KB only"," ","20-03Rollup"
"wbengine.exe","Core_VSS","6.2.17763.1007","1","23-Jan-20","GDR","4538461 (v1.0)","March 10, 2020-KB4538461 (OS Build 17763.1098)","http://support.microsoft.com/kb/4538461","KB only","KB only","KB only"," ","20-03Rollup"
"pci.sys","Core_Sys","6.2.17763.1007","1","23-Jan-20","GDR","4538461 (v1.0)","March 10, 2020-KB4538461 (OS Build 17763.1098)","http://support.microsoft.com/kb/4538461","KB only","KB only","KB only"," ","20-03Rollup"
"Volmgr.sys","Core_Sys","6.2.17763.168","1","5-Dec-18","GDR","4538461 (v1.0)","March 10, 2020-KB4538461 (OS Build 17763.1098)","http://support.microsoft.com/kb/4538461","KB only","KB only","KB only"," ","20-03Rollup"
"Advapi32.dll","Core_Apps","6.2.17763.1","0","17-Jan-20","GDR","4538461 (v1.0)","March 10, 2020-KB4538461 (OS Build 17763.1098)","http://support.microsoft.com/kb/4538461","KB only","KB only","KB only"," ","20-03Rollup"
"Tzres.dll","Core_TimeZone","6.2.17763.529","1","21-May-19","GDR","4538461 (v1.0)","March 10, 2020-KB4538461 (OS Build 17763.1098)","http://support.microsoft.com/kb/4538461","KB only","KB only","KB only"," ","20-03Rollup"
"Tzres.dll","Core_TimeZone","6.2.17763.831","1","15-Oct-19","GDR","4538461 (v1.0)","March 10, 2020-KB4538461 (OS Build 17763.1098)","http://support.microsoft.com/kb/4538461","KB only","KB only","KB only"," ","20-03Rollup"
"Clussvc.exe","Cluster_Core","6.2.17763.1007","0","15-Oct-19","GDR","4538461 (v1.0)","March 10, 2020-KB4538461 (OS Build 17763.1098)","http://support.microsoft.com/kb/4538461","KB only","KB only","KB only"," ","20-03Rollup"
"ClusWMI.dll","Cluster_Core","6.2.17763.831","0","15-Oct-19","GDR","4538461 (v1.0)","March 10, 2020-KB4538461 (OS Build 17763.1098)","http://support.microsoft.com/kb/4538461","KB only","KB only","KB only"," ","20-03Rollup"
"Rhs.exe","Cluster_Core","6.2.17763.719","0","17-Aug-19","GDR","4538461 (v1.0)","March 10, 2020-KB4538461 (OS Build 17763.1098)","http://support.microsoft.com/kb/4538461","KB only","KB only","KB only"," ","20-03Rollup"
"Clusres.dll","Cluster_Core","6.2.17763.771","0","24-Sep-19","GDR","4538461 (v1.0)","March 10, 2020-KB4538461 (OS Build 17763.1098)","http://support.microsoft.com/kb/4538461","KB only","KB only","KB only"," ","20-03Rollup"
"Clusres2.dll","Cluster_Core","6.2.17763.771","0","24-Sep-19","GDR","4538461 (v1.0)","March 10, 2020-KB4538461 (OS Build 17763.1098)","http://support.microsoft.com/kb/4538461","KB only","KB only","KB only"," ","20-03Rollup"
"Csvflt.sys","Cluster_CSV","6.2.17763.529","0","21-May-19","GDR","4538461 (v1.0)","March 10, 2020-KB4538461 (OS Build 17763.1098)","http://support.microsoft.com/kb/4538461","KB only","KB only","KB only"," ","20-03Rollup"
"Csvfs.sys","Cluster_CSV","6.2.17763.831","0","15-Oct-19","GDR","4538461 (v1.0)","March 10, 2020-KB4538461 (OS Build 17763.1098)","http://support.microsoft.com/kb/4538461","KB only","KB only","KB only"," ","20-03Rollup"
"Vhdmp.sys","Cluster_CSV","6.2.17763.1039","0","23-Jan-20","GDR","4538461 (v1.0)","March 10, 2020-KB4538461 (OS Build 17763.1098)","http://support.microsoft.com/kb/4538461","KB only","KB only","KB only"," ","20-03Rollup"
"Volsnap.sys","Cluster_Volsnap","6.2.17763.831","0","8-Oct-19","GDR","4538461 (v1.0)","March 10, 2020-KB4538461 (OS Build 17763.1098)","http://support.microsoft.com/kb/4538461","KB only","KB only","KB only"," ","20-03Rollup"
"Cprepsrv.exe","Cluster_Validation","6.2.17763.831","1","15-Oct-19","GDR","4538461 (v1.0)","March 10, 2020-KB4538461 (OS Build 17763.1098)","http://support.microsoft.com/kb/4538461","KB only","KB only","KB only"," ","20-03Rollup"
"Failoverclusters.agent.interop.dll","Cluster_Validation","6.2.17763.1","1","17-Jan-20","GDR","4538461 (v1.0)","March 10, 2020-KB4538461 (OS Build 17763.1098)","http://support.microsoft.com/kb/4538461","KB only","KB only","KB only"," ","20-03Rollup"
"Vmswitch.sys","Hyper-V_Net","6.2.17763.864","1","8-Oct-19","GDR","4538461 (v1.0)","March 10, 2020-KB4538461 (OS Build 17763.1098)","http://support.microsoft.com/kb/4538461","KB only","KB only","KB only"," ","20-03Rollup"
"Wnv.sys","Hyper-V_Net","6.2.17763.864","1","17-Aug-19","GDR","4538461 (v1.0)","March 10, 2020-KB4538461 (OS Build 17763.1098)","http://support.microsoft.com/kb/4538461","KB only","KB only","KB only"," ","20-03Rollup"
"Ndisimplatform.sys","Hyper-V_Net","6.2.17763.1","1","17-Jan-20","GDR","4538461 (v1.0)","March 10, 2020-KB4538461 (OS Build 17763.1098)","http://support.microsoft.com/kb/4538461","KB only","KB only","KB only"," ","20-03Rollup"
"Vmms.exe","Hyper-V_Net","6.2.17763.1007","1","15-Oct-19","GDR","4538461 (v1.0)","March 10, 2020-KB4538461 (OS Build 17763.1098)","http://support.microsoft.com/kb/4538461","KB only","KB only","KB only"," ","20-03Rollup"
"Winnat.sys","Hyper-V_Net","6.2.17763.1075","1","23-Jan-20","GDR","4538461 (v1.0)","March 10, 2020-KB4538461 (OS Build 17763.1098)","http://support.microsoft.com/kb/4538461","KB only","KB only","KB only"," ","20-03Rollup"
"Vmbus.sys","Hyper-V_Net","6.2.17763.771","1","8-Oct-19","GDR","4538461 (v1.0)","March 10, 2020-KB4538461 (OS Build 17763.1098)","http://support.microsoft.com/kb/4538461","KB only","KB only","KB only"," ","20-03Rollup"
"Rasapi32.dll","HNV_Net","6.2.17763.1007","1","23-Jan-20","GDR","4538461 (v1.0)","March 10, 2020-KB4538461 (OS Build 17763.1098)","http://support.microsoft.com/kb/4538461","KB only","KB only","KB only"," ","20-03Rollup"
"Vmwp.exe","Hyper-V_app","6.2.17763.1039","1","8-Oct-19","GDR","4538461 (v1.0)","March 10, 2020-KB4538461 (OS Build 17763.1098)","http://support.microsoft.com/kb/4538461","KB only","KB only","KB only"," ","20-03Rollup"
"Tcpip.sys","Net_Protocol","6.2.17763.1075","0","23-Jan-20","GDR","4538461 (v1.0)","March 10, 2020-KB4538461 (OS Build 17763.1098)","http://support.microsoft.com/kb/4538461","KB only","KB only","KB only"," ","20-03Rollup"
"Afd.sys","Net_Protocol","6.2.17763.1075","0","23-Jan-20","GDR","4538461 (v1.0)","March 10, 2020-KB4538461 (OS Build 17763.1098)","http://support.microsoft.com/kb/4538461","KB only","KB only","KB only"," ","20-03Rollup"
"Netio.sys","Net_Protocol","6.2.17763.1007","0","23-Jan-20","GDR","4538461 (v1.0)","March 10, 2020-KB4538461 (OS Build 17763.1098)","http://support.microsoft.com/kb/4538461","KB only","KB only","KB only"," ","20-03Rollup"
"Ndis.sys","Net_Protocol","6.2.17763.1075","0","23-Jan-20","GDR","4538461 (v1.0)","March 10, 2020-KB4538461 (OS Build 17763.1098)","http://support.microsoft.com/kb/4538461","KB only","KB only","KB only"," ","20-03Rollup"
"Netiohlp.dll","Net_Protocol","6.2.17763.292","0","12-Feb-19","GDR","4538461 (v1.0)","March 10, 2020-KB4538461 (OS Build 17763.1098)","http://support.microsoft.com/kb/4538461","KB only","KB only","KB only"," ","20-03Rollup"
"Iphlpapi.dll","Net_Protocol","6.2.17763.615","0","9-Jul-19","GDR","4538461 (v1.0)","March 10, 2020-KB4538461 (OS Build 17763.1098)","http://support.microsoft.com/kb/4538461","KB only","KB only","KB only"," ","20-03Rollup"
"srv.sys","Net_SMB_Server","6.2.17763.1007","0","12-Mar-19","GDR","4538461 (v1.0)","March 10, 2020-KB4538461 (OS Build 17763.1098)","http://support.microsoft.com/kb/4538461","KB only","KB only","KB only"," ","20-03Rollup"
"srv2.sys","Net_SMB_Server","6.2.17763.592","0","18-Jun-19","GDR","4538461 (v1.0)","March 10, 2020-KB4538461 (OS Build 17763.1098)","http://support.microsoft.com/kb/4538461","KB only","KB only","KB only"," ","20-03Rollup"
"srvnet.sys","Net_SMB_Server","6.2.17763.1075","0","23-Jan-20","GDR","4538461 (v1.0)","March 10, 2020-KB4538461 (OS Build 17763.1098)","http://support.microsoft.com/kb/4538461","KB only","KB only","KB only"," ","20-03Rollup"
"Srvsvc.dll","Net_SMB_Server","6.2.17763.529","0","21-May-19","GDR","4538461 (v1.0)","March 10, 2020-KB4538461 (OS Build 17763.1098)","http://support.microsoft.com/kb/4538461","KB only","KB only","KB only"," ","20-03Rollup"
"Mrxsmb.sys","Net_SMB_Client","6.2.17763.1075","0","23-Jan-20","GDR","4538461 (v1.0)","March 10, 2020-KB4538461 (OS Build 17763.1098)","http://support.microsoft.com/kb/4538461","KB only","KB only","KB only"," ","20-03Rollup"
"Mrxsmb10.sys","Net_SMB_Client","6.2.17763.379","0","12-Mar-19","GDR","4538461 (v1.0)","March 10, 2020-KB4538461 (OS Build 17763.1098)","http://support.microsoft.com/kb/4538461","KB only","KB only","KB only"," ","20-03Rollup"
"Mrxsmb20.sys","Net_SMB_Client","6.2.17763.864","0","15-Oct-19","GDR","4538461 (v1.0)","March 10, 2020-KB4538461 (OS Build 17763.1098)","http://support.microsoft.com/kb/4538461","KB only","KB only","KB only"," ","20-03Rollup"
"Rdbss.sys","Net_SMB_Client","6.2.17763.802","0","8-Oct-19","GDR","4538461 (v1.0)","March 10, 2020-KB4538461 (OS Build 17763.1098)","http://support.microsoft.com/kb/4538461","KB only","KB only","KB only"," ","20-03Rollup"
"Netbt.sys","Net_SMB_Client","6.2.17763.437","0","9-Apr-19","GDR","4538461 (v1.0)","March 10, 2020-KB4538461 (OS Build 17763.1098)","http://support.microsoft.com/kb/4538461","KB only","KB only","KB only"," ","20-03Rollup"
"Mup.sys","Net_SMB_Client","6.2.17763.1","0","17-Jan-20","GDR","4538461 (v1.0)","March 10, 2020-KB4538461 (OS Build 17763.1098)","http://support.microsoft.com/kb/4538461","KB only","KB only","KB only"," ","20-03Rollup"
"wkssvc.dll","Net_SMB_Client","6.2.17763.592","0","18-Jun-19","GDR","4538461 (v1.0)","March 10, 2020-KB4538461 (OS Build 17763.1098)","http://support.microsoft.com/kb/4538461","KB only","KB only","KB only"," ","20-03Rollup"
"4539571","Win2016RS5_20_03_SSU_KB"," ","0","10-Mar-2020","GDR","4539571","Servicing stack update for Windows 10, version 1809: March 10, 2020","http://support.microsoft.com/kb/4539571","KB only","KB only","KB Only"," ","No Rollup"
"4538461","Win2016RS5_20-03_B_rollup_KB"," ","0","10-Mar-2020","GDR","4538461 (v1.0)","March 10, 2020-KB4538461 (OS Build 17763.1098)","http://support.microsoft.com/kb/4538461","KB only","KB only","KB only"," ","20-03Rollup"
