"Binary","Component","Version","Prio","Published","Branch","Article","Title","Link","LDROnlyKB","LDROnlyTitle","LDROnlyLink","Comment","RollupInfo"
"Ntoskrnl.exe","Core_Kernel","6.2.19041.572","0","13-Oct-20","GDR","4579311 (v1.0)","October 13, 2020-KB4579311 (OS Build 19041.572)","http://support.microsoft.com/kb/4579311","KB only","KB only","KB only"," ","20-10Rollup"
"Ntkrnlpa.exe","Core_Kernel","6.2.19041.1","0","06-May-20","GDR","4579311 (v1.0)","October 13, 2020-KB4579311 (OS Build 19041.572)","http://support.microsoft.com/kb/4579311","KB only","KB only","KB only"," ","20-10Rollup"
"Crashdmp.sys","Core_Kernel","6.2.19041.1","0","06-May-20","GDR","4579311 (v1.0)","October 13, 2020-KB4579311 (OS Build 19041.572)","http://support.microsoft.com/kb/4579311","KB only","KB only","KB only"," ","20-10Rollup"
"Ntdll.dll","Core_Kernel","6.2.19041.546","0","01-Oct-20","GDR","4579311 (v1.0)","October 13, 2020-KB4579311 (OS Build 19041.572)","http://support.microsoft.com/kb/4579311","KB only","KB only","KB only"," ","20-10Rollup"
"Hal.dll","Core_Kernel","6.2.19041.488","0","14-Jul-20","GDR","4579311 (v1.0)","October 13, 2020-KB4579311 (OS Build 19041.572)","http://support.microsoft.com/kb/4579311","KB only","KB only","KB only"," ","20-10Rollup"
"Fltmgr.sys","Core_Kernel","6.2.19041.264","0","06-May-20","GDR","4579311 (v1.0)","October 13, 2020-KB4579311 (OS Build 19041.572)","http://support.microsoft.com/kb/4579311","KB only","KB only","KB only"," ","20-10Rollup"
"win32k.sys","Core_Kernel","6.2.19041.572","0","13-Oct-20","GDR","4579311 (v1.0)","October 13, 2020-KB4579311 (OS Build 19041.572)","http://support.microsoft.com/kb/4579311","KB only","KB only","KB only"," ","20-10Rollup"
"Ntfs.sys","Core_FileSystem","6.2.19041.508","0","06-May-20","GDR","4579311 (v1.0)","October 13, 2020-KB4579311 (OS Build 19041.572)","http://support.microsoft.com/kb/4579311","KB only","KB only","KB only"," ","20-10Rollup"
"dedup.sys","Core_FileSystem","6.2.19041.1","0","06-May-20","GDR","4579311 (v1.0)","October 13, 2020-KB4579311 (OS Build 19041.572)","http://support.microsoft.com/kb/4579311","KB only","KB only","KB only"," ","20-10Rollup"
"Msiscsi.sys","Core_DiskSystem","6.2.19041.1","0","06-May-20","GDR","4579311 (v1.0)","October 13, 2020-KB4579311 (OS Build 19041.572)","http://support.microsoft.com/kb/4579311","KB only","KB only","KB only"," ","20-10Rollup"
"Iscsitgt.dll","Core_DiskSystem","6.2.19041.1","0","06-May-20","GDR","4579311 (v1.0)","October 13, 2020-KB4579311 (OS Build 19041.572)","http://support.microsoft.com/kb/4579311","KB only","KB only","KB only"," ","20-10Rollup"
"Storport.sys","Core_DiskSystem","6.2.19041.488","0","06-May-20","GDR","4579311 (v1.0)","October 13, 2020-KB4579311 (OS Build 19041.572)","http://support.microsoft.com/kb/4579311","KB only","KB only","KB only"," ","20-10Rollup"
"Repdrvfs.dll","Core_WMI","6.2.19041.1","0","06-May-20","GDR","4579311 (v1.0)","October 13, 2020-KB4579311 (OS Build 19041.572)","http://support.microsoft.com/kb/4579311","KB only","KB only","KB only"," ","20-10Rollup"
"Mpio.sys","Core_MPIO","6.2.19041.1","0","06-May-20","GDR","4579311 (v1.0)","October 13, 2020-KB4579311 (OS Build 19041.572)","http://support.microsoft.com/kb/4579311","KB only","KB only","KB only"," ","20-10Rollup"
"Msdsm.sys","Core_MPIO","6.2.19041.1","0","06-May-20","GDR","4579311 (v1.0)","October 13, 2020-KB4579311 (OS Build 19041.572)","http://support.microsoft.com/kb/4579311","KB only","KB only","KB only"," ","20-10Rollup"
"Vssapi.dll","Core_VSS","6.2.19041.546","1","01-Oct-20","GDR","4579311 (v1.0)","October 13, 2020-KB4579311 (OS Build 19041.572)","http://support.microsoft.com/kb/4579311","KB only","KB only","KB only"," ","20-10Rollup"
"Vsstrace.dll","Core_VSS","6.2.19041.546","1","01-Oct-20","GDR","4579311 (v1.0)","October 13, 2020-KB4579311 (OS Build 19041.572)","http://support.microsoft.com/kb/4579311","KB only","KB only","KB only"," ","20-10Rollup"
"vsssvc.exe","Core_VSS","6.2.19041.1","1","06-May-20","GDR","4579311 (v1.0)","October 13, 2020-KB4579311 (OS Build 19041.572)","http://support.microsoft.com/kb/4579311","KB only","KB only","KB only"," ","20-10Rollup"
"Swprv.dll","Core_VSS","6.2.19041.329","1","09-Jun-20","GDR","4579311 (v1.0)","October 13, 2020-KB4579311 (OS Build 19041.572)","http://support.microsoft.com/kb/4579311","KB only","KB only","KB only"," ","20-10Rollup"
"spp.dll","Core_VSS","6.2.19041.1","1","06-May-20","GDR","4579311 (v1.0)","October 13, 2020-KB4579311 (OS Build 19041.572)","http://support.microsoft.com/kb/4579311","KB only","KB only","KB only"," ","20-10Rollup"
"wbengine.exe","Core_VSS","6.2.19041.329","1","09-Jun-20","GDR","4579311 (v1.0)","October 13, 2020-KB4579311 (OS Build 19041.572)","http://support.microsoft.com/kb/4579311","KB only","KB only","KB only"," ","20-10Rollup"
"blbsrv.dll","Core_VSS","6.2.19041.1","1","06-May-20","GDR","4579311 (v1.0)","October 13, 2020-KB4579311 (OS Build 19041.572)","http://support.microsoft.com/kb/4579311","KB only","KB only","KB only"," ","20-10Rollup"
"pci.sys","Core_Sys","6.2.19041.488","1","14-Jul-20","GDR","4579311 (v1.0)","October 13, 2020-KB4579311 (OS Build 19041.572)","http://support.microsoft.com/kb/4579311","KB only","KB only","KB only"," ","20-10Rollup"
"Termdd.sys","Core_Sys","6.2.19041.1","1","06-May-20","GDR","4579311 (v1.0)","October 13, 2020-KB4579311 (OS Build 19041.572)","http://support.microsoft.com/kb/4579311","KB only","KB only","KB only"," ","20-10Rollup"
"Volmgr.sys","Core_Sys","6.2.19041.572","1","13-Oct-20","GDR","4579311 (v1.0)","October 13, 2020-KB4579311 (OS Build 19041.572)","http://support.microsoft.com/kb/4579311","KB only","KB only","KB only"," ","20-10Rollup"
"Advapi32.dll","Core_Apps","6.2.19041.546","0","01-Oct-20","GDR","4579311 (v1.0)","October 13, 2020-KB4579311 (OS Build 19041.572)","http://support.microsoft.com/kb/4579311","KB only","KB only","KB only"," ","20-10Rollup"
"Tzres.dll","Core_TimeZone","6.2.19041.1","1","06-May-20","GDR","4579311 (v1.0)","October 13, 2020-KB4579311 (OS Build 19041.572)","http://support.microsoft.com/kb/4579311","KB only","KB only","KB only"," ","20-10Rollup"
"Clussvc.exe","Cluster_Core","6.2.19041.1","0","06-May-20","GDR","4579311 (v1.0)","October 13, 2020-KB4579311 (OS Build 19041.572)","http://support.microsoft.com/kb/4579311","KB only","KB only","KB only"," ","20-10Rollup"
"ClusWMI.dll","Cluster_Core","6.2.19041.1","0","06-May-20","GDR","4579311 (v1.0)","October 13, 2020-KB4579311 (OS Build 19041.572)","http://support.microsoft.com/kb/4579311","KB only","KB only","KB only"," ","20-10Rollup"
"Rhs.exe","Cluster_Core","6.2.19041.1","0","06-May-20","GDR","4579311 (v1.0)","October 13, 2020-KB4579311 (OS Build 19041.572)","http://support.microsoft.com/kb/4579311","KB only","KB only","KB only"," ","20-10Rollup"
"Clusres.dll","Cluster_Core","6.2.19041.1","0","06-May-20","GDR","4579311 (v1.0)","October 13, 2020-KB4579311 (OS Build 19041.572)","http://support.microsoft.com/kb/4579311","KB only","KB only","KB only"," ","20-10Rollup"
"Clusres2.dll","Cluster_Core","6.2.19041.1","0","06-May-20","GDR","4579311 (v1.0)","October 13, 2020-KB4579311 (OS Build 19041.572)","http://support.microsoft.com/kb/4579311","KB only","KB only","KB only"," ","20-10Rollup"
"Netft.sys","Cluster_Core","6.2.19041.1","0","06-May-20","GDR","4579311 (v1.0)","October 13, 2020-KB4579311 (OS Build 19041.572)","http://support.microsoft.com/kb/4579311","KB only","KB only","KB only"," ","20-10Rollup"
"Clusauthmgr.dll","Cluster_Core","6.2.19041.1","0","06-May-20","GDR","4579311 (v1.0)","October 13, 2020-KB4579311 (OS Build 19041.572)","http://support.microsoft.com/kb/4579311","KB only","KB only","KB only"," ","20-10Rollup"
"Witness.dll","Cluster_Core","6.2.19041.1","0","06-May-20","GDR","4579311 (v1.0)","October 13, 2020-KB4579311 (OS Build 19041.572)","http://support.microsoft.com/kb/4579311","KB only","KB only","KB only"," ","20-10Rollup"
"Csvflt.sys","Cluster_CSV","6.2.19041.1","0","06-May-20","GDR","4579311 (v1.0)","October 13, 2020-KB4579311 (OS Build 19041.572)","http://support.microsoft.com/kb/4579311","KB only","KB only","KB only"," ","20-10Rollup"
"Csvfs.sys","Cluster_CSV","6.2.19041.1","0","06-May-20","GDR","4579311 (v1.0)","October 13, 2020-KB4579311 (OS Build 19041.572)","http://support.microsoft.com/kb/4579311","KB only","KB only","KB only"," ","20-10Rollup"
"Csvfilter.sys","Cluster_CSV","6.2.19041.1","0","06-May-20","GDR","4579311 (v1.0)","October 13, 2020-KB4579311 (OS Build 19041.572)","http://support.microsoft.com/kb/4579311","KB only","KB only","KB only"," ","20-10Rollup"
"Vhdmp.sys","Cluster_CSV","6.2.19041.546","0","01-Oct-20","GDR","4579311 (v1.0)","October 13, 2020-KB4579311 (OS Build 19041.572)","http://support.microsoft.com/kb/4579311","KB only","KB only","KB only"," ","20-10Rollup"
"Svhdxflt.sys","Cluster_CSV","6.2.19041.1","0","06-May-20","GDR","4579311 (v1.0)","October 13, 2020-KB4579311 (OS Build 19041.572)","http://support.microsoft.com/kb/4579311","KB only","KB only","KB only"," ","20-10Rollup"
"Clusdisk.sys","Cluster_Disk","6.2.19041.1","0","06-May-20","GDR","4579311 (v1.0)","October 13, 2020-KB4579311 (OS Build 19041.572)","http://support.microsoft.com/kb/4579311","KB only","KB only","KB only"," ","20-10Rollup"
"Volsnap.sys","Cluster_Volsnap","6.2.19041.488","0","06-May-20","GDR","4579311 (v1.0)","October 13, 2020-KB4579311 (OS Build 19041.572)","http://support.microsoft.com/kb/4579311","KB only","KB only","KB only"," ","20-10Rollup"
"Cprepsrv.exe","Cluster_Validation","6.2.19041.1","1","06-May-20","GDR","4579311 (v1.0)","October 13, 2020-KB4579311 (OS Build 19041.572)","http://support.microsoft.com/kb/4579311","KB only","KB only","KB only"," ","20-10Rollup"
"Failoverclusters.agent.interop.dll","Cluster_Validation","6.2.19041.1","1","06-May-20","GDR","4579311 (v1.0)","October 13, 2020-KB4579311 (OS Build 19041.572)","http://support.microsoft.com/kb/4579311","KB only","KB only","KB only"," ","20-10Rollup"
"Microsoft.failoverclusters.framework.dll","Cluster_Validation","6.2.19041.1","1","06-May-20","GDR","4579311 (v1.0)","October 13, 2020-KB4579311 (OS Build 19041.572)","http://support.microsoft.com/kb/4579311","KB only","KB only","KB only"," ","20-10Rollup"
"Vmswitch.sys","Hyper-V_Net","6.2.19041.572","1","01-Oct-20","GDR","4579311 (v1.0)","October 13, 2020-KB4579311 (OS Build 19041.572)","http://support.microsoft.com/kb/4579311","KB only","KB only","KB only"," ","20-10Rollup"
"Mslbfoprovider.sys","Hyper-V_Net","6.2.19041.1","1","06-May-20","GDR","4579311 (v1.0)","October 13, 2020-KB4579311 (OS Build 19041.572)","http://support.microsoft.com/kb/4579311","KB only","KB only","KB only"," ","20-10Rollup"
"Wnv.sys","Hyper-V_Net","6.2.19041.1","1","06-May-20","GDR","4579311 (v1.0)","October 13, 2020-KB4579311 (OS Build 19041.572)","http://support.microsoft.com/kb/4579311","KB only","KB only","KB only"," ","20-10Rollup"
"Vmsntfy.dll","Hyper-V_Net","6.2.19041.1","1","06-May-20","GDR","4579311 (v1.0)","October 13, 2020-KB4579311 (OS Build 19041.572)","http://support.microsoft.com/kb/4579311","KB only","KB only","KB only"," ","20-10Rollup"
"Ndisimplatform.sys","Hyper-V_Net","6.2.19041.546","1","01-Oct-20","GDR","4579311 (v1.0)","October 13, 2020-KB4579311 (OS Build 19041.572)","http://support.microsoft.com/kb/4579311","KB only","KB only","KB only"," ","20-10Rollup"
"Vmms.exe","Hyper-V_Net","6.2.19041.546","1","01-Oct-20","GDR","4579311 (v1.0)","October 13, 2020-KB4579311 (OS Build 19041.572)","http://support.microsoft.com/kb/4579311","KB only","KB only","KB only"," ","20-10Rollup"
"Winnat.sys","Hyper-V_Net","6.2.19041.488","1","06-May-20","GDR","4579311 (v1.0)","October 13, 2020-KB4579311 (OS Build 19041.572)","http://support.microsoft.com/kb/4579311","KB only","KB only","KB only"," ","20-10Rollup"
"pvhdparser.sys","Hyper-V_Net","6.2.19041.1","1","06-May-20","GDR","4579311 (v1.0)","October 13, 2020-KB4579311 (OS Build 19041.572)","http://support.microsoft.com/kb/4579311","KB only","KB only","KB only"," ","20-10Rollup"
"Wmisvc.dll","Hyper-V_Net","6.2.19041.450","1","11-Aug-20","GDR","4579311 (v1.0)","October 13, 2020-KB4579311 (OS Build 19041.572)","http://support.microsoft.com/kb/4579311","KB only","KB only","KB only"," ","20-10Rollup"
"Vmbus.sys","Hyper-V_Net","6.2.19041.546","1","01-Oct-20","GDR","4579311 (v1.0)","October 13, 2020-KB4579311 (OS Build 19041.572)","http://support.microsoft.com/kb/4579311","KB only","KB only","KB only"," ","20-10Rollup"
"Rasapi32.dll","HNV_Net","6.2.19041.546","1","01-Oct-20","GDR","4579311 (v1.0)","October 13, 2020-KB4579311 (OS Build 19041.572)","http://support.microsoft.com/kb/4579311","KB only","KB only","KB only"," ","20-10Rollup"
"Mprapi.dll","HNV_Net","6.2.19041.1","1","06-May-20","GDR","4579311 (v1.0)","October 13, 2020-KB4579311 (OS Build 19041.572)","http://support.microsoft.com/kb/4579311","KB only","KB only","KB only"," ","20-10Rollup"
"Vmwp.exe","Hyper-V_app","6.2.19041.572","1","01-Oct-20","GDR","4579311 (v1.0)","October 13, 2020-KB4579311 (OS Build 19041.572)","http://support.microsoft.com/kb/4579311","KB only","KB only","KB only"," ","20-10Rollup"
"Tcpip.sys","Net_Protocol","6.2.19041.572","0","13-Oct-20","GDR","4579311 (v1.0)","October 13, 2020-KB4579311 (OS Build 19041.572)","http://support.microsoft.com/kb/4579311","KB only","KB only","KB only"," ","20-10Rollup"
"Afd.sys","Net_Protocol","6.2.19041.488","0","11-Aug-20","GDR","4579311 (v1.0)","October 13, 2020-KB4579311 (OS Build 19041.572)","http://support.microsoft.com/kb/4579311","KB only","KB only","KB only"," ","20-10Rollup"
"Netio.sys","Net_Protocol","6.2.19041.546","0","01-Oct-20","GDR","4579311 (v1.0)","October 13, 2020-KB4579311 (OS Build 19041.572)","http://support.microsoft.com/kb/4579311","KB only","KB only","KB only"," ","20-10Rollup"
"Ndis.sys","Net_Protocol","6.2.19041.546","0","01-Oct-20","GDR","4579311 (v1.0)","October 13, 2020-KB4579311 (OS Build 19041.572)","http://support.microsoft.com/kb/4579311","KB only","KB only","KB only"," ","20-10Rollup"
"Netiohlp.dll","Net_Protocol","6.2.19041.1","0","06-May-20","GDR","4579311 (v1.0)","October 13, 2020-KB4579311 (OS Build 19041.572)","http://support.microsoft.com/kb/4579311","KB only","KB only","KB only"," ","20-10Rollup"
"Tdx.sys","Net_Protocol","6.2.19041.1","0","06-May-20","GDR","4579311 (v1.0)","October 13, 2020-KB4579311 (OS Build 19041.572)","http://support.microsoft.com/kb/4579311","KB only","KB only","KB only"," ","20-10Rollup"
"Iphlpapi.dll","Net_Protocol","6.2.19041.546","0","01-Oct-20","GDR","4579311 (v1.0)","October 13, 2020-KB4579311 (OS Build 19041.572)","http://support.microsoft.com/kb/4579311","KB only","KB only","KB only"," ","20-10Rollup"
"srv.sys","Net_SMB_Server","6.2.19041.329","0","09-Jun-20","GDR","4579311 (v1.0)","October 13, 2020-KB4579311 (OS Build 19041.572)","http://support.microsoft.com/kb/4579311","KB only","KB only","KB only"," ","20-10Rollup"
"srv2.sys","Net_SMB_Server","6.2.19041.153","0","06-May-20","GDR","4579311 (v1.0)","October 13, 2020-KB4579311 (OS Build 19041.572)","http://support.microsoft.com/kb/4579311","KB only","KB only","KB only"," ","20-10Rollup"
"srvnet.sys","Net_SMB_Server","6.2.19041.329","0","09-Jun-20","GDR","4579311 (v1.0)","October 13, 2020-KB4579311 (OS Build 19041.572)","http://support.microsoft.com/kb/4579311","KB only","KB only","KB only"," ","20-10Rollup"
"Srvsvc.dll","Net_SMB_Server","6.2.19041.1","0","06-May-20","GDR","4579311 (v1.0)","October 13, 2020-KB4579311 (OS Build 19041.572)","http://support.microsoft.com/kb/4579311","KB only","KB only","KB only"," ","20-10Rollup"
"Mrxsmb.sys","Net_SMB_Client","6.2.19041.488","0","09-Jun-20","GDR","4579311 (v1.0)","October 13, 2020-KB4579311 (OS Build 19041.572)","http://support.microsoft.com/kb/4579311","KB only","KB only","KB only"," ","20-10Rollup"
"Mrxsmb10.sys","Net_SMB_Client","6.2.19041.488","0","09-Jun-20","GDR","4579311 (v1.0)","October 13, 2020-KB4579311 (OS Build 19041.572)","http://support.microsoft.com/kb/4579311","KB only","KB only","KB only"," ","20-10Rollup"
"Mrxsmb20.sys","Net_SMB_Client","6.2.19041.488","0","06-May-20","GDR","4579311 (v1.0)","October 13, 2020-KB4579311 (OS Build 19041.572)","http://support.microsoft.com/kb/4579311","KB only","KB only","KB only"," ","20-10Rollup"
"Rdbss.sys","Net_SMB_Client","6.2.19041.488","0","06-May-20","GDR","4579311 (v1.0)","October 13, 2020-KB4579311 (OS Build 19041.572)","http://support.microsoft.com/kb/4579311","KB only","KB only","KB only"," ","20-10Rollup"
"Netbt.sys","Net_SMB_Client","6.2.19041.572","0","13-Oct-20","GDR","4579311 (v1.0)","October 13, 2020-KB4579311 (OS Build 19041.572)","http://support.microsoft.com/kb/4579311","KB only","KB only","KB only"," ","20-10Rollup"
"Mup.sys","Net_SMB_Client","6.2.19041.1","0","06-May-20","GDR","4579311 (v1.0)","October 13, 2020-KB4579311 (OS Build 19041.572)","http://support.microsoft.com/kb/4579311","KB only","KB only","KB only"," ","20-10Rollup"
"wkssvc.dll","Net_SMB_Client","6.2.19041.1","0","06-May-20","GDR","4579311 (v1.0)","October 13, 2020-KB4579311 (OS Build 19041.572)","http://support.microsoft.com/kb/4579311","KB only","KB only","KB only"," ","20-10Rollup"
"4577266","Win2016_2004_20-09_SSU_KB"," ","0","08-Sep-2020","GDR","4577266","Servicing stack update for Windows 10, version 2004: September 8, 2020","http://support.microsoft.com/kb/4570334","KB only","KB only","KB Only"," ","No Rollup"
"4579311","Win201620H2_20-10_B_rollup_KB"," ","0","13-Oct-2020","GDR","4579311 (v1.0)","October 13, 2020-KB4579311 (OS Build 19041.572)","http://support.microsoft.com/kb/4579311","KB only","KB only","KB only"," ","20-10Rollup"
