"Binary","Component","Version","Prio","Published","Branch","Article","Title","Link","LDROnlyKB","LDROnlyTitle","LDROnlyLink","Comment","RollupInfo"
"robocopy.exe","Net_Applications","6.3.9600.17415","1","18.11.2014","GDR","3000850 (v1.8)","November 2014 update rollup for Windows RT 8.1, Windows 8.1, and Windows Server 2012 R","http://support.microsoft.com/kb/3000850","No LDR Only available","No LDR Only available","No LDR Only available"," ","14-11Rollup"
"srv.sys","Net_SMB_Server","6.3.9600.19309","0","21-Feb-19","LDR","4541509","March 10, 2020-KB4541509 (Monthly Rollup)","http://support.microsoft.com/kb/4541509","No LDR Only available","No LDR Only available","No LDR Only available","rEX","20-03Rollup"
"srv2.sys","Net_SMB_Server","6.3.9600.19309","0","21-Feb-19","GDR","4541509","March 10, 2020-KB4541509 (Monthly Rollup)","http://support.microsoft.com/kb/4541509","No LDR Only available","No LDR Only available","No LDR Only available","rEX","20-03Rollup"
"srvnet.sys","Net_SMB_Server","6.3.9600.19309","0","5-Jan-19","LDR","4541509","March 10, 2020-KB4541509 (Monthly Rollup)","http://support.microsoft.com/kb/4541509","No LDR Only available","No LDR Only available","No LDR Only available","rEX","20-03Rollup"
"Srvsvc.dll","Net_SMB_Server","6.3.9600.18817","0","7-Sep-17","GDR","4541509","March 10, 2020-KB4541509 (Monthly Rollup)","http://support.microsoft.com/kb/4541509","No LDR Only available","No LDR Only available","No LDR Only available","rEX","20-03Rollup"
"Mrxsmb.sys","Net_SMB_Client","6.3.9600.19481","0","6-Sep-19","GDR","4541509","March 10, 2020-KB4541509 (Monthly Rollup)","http://support.microsoft.com/kb/4541509","No LDR Only available","No LDR Only available","No LDR Only available","rEX","20-03Rollup"
"Mrxsmb10.sys","Net_SMB_Client","6.3.9600.19293","0","9-Feb-19","GDR","4541509","March 10, 2020-KB4541509 (Monthly Rollup)","http://support.microsoft.com/kb/4541509","No LDR Only available","No LDR Only available","No LDR Only available","rEX","20-03Rollup"
"Mrxsmb20.sys","Net_SMB_Client","6.3.9600.18625","0","1-Feb-17","GDR","4541509","March 10, 2020-KB4541509 (Monthly Rollup)","http://support.microsoft.com/kb/4541509","No LDR Only available","No LDR Only available","No LDR Only available","rEX","20-03Rollup"
"Rdbss.sys","Net_SMB_Client","6.3.9600.19481","0","6-Sep-19","LDR","4541509","March 10, 2020-KB4541509 (Monthly Rollup)","http://support.microsoft.com/kb/4541509","No LDR Only available","No LDR Only available","No LDR Only available","rEX","20-03Rollup"
"Netbt.sys","Net_SMB_Client","6.3.9600.19309","0","21-Feb-19","GDR","4541509","March 10, 2020-KB4541509 (Monthly Rollup)","http://support.microsoft.com/kb/4541509","No LDR Only available","No LDR Only available","No LDR Only available","rEX","20-03Rollup"
"mup.sys","Net_SMB_Client","6.3.9600.18298","0","06.04.2016","GDR","3172614","July 2016 update rollup for Windows RT 8.1, Windows 8.1, and Windows Server 2012 R2","http://support.microsoft.com/kb/3172614","No LDR Only available","No LDR Only available","No LDR Only available","rEX","16-07Rollup"
"wkssvc.dll","Net_SMB_Client","6.3.9600.17415","0","18.11.2014","GDR","3000850 (v1.8)","November 2014 update rollup for Windows RT 8.1, Windows 8.1, and Windows Server 2012 R","http://support.microsoft.com/kb/3000850","No LDR Only available","No LDR Only available","No LDR Only available"," ","14-11Rollup"
"Tcpip.sys","Net_Protocol","6.3.9600.19425","0","11-Jul-19","LDR","4541509","March 10, 2020-KB4541509 (Monthly Rollup)","http://support.microsoft.com/kb/4541509","No LDR Only available","No LDR Only available","No LDR Only available","rEX","20-03Rollup"
"Afd.sys","Net_Protocol","6.3.9600.18930","0","10-Jan-18","GDR","4541509","March 10, 2020-KB4541509 (Monthly Rollup)","http://support.microsoft.com/kb/4541509","No LDR Only available","No LDR Only available","No LDR Only available","rEX","20-03Rollup"
"Netio.sys","Net_Protocol","6.3.9600.19535","0","9-Oct-19","LDR","4541509","March 10, 2020-KB4541509 (Monthly Rollup)","http://support.microsoft.com/kb/4541509","No LDR Only available","No LDR Only available","No LDR Only available","rEX","20-03Rollup"
"Ndis.sys","Net_Protocol","6.3.9600.19635","0","16-Jan-20","GDR","4541509","March 10, 2020-KB4541509 (Monthly Rollup)","http://support.microsoft.com/kb/4541509","No LDR Only available","No LDR Only available","No LDR Only available","rEX","20-03Rollup"
"netiohlp.dll","Net_Protocol","6.3.9600.18202","0","19.01.2016","GDR","3123245 (v1.0)","Update improves port exhaustion identification in Windows Server 2012 R2","http://support.microsoft.com/kb/3123245","No LDR Only available","No LDR Only available","No LDR Only available","rEX","No Rollup"
"Tdx.sys","Net_Protocol","6.3.9600.18939","0","2-Aug-17","GDR","4541509","March 10, 2020-KB4541509 (Monthly Rollup)","http://support.microsoft.com/kb/4541509","No LDR Only available","No LDR Only available","No LDR Only available","rEX","20-03Rollup"
"tunnel.sys","Net_IPv6","6.3.9600.18048","1","05.09.2015","GDR","3078405 (v2.0)","""0x0000004A"" or ""0x0000009F"" Stop error occurs in Windows 8.1","http://support.microsoft.com/kb/3078405","No LDR Only available","No LDR Only available","No LDR Only available","rKB","No Rollup"
"Dhcpcore6.dll","Net_IPv6","6.3.9600.19423","1","9-Jul-19","GDR","4541509","March 10, 2020-KB4541509 (Monthly Rollup)","http://support.microsoft.com/kb/4541509","No LDR Only available","No LDR Only available","No LDR Only available","rEX","20-03Rollup"
"Dhcpcsvc6.dll","Net_IPv6","6.3.9600.19423","1","9-Jul-19","GDR","4541509","March 10, 2020-KB4541509 (Monthly Rollup)","http://support.microsoft.com/kb/4541509","No LDR Only available","No LDR Only available","No LDR Only available","rEX","20-03Rollup"
"Nlasvc.dll","Net_NLA","6.3.9600.19425","0","11-Jul-19","GDR","4541509","March 10, 2020-KB4541509 (Monthly Rollup)","http://support.microsoft.com/kb/4541509","No LDR Only available","No LDR Only available","No LDR Only available","rEX","20-03Rollup"
"Ncsi.dll","Net_NLA","6.3.9600.19425","0","11-Jul-19","GDR","4541509","March 10, 2020-KB4541509 (Monthly Rollup)","http://support.microsoft.com/kb/4541509","No LDR Only available","No LDR Only available","No LDR Only available","rEX","20-03Rollup"
"Nlaapi.dll","Net_NLA","6.3.9600.18895","0","2-Jan-18","GDR","4541509","March 10, 2020-KB4541509 (Monthly Rollup)","http://support.microsoft.com/kb/4541509","No LDR Only available","No LDR Only available","No LDR Only available","rEX","20-03Rollup"
"Dns.exe","Net_DNS_Srv","6.3.9600.19397","0","8-Jun-19","LDR","4541509","March 10, 2020-KB4541509 (Monthly Rollup)","http://support.microsoft.com/kb/4541509","No LDR Only available","No LDR Only available","No LDR Only available","rEX","20-03Rollup"
"Dhcpssvc.dll","Net_DHCP_Srv","6.3.9600.19436","0","13-Jul-19","LDR","4541509","March 10, 2020-KB4541509 (Monthly Rollup)","http://support.microsoft.com/kb/4541509","No LDR Only available","No LDR Only available","No LDR Only available","rEX","20-03Rollup"
"dfssvc.exe","Net_DFS-N_Srv","6.3.9600.17722","0","07.03.2015","GDR","3046481 (v1.0)","DFS Namespaces deployment causes slow access or access time-out when you access DFS share in Windows Server 2012 R2","http://support.microsoft.com/kb/3046481","No LDR Only available","No LDR Only available","No LDR Only available","rKB","No Rollup"
"Nfssvc.exe","Net_NFS_Srv","6.3.9600.18751","0","30-Jun-17","LDR","4541509","March 10, 2020-KB4541509 (Monthly Rollup)","http://support.microsoft.com/kb/4541509","No LDR Only available","No LDR Only available","No LDR Only available","rEX","20-03Rollup"
"Nfssvr.sys","Net_NFS_Srv","6.3.9600.19240","0","12-Dec-18","LDR","4541509","March 10, 2020-KB4541509 (Monthly Rollup)","http://support.microsoft.com/kb/4541509","No LDR Only available","No LDR Only available","No LDR Only available","rEX","20-03Rollup"
"Msnfsflt.sys","Net_NFS_Srv","6.3.9600.18336","0","9-May-16","LDR","4541509","March 10, 2020-KB4541509 (Monthly Rollup)","http://support.microsoft.com/kb/4541509","No LDR Only available","No LDR Only available","No LDR Only available","rEX","20-03Rollup"
"Nlb.sys","Net_NLB_Srv","6.3.9600.18183","0","28-Dec-15","LDR","4541509","March 10, 2020-KB4541509 (Monthly Rollup)","http://support.microsoft.com/kb/4541509","No LDR Only available","No LDR Only available","No LDR Only available","rEX","20-03Rollup"
"Csc.sys","Net_CSC_Offline","6.3.9600.19087","1","27-Jun-18","GDR","4541509","March 10, 2020-KB4541509 (Monthly Rollup)","http://support.microsoft.com/kb/4541509","No LDR Only available","No LDR Only available","No LDR Only available","rEX","20-03Rollup"
"cscapi.dll","Net_CSC_Offline","6.3.9600.17927","1","09.07.2015","GDR","3078627 (v1.0)","Offline Files network shares might not be available in Windows 8.1","http://support.microsoft.com/kb/3078627","No LDR Only available","No LDR Only available","No LDR Only available","rKB","No Rollup"
"cscdll.dll","Net_CSC_Offline","6.3.9600.17415","1","09.07.2015","GDR","3078627 (v1.7)","November 2014 update rollup for Windows RT 8.1, Windows 8.1, and Windows Server 2012 R","http://support.microsoft.com/kb/3078627","No LDR Only available","No LDR Only available","No LDR Only available","rKB","No Rollup"
"cscsvc.dll","Net_CSC_Offline","6.3.9600.17929","1","09.07.2015","GDR","3078627 (v1.0)","Offline Files network shares might not be available in Windows 8.1","http://support.microsoft.com/kb/3078627","No LDR Only available","No LDR Only available","No LDR Only available","rKB","No Rollup"
"Cscmig.dll","Net_CSC_Offline","6.3.9600.19087","1","27-Jun-18","GDR","4541509","March 10, 2020-KB4541509 (Monthly Rollup)","http://support.microsoft.com/kb/4541509","No LDR Only available","No LDR Only available","No LDR Only available","rEX","20-03Rollup"
"cscui.dll","Net_CSC_Offline","6.3.9600.17415","1","30.10.2014","GDR","3000850 (v1.7)","November 2014 update rollup for Windows RT 8.1, Windows 8.1, and Windows Server 2012 R2","http://support.microsoft.com/kb/3000850","No LDR Only available","No LDR Only available","No LDR Only available","rEX","14-11Rollup"
"Mrxdav.sys","Net_WebDAV","6.3.9600.18469","1","8-Sep-16","LDR","4541509","March 10, 2020-KB4541509 (Monthly Rollup)","http://support.microsoft.com/kb/4541509","No LDR Only available","No LDR Only available","No LDR Only available","rEX","20-03Rollup"
"Webclnt.dll","Net_WebDAV","6.3.9600.18376","1","09-Jun-2016","GDR","3172614","July 2016 update rollup for Windows RT 8.1, Windows 8.1, and Windows Server 2012 R2","http://support.microsoft.com/kb/3172614","No LDR Only available","No LDR Only available","No LDR Only available","rEX","16-07Rollup"
"davclnt.dll","Net_WebDAV","6.3.9600.17923","1","02.07.2015","GDR","3076949 (v1.0)","MS15-089: Vulnerability in WebDAV could allow security feature bypass: August 11, 2015","http://support.microsoft.com/kb/3076949","No LDR Only available","No LDR Only available","No LDR Only available","rKB","No Rollup"
"Shell32.dll","Net_WebDAV","6.3.9600.19377","1","10-Feb-17","GDR","4541509","March 10, 2020-KB4541509 (Monthly Rollup)","http://support.microsoft.com/kb/4541509","No LDR Only available","No LDR Only available","No LDR Only available","rEX","20-03Rollup"
"Winhttp.dll","Net_WebDAV","6.3.9600.19254","1","27-Dec-18","GDR","4541509","March 10, 2020-KB4541509 (Monthly Rollup)","http://support.microsoft.com/kb/4541509","No LDR Only available","No LDR Only available","No LDR Only available","rEX","20-03Rollup"
"Dfsc.sys","Net_DFS-N_Client","6.3.9600.18895","0","2-Jan-18","LDR","4541509","March 10, 2020-KB4541509 (Monthly Rollup)","http://support.microsoft.com/kb/4541509","No LDR Only available","No LDR Only available","No LDR Only available","rEX","20-03Rollup"
"Dhcpcore.dll","Net_DHCP_Client","6.3.9600.19423","1","9-Jul-19","GDR","4541509","March 10, 2020-KB4541509 (Monthly Rollup)","http://support.microsoft.com/kb/4541509","No LDR Only available","No LDR Only available","No LDR Only available","rEX","20-03Rollup"
"Dhcpcsvc.dll","Net_DHCP_Client","6.3.9600.19423","1","9-Jul-19","LDR","4541509","March 10, 2020-KB4541509 (Monthly Rollup)","http://support.microsoft.com/kb/4541509","No LDR Only available","No LDR Only available","No LDR Only available","rEX","20-03Rollup"
"Nfsclnt.exe","Net_NFS_Client","6.3.9600.18751","1","30-Jun-17","LDR","4541509","March 10, 2020-KB4541509 (Monthly Rollup)","http://support.microsoft.com/kb/4541509","No LDR Only available","No LDR Only available","No LDR Only available","rEX","20-03Rollup"
"Nfsnp.dll","Net_NFS_Client","6.3.9600.18384","1","21-Jun-16","GDR","4541509","March 10, 2020-KB4541509 (Monthly Rollup)","http://support.microsoft.com/kb/4541509","No LDR Only available","No LDR Only available","No LDR Only available","rEX","20-03Rollup"
"Nfsrdr.sys","Net_NFS_Client","6.3.9600.18385","1","22-Jun-16","GDR","4541509","March 10, 2020-KB4541509 (Monthly Rollup)","http://support.microsoft.com/kb/4541509","No LDR Only available","No LDR Only available","No LDR Only available","rEX","20-03Rollup"
"dnsapi.dll","Net_DNS_Client","6.3.9600.19060","1","8-Jun-18","LDR","4541509","March 10, 2020-KB4541509 (Monthly Rollup)","http://support.microsoft.com/kb/4541509","No LDR Only available","No LDR Only available","No LDR Only available","rEX","20-03Rollup"
"dnsrslvr.dll","Net_DNS_Client","6.3.9600.19060","1","8-Jun-18","GDR","4541509","March 10, 2020-KB4541509 (Monthly Rollup)","http://support.microsoft.com/kb/4541509","No LDR Only available","No LDR Only available","No LDR Only available","rEX","20-03Rollup"
"dnscacheugc.exe","Net_DNS_Client","6.3.9600.17415","1","18.11.2014","GDR","3000850 (v1.8)","November 2014 update rollup for Windows RT 8.1, Windows 8.1, and Windows Server 2012 R","http://support.microsoft.com/kb/3000850","No LDR Only available","No LDR Only available","No LDR Only available"," ","14-11Rollup"
"Rpcss.dll","Net_RPC","6.3.9600.19425","1","11-Jul-19","GDR","4541509","March 10, 2020-KB4541509 (Monthly Rollup)","http://support.microsoft.com/kb/4541509","No LDR Only available","No LDR Only available","No LDR Only available","rEX","20-03Rollup"
"rpchttp.dll","Net_RPC","6.3.9600.17415","1","30.10.2014","GDR","3000850 (v1.7)","November 2014 update rollup for Windows RT 8.1, Windows 8.1, and Windows Server 2012 R","http://support.microsoft.com/kb/3000850","No LDR Only available","No LDR Only available","No LDR Only available"," ","14-11Rollup"
"Rpcrt4.dll","Net_RPC","6.3.9600.19538","1","15-Oct-19","GDR","4541509","March 10, 2020-KB4541509 (Monthly Rollup)","http://support.microsoft.com/kb/4541509","No LDR Only available","No LDR Only available","No LDR Only available","rEX","20-03Rollup"
"Bfe.dll","Net_Ipsec_BFE","6.3.9600.18895","1","2-Jan-18","GDR","4541509","March 10, 2020-KB4541509 (Monthly Rollup)","http://support.microsoft.com/kb/4541509","No LDR Only available","No LDR Only available","No LDR Only available","rEX","20-03Rollup"
"Ikeext.dll","Net_Ipsec_BFE","6.3.9600.19343","1","4-Apr-19","GDR","4541509","March 10, 2020-KB4541509 (Monthly Rollup)","http://support.microsoft.com/kb/4541509","No LDR Only available","No LDR Only available","No LDR Only available","rEX","20-03Rollup"
"Fwpuclnt.dll","Net_Ipsec_BFE","6.3.9600.19644","1","1-Feb-20","LDR","4541509","March 10, 2020-KB4541509 (Monthly Rollup)","http://support.microsoft.com/kb/4541509","No LDR Only available","No LDR Only available","No LDR Only available","rEX","20-03Rollup"
"Iphlpsvc.dll","Net_DirectAccess_Client","6.3.9600.19532","1","4-Oct-19","LDR","4541509","March 10, 2020-KB4541509 (Monthly Rollup)","http://support.microsoft.com/kb/4541509","No LDR Only available","No LDR Only available","No LDR Only available","rEX","20-03Rollup"
"Iphlpsvcmigplugin.dll","Net_DirectAccess_Client","6.3.9600.19532","1","4-Oct-19","GDR","4541509","March 10, 2020-KB4541509 (Monthly Rollup)","http://support.microsoft.com/kb/4541509","No LDR Only available","No LDR Only available","No LDR Only available","rEX","20-03Rollup"
"netcorehc.dll","Net_DirectAccess_Client","6.3.9600.17415","1","18.11.2014","GDR","3000850 (v1.8)","November 2014 update rollup for Windows RT 8.1, Windows 8.1, and Windows Server 2012 R","http://support.microsoft.com/kb/3000850","No LDR Only available","No LDR Only available","No LDR Only available"," ","14-11Rollup"
"daotpcredentialprovider.dll","Net_DirectAccess_Client","6.3.9600.17415","1","18.11.2014","GDR","3000850 (v1.8)","November 2014 update rollup for Windows RT 8.1, Windows 8.1, and Windows Server 2012 R","http://support.microsoft.com/kb/3000850","No LDR Only available","No LDR Only available","No LDR Only available"," ","14-11Rollup"
"Rdpcore.dll","Net_DirectAccess_Client","6.3.9600.19628","1","20-Jan-20","GDR","4541509","March 10, 2020-KB4541509 (Monthly Rollup)","http://support.microsoft.com/kb/4541509","No LDR Only available","No LDR Only available","No LDR Only available","rEX","20-03Rollup"
"Damgmt.dll","Net_DirectAccess_Srv","6.3.9600.17795","1","10-Apr-15","GDR","3047280","'The URL cannot be resolved' error in DirectAccess and routing failure on HNV gateway cluster in Windows Server 2012 R2 ","http://support.microsoft.com/kb/3047280","No LDR Only available","No LDR Only available","No LDR Only available","rEX","No Rollup"
"Ramgmtui.exe","Net_DirectAccess_Srv","6.3.9600.17795","1","10-Apr-15","GDR","3047280","'The URL cannot be resolved' error in DirectAccess and routing failure on HNV gateway cluster in Windows Server 2012 R2 ","http://support.microsoft.com/kb/3047280","No LDR Only available","No LDR Only available","No LDR Only available","rEX","No Rollup"
"Ramgmtsvc.dll","Net_DirectAccess_Srv","6.3.9600.17795","1","10-Apr-15","GDR","3047280","'The URL cannot be resolved' error in DirectAccess and routing failure on HNV gateway cluster in Windows Server 2012 R2 ","http://support.microsoft.com/kb/3047280","No LDR Only available","No LDR Only available","No LDR Only available","rEX","No Rollup"
"Rasclusterres.dll","Net_DirectAccess_Srv","6.3.9600.17795","1","10-Apr-15","GDR","3047280","'The URL cannot be resolved' error in DirectAccess and routing failure on HNV gateway cluster in Windows Server 2012 R2 ","http://support.microsoft.com/kb/3047280","No LDR Only available","No LDR Only available","No LDR Only available","rEX","No Rollup"
"Raserverpsprovider.dll","Net_DirectAccess_Srv","6.3.9600.17795","1","10-Apr-15","GDR","3047280","'The URL cannot be resolved' error in DirectAccess and routing failure on HNV gateway cluster in Windows Server 2012 R2 ","http://support.microsoft.com/kb/3047280","No LDR Only available","No LDR Only available","No LDR Only available","rEX","No Rollup"
"dot3svc.dll","Net_IEEE802.1x","6.3.9600.17415","1","18.11.2014","GDR","3000850 (v1.8)","November 2014 update rollup for Windows RT 8.1, Windows 8.1, and Windows Server 2012 R","http://support.microsoft.com/kb/3000850","No LDR Only available","No LDR Only available","No LDR Only available"," ","14-11Rollup"
"Rastls.dll","Net_IEEE802.1x","6.3.9600.18785","1","6-Aug-17","GDR","4541509","March 10, 2020-KB4541509 (Monthly Rollup)","http://support.microsoft.com/kb/4541509","No LDR Only available","No LDR Only available","No LDR Only available","rEX","20-03Rollup"
"wlansvc.dll","Net_WLAN_Client","6.3.9600.19402","1","25-Jun-19","GDR","4541509","March 10, 2020-KB4541509 (Monthly Rollup)","http://support.microsoft.com/kb/4541509","No LDR Only available","No LDR Only available","No LDR Only available","rEX","20-03Rollup"
"wlanmsm.dll","Net_WLAN_Client","6.3.9600.18730","1","13-Jun-17","LDR","4541509","March 10, 2020-KB4541509 (Monthly Rollup)","http://support.microsoft.com/kb/4541509","No LDR Only available","No LDR Only available","No LDR Only available","rEX","20-03Rollup"
"wlanapi.dll","Net_WLAN_Client","6.3.9600.19402","1","25-Jun-19","GDR","4541509","March 10, 2020-KB4541509 (Monthly Rollup)","http://support.microsoft.com/kb/4541509","No LDR Only available","No LDR Only available","No LDR Only available","rEX","20-03Rollup"
"wlansec.dll","Net_WLAN_Client","6.3.9600.18820","1","13-Sep-17","LDR","4541509","March 10, 2020-KB4541509 (Monthly Rollup)","http://support.microsoft.com/kb/4541509","No LDR Only available","No LDR Only available","No LDR Only available","rEX","20-03Rollup"
"wlansvcpal.dll","Net_WLAN_Client","6.3.9600.17415","1","29-Oct-14","GDR","4541509","March 10, 2020-KB4541509 (Monthly Rollup)","http://support.microsoft.com/kb/4541509","No LDR Only available","No LDR Only available","No LDR Only available","rEX","20-03Rollup"
"wlanhlp.dll","Net_WLAN_Client","6.3.9600.17415","1","29-Oct-14","GDR","4541509","March 10, 2020-KB4541509 (Monthly Rollup)","http://support.microsoft.com/kb/4541509","No LDR Only available","No LDR Only available","No LDR Only available","rEX","20-03Rollup"
"netcfgx.dll","Net_Config","6.3.9600.17931","1","15.07.2015","GDR","3055343 (v2.0)","Stop error code 0xD1, 0x139, or 0x3B and random crashes in Windows Server 2012 R2","http://support.microsoft.com/kb/3055343","No LDR Only available","No LDR Only available","No LDR Only available","rKB","No Rollup"
"workfolders.exe","Net_WorkFolders","6.3.9600.17415","1","28.07.2015","GDR","3083424 (v1.7)","November 2014 update rollup for Windows RT 8.1, Windows 8.1, and Windows Server 2012 R","http://support.microsoft.com/kb/3083424","No LDR Only available","No LDR Only available","No LDR Only available","rKB","No Rollup"
"workfoldersshell.dll","Net_WorkFolders","6.3.9600.17415","1","28.07.2015","GDR","3083424 (v1.7)","November 2014 update rollup for Windows RT 8.1, Windows 8.1, and Windows Server 2012 R","http://support.microsoft.com/kb/3083424","No LDR Only available","No LDR Only available","No LDR Only available","rKB","No Rollup"
"workfolderssvc.dll","Net_WorkFolders","6.3.9600.18227","1","03.02.2016","GDR","3140222 (v1.0)","Conflicting files in Internet Explorer favorites when Work Folders is installed in Windows 8.1","http://support.microsoft.com/kb/3140222","No LDR Only available","No LDR Only available","No LDR Only available","rEX","No Rollup"
"workfolderscontrol.dll","Net_WorkFolders","6.3.9600.18226","1","02.02.2016","GDR","3140222 (v1.0)","Conflicting files in Internet Explorer favorites when Work Folders is installed in Windows 8.1","http://support.microsoft.com/kb/3140222","No LDR Only available","No LDR Only available","No LDR Only available","rEX","No Rollup"
"WorkFoldersGPExt.dll","Net_WorkFolders","6.3.9600.17415","1","28.07.2015","GDR","3083424 (v1.7)","November 2014 update rollup for Windows RT 8.1, Windows 8.1, and Windows Server 2012 R","http://support.microsoft.com/kb/3083424","No LDR Only available","No LDR Only available","No LDR Only available","rKB","No Rollup"
"Syncsharesrv.dll","Net_WorkFolders","6.3.9600.18558","1","20-Dec-16","LDR","4541509","March 10, 2020-KB4541509 (Monthly Rollup)","http://support.microsoft.com/kb/4541509","No LDR Only available","No LDR Only available","No LDR Only available","rEX","20-03Rollup"
"Syncsharesvc.dll","Net_WorkFolders","6.3.9600.18558","1","20-Dec-16","LDR","4541509","March 10, 2020-KB4541509 (Monthly Rollup)","http://support.microsoft.com/kb/4541509","No LDR Only available","No LDR Only available","No LDR Only available","rEX","20-03Rollup"
"syncsharettlib.dll","Net_WorkFolders","6.3.9600.18558","1","20-Dec-2016","GDR","4541509","March 10, 2020-KB4541509 (Monthly Rollup)","http://support.microsoft.com/kb/4541509","No LDR Only available","No LDR Only available","No LDR Only available","rEX","20-03Rollup"
"Syncsharettsvc.exe","Net_WorkFolders","6.3.9600.18558","1","21-Dec-16","LDR","4541509","March 10, 2020-KB4541509 (Monthly Rollup)","http://support.microsoft.com/kb/4541509","No LDR Only available","No LDR Only available","No LDR Only available","rEX","20-03Rollup"
"WebIo.dll","Net_BranchCache","6.3.9600.18378","1","11-Jun-2016","GDR","3172614","July 2016 update rollup for Windows RT 8.1, Windows 8.1, and Windows Server 2012 R2","http://support.microsoft.com/kb/3172614","No LDR Only available","No LDR Only available","No LDR Only available","rEX","16-07Rollup"
"Pacer.sys","Net_QoS","6.3.9600.18895","1","2-Jan-18","LDR","4541509","March 10, 2020-KB4541509 (Monthly Rollup)","http://support.microsoft.com/kb/4541509","No LDR Only available","No LDR Only available","No LDR Only available","rEX","20-03Rollup"
"Mpsdrv.sys","Net_Firewall","6.3.9600.19122","1","9-Aug-18","LDR","4541509","March 10, 2020-KB4541509 (Monthly Rollup)","http://support.microsoft.com/kb/4541509","No LDR Only available","No LDR Only available","No LDR Only available","rEX","20-03Rollup"
"MpsSvc.dll","Net_Firewall","6.3.9600.18895","1","2-Jan-18","GDR","4541509","March 10, 2020-KB4541509 (Monthly Rollup)","http://support.microsoft.com/kb/4541509","No LDR Only available","No LDR Only available","No LDR Only available","rEX","20-03Rollup"
"logoncli.dll","Dom_NETLOGON","6.3.9600.17415","0","18.11.2014","GDR","3000850 (v1.8)","November 2014 update rollup for Windows RT 8.1, Windows 8.1, and Windows Server 2012 R","http://support.microsoft.com/kb/3000850","No LDR Only available","No LDR Only available","No LDR Only available"," ","14-11Rollup"
"Winlogon.exe","Dom_WINLOGON","6.3.9600.19447","0","31-Jul-19","GDR","4541509","March 10, 2020-KB4541509 (Monthly Rollup)","http://support.microsoft.com/kb/4541509","No LDR Only available","No LDR Only available","No LDR Only available","rEX","20-03Rollup"
"Kerberos.dll","Dom_KERBEROS","6.3.9600.19626","0","16-Jan-20","GDR","4541509","March 10, 2020-KB4541509 (Monthly Rollup)","http://support.microsoft.com/kb/4541509","No LDR Only available","No LDR Only available","No LDR Only available","rEX","20-03Rollup"
"Wldap32.dll","Dom_LDAPClient","6.3.9600.19028","0","5-May-18","GDR","4541509","March 10, 2020-KB4541509 (Monthly Rollup)","http://support.microsoft.com/kb/4541509","No LDR Only available","No LDR Only available","No LDR Only available","rEX","20-03Rollup"
"lsass.exe","Dom_LSA","6.3.9600.17415","0","30.10.2014","GDR","3000850 (v1.7)","November 2014 update rollup for Windows RT 8.1, Windows 8.1, and Windows Server 2012 R","http://support.microsoft.com/kb/3000850","No LDR Only available","No LDR Only available","No LDR Only available"," ","14-11Rollup"
"ksecdd.sys","Dom_LSA","6.3.9600.18454","0","22-Aug-2016","GDR","3187754 (v1.0)","MS16-110: Description of the security update for Windows: September 13, 2016","http://support.microsoft.com/kb/3187754","No LDR Only available","No LDR Only available","No LDR Only available","rEX","No Rollup"
"Ksecpkg.sys","Dom_LSA","6.3.9600.19343","0","5-Apr-19","GDR","4541509","March 10, 2020-KB4541509 (Monthly Rollup)","http://support.microsoft.com/kb/4541509","No LDR Only available","No LDR Only available","No LDR Only available","rEX","20-03Rollup"
"Secur32.dll","Dom_LSA","6.3.9600.17415","0","10-Feb-17","LDR","4541509","March 10, 2020-KB4541509 (Monthly Rollup)","http://support.microsoft.com/kb/4541509","No LDR Only available","No LDR Only available","No LDR Only available","rEX","20-03Rollup"
"Schannel.dll","Dom_LSA","6.3.9600.19473","0","22-Aug-19","GDR","4541509","March 10, 2020-KB4541509 (Monthly Rollup)","http://support.microsoft.com/kb/4541509","No LDR Only available","No LDR Only available","No LDR Only available","rEX","20-03Rollup"
"Scesrv.dll","Dom_SecAuditAndConfig","6.3.9600.18911","1","12-Jan-18","LDR","4541509","March 10, 2020-KB4541509 (Monthly Rollup)","http://support.microsoft.com/kb/4541509","No LDR Only available","No LDR Only available","No LDR Only available","rEX","20-03Rollup"
"aclui.dll","Dom_SecAuditAndConfig","6.3.9600.17415","1","30.10.2014","GDR","3000850 (v1.7)","November 2014 update rollup for Windows RT 8.1, Windows 8.1, and Windows Server 2012 R2","http://support.microsoft.com/kb/3000850","No LDR Only available","No LDR Only available","No LDR Only available","rEX","14-11Rollup"
"Winscard.dll","Dom_SC_Provider","6.3.9600.18999","1","7-Apr-18","LDR","4541509","March 10, 2020-KB4541509 (Monthly Rollup)","http://support.microsoft.com/kb/4541509","No LDR Only available","No LDR Only available","No LDR Only available","rEX","20-03Rollup"
"Basecsp.dll","Dom_SC_Provider","6.3.9600.18964","1","7-Mar-18","GDR","4541509","March 10, 2020-KB4541509 (Monthly Rollup)","http://support.microsoft.com/kb/4541509","No LDR Only available","No LDR Only available","No LDR Only available","rEX","20-03Rollup"
"Scksp.dll","Dom_SC_Provider","6.3.9600.18964","1","3-Mar-18","GDR","4541509","March 10, 2020-KB4541509 (Monthly Rollup)","http://support.microsoft.com/kb/4541509","No LDR Only available","No LDR Only available","No LDR Only available","rEX","20-03Rollup"
"ScardSvr.dll","Dom_SC_Srv","6.3.9600.18878","1","5-Dec-17","LDR","4541509","March 10, 2020-KB4541509 (Monthly Rollup)","http://support.microsoft.com/kb/4541509","No LDR Only available","No LDR Only available","No LDR Only available","rEX","20-03Rollup"
"Scfilter.sys","Dom_SC_Srv","6.3.9600.18878","1","5-Dec-17","LDR","4541509","March 10, 2020-KB4541509 (Monthly Rollup)","http://support.microsoft.com/kb/4541509","No LDR Only available","No LDR Only available","No LDR Only available","rEX","20-03Rollup"
"Certprop.dll","Dom_SC_Srv","6.3.9600.18562","1","25-Dec-16","GDR","4541509","March 10, 2020-KB4541509 (Monthly Rollup)","http://support.microsoft.com/kb/4541509","No LDR Only available","No LDR Only available","No LDR Only available","rEX","20-03Rollup"
"Crypt32.dll","Dom_CRYPTO","6.3.9600.18653","1","31-Mar-17","GDR","4541509","March 10, 2020-KB4541509 (Monthly Rollup)","http://support.microsoft.com/kb/4541509","No LDR Only available","No LDR Only available","No LDR Only available","rEX","20-03Rollup"
"cryptsvc.dll","Dom_CRYPTO","6.3.9600.17415","1","30.10.2014","GDR","3000850 (v1.7)","November 2014 update rollup for Windows RT 8.1, Windows 8.1, and Windows Server 2012 R","http://support.microsoft.com/kb/3000850","No LDR Only available","No LDR Only available","No LDR Only available"," ","14-11Rollup"
"Cryptnet.dll","Dom_CRYPTO","6.3.9600.18878","1","5-Dec-17","LDR","4541509","March 10, 2020-KB4541509 (Monthly Rollup)","http://support.microsoft.com/kb/4541509","No LDR Only available","No LDR Only available","No LDR Only available","rEX","20-03Rollup"
"Wintrust.dll","Dom_CRYPTO","6.3.9600.18508","1","5-Oct-16","GDR","4541509","March 10, 2020-KB4541509 (Monthly Rollup)","http://support.microsoft.com/kb/4541509","No LDR Only available","No LDR Only available","No LDR Only available","rEX","20-03Rollup"
"Cryptdll.dll","Dom_CRYPTO","6.3.9600.19343","1","5-Apr-19","GDR","4541509","March 10, 2020-KB4541509 (Monthly Rollup)","http://support.microsoft.com/kb/4541509","No LDR Only available","No LDR Only available","No LDR Only available","rEX","20-03Rollup"
"Cryptcatsvc.dll","Dom_CRYPTO","6.3.9600.19596","1","13-Dec-19","LDR","4541509","March 10, 2020-KB4541509 (Monthly Rollup)","http://support.microsoft.com/kb/4541509","No LDR Only available","No LDR Only available","No LDR Only available","rEX","20-03Rollup"
"dimsroam.dll","Dom_DIMS","6.3.9600.17415","1","18.11.2014","GDR","3000850 (v1.8)","November 2014 update rollup for Windows RT 8.1, Windows 8.1, and Windows Server 2012 R","http://support.microsoft.com/kb/3000850","No LDR Only available","No LDR Only available","No LDR Only available"," ","14-11Rollup"
"dimsjob.dll","Dom_DIMS","6.3.9600.17415","1","18.11.2014","GDR","3000850 (v1.8)","November 2014 update rollup for Windows RT 8.1, Windows 8.1, and Windows Server 2012 R","http://support.microsoft.com/kb/3000850","No LDR Only available","No LDR Only available","No LDR Only available"," ","14-11Rollup"
"adprovider.dll","Dom_DIMS","6.3.9600.17415","1","18.11.2014","GDR","3000850 (v1.8)","November 2014 update rollup for Windows RT 8.1, Windows 8.1, and Windows Server 2012 R","http://support.microsoft.com/kb/3000850","No LDR Only available","No LDR Only available","No LDR Only available"," ","14-11Rollup"
"capiprovider.dll","Dom_DIMS","6.3.9600.17415","1","18.11.2014","GDR","3000850 (v1.8)","November 2014 update rollup for Windows RT 8.1, Windows 8.1, and Windows Server 2012 R","http://support.microsoft.com/kb/3000850","No LDR Only available","No LDR Only available","No LDR Only available"," ","14-11Rollup"
"cngprovider.dll","Dom_DIMS","6.3.9600.17415","1","18.11.2014","GDR","3000850 (v1.8)","November 2014 update rollup for Windows RT 8.1, Windows 8.1, and Windows Server 2012 R","http://support.microsoft.com/kb/3000850","No LDR Only available","No LDR Only available","No LDR Only available"," ","14-11Rollup"
"dpapiprovider.dll","Dom_DIMS","6.3.9600.17415","1","18.11.2014","GDR","3000850 (v1.8)","November 2014 update rollup for Windows RT 8.1, Windows 8.1, and Windows Server 2012 R","http://support.microsoft.com/kb/3000850","No LDR Only available","No LDR Only available","No LDR Only available"," ","14-11Rollup"
"wincredprovider.dll","Dom_DIMS","6.3.9600.17415","1","18.11.2014","GDR","3000850 (v1.8)","November 2014 update rollup for Windows RT 8.1, Windows 8.1, and Windows Server 2012 R","http://support.microsoft.com/kb/3000850","No LDR Only available","No LDR Only available","No LDR Only available"," ","14-11Rollup"
"Gpapi.dll","Dom_GPSVC","6.3.9600.18339","1","12-May-16","GDR","4541509","March 10, 2020-KB4541509 (Monthly Rollup)","http://support.microsoft.com/kb/4541509","No LDR Only available","No LDR Only available","No LDR Only available","rEX","20-03Rollup"
"Gpsvc.dll","Dom_GPSVC","6.3.9600.18659","1","6-Apr-17","GDR","4541509","March 10, 2020-KB4541509 (Monthly Rollup)","http://support.microsoft.com/kb/4541509","No LDR Only available","No LDR Only available","No LDR Only available","rEX","20-03Rollup"
"Gpmgmt.dll","Dom_GPSVC","6.3.9600.18791","1","11-Aug-17","LDR","4541509","March 10, 2020-KB4541509 (Monthly Rollup)","http://support.microsoft.com/kb/4541509","No LDR Only available","No LDR Only available","No LDR Only available","rEX","20-03Rollup"
"Gprsop.dll","Dom_GPSVC","6.3.9600.18264","1","10-Mar-16","LDR","4541509","March 10, 2020-KB4541509 (Monthly Rollup)","http://support.microsoft.com/kb/4541509","No LDR Only available","No LDR Only available","No LDR Only available","rEX","20-03Rollup"
"Userenv.dll","Dom_GPSVC","6.3.9600.19543","1","28-Oct-19","GDR","4541509","March 10, 2020-KB4541509 (Monthly Rollup)","http://support.microsoft.com/kb/4541509","No LDR Only available","No LDR Only available","No LDR Only available","rEX","20-03Rollup"
"gpprnext.dll","Dom_GPExt","6.3.9600.17415","1","30.10.2014","GDR","3000850 (v1.7)","November 2014 update rollup for Windows RT 8.1, Windows 8.1, and Windows Server 2012 R","http://support.microsoft.com/kb/3000850","No LDR Only available","No LDR Only available","No LDR Only available"," ","14-11Rollup"
"appmgmts.dll","Dom_GPExt","6.3.9600.17415","1","18.11.2014","GDR","3000850 (v1.8)","November 2014 update rollup for Windows RT 8.1, Windows 8.1, and Windows Server 2012 R","http://support.microsoft.com/kb/3000850","No LDR Only available","No LDR Only available","No LDR Only available"," ","14-11Rollup"
"Gpprefcl.dll","Dom_GPP","6.3.9600.18731","1","15-Jun-17","LDR","4541509","March 10, 2020-KB4541509 (Monthly Rollup)","http://support.microsoft.com/kb/4541509","No LDR Only available","No LDR Only available","No LDR Only available","rEX","20-03Rollup"
"Gpme.dll","Dom_GPP","6.3.9600.18907","1","9-Jan-18","LDR","4541509","March 10, 2020-KB4541509 (Monthly Rollup)","http://support.microsoft.com/kb/4541509","No LDR Only available","No LDR Only available","No LDR Only available","rEX","20-03Rollup"
"Gppref.dll","Dom_GPP","6.3.9600.18907","1","9-Jan-18","GDR","4541509","March 10, 2020-KB4541509 (Monthly Rollup)","http://support.microsoft.com/kb/4541509","No LDR Only available","No LDR Only available","No LDR Only available","rEX","20-03Rollup"
"Gpprefbr.dll","Dom_GPP","6.3.9600.18907","1","9-Jan-18","LDR","4541509","March 10, 2020-KB4541509 (Monthly Rollup)","http://support.microsoft.com/kb/4541509","No LDR Only available","No LDR Only available","No LDR Only available","rEX","20-03Rollup"
"Gpprefcn.dll","Dom_GPP","6.3.9600.18907","1","9-Jan-18","GDR","4541509","March 10, 2020-KB4541509 (Monthly Rollup)","http://support.microsoft.com/kb/4541509","No LDR Only available","No LDR Only available","No LDR Only available","rEX","20-03Rollup"
"Gpregistrybrowser.dll","Dom_GPP","6.3.9600.18907","1","9-Jan-18","GDR","4541509","March 10, 2020-KB4541509 (Monthly Rollup)","http://support.microsoft.com/kb/4541509","No LDR Only available","No LDR Only available","No LDR Only available","rEX","20-03Rollup"
"Propshts.dll","Dom_GPP","6.3.9600.18907","1","9-Jan-18","GDR","4541509","March 10, 2020-KB4541509 (Monthly Rollup)","http://support.microsoft.com/kb/4541509","No LDR Only available","No LDR Only available","No LDR Only available","rEX","20-03Rollup"
"profprov.dll","Dom_ProfProc","6.3.9600.17415","1","18.11.2014","GDR","3000850 (v1.8)","November 2014 update rollup for Windows RT 8.1, Windows 8.1, and Windows Server 2012 R","http://support.microsoft.com/kb/3000850","No LDR Only available","No LDR Only available","No LDR Only available"," ","14-11Rollup"
"Profsvc.dll","Dom_ProfProc","6.3.9600.19629","1","28-Jan-20","GDR","4541509","March 10, 2020-KB4541509 (Monthly Rollup)","http://support.microsoft.com/kb/4541509","No LDR Only available","No LDR Only available","No LDR Only available","rEX","20-03Rollup"
"fdeploy.dll","Dom_FolderRedir","6.3.9600.17415","1","30.10.2014","GDR","3000850 (v1.7)","November 2014 update rollup for Windows RT 8.1, Windows 8.1, and Windows Server 2012 R","http://support.microsoft.com/kb/3000850","No LDR Only available","No LDR Only available","No LDR Only available"," ","14-11Rollup"
"Esent.dll","Dom_ESENT","6.3.9600.18429","0","30-Jul-16","GDR","4541509","March 10, 2020-KB4541509 (Monthly Rollup)","http://support.microsoft.com/kb/4541509","No LDR Only available","No LDR Only available","No LDR Only available","rEX","20-03Rollup"
"Ntdsai.dll","Dom_NTDSAI","6.3.9600.19653","0","5-Mar-20","LDR","4541509","March 10, 2020-KB4541509 (Monthly Rollup)","http://support.microsoft.com/kb/4541509","No LDR Only available","No LDR Only available","No LDR Only available","rEX","20-03Rollup"
"Samsrv.dll","Dom_SAMSRV","6.3.9600.19496","0","19-Sep-19","LDR","4541509","March 10, 2020-KB4541509 (Monthly Rollup)","http://support.microsoft.com/kb/4541509","No LDR Only available","No LDR Only available","No LDR Only available","rEX","20-03Rollup"
"Samlib.dll","Dom_SAMSRV","6.3.9600.18589","0","4-Feb-17","GDR","4541509","March 10, 2020-KB4541509 (Monthly Rollup)","http://support.microsoft.com/kb/4541509","No LDR Only available","No LDR Only available","No LDR Only available","rEX","20-03Rollup"
"Kdcsvc.dll","Dom_KDCSVC","6.3.9600.19397","0","8-Jun-19","LDR","4541509","March 10, 2020-KB4541509 (Monthly Rollup)","http://support.microsoft.com/kb/4541509","No LDR Only available","No LDR Only available","No LDR Only available","rEX","20-03Rollup"
"Dfsrs.exe","Dom_DFS-R","6.3.9600.18776","0","20-Jul-17","LDR","4541509","March 10, 2020-KB4541509 (Monthly Rollup)","http://support.microsoft.com/kb/4541509","No LDR Only available","No LDR Only available","No LDR Only available","rEX","20-03Rollup"
"Dfsrress.dll","Dom_DFS-R","6.3.9600.16384","0","22-Aug-13","LDR","4541509","March 10, 2020-KB4541509 (Monthly Rollup)","http://support.microsoft.com/kb/4541509","No LDR Only available","No LDR Only available","No LDR Only available","rEX","20-03Rollup"
"microsoft.identityserver.proxyservice.exe","Dom_ADFS","6.3.9600.18591","0","09-Feb-2017","GDR","4541509","March 10, 2020-KB4541509 (Monthly Rollup)","http://support.microsoft.com/kb/4541509","No LDR Only available","No LDR Only available","No LDR Only available","rEX","20-03Rollup"
"microsoft.identityserver.service.dll","Dom_ADFS","6.3.9600.18818","0","09-Feb-2017","GDR","4541509","March 10, 2020-KB4541509 (Monthly Rollup)","http://support.microsoft.com/kb/4541509","No LDR Only available","No LDR Only available","No LDR Only available","rEX","20-03Rollup"
"microsoft.identityserver.webhost.dll","Dom_ADFS","6.3.9600.18591","0","13-Apr-2016","GDR","4541509","March 10, 2020-KB4541509 (Monthly Rollup)","http://support.microsoft.com/kb/4541509","No LDR Only available","No LDR Only available","No LDR Only available","rEX","20-03Rollup"
"microsoft.identityserver.web.dll","Dom_ADFS","6.3.9600.18818","0","14-Jul-2017","GDR","4541509","March 10, 2020-KB4541509 (Monthly Rollup)","http://support.microsoft.com/kb/4541509","No LDR Only available","No LDR Only available","No LDR Only available","rEX","20-03Rollup"
"microsoft.identityserver.dll","Dom_ADFS","6.3.9600.18818","0","09-Feb-2017","GDR","4541509","March 10, 2020-KB4541509 (Monthly Rollup)","http://support.microsoft.com/kb/4541509","No LDR Only available","No LDR Only available","No LDR Only available","rEX","20-03Rollup"
"Clussvc.exe","Cluster_Core","6.3.9600.19122","0","9-Aug-18","LDR","4541509","March 10, 2020-KB4541509 (Monthly Rollup)","http://support.microsoft.com/kb/4541509","No LDR Only available","No LDR Only available","No LDR Only available","rEX","20-03Rollup"
"ClusWMI.dll","Cluster_Core","6.3.9600.18523","0","22-Oct-16","LDR","4541509","March 10, 2020-KB4541509 (Monthly Rollup)","http://support.microsoft.com/kb/4541509","No LDR Only available","No LDR Only available","No LDR Only available","rEX","20-03Rollup"
"Rhs.exe","Cluster_Core","6.3.9600.18907","0","9-Jan-18","GDR","4541509","March 10, 2020-KB4541509 (Monthly Rollup)","http://support.microsoft.com/kb/4541509","No LDR Only available","No LDR Only available","No LDR Only available","rEX","20-03Rollup"
"Clusres.dll","Cluster_Core","6.3.9600.18907","0","9-Jan-18","LDR","4541509","March 10, 2020-KB4541509 (Monthly Rollup)","http://support.microsoft.com/kb/4541509","No LDR Only available","No LDR Only available","No LDR Only available","rEX","20-03Rollup"
"clusres2.dll","Cluster_Core","6.3.9600.17343","0","16.09.2014","GDR","2990852 (v4.0)","Performance and reliability enhancements for clustered environments in Windows 8.1 and Windows Server 2012 R2","http://support.microsoft.com/kb/2990852","No LDR Only available","No LDR Only available","No LDR Only available","rEX","14-11Rollup"
"netft.sys","Cluster_Core","6.3.9600.17396","0","18.11.2014","GDR","3000850 (v6.8)","Performance and reliability enhancements for clustered environments in Windows 8.1 and Windows Server 2012 R","http://support.microsoft.com/kb/3000850","No LDR Only available","No LDR Only available","No LDR Only available"," ","14-11Rollup"
"clusauthmgr.dll","Cluster_Core","6.3.9600.17396","0","18.11.2014","GDR","3000850 (v6.8)","Performance and reliability enhancements for clustered environments in Windows 8.1 and Windows Server 2012 R","http://support.microsoft.com/kb/3000850","No LDR Only available","No LDR Only available","No LDR Only available"," ","14-11Rollup"
"csvflt.sys","Cluster_CSV","6.3.9600.17669","0","29.01.2015","GDR","2970653 (v1.0)","A SQL Server that is running in a Hyper-V virtual machine takes a long time to restore a database to a dynamic VH","http://support.microsoft.com/kb/2970653","No LDR Only available","No LDR Only available","No LDR Only available","rKB","No Rollup"
"Csvfs.sys","Cluster_CSV","6.3.9600.18696","0","12-May-17","LDR","4541509","March 10, 2020-KB4541509 (Monthly Rollup)","http://support.microsoft.com/kb/4541509","No LDR Only available","No LDR Only available","No LDR Only available","rEX","20-03Rollup"
"Svhdxflt.sys","Cluster_CSV","6.3.9600.18185","0","30-Dec-15","LDR","4541509","March 10, 2020-KB4541509 (Monthly Rollup)","http://support.microsoft.com/kb/4541509","No LDR Only available","No LDR Only available","No LDR Only available","rEX","20-03Rollup"
"Clusdisk.sys","Cluster_Disk","6.3.9600.18228","0","4-Feb-16","LDR","4541509","March 10, 2020-KB4541509 (Monthly Rollup)","http://support.microsoft.com/kb/4541509","No LDR Only available","No LDR Only available","No LDR Only available","rEX","20-03Rollup"
"volsnap.sys","Cluster_Volsnap","6.3.9600.18265","0","14.03.2016","GDR","3145384 (v1.0)","MinDiffAreaFileSize registry value limit is increased from 3 GB to 50 GB in Windows 8.1 or Windows Server 2012 R2","http://support.microsoft.com/kb/3145384","No LDR Only available","No LDR Only available","No LDR Only available","rEX","No Rollup"
"cprepsrv.exe","Cluster_Validation","6.3.9600.18035","1","21.08.2015","GDR","3091057 (v1.0)","Cluster validation fails in the ""Validate Simultaneous Failover"" test in a Windows Server 2012 R2-based failover cluster","http://support.microsoft.com/kb/3091057","No LDR Only available","No LDR Only available","No LDR Only available","rEX","No Rollup"
"microsoft.failoverclusters.framework.dll","Cluster_Validation","6.3.9600.18569","1","06-Jan-2017","GDR","4541509","March 10, 2020-KB4541509 (Monthly Rollup)","http://support.microsoft.com/kb/4541509","No LDR Only available","No LDR Only available","No LDR Only available","rEX","20-03Rollup"
"crashdmp.sys","Core_Kernel","6.3.9600.17622","0","20.12.2014","GDR","3027113 (v1.0)","Can't save a dump file when the system crashes and the Round Robin MPIO policy is used in Windows Server 201","http://support.microsoft.com/kb/3027113","No LDR Only available","No LDR Only available","No LDR Only available","rKB","No Rollup"
"Ntdll.dll","Core_Kernel","6.3.9600.19629","0","28-Jan-20","GDR","4541509","March 10, 2020-KB4541509 (Monthly Rollup)","http://support.microsoft.com/kb/4541509","No LDR Only available","No LDR Only available","No LDR Only available","rEX","20-03Rollup"
"Ntoskrnl.exe","Core_Kernel","6.3.9600.19665","0","4-Mar-20","LDR","4541509","March 10, 2020-KB4541509 (Monthly Rollup)","http://support.microsoft.com/kb/4541509","No LDR Only available","No LDR Only available","No LDR Only available","rEX","20-03Rollup"
"Hal.dll","Core_Kernel","6.3.9600.19464","0","9-Mar-18","GDR","4541509","March 10, 2020-KB4541509 (Monthly Rollup)","http://support.microsoft.com/kb/4541509","No LDR Only available","No LDR Only available","No LDR Only available","rEX","20-03Rollup"
"Fltmgr.sys","Core_Kernel","6.3.9600.19482","0","10-Sep-19","GDR","4541509","March 10, 2020-KB4541509 (Monthly Rollup)","http://support.microsoft.com/kb/4541509","No LDR Only available","No LDR Only available","No LDR Only available","rEX","20-03Rollup"
"Ntfs.sys","Core_FileSystem","6.3.9600.19664","0","4-Mar-20","LDR","4541509","March 10, 2020-KB4541509 (Monthly Rollup)","http://support.microsoft.com/kb/4541509","No LDR Only available","No LDR Only available","No LDR Only available","rEX","20-03Rollup"
"dedup.sys","Core_FileSystem","6.3.9600.19242","0","22-Dec-18","LDR","4541509","March 10, 2020-KB4541509 (Monthly Rollup)","http://support.microsoft.com/kb/4541509","No LDR Only available","No LDR Only available","No LDR Only available","rEX","20-03Rollup"
"Msiscsi.sys","Core_DiskSystem","6.3.9600.18968","0","9-Mar-18","GDR","4541509","March 10, 2020-KB4541509 (Monthly Rollup)","http://support.microsoft.com/kb/4541509","No LDR Only available","No LDR Only available","No LDR Only available","rEX","20-03Rollup"
"iscsitgt.dll","Core_DiskSystem","6.3.9600.18258","0","03.03.2016","GDR","3146621 (v1.0)","iiSCSI target service crashes randomly in Windows Server 2012 R2","http://support.microsoft.com/kb/3146621","No LDR Only available","No LDR Only available","No LDR Only available","rEX","No Rollup"
"Storport.sys","Core_DiskSystem","6.3.9600.18833","0","5-Oct-17","GDR","4541509","March 10, 2020-KB4541509 (Monthly Rollup)","http://support.microsoft.com/kb/4541509","No LDR Only available","No LDR Only available","No LDR Only available","rEX","20-03Rollup"
"repdrvfs.dll","Core_WMI","6.3.9600.17475","0","29.10.2014","GDR","3173424 (v3.0)","Servicing stack update for Windows 8.1 and Windows Server 2012 R2: July 12, 2016","http://support.microsoft.com/kb/3173424","No LDR Only available","No LDR Only available","No LDR Only available","rEX","No Rollup"
"Mpio.sys","Core_MPIO","6.3.9600.19343","0","8-Apr-19","LDR","4541509","March 10, 2020-KB4541509 (Monthly Rollup)","http://support.microsoft.com/kb/4541509","No LDR Only available","No LDR Only available","No LDR Only available","rEX","20-03Rollup"
"Msdsm.sys","Core_MPIO","6.3.9600.18592","0","11-Feb-17","LDR","4541509","March 10, 2020-KB4541509 (Monthly Rollup)","http://support.microsoft.com/kb/4541509","No LDR Only available","No LDR Only available","No LDR Only available","rEX","20-03Rollup"
"Advapi32.dll","Core_Apps","6.3.9600.18895","0","10-Feb-17","GDR","4541509","March 10, 2020-KB4541509 (Monthly Rollup)","http://support.microsoft.com/kb/4541509","No LDR Only available","No LDR Only available","No LDR Only available","rEX","20-03Rollup"
"vssapi.dll","Core_VSS","6.3.9600.17466","1","22.10.2014","GDR","2996928 (v1.1)","Backup task fails with a time-out error in Window","http://support.microsoft.com/kb/2996928","No LDR Only available","No LDR Only available","No LDR Only available","rEX","14-12Rollup"
"vsstrace.dll","Core_VSS","6.3.9600.17466","1","22.10.2014","GDR","2996928 (v1.1)","Backup task fails with a time-out error in Window","http://support.microsoft.com/kb/2996928","No LDR Only available","No LDR Only available","No LDR Only available","rEX","14-12Rollup"
"swprv.dll","Core_VSS","6.3.9600.17415","1","30.10.2014","GDR","3000850 (v1.7)","November 2014 update rollup for Windows RT 8.1, Windows 8.1, and Windows Server 2012 R","http://support.microsoft.com/kb/3000850","No LDR Only available","No LDR Only available","No LDR Only available"," ","14-11Rollup"
"spp.dll","Core_VSS","6.3.9600.17415","1","18.11.2014","GDR","3000850 (v1.8)","November 2014 update rollup for Windows RT 8.1, Windows 8.1, and Windows Server 2012 R","http://support.microsoft.com/kb/3000850","No LDR Only available","No LDR Only available","No LDR Only available"," ","14-11Rollup"
"wbengine.exe","Core_VSS","6.3.9600.18437","1","11-Aug-16","GDR","4541509","March 10, 2020-KB4541509 (Monthly Rollup)","http://support.microsoft.com/kb/4541509","No LDR Only available","No LDR Only available","No LDR Only available","rEX","20-03Rollup"
"blbsrv.dll","Core_VSS","6.3.9600.18192","1","10.01.2016","GDR","3134813 (v1.0)","Windows Server Backup may hit process freeze and backup operation fails in Windows Server 2012 R2","http://support.microsoft.com/kb/3134813","No LDR Only available","No LDR Only available","No LDR Only available","rEX","No Rollup"
"pci.sys","Core_Sys","6.3.9600.18939","1","10-Feb-18","LDR","4541509","March 10, 2020-KB4541509 (Monthly Rollup)","http://support.microsoft.com/kb/4541509","No LDR Only available","No LDR Only available","No LDR Only available","rEX","20-03Rollup"
"Tzres.dll","Core_TimeZone","6.3.9600.16384","1","22-Aug-13","GDR","4541509","March 10, 2020-KB4541509 (Monthly Rollup)","http://support.microsoft.com/kb/4541509","No LDR Only available","No LDR Only available","No LDR Only available","rEX","20-03Rollup"
"qmgr.dll","Net_BiTS","7.7.9600.18125","1","8-Feb-20","LDR","4541509","March 10, 2020-KB4541509 (Monthly Rollup)","http://support.microsoft.com/kb/4541509","No LDR Only available","No LDR Only available","No LDR Only available","rEX","20-03Rollup"
"Vmswitch.sys","Hyper-V_Net","6.3.9600.19537","1","11-Oct-19","LDR","4541509","March 10, 2020-KB4541509 (Monthly Rollup)","http://support.microsoft.com/kb/4541509","No LDR Only available","No LDR Only available","No LDR Only available","rEX","20-03Rollup"
"Vmbus.sys","Hyper-V_Net","6.3.9600.19456","1","21-Feb-18","LDR","4072650","Hyper-V integration components update for Windows virtual machines","http://support.microsoft.com/kb/4072650","No LDR Only available","No LDR Only available","No LDR Only available","rEX","No Rollup"
"Mslbfoprovider.sys","Hyper-V_Net","6.3.9600.18406","1","09-Jul-2016","LDR","3179574","August 2016 update rollup for Windows RT 8.1, Windows 8.1, and Windows Server 2012 R2","http://support.microsoft.com/kb/3179574","No LDR Only available","No LDR Only available","No LDR Only available","rEX","16-08Rollup"
"wnv.sys","Hyper-V_Net","6.3.9600.17676","1","08.02.2015","GDR","3023869 (v4.0)","Crash on Windows 8.1 or Windows Server 2012 R2 when a WPF driver calls the FwpsConstructIpHeaderForTransportPacket0 function","http://support.microsoft.com/kb/3023869","No LDR Only available","No LDR Only available","No LDR Only available","rEX","No Rollup"
"Vmsntfy.dll","Hyper-V_Net","6.3.9600.17396","1","8-Oct-14","LDR","4541509","March 10, 2020-KB4541509 (Monthly Rollup)","http://support.microsoft.com/kb/4541509","No LDR Only available","No LDR Only available","No LDR Only available","rEX","20-03Rollup"
"ndisimplatform.sys","Hyper-V_Net","6.3.9600.18258","1","03.03.2016","GDR","3145432 (v1.0)","Cluster nodes or VMs go offline when they are using VMQ capable NICs on a Windows Server 2012 R2 host","http://support.microsoft.com/kb/3145432","No LDR Only available","No LDR Only available","No LDR Only available","rEX","No Rollup"
"Vmms.exe","Hyper-V_Net","6.3.9600.19558","1","1-Nov-19","LDR","4541509","March 10, 2020-KB4541509 (Monthly Rollup)","http://support.microsoft.com/kb/4541509","No LDR Only available","No LDR Only available","No LDR Only available","rEX","20-03Rollup"
"winnat.sys","Hyper-V_Net","6.3.9600.18226","1","02.02.2016","GDR","3139164 (v1.0)","Tracert command doesn't receive responses when you trace resources on Internet through Windows Server 2012 R2 HNV GW","http://support.microsoft.com/kb/3139164","No LDR Only available","No LDR Only available","No LDR Only available","rEX","No Rollup"
"pvhdparser.sys","Hyper-V_Net","6.3.9600.18575","1","12-Jan-17","LDR","4541509","March 10, 2020-KB4541509 (Monthly Rollup)","http://support.microsoft.com/kb/4541509","No LDR Only available","No LDR Only available","No LDR Only available","rEX","20-03Rollup"
"Wmisvc.dll","Hyper-V_Net","10.0.14394.1046","1","25-Oct-17","GDR","4541509","March 10, 2020-KB4541509 (Monthly Rollup)","http://support.microsoft.com/kb/4541509","No LDR Only available","No LDR Only available","No LDR Only available","rEX","20-03Rollup"
"Rasapi32.dll","HNV_Net","6.3.9600.18404","1","7-Jul-16","GDR","4541509","March 10, 2020-KB4541509 (Monthly Rollup)","http://support.microsoft.com/kb/4541509","No LDR Only available","No LDR Only available","No LDR Only available","rEX","20-03Rollup"
"Mprapi.dll","HNV_Net","6.3.9600.18738","1","24-Jun-17","GDR","4541509","March 10, 2020-KB4541509 (Monthly Rollup)","http://support.microsoft.com/kb/4541509","No LDR Only available","No LDR Only available","No LDR Only available","rEX","20-03Rollup"
"Rdpshell.exe","RDS_remote_App","6.3.9600.18402","0","04-Jul-2016","LDR","3179574","August 2016 update rollup for Windows RT 8.1, Windows 8.1, and Windows Server 2012 R2","http://support.microsoft.com/kb/3179574","No LDR Only available","No LDR Only available","No LDR Only available","rEX","16-08Rollup"
"Rdsdwmdr.dll","RDS_remote_App","6.3.9600.18708","0","27-May-17","GDR","4541509","March 10, 2020-KB4541509 (Monthly Rollup)","http://support.microsoft.com/kb/4541509","No LDR Only available","No LDR Only available","No LDR Only available","rEX","20-03Rollup"
"tscfgwmi.dll","RDS_remote_App","6.3.9600.17415","0","30.10.2014","GDR","3000850 (v1.7)","November 2014 update rollup for Windows RT 8.1, Windows 8.1, and Windows Server 2012 R","http://support.microsoft.com/kb/3000850","No LDR Only available","No LDR Only available","No LDR Only available"," ","14-11Rollup"
"audioeng.dll","RDS_devRdr","6.3.9600.17415","1","30.10.2014","GDR","3000850 (v1.7)","November 2014 update rollup for Windows RT 8.1, Windows 8.1, and Windows Server 2012 R2","http://support.microsoft.com/kb/3000850","No LDR Only available","No LDR Only available","No LDR Only available","rEX","14-11Rollup"
"Audiokse.dll","RDS_devRdr","6.3.9600.19377","1","25-May-19","GDR","4541509","March 10, 2020-KB4541509 (Monthly Rollup)","http://support.microsoft.com/kb/4541509","No LDR Only available","No LDR Only available","No LDR Only available","rEX","20-03Rollup"
"Audioses.dll","RDS_devRdr","6.3.9600.19377","1","25-May-19","GDR","4541509","March 10, 2020-KB4541509 (Monthly Rollup)","http://support.microsoft.com/kb/4541509","No LDR Only available","No LDR Only available","No LDR Only available","rEX","20-03Rollup"
"Audiosrv.dll","RDS_devRdr","6.3.9600.19409","1","15-Jun-19","LDR","4541509","March 10, 2020-KB4541509 (Monthly Rollup)","http://support.microsoft.com/kb/4541509","No LDR Only available","No LDR Only available","No LDR Only available","rEX","20-03Rollup"
"wsepno.dll","RDS_msTsc","7.0.9600.17415","1","18.11.2014","GDR","3000850 (v1.8)","November 2014 update rollup for Windows RT 8.1, Windows 8.1, and Windows Server 2012 R","http://support.microsoft.com/kb/3000850","No LDR Only available","No LDR Only available","No LDR Only available"," ","14-11Rollup"
"xpsgdiconverter.dll","RDS_msTsc","6.3.9600.17415","1","30.10.2014","GDR","3000850 (v1.7)","November 2014 update rollup for Windows RT 8.1, Windows 8.1, and Windows Server 2012 R","http://support.microsoft.com/kb/3000850","No LDR Only available","No LDR Only available","No LDR Only available"," ","14-11Rollup"
"Tsvmhasvc.dll","RDS_vHost","6.3.9600.19592","0","6-Dec-19","LDR","4541509","March 10, 2020-KB4541509 (Monthly Rollup)","http://support.microsoft.com/kb/4541509","No LDR Only available","No LDR Only available","No LDR Only available","rEX","20-03Rollup"
"tssdis.exe","RDS_vHost","6.3.9600.18260","0","05.03.2016","GDR","3134179 (v1.0)","Update adds performance counters for Remote Desktop Connection Broker in Windows Server 2012 R2","http://support.microsoft.com/kb/3134179","No LDR Only available","No LDR Only available","No LDR Only available","rEX","No Rollup"
"licmgr.exe","RDS_license","6.3.9600.17515","0","23.01.2015","GDR","3013108 (v2.0)","RDS License Manager shows no issued free or temporary client access licenses in Windows Server 2012 R2","http://support.microsoft.com/kb/3013108","No LDR Only available","No LDR Only available","No LDR Only available","rEX","No Rollup"
"dxgkrnl.sys","RDS_host","6.3.9600.19622","1","11-Jan-20","GDR","4541509","March 10, 2020-KB4541509 (Monthly Rollup)","http://support.microsoft.com/kb/4541509","No LDR Only available","No LDR Only available","No LDR Only available","rEX","20-03Rollup"
"sessenv.dll","RDS_host","6.3.9600.19094","1","6-Jul-18","GDR","4541509","March 10, 2020-KB4541509 (Monthly Rollup)","http://support.microsoft.com/kb/4541509","No LDR Only available","No LDR Only available","No LDR Only available","rEX","20-03Rollup"
"aaedge.dll","RDS_gateway","6.3.9600.19589","1","4-Dec-19","LDR","4541509","March 10, 2020-KB4541509 (Monthly Rollup)","http://support.microsoft.com/kb/4541509","No LDR Only available","No LDR Only available","No LDR Only available","rEX","20-03Rollup"
"Localspl.dll","Print_Spool","6.3.9600.19293","0","9-Feb-19","GDR","4541509","March 10, 2020-KB4541509 (Monthly Rollup)","http://support.microsoft.com/kb/4541509","No LDR Only available","No LDR Only available","No LDR Only available","rEX","20-03Rollup"
"Win32spl.dll","Print_Spool","6.3.9600.19064","0","15-Jun-18","GDR","4541509","March 10, 2020-KB4541509 (Monthly Rollup)","http://support.microsoft.com/kb/4541509","No LDR Only available","No LDR Only available","No LDR Only available","rEX","20-03Rollup"
"spoolss.dll","Print_Spool","6.3.9600.17835","0","20.05.2015","GDR","2966038 (v1.0)","Printer managed by custom print providers is not visible in Devices and Printers in Windows","http://support.microsoft.com/kb/2966038","No LDR Only available","No LDR Only available","No LDR Only available","rKB","No Rollup"
"Spoolsv.exe","Print_Spool","6.3.9600.19538","0","15-Oct-19","GDR","4541509","March 10, 2020-KB4541509 (Monthly Rollup)","http://support.microsoft.com/kb/4541509","No LDR Only available","No LDR Only available","No LDR Only available","rEX","20-03Rollup"
"winspool.drv","Print_Spool","6.3.9600.19293","0","03-Sep-2016","GDR","4541509","March 10, 2020-KB4541509 (Monthly Rollup)","http://support.microsoft.com/kb/4541509","No LDR Only available","No LDR Only available","No LDR Only available","rEX","20-03Rollup"
"Ntprint.exe","Print_App","6.3.9600.17415","0","29-Oct-14","GDR","4541509","March 10, 2020-KB4541509 (Monthly Rollup)","http://support.microsoft.com/kb/4541509","No LDR Only available","No LDR Only available","No LDR Only available","rEX","20-03Rollup"
"printui.dll","Print_App","6.3.9600.17415","0","30.10.2014","GDR","3000850 (v1.7)","November 2014 update rollup for Windows RT 8.1, Windows 8.1, and Windows Server 2012 R","http://support.microsoft.com/kb/3000850","No LDR Only available","No LDR Only available","No LDR Only available"," ","14-11Rollup"
"Printfilterpipelineprxy.dll","Print_App","6.3.9600.19565","0","11-Nov-19","GDR","4541509","March 10, 2020-KB4541509 (Monthly Rollup)","http://support.microsoft.com/kb/4541509","No LDR Only available","No LDR Only available","No LDR Only available","rEX","20-03Rollup"
"Printfilterpipelinesvc.exe","Print_App","6.3.9600.19565","0","11-Nov-19","GDR","4541509","March 10, 2020-KB4541509 (Monthly Rollup)","http://support.microsoft.com/kb/4541509","No LDR Only available","No LDR Only available","No LDR Only available","rEX","20-03Rollup"
"Printbrm.exe","Print_App","6.3.9600.17415","0","29-Oct-14","LDR","4541509","March 10, 2020-KB4541509 (Monthly Rollup)","http://support.microsoft.com/kb/4541509","No LDR Only available","No LDR Only available","No LDR Only available","rEX","20-03Rollup"
"splwow64.exe","Print_App","6.3.9600.19538","0","15-Oct-19","LDR","4541509","March 10, 2020-KB4541509 (Monthly Rollup)","http://support.microsoft.com/kb/4541509","No LDR Only available","No LDR Only available","No LDR Only available","rEX","20-03Rollup"
"Unidrv.dll","Print_Driver","0.3.9600.18790","1","11-Aug-17","GDR","4541509","March 10, 2020-KB4541509 (Monthly Rollup)","http://support.microsoft.com/kb/4541509","No LDR Only available","No LDR Only available","No LDR Only available","rEX","20-03Rollup"
"Unires.dll","Print_Driver","0.3.9600.18790","1","11-Aug-17","GDR","4541509","March 10, 2020-KB4541509 (Monthly Rollup)","http://support.microsoft.com/kb/4541509","No LDR Only available","No LDR Only available","No LDR Only available","rEX","20-03Rollup"
"xpssvcs.dll","Print_Driver","6.3.9600.18048","1","30.10.2014","GDR","3000850","November 2014 update rollup for Windows RT 8.1, Windows 8.1, and Windows Server 2012 R2","http://support.microsoft.com/kb/3000850","No LDR Only available","No LDR Only available","No LDR Only available","rEX","14-11Rollup"
"Mshtml.dll","IE_Client","11.0.9600.19626","0","16-Jan-20","GDR","4541509","March 10, 2020-KB4541509 (Monthly Rollup)","http://support.microsoft.com/kb/4541509","No LDR Only available","No LDR Only available","No LDR Only available","rEX","20-03Rollup"
"Vhdmp.sys","Cluster_CSV","6.3.9600.19388","0","25-May-19","GDR","4541509","March 10, 2020-KB4541509 (Monthly Rollup)","http://support.microsoft.com/kb/4541509","No LDR Only available","No LDR Only available","No LDR Only available","rEX","20-03Rollup"
"win32k.sys","Core_Kernel","6.3.9600.19650","0","11-Feb-20","LDR","4541509","March 10, 2020-KB4541509 (Monthly Rollup)","http://support.microsoft.com/kb/4541509","No LDR Only available","No LDR Only available","No LDR Only available","rEX","20-03Rollup"
"Lsasrv.dll","Dom_LSA","6.3.9600.19626","0","16-Jan-20","GDR","4541509","March 10, 2020-KB4541509 (Monthly Rollup)","http://support.microsoft.com/kb/4541509","No LDR Only available","No LDR Only available","No LDR Only available","rEX","20-03Rollup"
"Netlogon.dll","Dom_NETLOGON","6.3.9600.19537","0","11-Oct-19","GDR","4541509","March 10, 2020-KB4541509 (Monthly Rollup)","http://support.microsoft.com/kb/4541509","No LDR Only available","No LDR Only available","No LDR Only available","rEX","20-03Rollup"
"Msv1_0.dll","Dom_NTLM","6.3.9600.19537","1","11-Oct-19","GDR","4541509","March 10, 2020-KB4541509 (Monthly Rollup)","http://support.microsoft.com/kb/4541509","No LDR Only available","No LDR Only available","No LDR Only available","rEX","20-03Rollup"
"Vmwp.exe","Hyper-V_app","6.3.9600.19558","1","1-Nov-19","LDR","4541509","March 10, 2020-KB4541509 (Monthly Rollup)","http://support.microsoft.com/kb/4541509","No LDR Only available","No LDR Only available","No LDR Only available","rEX","20-03Rollup"
"Pcl4res.dll","Print_Driver","6.0.5479.0","1","11-Aug-17","LDR","4541509","March 10, 2020-KB4541509 (Monthly Rollup)","http://support.microsoft.com/kb/4541509","No LDR Only available","No LDR Only available","No LDR Only available","rEX","20-03Rollup"
"Pscript5.dll","Print_Driver","6.3.9600.18790","1","11-Aug-17","LDR","4541509","March 10, 2020-KB4541509 (Monthly Rollup)","http://support.microsoft.com/kb/4541509","No LDR Only available","No LDR Only available","No LDR Only available","rEX","20-03Rollup"
"Vmrdvcore.dll","RDS_vHost","6.3.9600.18907","0","1-Sep-16","LDR","4541509","March 10, 2020-KB4541509 (Monthly Rollup)","http://support.microsoft.com/kb/4541509","No LDR Only available","No LDR Only available","No LDR Only available","rEX","20-03Rollup"
"Mxdwdrv.dll","Print_Driver","6.3.9600.18790","1","11-Aug-17","LDR","4541509","March 10, 2020-KB4541509 (Monthly Rollup)","http://support.microsoft.com/kb/4541509","No LDR Only available","No LDR Only available","No LDR Only available","rEX","20-03Rollup"
"3173424","All_OS_2012R2_important_KB","KBOnlyVersion","0","8/18/2016","GDR","3173424 (v3.0)","Servicing stack update for Windows 8.1 and Windows Server 2012 R2: July 12, 2016","http://support.microsoft.com/kb/3173424","KB only","KB only","KB only","rKB","No Rollup"
"2992611","All_OS_2012R2_important_KB","KBOnlyVersion","0","10/20/2015","GDR","2992611 (v12.0)","MS14-066: Vulnerability in SChannel could allow remote code execution: November 11, 2014","http://support.microsoft.com/kb/2992611","KB only","KB only","KB only","rKB","No Rollup"
"3123245","All_OS_2012R2_important_KB","KBOnlyVersion","0","4/14/2016","GDR","3123245 (v4.0)","Update improves port exhaustion identification in Windows Server 2012 R2","http://support.microsoft.com/kb/3123245","KB only","KB only","KB only","rKB","No Rollup"
"3063109","Hyper-V_2012R2_important_KB","KBOnlyVersion","0","10/11/2016","GDR","3063109 (v8.0)","Hyper-V integration components update for Windows virtual machines that are running on a Windows 10-based host","http://support.microsoft.com/kb/3063109","KB only","KB only","KB only","rKB","No Rollup"
"2933664","RDS_2012R2_important_KB","KBOnlyVersion","0","6/27/2016","GDR","2933664 (v37.0)","Available Updates for Remote Desktop Services in Windows Server 2012 R2","http://support.microsoft.com/kb/2933664","KB only","KB only","KB only","rKB","No Rollup"
