"Binary","Component","Version","Prio","Published","Branch","Article","Title","Link","LDROnlyKB","LDROnlyTitle","LDROnlyLink","Comment","RollupInfo"
"Volsnap.sys","Cluster_Volsnap","6.2.17763.831","0","8-Oct-19","GDR","4538461 (v1.0)","March 10, 2020-KB4538461 (OS Build 17763.1098)","http://support.microsoft.com/kb/4538461","KB only","KB only","KB only"," ","20-03Rollup"
"Csvflt.sys","Cluster_CSV","6.2.17763.529","0","21-May-19","GDR","4538461 (v1.0)","March 10, 2020-KB4538461 (OS Build 17763.1098)","http://support.microsoft.com/kb/4538461","KB only","KB only","KB only"," ","20-03Rollup"
"Csvfs.sys","Cluster_CSV","6.2.17763.831","0","15-Oct-19","GDR","4538461 (v1.0)","March 10, 2020-KB4538461 (OS Build 17763.1098)","http://support.microsoft.com/kb/4538461","KB only","KB only","KB only"," ","20-03Rollup"
"Vmswitch.sys","Hyper-V_Net","6.2.17763.864","1","8-Oct-19","GDR","4538461 (v1.0)","March 10, 2020-KB4538461 (OS Build 17763.1098)","http://support.microsoft.com/kb/4538461","KB only","KB only","KB only"," ","20-03Rollup"
"Wnv.sys","Hyper-V_Net","6.2.17763.864","1","17-Aug-19","GDR","4538461 (v1.0)","March 10, 2020-KB4538461 (OS Build 17763.1098)","http://support.microsoft.com/kb/4538461","KB only","KB only","KB only"," ","20-03Rollup"
"Ndisimplatform.sys","Hyper-V_Net","6.2.17763.1","1","17-Jan-20","GDR","4538461 (v1.0)","March 10, 2020-KB4538461 (OS Build 17763.1098)","http://support.microsoft.com/kb/4538461","KB only","KB only","KB only"," ","20-03Rollup"
"Vmms.exe","Hyper-V_Net","6.2.17763.1007","1","15-Oct-19","GDR","4538461 (v1.0)","March 10, 2020-KB4538461 (OS Build 17763.1098)","http://support.microsoft.com/kb/4538461","KB only","KB only","KB only"," ","20-03Rollup"
"Winnat.sys","Hyper-V_Net","6.2.17763.1075","1","23-Jan-20","GDR","4538461 (v1.0)","March 10, 2020-KB4538461 (OS Build 17763.1098)","http://support.microsoft.com/kb/4538461","KB only","KB only","KB only"," ","20-03Rollup"
"Vmbus.sys","Hyper-V_Net","6.2.17763.771","1","8-Oct-19","GDR","4538461 (v1.0)","March 10, 2020-KB4538461 (OS Build 17763.1098)","http://support.microsoft.com/kb/4538461","KB only","KB only","KB only"," ","20-03Rollup"
"Rasapi32.dll","HNV_Net","6.2.17763.1007","1","23-Jan-20","GDR","4538461 (v1.0)","March 10, 2020-KB4538461 (OS Build 17763.1098)","http://support.microsoft.com/kb/4538461","KB only","KB only","KB only"," ","20-03Rollup"
"Vmwp.exe","Hyper-V_app","6.2.17763.1039","1","8-Oct-19","GDR","4538461 (v1.0)","March 10, 2020-KB4538461 (OS Build 17763.1098)","http://support.microsoft.com/kb/4538461","KB only","KB only","KB only"," ","20-03Rollup"
"4539571","Win2016RS5_20_03_SSU_KB"," ","0","10-Mar-2020","GDR","4539571","Servicing stack update for Windows 10, version 1809: March 10, 2020","http://support.microsoft.com/kb/4539571","KB only","KB only","KB Only"," ","No Rollup"
"4538461","Win2016RS5_20-03_B_rollup_KB"," ","0","10-Mar-2020","GDR","4538461 (v1.0)","March 10, 2020-KB4538461 (OS Build 17763.1098)","http://support.microsoft.com/kb/4538461","KB only","KB only","KB only"," ","20-03Rollup"
