"Binary","Component","Version","Prio","Published","Branch","Article","Title","Link","LDROnlyKB","LDROnlyTitle","LDROnlyLink","Comment","RollupInfo"
"Ntoskrnl.exe","Core_Kernel","6.2.15063.1689","0","6-Mar-19","GDR","4489871","March 12, 2019-KB4489871 (OS Build 15063.1689)","http://support.microsoft.com/kb/4489871","No LDR Only available","No LDR Only available","No LDR Only available","rEX","19-03Rollup"
"Ntdll.dll","Core_Kernel","6.2.15063.1446","0","30-Oct-18","GDR","4489871","March 12, 2019-KB4489871 (OS Build 15063.1689)","http://support.microsoft.com/kb/4489871","No LDR Only available","No LDR Only available","No LDR Only available","rEX","19-03Rollup"
"Hal.dll","Core_Kernel","6.2.15063.909","0","10-Feb-18","GDR","4489871","March 12, 2019-KB4489871 (OS Build 15063.1689)","http://support.microsoft.com/kb/4489871","No LDR Only available","No LDR Only available","No LDR Only available","rEX","19-03Rollup"
"Fltmgr.sys","Core_Kernel","6.2.15063.850","0","1-Jan-18","GDR","4489871","March 12, 2019-KB4489871 (OS Build 15063.1689)","http://support.microsoft.com/kb/4489871","No LDR Only available","No LDR Only available","No LDR Only available","rEX","19-03Rollup"
"win32k.sys","Core_Kernel","6.2.15063.608","0","5-Sep-17","GDR","4489871","March 12, 2019-KB4489871 (OS Build 15063.1689)","http://support.microsoft.com/kb/4489871","No LDR Only available","No LDR Only available","No LDR Only available","rEX","19-03Rollup"
"Ntfs.sys","Core_FileSystem","6.2.15063.1689","0","6-Mar-19","GDR","4489871","March 12, 2019-KB4489871 (OS Build 15063.1689)","http://support.microsoft.com/kb/4489871","No LDR Only available","No LDR Only available","No LDR Only available","rEX","19-03Rollup"
"Msiscsi.sys","Core_DiskSystem","6.2.15063.1058","0","3-Apr-18","GDR","4489871","March 12, 2019-KB4489871 (OS Build 15063.1689)","http://support.microsoft.com/kb/4489871","No LDR Only available","No LDR Only available","No LDR Only available","rEX","19-03Rollup"
"Storport.sys","Core_DiskSystem","6.2.15063.1418","0","10-Oct-18","GDR","4489871","March 12, 2019-KB4489871 (OS Build 15063.1689)","http://support.microsoft.com/kb/4489871","No LDR Only available","No LDR Only available","No LDR Only available","rEX","19-03Rollup"
"Repdrvfs.dll","Core_WMI","6.2.15063.994","0","2-Mar-18","GDR","4489871","March 12, 2019-KB4489871 (OS Build 15063.1689)","http://support.microsoft.com/kb/4489871","No LDR Only available","No LDR Only available","No LDR Only available","rEX","19-03Rollup"
"Msdsm.sys","Core_MPIO","6.2.15063.1235","0","18-Jul-18","GDR","4489871","March 12, 2019-KB4489871 (OS Build 15063.1689)","http://support.microsoft.com/kb/4489871","No LDR Only available","No LDR Only available","No LDR Only available","rEX","19-03Rollup"
"Advapi32.dll","Core_Apps","6.2.15063.1356","0","30-Aug-18","GDR","4489871","March 12, 2019-KB4489871 (OS Build 15063.1689)","http://support.microsoft.com/kb/4489871","No LDR Only available","No LDR Only available","No LDR Only available","rEX","19-03Rollup"
"Vssapi.dll","Core_VSS","6.2.15063.1155","1","8-Jun-18","GDR","4489871","March 12, 2019-KB4489871 (OS Build 15063.1689)","http://support.microsoft.com/kb/4489871","No LDR Only available","No LDR Only available","No LDR Only available","rEX","19-03Rollup"
"Vsstrace.dll","Core_VSS","6.2.15063.994","1","2-Mar-18","GDR","4489871","March 12, 2019-KB4489871 (OS Build 15063.1689)","http://support.microsoft.com/kb/4489871","No LDR Only available","No LDR Only available","No LDR Only available","rEX","19-03Rollup"
"Swprv.dll","Core_VSS","6.2.15063.1689","1","6-Mar-19","GDR","4489871","March 12, 2019-KB4489871 (OS Build 15063.1689)","http://support.microsoft.com/kb/4489871","No LDR Only available","No LDR Only available","No LDR Only available","rEX","19-03Rollup"
"wbengine.exe","Core_VSS","6.2.15063.1155","1","8-Jun-18","GDR","4489871","March 12, 2019-KB4489871 (OS Build 15063.1689)","http://support.microsoft.com/kb/4489871","No LDR Only available","No LDR Only available","No LDR Only available","rEX","19-03Rollup"
"Volmgr.sys","Core_Sys","6.2.15063.1112","1","26-Apr-18","GDR","4489871","March 12, 2019-KB4489871 (OS Build 15063.1689)","http://support.microsoft.com/kb/4489871","No LDR Only available","No LDR Only available","No LDR Only available","rEX","19-03Rollup"
"Crypt32.dll","Dom_CRYPTO","6.2.15063.1058","1","3-Apr-18","GDR","4489871","March 12, 2019-KB4489871 (OS Build 15063.1689)","http://support.microsoft.com/kb/4489871","No LDR Only available","No LDR Only available","No LDR Only available","rEX","19-03Rollup"
"Wintrust.dll","Dom_CRYPTO","6.2.15063.1596","1","5-Jan-19","GDR","4489871","March 12, 2019-KB4489871 (OS Build 15063.1689)","http://support.microsoft.com/kb/4489871","No LDR Only available","No LDR Only available","No LDR Only available","rEX","19-03Rollup"
"Tzres.dll","Core_TimeZone","6.2.15063.1659","1","16-Feb-19","GDR","4489871","March 12, 2019-KB4489871 (OS Build 15063.1689)","http://support.microsoft.com/kb/4489871","No LDR Only available","No LDR Only available","No LDR Only available","rEX","19-03Rollup"
"4487327","Win2016_19_02_SvcStack_KB"," ","0","12-Feb-2019","GDR","4487327","Servicing stack update for Windows 10, version 1703: February 12, 2019","http://support.microsoft.com/kb/4487327","KB only","KB only","KB Only"," ","No Rollup"
"4489871","Win2016_19_03_B_rollup_KB"," ","0","12-Mar-2019","GDR","4489871 (v1.0)","March 12, 2019-KB4489871 (OS Build 15063.1689)","http://support.microsoft.com/kb/4489871","KB only","KB only","KB Only"," ","19-03Rollup"
