"Binary","Component","Version","Prio","Published","Branch","Article","Title","Link","LDROnlyKB","LDROnlyTitle","LDROnlyLink","Comment","RollupInfo"
"Ntoskrnl.exe","Core_Kernel","6.2.10240.18696","0","2-Sep-20","GDR","4577049","September 8, 2020-KB4577049 (OS Build 10240.18696)","http://support.microsoft.com/kb/4577049","No LDR Only available","No LDR Only available","No LDR Only available","rEX","20-09Rollup"
"win32k.sys","Core_Kernel","6.2.10240.16384","0","10-Jul-15","GDR","4577049","September 8, 2020-KB4577049 (OS Build 10240.18696)","http://support.microsoft.com/kb/4577049","No LDR Only available","No LDR Only available","No LDR Only available","rEX","20-09Rollup"
"Vmrdvcore.dll","RDS_vHost","6.2.10240.18036","0","25-Oct-18","GDR","4577049","September 8, 2020-KB4577049 (OS Build 10240.18696)","http://support.microsoft.com/kb/4577049","No LDR Only available","No LDR Only available","No LDR Only available","rEX","20-09Rollup"
"dxgkrnl.sys","RDS_host","6.2.10240.18696","1","2-Sep-20","GDR","4577049","September 8, 2020-KB4577049 (OS Build 10240.18696)","http://support.microsoft.com/kb/4577049","No LDR Only available","No LDR Only available","No LDR Only available","rEX","20-09Rollup"
"sessenv.dll","RDS_host","6.2.10240.17738","1","2-Jan-18","GDR","4577049","September 8, 2020-KB4577049 (OS Build 10240.18696)","http://support.microsoft.com/kb/4577049","No LDR Only available","No LDR Only available","No LDR Only available","rEX","20-09Rollup"
"Profsvc.dll","Dom_ProfProc","6.2.10240.18638","1","8-Jul-20","GDR","4577049","September 8, 2020-KB4577049 (OS Build 10240.18696)","http://support.microsoft.com/kb/4577049","No LDR Only available","No LDR Only available","No LDR Only available","rEX","20-09Rollup"
"4565911","Win2016_20_07_SSU_KB"," ","0","14-Jul-2020","GDR","4565911","Servicing stack update for Windows 10: July 14, 2020","http://support.microsoft.com/kb/4565911","KB only","KB only","KB Only"," ","No Rollup"
"4577049","Win2016_20-09_B_rollup_KB"," ","0","08-Sep-2020","GDR","4577049 (v1.0)","September 8, 2020-KB4577049 (OS Build 10240.18696)","http://support.microsoft.com/kb/4577049","KB only","KB only","KB only"," ","20-09Rollup"
