"Binary","Component","Version","Prio","Published","Branch","Article","Title","Link","LDROnlyKB","LDROnlyTitle","LDROnlyLink","Comment","RollupInfo"
"srv.sys","Net_SMB_Server","6.2.16299.1029","0","6-Mar-19","GDR","4489886","March 12, 2019-KB4489886 (OS Build 16299.1029)","http://support.microsoft.com/kb/4489886","No LDR Only available","No LDR Only available","No LDR Only available","rEX","19-03Rollup"
"srv2.sys","Net_SMB_Server","6.2.16299.1029","0","6-Mar-19","GDR","4489886","March 12, 2019-KB4489886 (OS Build 16299.1029)","http://support.microsoft.com/kb/4489886","No LDR Only available","No LDR Only available","No LDR Only available","rEX","19-03Rollup"
"srvnet.sys","Net_SMB_Server","6.2.16299.1029","0","6-Mar-19","GDR","4489886","March 12, 2019-KB4489886 (OS Build 16299.1029)","http://support.microsoft.com/kb/4489886","No LDR Only available","No LDR Only available","No LDR Only available","rEX","19-03Rollup"
"Srvsvc.dll","Net_SMB_Server","6.2.16299.371","0","30-Mar-18","GDR","4489886","March 12, 2019-KB4489886 (OS Build 16299.1029)","http://support.microsoft.com/kb/4489886","No LDR Only available","No LDR Only available","No LDR Only available","rEX","19-03Rollup"
"Mrxsmb.sys","Net_SMB_Client","6.2.16299.726","0","25-Sep-18","GDR","4489886","March 12, 2019-KB4489886 (OS Build 16299.1029)","http://support.microsoft.com/kb/4489886","No LDR Only available","No LDR Only available","No LDR Only available","rEX","19-03Rollup"
"Mrxsmb10.sys","Net_SMB_Client","6.2.16299.1029","0","6-Mar-19","GDR","4489886","March 12, 2019-KB4489886 (OS Build 16299.1029)","http://support.microsoft.com/kb/4489886","No LDR Only available","No LDR Only available","No LDR Only available","rEX","19-03Rollup"
"Mrxsmb20.sys","Net_SMB_Client","6.2.16299.936","0","5-Jan-19","GDR","4489886","March 12, 2019-KB4489886 (OS Build 16299.1029)","http://support.microsoft.com/kb/4489886","No LDR Only available","No LDR Only available","No LDR Only available","rEX","19-03Rollup"
"Rdbss.sys","Net_SMB_Client","6.2.16299.936","0","5-Jan-19","GDR","4489886","March 12, 2019-KB4489886 (OS Build 16299.1029)","http://support.microsoft.com/kb/4489886","No LDR Only available","No LDR Only available","No LDR Only available","rEX","19-03Rollup"
"Netbt.sys","Net_SMB_Client","6.2.16299.461","0","11-May-18","GDR","4489886","March 12, 2019-KB4489886 (OS Build 16299.1029)","http://support.microsoft.com/kb/4489886","No LDR Only available","No LDR Only available","No LDR Only available","rEX","19-03Rollup"
"Mup.sys","Net_SMB_Client","6.2.16299.371","0","30-Mar-18","GDR","4489886","March 12, 2019-KB4489886 (OS Build 16299.1029)","http://support.microsoft.com/kb/4489886","No LDR Only available","No LDR Only available","No LDR Only available","rEX","19-03Rollup"
"wkssvc.dll","Net_SMB_Client","6.2.16299.371","0","30-Mar-18","GDR","4489886","March 12, 2019-KB4489886 (OS Build 16299.1029)","http://support.microsoft.com/kb/4489886","No LDR Only available","No LDR Only available","No LDR Only available","rEX","19-03Rollup"
"Tcpip.sys","Net_Protocol","6.2.16299.1029","0","6-Mar-19","GDR","4489886","March 12, 2019-KB4489886 (OS Build 16299.1029)","http://support.microsoft.com/kb/4489886","No LDR Only available","No LDR Only available","No LDR Only available","rEX","19-03Rollup"
"Afd.sys","Net_Protocol","6.2.16299.1029","0","6-Mar-19","GDR","4489886","March 12, 2019-KB4489886 (OS Build 16299.1029)","http://support.microsoft.com/kb/4489886","No LDR Only available","No LDR Only available","No LDR Only available","rEX","19-03Rollup"
"Netio.sys","Net_Protocol","6.2.16299.820","0","7-Nov-18","GDR","4489886","March 12, 2019-KB4489886 (OS Build 16299.1029)","http://support.microsoft.com/kb/4489886","No LDR Only available","No LDR Only available","No LDR Only available","rEX","19-03Rollup"
"Ndis.sys","Net_Protocol","6.2.16299.1004","0","17-Feb-19","GDR","4489886","March 12, 2019-KB4489886 (OS Build 16299.1029)","http://support.microsoft.com/kb/4489886","No LDR Only available","No LDR Only available","No LDR Only available","rEX","19-03Rollup"
"Tdx.sys","Net_Protocol","6.2.16299.371","0","30-Mar-18","GDR","4489886","March 12, 2019-KB4489886 (OS Build 16299.1029)","http://support.microsoft.com/kb/4489886","No LDR Only available","No LDR Only available","No LDR Only available","rEX","19-03Rollup"
"Dhcpcore6.dll","Net_IPv6","6.2.16299.371","1","30-Mar-18","GDR","4489886","March 12, 2019-KB4489886 (OS Build 16299.1029)","http://support.microsoft.com/kb/4489886","No LDR Only available","No LDR Only available","No LDR Only available","rEX","19-03Rollup"
"Dhcpcsvc6.dll","Net_IPv6","6.2.16299.15","1","29-Sep-17","GDR","4489886","March 12, 2019-KB4489886 (OS Build 16299.1029)","http://support.microsoft.com/kb/4489886","No LDR Only available","No LDR Only available","No LDR Only available","rEX","19-03Rollup"
"Nlasvc.dll","Net_NLA","6.2.16299.371","0","30-Mar-18","GDR","4489886","March 12, 2019-KB4489886 (OS Build 16299.1029)","http://support.microsoft.com/kb/4489886","No LDR Only available","No LDR Only available","No LDR Only available","rEX","19-03Rollup"
"Ncsi.dll","Net_NLA","6.2.16299.248","0","10-Feb-18","GDR","4489886","March 12, 2019-KB4489886 (OS Build 16299.1029)","http://support.microsoft.com/kb/4489886","No LDR Only available","No LDR Only available","No LDR Only available","rEX","19-03Rollup"
"Nlaapi.dll","Net_NLA","6.2.16299.248","0","10-Feb-18","GDR","4489886","March 12, 2019-KB4489886 (OS Build 16299.1029)","http://support.microsoft.com/kb/4489886","No LDR Only available","No LDR Only available","No LDR Only available","rEX","19-03Rollup"
"Dns.exe","Net_DNS_Srv","6.2.16299.1004","0","17-Feb-19","GDR","4489886","March 12, 2019-KB4489886 (OS Build 16299.1029)","http://support.microsoft.com/kb/4489886","No LDR Only available","No LDR Only available","No LDR Only available","rEX","19-03Rollup"
"Dhcpssvc.dll","Net_DHCP_Srv","6.2.16299.967","0","6-Feb-19","GDR","4489886","March 12, 2019-KB4489886 (OS Build 16299.1029)","http://support.microsoft.com/kb/4489886","No LDR Only available","No LDR Only available","No LDR Only available","rEX","19-03Rollup"
"Nfssvc.exe","Net_NFS_Srv","6.2.16299.15","0","29-Sep-17","GDR","4489886","March 12, 2019-KB4489886 (OS Build 16299.1029)","http://support.microsoft.com/kb/4489886","No LDR Only available","No LDR Only available","No LDR Only available","rEX","19-03Rollup"
"Nfssvr.sys","Net_NFS_Srv","6.2.16299.1004","0","17-Feb-19","GDR","4489886","March 12, 2019-KB4489886 (OS Build 16299.1029)","http://support.microsoft.com/kb/4489886","No LDR Only available","No LDR Only available","No LDR Only available","rEX","19-03Rollup"
"Msnfsflt.sys","Net_NFS_Srv","6.2.16299.15","0","29-Sep-17","GDR","4489886","March 12, 2019-KB4489886 (OS Build 16299.1029)","http://support.microsoft.com/kb/4489886","No LDR Only available","No LDR Only available","No LDR Only available","rEX","19-03Rollup"
"rpcxdr.sys","Net_NFS_Srv","6.2.16299.371","0","30-Mar-18","GDR","4489886","March 12, 2019-KB4489886 (OS Build 16299.1029)","http://support.microsoft.com/kb/4489886","No LDR Only available","No LDR Only available","No LDR Only available","rEX","19-03Rollup"
"Csc.sys","Net_CSC_Offline","6.2.16299.611","1","7-Aug-18","GDR","4489886","March 12, 2019-KB4489886 (OS Build 16299.1029)","http://support.microsoft.com/kb/4489886","No LDR Only available","No LDR Only available","No LDR Only available","rEX","19-03Rollup"
"Cscsvc.dll","Net_CSC_Offline","6.2.16299.1004","1","17-Feb-19","GDR","4489886","March 12, 2019-KB4489886 (OS Build 16299.1029)","http://support.microsoft.com/kb/4489886","No LDR Only available","No LDR Only available","No LDR Only available","rEX","19-03Rollup"
"Cscmig.dll","Net_CSC_Offline","6.2.16299.611","1","7-Aug-18","GDR","4489886","March 12, 2019-KB4489886 (OS Build 16299.1029)","http://support.microsoft.com/kb/4489886","No LDR Only available","No LDR Only available","No LDR Only available","rEX","19-03Rollup"
"Cscui.dll","Net_CSC_Offline","6.2.16299.248","1","10-Feb-18","GDR","4489886","March 12, 2019-KB4489886 (OS Build 16299.1029)","http://support.microsoft.com/kb/4489886","No LDR Only available","No LDR Only available","No LDR Only available","rEX","19-03Rollup"
"Mrxdav.sys","Net_WebDAV","6.2.16299.492","1","8-Jun-18","GDR","4489886","March 12, 2019-KB4489886 (OS Build 16299.1029)","http://support.microsoft.com/kb/4489886","No LDR Only available","No LDR Only available","No LDR Only available","rEX","19-03Rollup"
"Webclnt.dll","Net_WebDAV","6.2.16299.334","1","13-Mar-18","GDR","4489886","March 12, 2019-KB4489886 (OS Build 16299.1029)","http://support.microsoft.com/kb/4489886","No LDR Only available","No LDR Only available","No LDR Only available","rEX","19-03Rollup"
"Davclnt.dll","Net_WebDAV","6.2.16299.334","1","13-Mar-18","GDR","4489886","March 12, 2019-KB4489886 (OS Build 16299.1029)","http://support.microsoft.com/kb/4489886","No LDR Only available","No LDR Only available","No LDR Only available","rEX","19-03Rollup"
"Shell32.dll","Net_WebDAV","6.2.16299.98","1","26-Nov-17","GDR","4489886","March 12, 2019-KB4489886 (OS Build 16299.1029)","http://support.microsoft.com/kb/4489886","No LDR Only available","No LDR Only available","No LDR Only available","rEX","19-03Rollup"
"Winhttp.dll","Net_WebDAV","6.2.16299.1004","1","17-Feb-19","GDR","4489886","March 12, 2019-KB4489886 (OS Build 16299.1029)","http://support.microsoft.com/kb/4489886","No LDR Only available","No LDR Only available","No LDR Only available","rEX","19-03Rollup"
"Dfsc.sys","Net_DFS-N_Client","6.2.16299.461","0","11-May-18","GDR","4489886","March 12, 2019-KB4489886 (OS Build 16299.1029)","http://support.microsoft.com/kb/4489886","No LDR Only available","No LDR Only available","No LDR Only available","rEX","19-03Rollup"
"Dhcpcore.dll","Net_DHCP_Client","6.2.16299.371","1","30-Mar-18","GDR","4489886","March 12, 2019-KB4489886 (OS Build 16299.1029)","http://support.microsoft.com/kb/4489886","No LDR Only available","No LDR Only available","No LDR Only available","rEX","19-03Rollup"
"Dhcpcsvc.dll","Net_DHCP_Client","6.2.16299.15","1","29-Sep-17","GDR","4489886","March 12, 2019-KB4489886 (OS Build 16299.1029)","http://support.microsoft.com/kb/4489886","No LDR Only available","No LDR Only available","No LDR Only available","rEX","19-03Rollup"
"dnsapi.dll","Net_DNS_Client","6.2.16299.547","1","29-Jun-18","GDR","4489886","March 12, 2019-KB4489886 (OS Build 16299.1029)","http://support.microsoft.com/kb/4489886","No LDR Only available","No LDR Only available","No LDR Only available","rEX","19-03Rollup"
"dnsrslvr.dll","Net_DNS_Client","6.2.16299.547","1","29-Jun-18","GDR","4489886","March 12, 2019-KB4489886 (OS Build 16299.1029)","http://support.microsoft.com/kb/4489886","No LDR Only available","No LDR Only available","No LDR Only available","rEX","19-03Rollup"
"Rpcss.dll","Net_RPC","6.2.16299.1004","1","17-Feb-19","GDR","4489886","March 12, 2019-KB4489886 (OS Build 16299.1029)","http://support.microsoft.com/kb/4489886","No LDR Only available","No LDR Only available","No LDR Only available","rEX","19-03Rollup"
"Rpcrt4.dll","Net_RPC","6.2.16299.1029","1","6-Mar-19","GDR","4489886","March 12, 2019-KB4489886 (OS Build 16299.1029)","http://support.microsoft.com/kb/4489886","No LDR Only available","No LDR Only available","No LDR Only available","rEX","19-03Rollup"
"Bfe.dll","Net_Ipsec_BFE","6.2.16299.402","1","15-Apr-18","GDR","4489886","March 12, 2019-KB4489886 (OS Build 16299.1029)","http://support.microsoft.com/kb/4489886","No LDR Only available","No LDR Only available","No LDR Only available","rEX","19-03Rollup"
"Ikeext.dll","Net_Ipsec_BFE","6.2.16299.1004","1","17-Feb-19","GDR","4489886","March 12, 2019-KB4489886 (OS Build 16299.1029)","http://support.microsoft.com/kb/4489886","No LDR Only available","No LDR Only available","No LDR Only available","rEX","19-03Rollup"
"Fwpuclnt.dll","Net_Ipsec_BFE","6.2.16299.15","1","29-Sep-17","GDR","4489886","March 12, 2019-KB4489886 (OS Build 16299.1029)","http://support.microsoft.com/kb/4489886","No LDR Only available","No LDR Only available","No LDR Only available","rEX","19-03Rollup"
"Iphlpsvc.dll","Net_DirectAccess_Client","6.2.16299.371","1","30-Mar-18","GDR","4489886","March 12, 2019-KB4489886 (OS Build 16299.1029)","http://support.microsoft.com/kb/4489886","No LDR Only available","No LDR Only available","No LDR Only available","rEX","19-03Rollup"
"Rdpcore.dll","Net_DirectAccess_Client","6.2.16299.402","1","15-Apr-18","GDR","4489886","March 12, 2019-KB4489886 (OS Build 16299.1029)","http://support.microsoft.com/kb/4489886","No LDR Only available","No LDR Only available","No LDR Only available","rEX","19-03Rollup"
"dot3svc.dll","Net_IEEE802.1x","6.2.16299.371","1","30-Mar-18","GDR","4489886","March 12, 2019-KB4489886 (OS Build 16299.1029)","http://support.microsoft.com/kb/4489886","No LDR Only available","No LDR Only available","No LDR Only available","rEX","19-03Rollup"
"Rastls.dll","Net_IEEE802.1x","6.2.16299.248","1","10-Feb-18","GDR","4489886","March 12, 2019-KB4489886 (OS Build 16299.1029)","http://support.microsoft.com/kb/4489886","No LDR Only available","No LDR Only available","No LDR Only available","rEX","19-03Rollup"
"wlansvc.dll","Net_WLAN_Client","6.2.16299.820","1","7-Nov-18","GDR","4489886","March 12, 2019-KB4489886 (OS Build 16299.1029)","http://support.microsoft.com/kb/4489886","No LDR Only available","No LDR Only available","No LDR Only available","rEX","19-03Rollup"
"wlanmsm.dll","Net_WLAN_Client","6.2.16299.755","1","10-Oct-18","GDR","4489886","March 12, 2019-KB4489886 (OS Build 16299.1029)","http://support.microsoft.com/kb/4489886","No LDR Only available","No LDR Only available","No LDR Only available","rEX","19-03Rollup"
"wlanapi.dll","Net_WLAN_Client","6.2.16299.334","1","13-Mar-18","GDR","4489886","March 12, 2019-KB4489886 (OS Build 16299.1029)","http://support.microsoft.com/kb/4489886","No LDR Only available","No LDR Only available","No LDR Only available","rEX","19-03Rollup"
"wlansec.dll","Net_WLAN_Client","6.2.16299.755","1","10-Oct-18","GDR","4489886","March 12, 2019-KB4489886 (OS Build 16299.1029)","http://support.microsoft.com/kb/4489886","No LDR Only available","No LDR Only available","No LDR Only available","rEX","19-03Rollup"
"wlansvcpal.dll","Net_WLAN_Client","6.2.16299.15","1","29-Sep-17","GDR","4489886","March 12, 2019-KB4489886 (OS Build 16299.1029)","http://support.microsoft.com/kb/4489886","No LDR Only available","No LDR Only available","No LDR Only available","rEX","19-03Rollup"
"wlanhlp.dll","Net_WLAN_Client","6.2.16299.15","1","29-Sep-17","GDR","4489886","March 12, 2019-KB4489886 (OS Build 16299.1029)","http://support.microsoft.com/kb/4489886","No LDR Only available","No LDR Only available","No LDR Only available","rEX","19-03Rollup"
"WebIo.dll","Net_BranchCache","6.2.16299.820","1","7-Nov-18","GDR","4489886","March 12, 2019-KB4489886 (OS Build 16299.1029)","http://support.microsoft.com/kb/4489886","No LDR Only available","No LDR Only available","No LDR Only available","rEX","19-03Rollup"
"Mpsdrv.sys","Net_Firewall","6.2.16299.665","1","28-Aug-18","GDR","4489886","March 12, 2019-KB4489886 (OS Build 16299.1029)","http://support.microsoft.com/kb/4489886","No LDR Only available","No LDR Only available","No LDR Only available","rEX","19-03Rollup"
"MpsSvc.dll","Net_Firewall","6.2.16299.967","1","6-Feb-19","GDR","4489886","March 12, 2019-KB4489886 (OS Build 16299.1029)","http://support.microsoft.com/kb/4489886","No LDR Only available","No LDR Only available","No LDR Only available","rEX","19-03Rollup"
"qmgr.dll","Net_BiTS","7.8.16299.579","1","18-Jul-18","GDR","4489886","March 12, 2019-KB4489886 (OS Build 16299.1029)","http://support.microsoft.com/kb/4489886","No LDR Only available","No LDR Only available","No LDR Only available","rEX","19-03Rollup"
"Netlogon.dll","Dom_NETLOGON","6.2.16299.402","0","15-Apr-18","GDR","4489886","March 12, 2019-KB4489886 (OS Build 16299.1029)","http://support.microsoft.com/kb/4489886","No LDR Only available","No LDR Only available","No LDR Only available","rEX","19-03Rollup"
"LogonCli.dll","Dom_NETLOGON","6.2.16299.371","0","30-Mar-18","GDR","4489886","March 12, 2019-KB4489886 (OS Build 16299.1029)","http://support.microsoft.com/kb/4489886","No LDR Only available","No LDR Only available","No LDR Only available","rEX","19-03Rollup"
"Winlogon.exe","Dom_WINLOGON","6.2.16299.696","0","30-Aug-18","GDR","4489886","March 12, 2019-KB4489886 (OS Build 16299.1029)","http://support.microsoft.com/kb/4489886","No LDR Only available","No LDR Only available","No LDR Only available","rEX","19-03Rollup"
"Kerberos.dll","Dom_KERBEROS","6.2.16299.904","0","1-Jan-19","GDR","4489886","March 12, 2019-KB4489886 (OS Build 16299.1029)","http://support.microsoft.com/kb/4489886","No LDR Only available","No LDR Only available","No LDR Only available","rEX","19-03Rollup"
"Msv1_0.dll","Dom_NTLM","6.2.16299.1029","1","6-Mar-19","GDR","4489886","March 12, 2019-KB4489886 (OS Build 16299.1029)","http://support.microsoft.com/kb/4489886","No LDR Only available","No LDR Only available","No LDR Only available","rEX","19-03Rollup"
"Wldap32.dll","Dom_LDAPClient","6.2.16299.402","0","15-Apr-18","GDR","4489886","March 12, 2019-KB4489886 (OS Build 16299.1029)","http://support.microsoft.com/kb/4489886","No LDR Only available","No LDR Only available","No LDR Only available","rEX","19-03Rollup"
"Lsass.exe","Dom_LSA","6.2.16299.755","0","10-Oct-18","GDR","4489886","March 12, 2019-KB4489886 (OS Build 16299.1029)","http://support.microsoft.com/kb/4489886","No LDR Only available","No LDR Only available","No LDR Only available","rEX","19-03Rollup"
"Lsasrv.dll","Dom_LSA","6.2.16299.904","0","1-Jan-19","GDR","4489886","March 12, 2019-KB4489886 (OS Build 16299.1029)","http://support.microsoft.com/kb/4489886","No LDR Only available","No LDR Only available","No LDR Only available","rEX","19-03Rollup"
"Ksecdd.sys","Dom_LSA","6.2.16299.755","0","10-Oct-18","GDR","4489886","March 12, 2019-KB4489886 (OS Build 16299.1029)","http://support.microsoft.com/kb/4489886","No LDR Only available","No LDR Only available","No LDR Only available","rEX","19-03Rollup"
"Ksecpkg.sys","Dom_LSA","6.2.16299.904","0","1-Jan-19","GDR","4489886","March 12, 2019-KB4489886 (OS Build 16299.1029)","http://support.microsoft.com/kb/4489886","No LDR Only available","No LDR Only available","No LDR Only available","rEX","19-03Rollup"
"Secur32.dll","Dom_LSA","6.2.16299.461","0","11-May-18","GDR","4489886","March 12, 2019-KB4489886 (OS Build 16299.1029)","http://support.microsoft.com/kb/4489886","No LDR Only available","No LDR Only available","No LDR Only available","rEX","19-03Rollup"
"Sspicli.dll","Dom_LSA","6.2.16299.755","0","10-Oct-18","GDR","4489886","March 12, 2019-KB4489886 (OS Build 16299.1029)","http://support.microsoft.com/kb/4489886","No LDR Only available","No LDR Only available","No LDR Only available","rEX","19-03Rollup"
"Sspisrv.dll","Dom_LSA","6.2.16299.755","0","10-Oct-18","GDR","4489886","March 12, 2019-KB4489886 (OS Build 16299.1029)","http://support.microsoft.com/kb/4489886","No LDR Only available","No LDR Only available","No LDR Only available","rEX","19-03Rollup"
"Schannel.dll","Dom_LSA","6.2.16299.755","0","10-Oct-18","GDR","4489886","March 12, 2019-KB4489886 (OS Build 16299.1029)","http://support.microsoft.com/kb/4489886","No LDR Only available","No LDR Only available","No LDR Only available","rEX","19-03Rollup"
"AclUI.dll","Dom_SecAuditAndConfig","6.2.16299.696","1","30-Aug-18","GDR","4489886","March 12, 2019-KB4489886 (OS Build 16299.1029)","http://support.microsoft.com/kb/4489886","No LDR Only available","No LDR Only available","No LDR Only available","rEX","19-03Rollup"
"Winscard.dll","Dom_SC_Provider","6.2.16299.1004","1","17-Feb-19","GDR","4489886","March 12, 2019-KB4489886 (OS Build 16299.1029)","http://support.microsoft.com/kb/4489886","No LDR Only available","No LDR Only available","No LDR Only available","rEX","19-03Rollup"
"Basecsp.dll","Dom_SC_Provider","6.2.16299.696","1","31-Aug-18","GDR","4489886","March 12, 2019-KB4489886 (OS Build 16299.1029)","http://support.microsoft.com/kb/4489886","No LDR Only available","No LDR Only available","No LDR Only available","rEX","19-03Rollup"
"Scksp.dll","Dom_SC_Provider","6.2.16299.696","1","30-Aug-18","GDR","4489886","March 12, 2019-KB4489886 (OS Build 16299.1029)","http://support.microsoft.com/kb/4489886","No LDR Only available","No LDR Only available","No LDR Only available","rEX","19-03Rollup"
"ScardSvr.dll","Dom_SC_Srv","6.2.16299.192","1","1-Jan-18","GDR","4489886","March 12, 2019-KB4489886 (OS Build 16299.1029)","http://support.microsoft.com/kb/4489886","No LDR Only available","No LDR Only available","No LDR Only available","rEX","19-03Rollup"
"Scfilter.sys","Dom_SC_Srv","6.2.16299.15","1","29-Sep-17","GDR","4489886","March 12, 2019-KB4489886 (OS Build 16299.1029)","http://support.microsoft.com/kb/4489886","No LDR Only available","No LDR Only available","No LDR Only available","rEX","19-03Rollup"
"Certprop.dll","Dom_SC_Srv","6.2.16299.371","1","30-Mar-18","GDR","4489886","March 12, 2019-KB4489886 (OS Build 16299.1029)","http://support.microsoft.com/kb/4489886","No LDR Only available","No LDR Only available","No LDR Only available","rEX","19-03Rollup"
"Crypt32.dll","Dom_CRYPTO","6.2.16299.402","1","15-Apr-18","GDR","4489886","March 12, 2019-KB4489886 (OS Build 16299.1029)","http://support.microsoft.com/kb/4489886","No LDR Only available","No LDR Only available","No LDR Only available","rEX","19-03Rollup"
"Wintrust.dll","Dom_CRYPTO","6.2.16299.936","1","5-Jan-19","GDR","4489886","March 12, 2019-KB4489886 (OS Build 16299.1029)","http://support.microsoft.com/kb/4489886","No LDR Only available","No LDR Only available","No LDR Only available","rEX","19-03Rollup"
"Cryptcatsvc.dll","Dom_CRYPTO","6.2.16299.98","1","26-Nov-17","GDR","4489886","March 12, 2019-KB4489886 (OS Build 16299.1029)","http://support.microsoft.com/kb/4489886","No LDR Only available","No LDR Only available","No LDR Only available","rEX","19-03Rollup"
"Gpapi.dll","Dom_GPSVC","6.2.16299.334","1","13-Mar-18","GDR","4489886","March 12, 2019-KB4489886 (OS Build 16299.1029)","http://support.microsoft.com/kb/4489886","No LDR Only available","No LDR Only available","No LDR Only available","rEX","19-03Rollup"
"Gpsvc.dll","Dom_GPSVC","6.2.16299.1004","1","17-Feb-19","GDR","4489886","March 12, 2019-KB4489886 (OS Build 16299.1029)","http://support.microsoft.com/kb/4489886","No LDR Only available","No LDR Only available","No LDR Only available","rEX","19-03Rollup"
"Gpmgmt.dll","Dom_GPSVC","6.2.16299.1004","1","17-Feb-19","GDR","4489886","March 12, 2019-KB4489886 (OS Build 16299.1029)","http://support.microsoft.com/kb/4489886","No LDR Only available","No LDR Only available","No LDR Only available","rEX","19-03Rollup"
"Gprsop.dll","Dom_GPSVC","6.2.16299.1004","1","17-Feb-19","GDR","4489886","March 12, 2019-KB4489886 (OS Build 16299.1029)","http://support.microsoft.com/kb/4489886","No LDR Only available","No LDR Only available","No LDR Only available","rEX","19-03Rollup"
"Gpprefcl.dll","Dom_GPP","6.2.16299.522","1","13-Jun-18","GDR","4489886","March 12, 2019-KB4489886 (OS Build 16299.1029)","http://support.microsoft.com/kb/4489886","No LDR Only available","No LDR Only available","No LDR Only available","rEX","19-03Rollup"
"Profsvc.dll","Dom_ProfProc","6.2.16299.402","1","15-Apr-18","GDR","4489886","March 12, 2019-KB4489886 (OS Build 16299.1029)","http://support.microsoft.com/kb/4489886","No LDR Only available","No LDR Only available","No LDR Only available","rEX","19-03Rollup"
"Fdeploy.dll","Dom_FolderRedir","6.2.16299.637","1","9-Aug-18","GDR","4489886","March 12, 2019-KB4489886 (OS Build 16299.1029)","http://support.microsoft.com/kb/4489886","No LDR Only available","No LDR Only available","No LDR Only available","rEX","19-03Rollup"
"Ntdsai.dll","Dom_NTDSAI","6.2.16299.402","0","15-Apr-18","GDR","4489886","March 12, 2019-KB4489886 (OS Build 16299.1029)","http://support.microsoft.com/kb/4489886","No LDR Only available","No LDR Only available","No LDR Only available","rEX","19-03Rollup"
"Samsrv.dll","Dom_SAMSRV","6.2.16299.98","0","26-Nov-17","GDR","4489886","March 12, 2019-KB4489886 (OS Build 16299.1029)","http://support.microsoft.com/kb/4489886","No LDR Only available","No LDR Only available","No LDR Only available","rEX","19-03Rollup"
"Samlib.dll","Dom_SAMSRV","6.2.16299.15","0","29-Sep-17","GDR","4489886","March 12, 2019-KB4489886 (OS Build 16299.1029)","http://support.microsoft.com/kb/4489886","No LDR Only available","No LDR Only available","No LDR Only available","rEX","19-03Rollup"
"Kdcsvc.dll","Dom_KDCSVC","6.2.16299.755","0","10-Oct-18","GDR","4489886","March 12, 2019-KB4489886 (OS Build 16299.1029)","http://support.microsoft.com/kb/4489886","No LDR Only available","No LDR Only available","No LDR Only available","rEX","19-03Rollup"
"Clussvc.exe","Cluster_Core","6.2.16299.1004","0","17-Feb-19","GDR","4489886","March 12, 2019-KB4489886 (OS Build 16299.1029)","http://support.microsoft.com/kb/4489886","No LDR Only available","No LDR Only available","No LDR Only available","rEX","19-03Rollup"
"ClusWMI.dll","Cluster_Core","6.2.16299.1004","0","17-Feb-19","GDR","4489886","March 12, 2019-KB4489886 (OS Build 16299.1029)","http://support.microsoft.com/kb/4489886","No LDR Only available","No LDR Only available","No LDR Only available","rEX","19-03Rollup"
"Rhs.exe","Cluster_Core","6.2.16299.1004","0","17-Feb-19","GDR","4489886","March 12, 2019-KB4489886 (OS Build 16299.1029)","http://support.microsoft.com/kb/4489886","No LDR Only available","No LDR Only available","No LDR Only available","rEX","19-03Rollup"
"Clusres.dll","Cluster_Core","6.2.16299.1004","0","17-Feb-19","GDR","4489886","March 12, 2019-KB4489886 (OS Build 16299.1029)","http://support.microsoft.com/kb/4489886","No LDR Only available","No LDR Only available","No LDR Only available","rEX","19-03Rollup"
"Clusres2.dll","Cluster_Core","6.2.16299.1004","0","17-Feb-19","GDR","4489886","March 12, 2019-KB4489886 (OS Build 16299.1029)","http://support.microsoft.com/kb/4489886","No LDR Only available","No LDR Only available","No LDR Only available","rEX","19-03Rollup"
"Vhdmp.sys","Cluster_CSV","6.2.16299.1004","0","17-Feb-19","GDR","4489886","March 12, 2019-KB4489886 (OS Build 16299.1029)","http://support.microsoft.com/kb/4489886","No LDR Only available","No LDR Only available","No LDR Only available","rEX","19-03Rollup"
"Volsnap.sys","Cluster_Volsnap","6.2.16299.125","0","7-Dec-17","GDR","4489886","March 12, 2019-KB4489886 (OS Build 16299.1029)","http://support.microsoft.com/kb/4489886","No LDR Only available","No LDR Only available","No LDR Only available","rEX","19-03Rollup"
"Cprepsrv.exe","Cluster_Validation","6.2.16299.1004","1","17-Feb-19","GDR","4489886","March 12, 2019-KB4489886 (OS Build 16299.1029)","http://support.microsoft.com/kb/4489886","No LDR Only available","No LDR Only available","No LDR Only available","rEX","19-03Rollup"
"Ntoskrnl.exe","Core_Kernel","6.2.16299.1029","0","6-Mar-19","GDR","4489886","March 12, 2019-KB4489886 (OS Build 16299.1029)","http://support.microsoft.com/kb/4489886","No LDR Only available","No LDR Only available","No LDR Only available","rEX","19-03Rollup"
"Ntdll.dll","Core_Kernel","6.2.16299.936","0","5-Jan-19","GDR","4489886","March 12, 2019-KB4489886 (OS Build 16299.1029)","http://support.microsoft.com/kb/4489886","No LDR Only available","No LDR Only available","No LDR Only available","rEX","19-03Rollup"
"Hal.dll","Core_Kernel","6.2.16299.371","0","30-Mar-18","GDR","4489886","March 12, 2019-KB4489886 (OS Build 16299.1029)","http://support.microsoft.com/kb/4489886","No LDR Only available","No LDR Only available","No LDR Only available","rEX","19-03Rollup"
"Fltmgr.sys","Core_Kernel","6.2.16299.402","0","15-Apr-18","GDR","4489886","March 12, 2019-KB4489886 (OS Build 16299.1029)","http://support.microsoft.com/kb/4489886","No LDR Only available","No LDR Only available","No LDR Only available","rEX","19-03Rollup"
"win32k.sys","Core_Kernel","6.2.16299.15","0","29-Sep-17","GDR","4489886","March 12, 2019-KB4489886 (OS Build 16299.1029)","http://support.microsoft.com/kb/4489886","No LDR Only available","No LDR Only available","No LDR Only available","rEX","19-03Rollup"
"Ntfs.sys","Core_FileSystem","6.2.16299.1029","0","6-Mar-19","GDR","4489886","March 12, 2019-KB4489886 (OS Build 16299.1029)","http://support.microsoft.com/kb/4489886","No LDR Only available","No LDR Only available","No LDR Only available","rEX","19-03Rollup"
"Msiscsi.sys","Core_DiskSystem","6.2.16299.402","0","15-Apr-18","GDR","4489886","March 12, 2019-KB4489886 (OS Build 16299.1029)","http://support.microsoft.com/kb/4489886","No LDR Only available","No LDR Only available","No LDR Only available","rEX","19-03Rollup"
"Storport.sys","Core_DiskSystem","6.2.16299.755","0","10-Oct-18","GDR","4489886","March 12, 2019-KB4489886 (OS Build 16299.1029)","http://support.microsoft.com/kb/4489886","No LDR Only available","No LDR Only available","No LDR Only available","rEX","19-03Rollup"
"Mpio.sys","Core_MPIO","6.2.16299.334","0","13-Mar-18","GDR","4489886","March 12, 2019-KB4489886 (OS Build 16299.1029)","http://support.microsoft.com/kb/4489886","No LDR Only available","No LDR Only available","No LDR Only available","rEX","19-03Rollup"
"Msdsm.sys","Core_MPIO","6.2.16299.579","0","18-Jul-18","GDR","4489886","March 12, 2019-KB4489886 (OS Build 16299.1029)","http://support.microsoft.com/kb/4489886","No LDR Only available","No LDR Only available","No LDR Only available","rEX","19-03Rollup"
"Advapi32.dll","Core_Apps","6.2.16299.696","0","31-Aug-18","GDR","4489886","March 12, 2019-KB4489886 (OS Build 16299.1029)","http://support.microsoft.com/kb/4489886","No LDR Only available","No LDR Only available","No LDR Only available","rEX","19-03Rollup"
"Vssapi.dll","Core_VSS","6.2.16299.248","1","10-Feb-18","GDR","4489886","March 12, 2019-KB4489886 (OS Build 16299.1029)","http://support.microsoft.com/kb/4489886","No LDR Only available","No LDR Only available","No LDR Only available","rEX","19-03Rollup"
"Vsstrace.dll","Core_VSS","6.2.16299.15","1","29-Sep-17","GDR","4489886","March 12, 2019-KB4489886 (OS Build 16299.1029)","http://support.microsoft.com/kb/4489886","No LDR Only available","No LDR Only available","No LDR Only available","rEX","19-03Rollup"
"pci.sys","Core_Sys","6.2.16299.820","1","7-Nov-18","GDR","4489886","March 12, 2019-KB4489886 (OS Build 16299.1029)","http://support.microsoft.com/kb/4489886","No LDR Only available","No LDR Only available","No LDR Only available","rEX","19-03Rollup"
"Volmgr.sys","Core_Sys","6.2.16299.461","1","11-May-18","GDR","4489886","March 12, 2019-KB4489886 (OS Build 16299.1029)","http://support.microsoft.com/kb/4489886","No LDR Only available","No LDR Only available","No LDR Only available","rEX","19-03Rollup"
"Tzres.dll","Core_TimeZone","6.2.16299.1004","1","17-Feb-19","GDR","4489886","March 12, 2019-KB4489886 (OS Build 16299.1029)","http://support.microsoft.com/kb/4489886","No LDR Only available","No LDR Only available","No LDR Only available","rEX","19-03Rollup"
"Vmswitch.sys","Hyper-V_Net","6.2.16299.936","1","5-Jan-19","GDR","4489886","March 12, 2019-KB4489886 (OS Build 16299.1029)","http://support.microsoft.com/kb/4489886","No LDR Only available","No LDR Only available","No LDR Only available","rEX","19-03Rollup"
"Wnv.sys","Hyper-V_Net","6.2.16299.371","1","30-Mar-18","GDR","4489886","March 12, 2019-KB4489886 (OS Build 16299.1029)","http://support.microsoft.com/kb/4489886","No LDR Only available","No LDR Only available","No LDR Only available","rEX","19-03Rollup"
"Vmms.exe","Hyper-V_Net","6.2.16299.1004","1","17-Feb-19","GDR","4489886","March 12, 2019-KB4489886 (OS Build 16299.1029)","http://support.microsoft.com/kb/4489886","No LDR Only available","No LDR Only available","No LDR Only available","rEX","19-03Rollup"
"Winnat.sys","Hyper-V_Net","6.2.16299.755","1","10-Oct-18","GDR","4489886","March 12, 2019-KB4489886 (OS Build 16299.1029)","http://support.microsoft.com/kb/4489886","No LDR Only available","No LDR Only available","No LDR Only available","rEX","19-03Rollup"
"pvhdparser.sys","Hyper-V_Net","6.2.16299.371","1","30-Mar-18","GDR","4489886","March 12, 2019-KB4489886 (OS Build 16299.1029)","http://support.microsoft.com/kb/4489886","No LDR Only available","No LDR Only available","No LDR Only available","rEX","19-03Rollup"
"Rasapi32.dll","HNV_Net","6.2.16299.334","1","13-Mar-18","GDR","4489886","March 12, 2019-KB4489886 (OS Build 16299.1029)","http://support.microsoft.com/kb/4489886","No LDR Only available","No LDR Only available","No LDR Only available","rEX","19-03Rollup"
"Vmwp.exe","Hyper-V_app","6.2.16299.1004","1","17-Feb-19","GDR","4489886","March 12, 2019-KB4489886 (OS Build 16299.1029)","http://support.microsoft.com/kb/4489886","No LDR Only available","No LDR Only available","No LDR Only available","rEX","19-03Rollup"
"Rdpshell.exe","RDS_remote_App","6.2.16299.1004","0","17-Feb-19","GDR","4489886","March 12, 2019-KB4489886 (OS Build 16299.1029)","http://support.microsoft.com/kb/4489886","No LDR Only available","No LDR Only available","No LDR Only available","rEX","19-03Rollup"
"Audioeng.dll","RDS_devRdr","6.2.16299.1004","1","17-Feb-19","GDR","4489886","March 12, 2019-KB4489886 (OS Build 16299.1029)","http://support.microsoft.com/kb/4489886","No LDR Only available","No LDR Only available","No LDR Only available","rEX","19-03Rollup"
"Audiokse.dll","RDS_devRdr","6.2.16299.1004","1","17-Feb-19","GDR","4489886","March 12, 2019-KB4489886 (OS Build 16299.1029)","http://support.microsoft.com/kb/4489886","No LDR Only available","No LDR Only available","No LDR Only available","rEX","19-03Rollup"
"Audioses.dll","RDS_devRdr","6.2.16299.1004","1","17-Feb-19","GDR","4489886","March 12, 2019-KB4489886 (OS Build 16299.1029)","http://support.microsoft.com/kb/4489886","No LDR Only available","No LDR Only available","No LDR Only available","rEX","19-03Rollup"
"Audiosrv.dll","RDS_devRdr","6.2.16299.1004","1","17-Feb-19","GDR","4489886","March 12, 2019-KB4489886 (OS Build 16299.1029)","http://support.microsoft.com/kb/4489886","No LDR Only available","No LDR Only available","No LDR Only available","rEX","19-03Rollup"
"Vmrdvcore.dll","RDS_vHost","6.2.16299.371","0","30-Mar-18","GDR","4489886","March 12, 2019-KB4489886 (OS Build 16299.1029)","http://support.microsoft.com/kb/4489886","No LDR Only available","No LDR Only available","No LDR Only available","rEX","19-03Rollup"
"Tsvmhasvc.dll","RDS_vHost","6.2.16299.402","0","15-Apr-18","GDR","4489886","March 12, 2019-KB4489886 (OS Build 16299.1029)","http://support.microsoft.com/kb/4489886","No LDR Only available","No LDR Only available","No LDR Only available","rEX","19-03Rollup"
"lserver.dll","RDS_license","6.2.16299.334","1","13-Mar-18","GDR","4489886","March 12, 2019-KB4489886 (OS Build 16299.1029)","http://support.microsoft.com/kb/4489886","No LDR Only available","No LDR Only available","No LDR Only available","rEX","19-03Rollup"
"dxgkrnl.sys","RDS_host","6.2.16299.785","1","30-Oct-18","GDR","4489886","March 12, 2019-KB4489886 (OS Build 16299.1029)","http://support.microsoft.com/kb/4489886","No LDR Only available","No LDR Only available","No LDR Only available","rEX","19-03Rollup"
"sessenv.dll","RDS_host","6.2.16299.371","1","30-Mar-18","GDR","4489886","March 12, 2019-KB4489886 (OS Build 16299.1029)","http://support.microsoft.com/kb/4489886","No LDR Only available","No LDR Only available","No LDR Only available","rEX","19-03Rollup"
"Localspl.dll","Print_Spool","6.2.16299.1029","0","6-Mar-19","GDR","4489886","March 12, 2019-KB4489886 (OS Build 16299.1029)","http://support.microsoft.com/kb/4489886","No LDR Only available","No LDR Only available","No LDR Only available","rEX","19-03Rollup"
"Win32spl.dll","Print_Spool","6.2.16299.579","0","18-Jul-18","GDR","4489886","March 12, 2019-KB4489886 (OS Build 16299.1029)","http://support.microsoft.com/kb/4489886","No LDR Only available","No LDR Only available","No LDR Only available","rEX","19-03Rollup"
"Spoolsv.exe","Print_Spool","6.2.16299.371","0","30-Mar-18","GDR","4489886","March 12, 2019-KB4489886 (OS Build 16299.1029)","http://support.microsoft.com/kb/4489886","No LDR Only available","No LDR Only available","No LDR Only available","rEX","19-03Rollup"
"Printfilterpipelineprxy.dll","Print_App","6.2.16299.334","0","13-Mar-18","GDR","4489886","March 12, 2019-KB4489886 (OS Build 16299.1029)","http://support.microsoft.com/kb/4489886","No LDR Only available","No LDR Only available","No LDR Only available","rEX","19-03Rollup"
"Printfilterpipelinesvc.exe","Print_App","6.2.16299.334","0","13-Mar-18","GDR","4489886","March 12, 2019-KB4489886 (OS Build 16299.1029)","http://support.microsoft.com/kb/4489886","No LDR Only available","No LDR Only available","No LDR Only available","rEX","19-03Rollup"
"splwow64.exe","Print_App","6.2.16299.15","0","29-Sep-17","GDR","4489886","March 12, 2019-KB4489886 (OS Build 16299.1029)","http://support.microsoft.com/kb/4489886","No LDR Only available","No LDR Only available","No LDR Only available","rEX","19-03Rollup"
"Mxdwdrv.dll","Print_Driver","0.3.16299.402","1","15-Apr-18","GDR","4489886","March 12, 2019-KB4489886 (OS Build 16299.1029)","http://support.microsoft.com/kb/4489886","No LDR Only available","No LDR Only available","No LDR Only available","rEX","19-03Rollup"
"Pcl4res.dll","Print_Driver","0.3.5479.0","1","15-Apr-18","GDR","4489886","March 12, 2019-KB4489886 (OS Build 16299.1029)","http://support.microsoft.com/kb/4489886","No LDR Only available","No LDR Only available","No LDR Only available","rEX","19-03Rollup"
"Pscript5.dll","Print_Driver","0.3.16299.402","1","15-Apr-18","GDR","4489886","March 12, 2019-KB4489886 (OS Build 16299.1029)","http://support.microsoft.com/kb/4489886","No LDR Only available","No LDR Only available","No LDR Only available","rEX","19-03Rollup"
"Unidrv.dll","Print_Driver","0.3.16299.402","1","15-Apr-18","GDR","4489886","March 12, 2019-KB4489886 (OS Build 16299.1029)","http://support.microsoft.com/kb/4489886","No LDR Only available","No LDR Only available","No LDR Only available","rEX","19-03Rollup"
"Unires.dll","Print_Driver","0.3.16299.402","1","15-Apr-18","GDR","4489886","March 12, 2019-KB4489886 (OS Build 16299.1029)","http://support.microsoft.com/kb/4489886","No LDR Only available","No LDR Only available","No LDR Only available","rEX","19-03Rollup"
"Mshtml.dll","IE_Client","11.0.16299.1029","0","6-Mar-19","GDR","4489886","March 12, 2019-KB4489886 (OS Build 16299.1029)","http://support.microsoft.com/kb/4489886","No LDR Only available","No LDR Only available","No LDR Only available","rEX","19-03Rollup"
