"Binary","Component","Version","Prio","Published","Branch","Article","Title","Link","LDROnlyKB","LDROnlyTitle","LDROnlyLink","Comment","RollupInfo"
"Volsnap.sys","Cluster_Volsnap","6.2.17763.831","0","8-Oct-19","GDR","4561608","June 9, 2020-KB4561608 (OS Build 17763.1282)","http://support.microsoft.com/kb/4561608","No LDR Only available","No LDR Only available","No LDR Only available","rEX","20-06Rollup"
"Csvflt.sys","Cluster_CSV","6.2.17763.529","0","21-May-19","GDR","4561608","June 9, 2020-KB4561608 (OS Build 17763.1282)","http://support.microsoft.com/kb/4561608","No LDR Only available","No LDR Only available","No LDR Only available","rEX","20-06Rollup"
"Csvfs.sys","Cluster_CSV","6.2.17763.831","0","15-Oct-19","GDR","4561608","June 9, 2020-KB4561608 (OS Build 17763.1282)","http://support.microsoft.com/kb/4561608","No LDR Only available","No LDR Only available","No LDR Only available","rEX","20-06Rollup"
"Vmswitch.sys","Hyper-V_Net","6.2.17763.1192","1","21-Apr-20","GDR","4561608","June 9, 2020-KB4561608 (OS Build 17763.1282)","http://support.microsoft.com/kb/4561608","No LDR Only available","No LDR Only available","No LDR Only available","rEX","20-06Rollup"
"Wnv.sys","Hyper-V_Net","6.2.17763.1217","1","12-May-20","GDR","4561608","June 9, 2020-KB4561608 (OS Build 17763.1282)","http://support.microsoft.com/kb/4561608","No LDR Only available","No LDR Only available","No LDR Only available","rEX","20-06Rollup"
"Ndisimplatform.sys","Hyper-V_Net","6.2.17763.1","1","17-Jan-20","GDR","4561608","June 9, 2020-KB4561608 (OS Build 17763.1282)","http://support.microsoft.com/kb/4561608","No LDR Only available","No LDR Only available","No LDR Only available","rEX","20-06Rollup"
"Vmms.exe","Hyper-V_Net","6.2.17763.1075","1","23-Jan-20","GDR","4561608","June 9, 2020-KB4561608 (OS Build 17763.1282)","http://support.microsoft.com/kb/4561608","No LDR Only available","No LDR Only available","No LDR Only available","rEX","20-06Rollup"
"Winnat.sys","Hyper-V_Net","6.2.17763.1192","1","21-Apr-20","GDR","4561608","June 9, 2020-KB4561608 (OS Build 17763.1282)","http://support.microsoft.com/kb/4561608","No LDR Only available","No LDR Only available","No LDR Only available","rEX","20-06Rollup"
"Vmbus.sys","Hyper-V_Net","6.2.17763.771","1","8-Oct-19","GDR","4561608","June 9, 2020-KB4561608 (OS Build 17763.1282)","http://support.microsoft.com/kb/4561608","No LDR Only available","No LDR Only available","No LDR Only available","rEX","20-06Rollup"
"Rasapi32.dll","HNV_Net","6.2.17763.1007","1","23-Jan-20","GDR","4561608","June 9, 2020-KB4561608 (OS Build 17763.1282)","http://support.microsoft.com/kb/4561608","No LDR Only available","No LDR Only available","No LDR Only available","rEX","20-06Rollup"
"Vmwp.exe","Hyper-V_app","6.2.17763.1075","1","23-Jan-20","GDR","4561608","June 9, 2020-KB4561608 (OS Build 17763.1282)","http://support.microsoft.com/kb/4561608","No LDR Only available","No LDR Only available","No LDR Only available","rEX","20-06Rollup"
"4562562","Win2016RS5_20_06_SSU_KB"," ","0","09-Jun-2020","GDR","4562562","Servicing stack update for Windows 10, version 1809: June 9, 2020","http://support.microsoft.com/kb/4562562","KB only","KB only","KB Only"," ","No Rollup"
"4561608","Win2016RS5_20-06_B_rollup_KB"," ","0","09-Jun-2020","GDR","4561608 (v1.0)","June 9, 2020-KB4561608 (OS Build 17763.1282)","http://support.microsoft.com/kb/4561608","KB only","KB only","KB only"," ","20-06Rollup"
