"Binary","Component","Version","Prio","Published","Branch","Article","Title","Link","LDROnlyKB","LDROnlyTitle","LDROnlyLink","Comment","RollupInfo"
"srv.sys","Net_SMB_Server","6.2.18362.628","0","11-Feb-20","GDR","4532693 (v1.0)","February 11, 2020-KB4532693 (OS Builds 18362.657 and 18363.657)","http://support.microsoft.com/kb/4532693","KB only","KB only","KB only"," ","20-02Rollup"
"srv2.sys","Net_SMB_Server","6.2.18362.329","0","30-Aug-19","GDR","4532693 (v1.0)","February 11, 2020-KB4532693 (OS Builds 18362.657 and 18363.657)","http://support.microsoft.com/kb/4532693","KB only","KB only","KB only"," ","20-02Rollup"
"srvnet.sys","Net_SMB_Server","6.2.18362.207","0","27-Jun-19","GDR","4532693 (v1.0)","February 11, 2020-KB4532693 (OS Builds 18362.657 and 18363.657)","http://support.microsoft.com/kb/4532693","KB only","KB only","KB only"," ","20-02Rollup"
"Mrxsmb.sys","Net_SMB_Client","6.2.18362.356","0","10-Sep-19","GDR","4532693 (v1.0)","February 11, 2020-KB4532693 (OS Builds 18362.657 and 18363.657)","http://support.microsoft.com/kb/4532693","KB only","KB only","KB only"," ","20-02Rollup"
"Mrxsmb20.sys","Net_SMB_Client","6.2.18362.267","0","26-Jul-19","GDR","4532693 (v1.0)","February 11, 2020-KB4532693 (OS Builds 18362.657 and 18363.657)","http://support.microsoft.com/kb/4532693","KB only","KB only","KB only"," ","20-02Rollup"
"Rdbss.sys","Net_SMB_Client","6.2.18362.418","0","08-Oct-19","GDR","4532693 (v1.0)","February 11, 2020-KB4532693 (OS Builds 18362.657 and 18363.657)","http://support.microsoft.com/kb/4532693","KB only","KB only","KB only"," ","20-02Rollup"
"Netbt.sys","Net_SMB_Client","6.2.18362.145","0","29-May-19","GDR","4532693 (v1.0)","February 11, 2020-KB4532693 (OS Builds 18362.657 and 18363.657)","http://support.microsoft.com/kb/4532693","KB only","KB only","KB only"," ","20-02Rollup"
"Mup.sys","Net_SMB_Client","6.2.18362.207","0","27-Jun-19","GDR","4532693 (v1.0)","February 11, 2020-KB4532693 (OS Builds 18362.657 and 18363.657)","http://support.microsoft.com/kb/4532693","KB only","KB only","KB only"," ","20-02Rollup"
"wkssvc.dll","Net_SMB_Client","6.2.18362.267","0","26-Jul-19","GDR","4532693 (v1.0)","February 11, 2020-KB4532693 (OS Builds 18362.657 and 18363.657)","http://support.microsoft.com/kb/4532693","KB only","KB only","KB only"," ","20-02Rollup"
"Tcpip.sys","Net_Protocol","6.2.18362.628","0","28-Jan-20","GDR","4532693 (v1.0)","February 11, 2020-KB4532693 (OS Builds 18362.657 and 18363.657)","http://support.microsoft.com/kb/4532693","KB only","KB only","KB only"," ","20-02Rollup"
"Afd.sys","Net_Protocol","6.2.18362.628","0","22-Jan-20","GDR","4532693 (v1.0)","February 11, 2020-KB4532693 (OS Builds 18362.657 and 18363.657)","http://support.microsoft.com/kb/4532693","KB only","KB only","KB only"," ","20-02Rollup"
"Netio.sys","Net_Protocol","6.2.18362.449","0","24-Oct-19","GDR","4532693 (v1.0)","February 11, 2020-KB4532693 (OS Builds 18362.657 and 18363.657)","http://support.microsoft.com/kb/4532693","KB only","KB only","KB only"," ","20-02Rollup"
"Ndis.sys","Net_Protocol","6.2.18362.657","0","11-Feb-20","GDR","4532693 (v1.0)","February 11, 2020-KB4532693 (OS Builds 18362.657 and 18363.657)","http://support.microsoft.com/kb/4532693","KB only","KB only","KB only"," ","20-02Rollup"
"Tunnel.sys","Net_IPv6","6.2.18362.476","1","11-Feb-20","GDR","4532693","February 11, 2020-KB4532693 (OS Builds 18362.657 and 18363.657)","http://support.microsoft.com/kb/4532693","KB only","KB only","KB only"," ","20-02Rollup"
"Dhcpcore6.dll","Net_IPv6","6.2.18362.267","1","26-Jul-19","GDR","4532693 (v1.0)","February 11, 2020-KB4532693 (OS Builds 18362.657 and 18363.657)","http://support.microsoft.com/kb/4532693","KB only","KB only","KB only"," ","20-02Rollup"
"Dhcpcsvc6.dll","Net_IPv6","6.2.18362.267","1","26-Jul-19","GDR","4532693 (v1.0)","February 11, 2020-KB4532693 (OS Builds 18362.657 and 18363.657)","http://support.microsoft.com/kb/4532693","KB only","KB only","KB only"," ","20-02Rollup"
"Nlasvc.dll","Net_NLA","6.2.18362.387","0","26-Sep-19","GDR","4532693 (v1.0)","February 11, 2020-KB4532693 (OS Builds 18362.657 and 18363.657)","http://support.microsoft.com/kb/4532693","KB only","KB only","KB only"," ","20-02Rollup"
"Ncsi.dll","Net_NLA","6.2.18362.387","0","26-Sep-19","GDR","4532693 (v1.0)","February 11, 2020-KB4532693 (OS Builds 18362.657 and 18363.657)","http://support.microsoft.com/kb/4532693","KB only","KB only","KB only"," ","20-02Rollup"
"Nlaapi.dll","Net_NLA","6.2.18362.387","0","26-Sep-19","GDR","4532693 (v1.0)","February 11, 2020-KB4532693 (OS Builds 18362.657 and 18363.657)","http://support.microsoft.com/kb/4532693","KB only","KB only","KB only"," ","20-02Rollup"
"Dns.exe","Net_DNS_Srv","6.2.18362.1","0","23-Jan-20","GDR","4532693 (v1.0)","February 11, 2020-KB4532693 (OS Builds 18362.657 and 18363.657)","http://support.microsoft.com/kb/4532693","KB only","KB only","KB only"," ","20-02Rollup"
"Dhcpssvc.dll","Net_DHCP_Srv","6.2.18362.1","0","23-Jan-20","GDR","4532693 (v1.0)","February 11, 2020-KB4532693 (OS Builds 18362.657 and 18363.657)","http://support.microsoft.com/kb/4532693","KB only","KB only","KB only"," ","20-02Rollup"
"Nfssvc.exe","Net_NFS_Srv","6.2.18362.1","0","22-Jan-20","GDR","4532693 (v1.0)","February 11, 2020-KB4532693 (OS Builds 18362.657 and 18363.657)","http://support.microsoft.com/kb/4532693","KB only","KB only","KB only"," ","20-02Rollup"
"Nfssvr.sys","Net_NFS_Srv","6.2.18362.1","0","22-Jan-20","GDR","4532693 (v1.0)","February 11, 2020-KB4532693 (OS Builds 18362.657 and 18363.657)","http://support.microsoft.com/kb/4532693","KB only","KB only","KB only"," ","20-02Rollup"
"Msnfsflt.sys","Net_NFS_Srv","6.2.18362.1","0","23-Jan-20","GDR","4532693 (v1.0)","February 11, 2020-KB4532693 (OS Builds 18362.657 and 18363.657)","http://support.microsoft.com/kb/4532693","KB only","KB only","KB only"," ","20-02Rollup"
"Csc.sys","Net_CSC_Offline","6.2.18362.387","1","26-Sep-19","GDR","4532693 (v1.0)","February 11, 2020-KB4532693 (OS Builds 18362.657 and 18363.657)","http://support.microsoft.com/kb/4532693","KB only","KB only","KB only"," ","20-02Rollup"
"Cscmig.dll","Net_CSC_Offline","6.2.18362.387","1","26-Sep-19","GDR","4532693 (v1.0)","February 11, 2020-KB4532693 (OS Builds 18362.657 and 18363.657)","http://support.microsoft.com/kb/4532693","KB only","KB only","KB only"," ","20-02Rollup"
"Cscui.dll","Net_CSC_Offline","6.2.18362.628","1","28-Jan-20","GDR","4532693 (v1.0)","February 11, 2020-KB4532693 (OS Builds 18362.657 and 18363.657)","http://support.microsoft.com/kb/4532693","KB only","KB only","KB only"," ","20-02Rollup"
"Mrxdav.sys","Net_WebDAV","6.2.18362.387","1","26-Sep-19","GDR","4532693 (v1.0)","February 11, 2020-KB4532693 (OS Builds 18362.657 and 18363.657)","http://support.microsoft.com/kb/4532693","KB only","KB only","KB only"," ","20-02Rollup"
"Shell32.dll","Net_WebDAV","6.2.18362.628","1","28-Jan-20","GDR","4532693 (v1.0)","February 11, 2020-KB4532693 (OS Builds 18362.657 and 18363.657)","http://support.microsoft.com/kb/4532693","KB only","KB only","KB only"," ","20-02Rollup"
"Winhttp.dll","Net_WebDAV","6.2.18362.449","1","24-Oct-19","GDR","4532693 (v1.0)","February 11, 2020-KB4532693 (OS Builds 18362.657 and 18363.657)","http://support.microsoft.com/kb/4532693","KB only","KB only","KB only"," ","20-02Rollup"
"Dhcpcore.dll","Net_DHCP_Client","6.2.18362.267","1","26-Jul-19","GDR","4532693 (v1.0)","February 11, 2020-KB4532693 (OS Builds 18362.657 and 18363.657)","http://support.microsoft.com/kb/4532693","KB only","KB only","KB only"," ","20-02Rollup"
"Dhcpcsvc.dll","Net_DHCP_Client","6.2.18362.267","1","26-Jul-19","GDR","4532693 (v1.0)","February 11, 2020-KB4532693 (OS Builds 18362.657 and 18363.657)","http://support.microsoft.com/kb/4532693","KB only","KB only","KB only"," ","20-02Rollup"
"dnsapi.dll","Net_DNS_Client","6.2.18362.267","1","26-Jul-19","GDR","4532693 (v1.0)","February 11, 2020-KB4532693 (OS Builds 18362.657 and 18363.657)","http://support.microsoft.com/kb/4532693","KB only","KB only","KB only"," ","20-02Rollup"
"dnsrslvr.dll","Net_DNS_Client","6.2.18362.267","1","26-Jul-19","GDR","4532693 (v1.0)","February 11, 2020-KB4532693 (OS Builds 18362.657 and 18363.657)","http://support.microsoft.com/kb/4532693","KB only","KB only","KB only"," ","20-02Rollup"
"Rpcss.dll","Net_RPC","6.2.18362.449","1","24-Oct-19","GDR","4532693 (v1.0)","February 11, 2020-KB4532693 (OS Builds 18362.657 and 18363.657)","http://support.microsoft.com/kb/4532693","KB only","KB only","KB only"," ","20-02Rollup"
"Rpcrt4.dll","Net_RPC","6.2.18362.628","1","28-Jan-20","GDR","4532693 (v1.0)","February 11, 2020-KB4532693 (OS Builds 18362.657 and 18363.657)","http://support.microsoft.com/kb/4532693","KB only","KB only","KB only"," ","20-02Rollup"
"Bfe.dll","Net_Ipsec_BFE","6.2.18362.207","1","27-Jun-19","GDR","4532693 (v1.0)","February 11, 2020-KB4532693 (OS Builds 18362.657 and 18363.657)","http://support.microsoft.com/kb/4532693","KB only","KB only","KB only"," ","20-02Rollup"
"Ikeext.dll","Net_Ipsec_BFE","6.2.18362.207","1","27-Jun-19","GDR","4532693 (v1.0)","February 11, 2020-KB4532693 (OS Builds 18362.657 and 18363.657)","http://support.microsoft.com/kb/4532693","KB only","KB only","KB only"," ","20-02Rollup"
"Fwpuclnt.dll","Net_Ipsec_BFE","6.2.18362.207","1","27-Jun-19","GDR","4532693 (v1.0)","February 11, 2020-KB4532693 (OS Builds 18362.657 and 18363.657)","http://support.microsoft.com/kb/4532693","KB only","KB only","KB only"," ","20-02Rollup"
"Iphlpsvc.dll","Net_DirectAccess_Client","6.2.18362.476","1","12-Nov-19","GDR","4532693 (v1.0)","February 11, 2020-KB4532693 (OS Builds 18362.657 and 18363.657)","http://support.microsoft.com/kb/4532693","KB only","KB only","KB only"," ","20-02Rollup"
"Rdpcore.dll","Net_DirectAccess_Client","6.2.18362.657","1","11-Feb-20","GDR","4532693 (v1.0)","February 11, 2020-KB4532693 (OS Builds 18362.657 and 18363.657)","http://support.microsoft.com/kb/4532693","KB only","KB only","KB only"," ","20-02Rollup"
"dot3svc.dll","Net_IEEE802.1x","6.2.18362.387","1","26-Sep-19","GDR","4532693 (v1.0)","February 11, 2020-KB4532693 (OS Builds 18362.657 and 18363.657)","http://support.microsoft.com/kb/4532693","KB only","KB only","KB only"," ","20-02Rollup"
"Rastls.dll","Net_IEEE802.1x","6.2.18362.207","1","27-Jun-19","GDR","4532693 (v1.0)","February 11, 2020-KB4532693 (OS Builds 18362.657 and 18363.657)","http://support.microsoft.com/kb/4532693","KB only","KB only","KB only"," ","20-02Rollup"
"wlansvc.dll","Net_WLAN_Client","6.2.18362.239","1","09-Jul-19","GDR","4532693 (v1.0)","February 11, 2020-KB4532693 (OS Builds 18362.657 and 18363.657)","http://support.microsoft.com/kb/4532693","KB only","KB only","KB only"," ","20-02Rollup"
"wlanmsm.dll","Net_WLAN_Client","6.2.18362.239","1","09-Jul-19","GDR","4532693 (v1.0)","February 11, 2020-KB4532693 (OS Builds 18362.657 and 18363.657)","http://support.microsoft.com/kb/4532693","KB only","KB only","KB only"," ","20-02Rollup"
"wlanapi.dll","Net_WLAN_Client","6.2.18362.239","1","09-Jul-19","GDR","4532693 (v1.0)","February 11, 2020-KB4532693 (OS Builds 18362.657 and 18363.657)","http://support.microsoft.com/kb/4532693","KB only","KB only","KB only"," ","20-02Rollup"
"wlansec.dll","Net_WLAN_Client","6.2.18362.239","1","09-Jul-19","GDR","4532693 (v1.0)","February 11, 2020-KB4532693 (OS Builds 18362.657 and 18363.657)","http://support.microsoft.com/kb/4532693","KB only","KB only","KB only"," ","20-02Rollup"
"wlansvcpal.dll","Net_WLAN_Client","6.2.18362.239","1","09-Jul-19","GDR","4532693 (v1.0)","February 11, 2020-KB4532693 (OS Builds 18362.657 and 18363.657)","http://support.microsoft.com/kb/4532693","KB only","KB only","KB only"," ","20-02Rollup"
"wlanhlp.dll","Net_WLAN_Client","6.2.18362.239","1","09-Jul-19","GDR","4532693 (v1.0)","February 11, 2020-KB4532693 (OS Builds 18362.657 and 18363.657)","http://support.microsoft.com/kb/4532693","KB only","KB only","KB only"," ","20-02Rollup"
"WorkFolders.exe","Net_WorkFolders","6.2.18362.267","1","26-Jul-19","GDR","4532693 (v1.0)","February 11, 2020-KB4532693 (OS Builds 18362.657 and 18363.657)","http://support.microsoft.com/kb/4532693","KB only","KB only","KB only"," ","20-02Rollup"
"WorkFoldersshell.dll","Net_WorkFolders","6.2.18362.267","1","26-Jul-19","GDR","4532693 (v1.0)","February 11, 2020-KB4532693 (OS Builds 18362.657 and 18363.657)","http://support.microsoft.com/kb/4532693","KB only","KB only","KB only"," ","20-02Rollup"
"WorkFolderssvc.dll","Net_WorkFolders","6.2.18362.267","1","26-Jul-19","GDR","4532693 (v1.0)","February 11, 2020-KB4532693 (OS Builds 18362.657 and 18363.657)","http://support.microsoft.com/kb/4532693","KB only","KB only","KB only"," ","20-02Rollup"
"WorkFolderscontrol.dll","Net_WorkFolders","6.2.18362.267","1","26-Jul-19","GDR","4532693 (v1.0)","February 11, 2020-KB4532693 (OS Builds 18362.657 and 18363.657)","http://support.microsoft.com/kb/4532693","KB only","KB only","KB only"," ","20-02Rollup"
"Syncsharesrv.dll","Net_WorkFolders","6.2.18362.1","1","23-Jan-20","GDR","4532693 (v1.0)","February 11, 2020-KB4532693 (OS Builds 18362.657 and 18363.657)","http://support.microsoft.com/kb/4532693","KB only","KB only","KB only"," ","20-02Rollup"
"WebIo.dll","Net_BranchCache","6.2.18362.628","1","28-Jan-20","GDR","4532693 (v1.0)","February 11, 2020-KB4532693 (OS Builds 18362.657 and 18363.657)","http://support.microsoft.com/kb/4532693","KB only","KB only","KB only"," ","20-02Rollup"
"MpsSvc.dll","Net_Firewall","6.2.18362.449","1","24-Oct-19","GDR","4532693 (v1.0)","February 11, 2020-KB4532693 (OS Builds 18362.657 and 18363.657)","http://support.microsoft.com/kb/4532693","KB only","KB only","KB only"," ","20-02Rollup"
"qmgr.dll","Net_BiTS","7.8.18362.267","1","28-Jul-19","GDR","4532693 (v1.0)","February 11, 2020-KB4532693 (OS Builds 18362.657 and 18363.657)","http://support.microsoft.com/kb/4532693","KB only","KB only","KB only"," ","20-02Rollup"
"Netlogon.dll","Dom_NETLOGON","6.2.18362.628","0","28-Jan-20","GDR","4532693 (v1.0)","February 11, 2020-KB4532693 (OS Builds 18362.657 and 18363.657)","http://support.microsoft.com/kb/4532693","KB only","KB only","KB only"," ","20-02Rollup"
"LogonCli.dll","Dom_NETLOGON","6.2.18362.628","0","22-Jan-20","GDR","4532693 (v1.0)","February 11, 2020-KB4532693 (OS Builds 18362.657 and 18363.657)","http://support.microsoft.com/kb/4532693","KB only","KB only","KB only"," ","20-02Rollup"
"Winlogon.exe","Dom_WINLOGON","6.2.18362.449","0","24-Oct-19","GDR","4532693 (v1.0)","February 11, 2020-KB4532693 (OS Builds 18362.657 and 18363.657)","http://support.microsoft.com/kb/4532693","KB only","KB only","KB only"," ","20-02Rollup"
"Kerberos.dll","Dom_KERBEROS","6.2.18362.657","0","11-Feb-20","GDR","4532693 (v1.0)","February 11, 2020-KB4532693 (OS Builds 18362.657 and 18363.657)","http://support.microsoft.com/kb/4532693","KB only","KB only","KB only"," ","20-02Rollup"
"Msv1_0.dll","Dom_NTLM","6.2.18362.476","1","12-Nov-19","GDR","4532693 (v1.0)","February 11, 2020-KB4532693 (OS Builds 18362.657 and 18363.657)","http://support.microsoft.com/kb/4532693","KB only","KB only","KB only"," ","20-02Rollup"
"Wldap32.dll","Dom_LDAPClient","6.2.18362.449","0","24-Oct-19","GDR","4532693 (v1.0)","February 11, 2020-KB4532693 (OS Builds 18362.657 and 18363.657)","http://support.microsoft.com/kb/4532693","KB only","KB only","KB only"," ","20-02Rollup"
"Lsasrv.dll","Dom_LSA","6.2.18362.657","0","11-Feb-20","GDR","4532693 (v1.0)","February 11, 2020-KB4532693 (OS Builds 18362.657 and 18363.657)","http://support.microsoft.com/kb/4532693","KB only","KB only","KB only"," ","20-02Rollup"
"Ksecdd.sys","Dom_LSA","6.2.18362.113","0","29-Jun-19","GDR","4532693 (v1.0)","February 11, 2020-KB4532693 (OS Builds 18362.657 and 18363.657)","http://support.microsoft.com/kb/4532693","KB only","KB only","KB only"," ","20-02Rollup"
"Ksecpkg.sys","Dom_LSA","6.2.18362.657","0","11-Feb-20","GDR","4532693 (v1.0)","February 11, 2020-KB4532693 (OS Builds 18362.657 and 18363.657)","http://support.microsoft.com/kb/4532693","KB only","KB only","KB only"," ","20-02Rollup"
"Secur32.dll","Dom_LSA","6.2.18362.1","0","23-Jan-20","GDR","4532693 (v1.0)","February 11, 2020-KB4532693 (OS Builds 18362.657 and 18363.657)","http://support.microsoft.com/kb/4532693","KB only","KB only","KB only"," ","20-02Rollup"
"Schannel.dll","Dom_LSA","6.2.18362.418","0","08-Oct-19","GDR","4532693 (v1.0)","February 11, 2020-KB4532693 (OS Builds 18362.657 and 18363.657)","http://support.microsoft.com/kb/4532693","KB only","KB only","KB only"," ","20-02Rollup"
"Crypt32.dll","Dom_CRYPTO","6.2.18362.592","1","3-Jan-20","GDR","4532693 (v1.0)","February 11, 2020-KB4532693 (OS Builds 18362.657 and 18363.657)","http://support.microsoft.com/kb/4532693","KB only","KB only","KB only"," ","20-02Rollup"
"Wintrust.dll","Dom_CRYPTO","6.2.18362.387","1","26-Sep-19","GDR","4532693 (v1.0)","February 11, 2020-KB4532693 (OS Builds 18362.657 and 18363.657)","http://support.microsoft.com/kb/4532693","KB only","KB only","KB only"," ","20-02Rollup"
"Cryptdll.dll","Dom_CRYPTO","6.2.18362.113","1","29-Jun-19","GDR","4532693 (v1.0)","February 11, 2020-KB4532693 (OS Builds 18362.657 and 18363.657)","http://support.microsoft.com/kb/4532693","KB only","KB only","KB only"," ","20-02Rollup"
"Cryptcatsvc.dll","Dom_CRYPTO","6.2.18362.592","1","3-Jan-20","GDR","4532693 (v1.0)","February 11, 2020-KB4532693 (OS Builds 18362.657 and 18363.657)","http://support.microsoft.com/kb/4532693","KB only","KB only","KB only"," ","20-02Rollup"
"Gpmgmt.dll","Dom_GPSVC","6.2.18362.1","1","22-Jan-20","GDR","4532693 (v1.0)","February 11, 2020-KB4532693 (OS Builds 18362.657 and 18363.657)","http://support.microsoft.com/kb/4532693","KB only","KB only","KB only"," ","20-02Rollup"
"Userenv.dll","Dom_GPSVC","6.2.18362.387","1","26-Sep-19","GDR","4532693 (v1.0)","February 11, 2020-KB4532693 (OS Builds 18362.657 and 18363.657)","http://support.microsoft.com/kb/4532693","KB only","KB only","KB only"," ","20-02Rollup"
"Gpme.dll","Dom_GPP","6.2.18362.449","1","21-Oct-19","GDR","4532693 (v1.0)","February 11, 2020-KB4532693 (OS Builds 18362.657 and 18363.657)","http://support.microsoft.com/kb/4532693","KB only","KB only","KB only"," ","20-02Rollup"
"Gppref.dll","Dom_GPP","6.2.18362.449","1","21-Oct-19","GDR","4532693 (v1.0)","February 11, 2020-KB4532693 (OS Builds 18362.657 and 18363.657)","http://support.microsoft.com/kb/4532693","KB only","KB only","KB only"," ","20-02Rollup"
"Gpprefbr.dll","Dom_GPP","6.2.18362.449","1","21-Oct-19","GDR","4532693 (v1.0)","February 11, 2020-KB4532693 (OS Builds 18362.657 and 18363.657)","http://support.microsoft.com/kb/4532693","KB only","KB only","KB only"," ","20-02Rollup"
"Gpprefcn.dll","Dom_GPP","6.2.18362.449","1","21-Oct-19","GDR","4532693 (v1.0)","February 11, 2020-KB4532693 (OS Builds 18362.657 and 18363.657)","http://support.microsoft.com/kb/4532693","KB only","KB only","KB only"," ","20-02Rollup"
"Gpregistrybrowser.dll","Dom_GPP","6.2.18362.449","1","21-Oct-19","GDR","4532693 (v1.0)","February 11, 2020-KB4532693 (OS Builds 18362.657 and 18363.657)","http://support.microsoft.com/kb/4532693","KB only","KB only","KB only"," ","20-02Rollup"
"Propshts.dll","Dom_GPP","6.2.18362.449","1","21-Oct-19","GDR","4532693 (v1.0)","February 11, 2020-KB4532693 (OS Builds 18362.657 and 18363.657)","http://support.microsoft.com/kb/4532693","KB only","KB only","KB only"," ","20-02Rollup"
"Profsvc.dll","Dom_ProfProc","6.2.18362.657","1","11-Feb-20","GDR","4532693 (v1.0)","February 11, 2020-KB4532693 (OS Builds 18362.657 and 18363.657)","http://support.microsoft.com/kb/4532693","KB only","KB only","KB only"," ","20-02Rollup"
"Esent.dll","Dom_ESENT","6.2.18362.207","0","27-Jun-19","GDR","4532693 (v1.0)","February 11, 2020-KB4532693 (OS Builds 18362.657 and 18363.657)","http://support.microsoft.com/kb/4532693","KB only","KB only","KB only"," ","20-02Rollup"
"Ntdsai.dll","Dom_NTDSAI","6.2.18362.449","0","24-Oct-19","GDR","4532693 (v1.0)","February 11, 2020-KB4532693 (OS Builds 18362.657 and 18363.657)","http://support.microsoft.com/kb/4532693","KB only","KB only","KB only"," ","20-02Rollup"
"Ntdsutil.exe","Dom_NTDSAI","6.2.18362.113","0","29-Jun-19","GDR","4532693 (v1.0)","February 11, 2020-KB4532693 (OS Builds 18362.657 and 18363.657)","http://support.microsoft.com/kb/4532693","KB only","KB only","KB only"," ","20-02Rollup"
"Samsrv.dll","Dom_SAMSRV","6.2.18362.267","0","26-Jul-19","GDR","4532693 (v1.0)","February 11, 2020-KB4532693 (OS Builds 18362.657 and 18363.657)","http://support.microsoft.com/kb/4532693","KB only","KB only","KB only"," ","20-02Rollup"
"Samlib.dll","Dom_SAMSRV","6.2.18362.267","0","26-Jul-19","GDR","4532693 (v1.0)","February 11, 2020-KB4532693 (OS Builds 18362.657 and 18363.657)","http://support.microsoft.com/kb/4532693","KB only","KB only","KB only"," ","20-02Rollup"
"Kdcsvc.dll","Dom_KDCSVC","6.2.18362.1","0","22-Jan-20","GDR","4532693 (v1.0)","February 11, 2020-KB4532693 (OS Builds 18362.657 and 18363.657)","http://support.microsoft.com/kb/4532693","KB only","KB only","KB only"," ","20-02Rollup"
"Microsoft.identityserver.service.dll","Dom_ADFS","6.2.18362.1","0","23-Jan-20","GDR","4532693 (v1.0)","February 11, 2020-KB4532693 (OS Builds 18362.657 and 18363.657)","http://support.microsoft.com/kb/4532693","KB only","KB only","KB only"," ","20-02Rollup"
"Microsoft.identityserver.web.dll","Dom_ADFS","6.2.18362.1","0","23-Jan-20","GDR","4532693 (v1.0)","February 11, 2020-KB4532693 (OS Builds 18362.657 and 18363.657)","http://support.microsoft.com/kb/4532693","KB only","KB only","KB only"," ","20-02Rollup"
"Clussvc.exe","Cluster_Core","6.2.18362.1","0","22-Jan-20","GDR","4532693 (v1.0)","February 11, 2020-KB4532693 (OS Builds 18362.657 and 18363.657)","http://support.microsoft.com/kb/4532693","KB only","KB only","KB only"," ","20-02Rollup"
"ClusWMI.dll","Cluster_Core","6.2.18362.1","0","22-Jan-20","GDR","4532693 (v1.0)","February 11, 2020-KB4532693 (OS Builds 18362.657 and 18363.657)","http://support.microsoft.com/kb/4532693","KB only","KB only","KB only"," ","20-02Rollup"
"Rhs.exe","Cluster_Core","6.2.18362.1","0","23-Jan-20","GDR","4532693 (v1.0)","February 11, 2020-KB4532693 (OS Builds 18362.657 and 18363.657)","http://support.microsoft.com/kb/4532693","KB only","KB only","KB only"," ","20-02Rollup"
"Clusres.dll","Cluster_Core","6.2.18362.1","0","23-Jan-20","GDR","4532693 (v1.0)","February 11, 2020-KB4532693 (OS Builds 18362.657 and 18363.657)","http://support.microsoft.com/kb/4532693","KB only","KB only","KB only"," ","20-02Rollup"
"Clusres2.dll","Cluster_Core","6.2.18362.1","0","23-Jan-20","GDR","4532693 (v1.0)","February 11, 2020-KB4532693 (OS Builds 18362.657 and 18363.657)","http://support.microsoft.com/kb/4532693","KB only","KB only","KB only"," ","20-02Rollup"
"Csvflt.sys","Cluster_CSV","6.2.18362.1","0","23-Jan-20","GDR","4532693 (v1.0)","February 11, 2020-KB4532693 (OS Builds 18362.657 and 18363.657)","http://support.microsoft.com/kb/4532693","KB only","KB only","KB only"," ","20-02Rollup"
"Csvfs.sys","Cluster_CSV","6.2.18362.1","0","22-Jan-20","GDR","4532693 (v1.0)","February 11, 2020-KB4532693 (OS Builds 18362.657 and 18363.657)","http://support.microsoft.com/kb/4532693","KB only","KB only","KB only"," ","20-02Rollup"
"Vhdmp.sys","Cluster_CSV","6.2.18362.657","0","11-Feb-20","GDR","4532693 (v1.0)","February 11, 2020-KB4532693 (OS Builds 18362.657 and 18363.657)","http://support.microsoft.com/kb/4532693","KB only","KB only","KB only"," ","20-02Rollup"
"Cprepsrv.exe","Cluster_Validation","6.2.18362.1","1","22-Jan-20","GDR","4532693 (v1.0)","February 11, 2020-KB4532693 (OS Builds 18362.657 and 18363.657)","http://support.microsoft.com/kb/4532693","KB only","KB only","KB only"," ","20-02Rollup"
"Ntoskrnl.exe","Core_Kernel","6.2.18362.657","0","11-Feb-200","GDR","4532693 (v1.0)","February 11, 2020-KB4532693 (OS Builds 18362.657 and 18363.657)","http://support.microsoft.com/kb/4532693","KB only","KB only","KB only"," ","20-02Rollup"
"Ntdll.dll","Core_Kernel","6.2.18362.657","0","11-Feb-20","GDR","4532693 (v1.0)","February 11, 2020-KB4532693 (OS Builds 18362.657 and 18363.657)","http://support.microsoft.com/kb/4532693","KB only","KB only","KB only"," ","20-02Rollup"
"Hal.dll","Core_Kernel","6.2.18362.628","0","28-Jan-20","GDR","4532693 (v1.0)","February 11, 2020-KB4532693 (OS Builds 18362.657 and 18363.657)","http://support.microsoft.com/kb/4532693","KB only","KB only","KB only"," ","20-02Rollup"
"Fltmgr.sys","Core_Kernel","6.2.18362.267","0","26-Jul-19","GDR","4532693 (v1.0)","February 11, 2020-KB4532693 (OS Builds 18362.657 and 18363.657)","http://support.microsoft.com/kb/4532693","KB only","KB only","KB only"," ","20-02Rollup"
"win32k.sys","Core_Kernel","6.2.18362.657","0","28-Jan-20","GDR","4532693 (v1.0)","February 11, 2020-KB4532693 (OS Builds 18362.657 and 18363.657)","http://support.microsoft.com/kb/4532693","KB only","KB only","KB only"," ","20-02Rollup"
"Ntfs.sys","Core_FileSystem","6.2.18362.535","0","10-Dec-19","GDR","4532693 (v1.0)","February 11, 2020-KB4532693 (OS Builds 18362.657 and 18363.657)","http://support.microsoft.com/kb/4532693","KB only","KB only","KB only"," ","20-02Rollup"
"dedup.sys","Core_FileSystem","6.2.18362.1","0","23-Jan-20","GDR","4532693 (v1.0)","February 11, 2020-KB4532693 (OS Builds 18362.657 and 18363.657)","http://support.microsoft.com/kb/4532693","KB only","KB only","KB only"," ","20-02Rollup"
"Msiscsi.sys","Core_DiskSystem","6.2.18362.449","0","24-Oct-19","GDR","4532693 (v1.0)","February 11, 2020-KB4532693 (OS Builds 18362.657 and 18363.657)","http://support.microsoft.com/kb/4532693","KB only","KB only","KB only"," ","20-02Rollup"
"Storport.sys","Core_DiskSystem","6.2.18362.628","0","11-Feb-20","GDR","4532693 (v1.0)","February 11, 2020-KB4532693 (OS Builds 18362.657 and 18363.657)","http://support.microsoft.com/kb/4532693","KB only","KB only","KB only"," ","20-02Rollup"
"Repdrvfs.dll","Core_WMI","6.2.18362.1","0","8-Feb-20","GDR","4532693","February 11, 2020-KB4532693 (OS Builds 18362.657 and 18363.657)","http://support.microsoft.com/kb/4532693","No LDR Only available","No LDR Only available","No LDR Only available","rEX","20-02Rollup"
"Advapi32.dll","Core_Apps","6.2.18362.329","0","30-Aug-19","GDR","4532693 (v1.0)","February 11, 2020-KB4532693 (OS Builds 18362.657 and 18363.657)","http://support.microsoft.com/kb/4532693","KB only","KB only","KB only"," ","20-02Rollup"
"wbengine.exe","Core_VSS","6.2.18362.657","1","22-Jan-20","GDR","4532693 (v1.0)","February 11, 2020-KB4532693 (OS Builds 18362.657 and 18363.657)","http://support.microsoft.com/kb/4532693","KB only","KB only","KB only"," ","20-02Rollup"
"pci.sys","Core_Sys","6.2.18362.628","1","28-Jan-20","GDR","4532693 (v1.0)","February 11, 2020-KB4532693 (OS Builds 18362.657 and 18363.657)","http://support.microsoft.com/kb/4532693","KB only","KB only","KB only"," ","20-02Rollup"
"Volmgr.sys","Core_Sys","6.2.18362.628","1","11-Feb-20","GDR","4532693 (v1.0)","February 11, 2020-KB4532693 (OS Builds 18362.657 and 18363.657)","http://support.microsoft.com/kb/4532693","KB only","KB only","KB only"," ","20-02Rollup"
"Tzres.dll","Core_TimeZone","6.2.18362.1","1","22-Jan-20","GDR","4532693 (v1.0)","February 11, 2020-KB4532693 (OS Builds 18362.657 and 18363.657)","http://support.microsoft.com/kb/4532693","KB only","KB only","KB only"," ","20-02Rollup"
"Vmswitch.sys","Hyper-V_Net","6.2.18362.476","1","12-Nov-19","GDR","4532693 (v1.0)","February 11, 2020-KB4532693 (OS Builds 18362.657 and 18363.657)","http://support.microsoft.com/kb/4532693","KB only","KB only","KB only"," ","20-02Rollup"
"Vmms.exe","Hyper-V_Net","6.2.18362.449","1","24-Oct-19","GDR","4532693 (v1.0)","February 11, 2020-KB4532693 (OS Builds 18362.657 and 18363.657)","http://support.microsoft.com/kb/4532693","KB only","KB only","KB only"," ","20-02Rollup"
"Winnat.sys","Hyper-V_Net","6.2.18362.628","1","28-Jan-20","GDR","4532693 (v1.0)","February 11, 2020-KB4532693 (OS Builds 18362.657 and 18363.657)","http://support.microsoft.com/kb/4532693","KB only","KB only","KB only"," ","20-02Rollup"
"Vmbus.sys","Hyper-V_Net","6.2.18362.387","1","26-Sep-19","GDR","4532693 (v1.0)","February 11, 2020-KB4532693 (OS Builds 18362.657 and 18363.657)","http://support.microsoft.com/kb/4532693","KB only","KB only","KB only"," ","20-02Rollup"
"Rasapi32.dll","HNV_Net","6.2.18362.387","1","26-Sep-19","GDR","4532693 (v1.0)","February 11, 2020-KB4532693 (OS Builds 18362.657 and 18363.657)","http://support.microsoft.com/kb/4532693","KB only","KB only","KB only"," ","20-02Rollup"
"Vmwp.exe","Hyper-V_app","6.2.18362.1","1","8-Feb-20","GDR","4532693","February 11, 2020-KB4532693 (OS Builds 18362.657 and 18363.657)","http://support.microsoft.com/kb/4532693","No LDR Only available","No LDR Only available","No LDR Only available","rEX","20-02Rollup"
"Rdpshell.exe","RDS_remote_App","6.2.18362.387","0","26-Sep-19","GDR","4532693 (v1.0)","February 11, 2020-KB4532693 (OS Builds 18362.657 and 18363.657)","http://support.microsoft.com/kb/4532693","KB only","KB only","KB only"," ","20-02Rollup"
"Rdsdwmdr.dll","RDS_remote_App","6.2.18362.1","0","8-Feb-20","GDR","4532693","February 11, 2020-KB4532693 (OS Builds 18362.657 and 18363.657)","http://support.microsoft.com/kb/4532693","No LDR Only available","No LDR Only available","No LDR Only available","rEX","20-02Rollup"
"Audioeng.dll","RDS_devRdr","6.2.18362.628","1","28-Jan-20","GDR","4532693 (v1.0)","February 11, 2020-KB4532693 (OS Builds 18362.657 and 18363.657)","http://support.microsoft.com/kb/4532693","KB only","KB only","KB only"," ","20-02Rollup"
"Audiokse.dll","RDS_devRdr","6.2.18362.628","1","28-Jan-20","GDR","4532693 (v1.0)","February 11, 2020-KB4532693 (OS Builds 18362.657 and 18363.657)","http://support.microsoft.com/kb/4532693","KB only","KB only","KB only"," ","20-02Rollup"
"Audioses.dll","RDS_devRdr","6.2.18362.628","1","28-Jan-20","GDR","4532693 (v1.0)","February 11, 2020-KB4532693 (OS Builds 18362.657 and 18363.657)","http://support.microsoft.com/kb/4532693","KB only","KB only","KB only"," ","20-02Rollup"
"Audiosrv.dll","RDS_devRdr","6.2.18362.628","1","28-Jan-20","GDR","4532693 (v1.0)","February 11, 2020-KB4532693 (OS Builds 18362.657 and 18363.657)","http://support.microsoft.com/kb/4532693","KB only","KB only","KB only"," ","20-02Rollup"
"Tsvmhasvc.dll","RDS_vHost","6.2.18362.1","0","23-Jan-20","GDR","4532693 (v1.0)","February 11, 2020-KB4532693 (OS Builds 18362.657 and 18363.657)","http://support.microsoft.com/kb/4532693","KB only","KB only","KB only"," ","20-02Rollup"
"aaedge.dll","RDS_gateway","6.2.18362.1","1","23-Jan-20","GDR","4532693 (v1.0)","February 11, 2020-KB4532693 (OS Builds 18362.657 and 18363.657)","http://support.microsoft.com/kb/4532693","KB only","KB only","KB only"," ","20-02Rollup"
"dxgkrnl.sys","RDS_host","6.2.18362.657","1","11-Feb-20","GDR","4532693 (v1.0)","February 11, 2020-KB4532693 (OS Builds 18362.657 and 18363.657)","http://support.microsoft.com/kb/4532693","KB only","KB only","KB only"," ","20-02Rollup"
"sessenv.dll","RDS_host","6.2.18362.387","1","26-Sep-19","GDR","4532693 (v1.0)","February 11, 2020-KB4532693 (OS Builds 18362.657 and 18363.657)","http://support.microsoft.com/kb/4532693","KB only","KB only","KB only"," ","20-02Rollup"
"Localspl.dll","Print_Spool","6.2.18362.175","0","11-Jun-19","GDR","4532693 (v1.0)","February 11, 2020-KB4532693 (OS Builds 18362.657 and 18363.657)","http://support.microsoft.com/kb/4532693","KB only","KB only","KB only"," ","20-02Rollup"
"Spoolsv.exe","Print_Spool","6.2.18362.476","0","11-Feb-20","GDR","4532693 (v1.0)","February 11, 2020-KB4532693 (OS Builds 18362.657 and 18363.657)","http://support.microsoft.com/kb/4532693","KB only","KB only","KB only"," ","20-02Rollup"
"Winspool.drv","Print_Spool","6.2.18362.267","0","26-Jul-19","GDR","4532693 (v1.0)","February 11, 2020-KB4532693 (OS Builds 18362.657 and 18363.657)","http://support.microsoft.com/kb/4532693","KB only","KB only","KB only"," ","20-02Rollup"
"Printfilterpipelineprxy.dll","Print_App","6.2.18362.535","0","10-Dec-19","GDR","4532693 (v1.0)","February 11, 2020-KB4532693 (OS Builds 18362.657 and 18363.657)","http://support.microsoft.com/kb/4532693","KB only","KB only","KB only"," ","20-02Rollup"
"Printfilterpipelinesvc.exe","Print_App","6.2.18362.535","0","10-Dec-19","GDR","4532693 (v1.0)","February 11, 2020-KB4532693 (OS Builds 18362.657 and 18363.657)","http://support.microsoft.com/kb/4532693","KB only","KB only","KB only"," ","20-02Rollup"
"splwow64.exe","Print_App","6.2.18362.476","0","12-Nov-19","GDR","4532693 (v1.0)","February 11, 2020-KB4532693 (OS Builds 18362.657 and 18363.657)","http://support.microsoft.com/kb/4532693","KB only","KB only","KB only"," ","20-02Rollup"
"Mxdwdrv.dll","Print_Driver","6.2.18362.145","1","29-May-19","GDR","4532693 (v1.0)","February 11, 2020-KB4532693 (OS Builds 18362.657 and 18363.657)","http://support.microsoft.com/kb/4532693","KB only","KB only","KB only"," ","20-02Rollup"
"Pcl4res.dll","Print_Driver","6.2.18362.1","1","22-Jan-20","GDR","4532693 (v1.0)","February 11, 2020-KB4532693 (OS Builds 18362.657 and 18363.657)","http://support.microsoft.com/kb/4532693","KB only","KB only","KB only"," ","20-02Rollup"
"Pscript5.dll","Print_Driver","6.2.18362.145","1","29-May-19","GDR","4532693 (v1.0)","February 11, 2020-KB4532693 (OS Builds 18362.657 and 18363.657)","http://support.microsoft.com/kb/4532693","KB only","KB only","KB only"," ","20-02Rollup"
"Unidrv.dll","Print_Driver","6.2.18362.1","1","22-Jan-20","GDR","4532693 (v1.0)","February 11, 2020-KB4532693 (OS Builds 18362.657 and 18363.657)","http://support.microsoft.com/kb/4532693","KB only","KB only","KB only"," ","20-02Rollup"
"Unires.dll","Print_Driver","6.2.18362.1","1","22-Jan-20","GDR","4532693 (v1.0)","February 11, 2020-KB4532693 (OS Builds 18362.657 and 18363.657)","http://support.microsoft.com/kb/4532693","KB only","KB only","KB only"," ","20-02Rollup"
"Mshtml.dll","IE_Client","11.0.18362.657","0","11-Feb-20","GDR","4532693 (v1.0)","February 11, 2020-KB4532693 (OS Builds 18362.657 and 18363.657)","http://support.microsoft.com/kb/4532693","KB only","KB only","KB only"," ","20-02Rollup"
"4528759","Win2016_1903_20_01_SSU_KB"," ","0","12-Nov-2019","GDR","4528759","Servicing stack update for Windows 10, version 1903 and 1909: January 14, 2020","http://support.microsoft.com/kb/4528759","KB only","KB only","KB Only"," ","No Rollup"
"4532693","Win201619H2_20-02_B_rollup_KB"," ","0","11-Feb-2020","GDR","4532693 (v1.0)","February 11, 2020-KB4532693 (OS Builds 18362.657 and 18363.657)","http://support.microsoft.com/kb/4532693","KB only","KB only","KB only"," ","20-02Rollup"
