"Binary","Component","Version","Prio","Published","Branch","Article","Title","Link","LDROnlyKB","LDROnlyTitle","LDROnlyLink","Comment","RollupInfo"
"Robocopy.exe","Net_Applications","6.2.14393.3986","1","3-Oct-20","GDR","4580346","October 13, 2020-KB4580346 (OS Build 14393.3986)","http://support.microsoft.com/kb/4580346","No LDR Only available","No LDR Only available","No LDR Only available","rEX","20-10Rollup"
"srv2.sys","Net_SMB_Server","6.2.14393.3866","0","6-Aug-20","GDR","4580346","October 13, 2020-KB4580346 (OS Build 14393.3986)","http://support.microsoft.com/kb/4580346","No LDR Only available","No LDR Only available","No LDR Only available","rEX","20-10Rollup"
"srvnet.sys","Net_SMB_Server","6.2.14393.3986","0","3-Oct-20","GDR","4580346","October 13, 2020-KB4580346 (OS Build 14393.3986)","http://support.microsoft.com/kb/4580346","No LDR Only available","No LDR Only available","No LDR Only available","rEX","20-10Rollup"
"Mrxsmb.sys","Net_SMB_Client","6.2.14393.3595","0","13-Mar-20","GDR","4580346","October 13, 2020-KB4580346 (OS Build 14393.3986)","http://support.microsoft.com/kb/4580346","No LDR Only available","No LDR Only available","No LDR Only available","rEX","20-10Rollup"
"Mup.sys","Net_SMB_Client","6.2.14393.1378","0","21-Jun-17","GDR","4580346","October 13, 2020-KB4580346 (OS Build 14393.3986)","http://support.microsoft.com/kb/4580346","No LDR Only available","No LDR Only available","No LDR Only available","rEX","20-10Rollup"
"Tcpip.sys","Net_Protocol","6.2.14393.3986","0","3-Oct-20","GDR","4580346","October 13, 2020-KB4580346 (OS Build 14393.3986)","http://support.microsoft.com/kb/4580346","No LDR Only available","No LDR Only available","No LDR Only available","rEX","20-10Rollup"
"Netio.sys","Net_Protocol","6.2.14393.3297","0","1-Oct-19","GDR","4580346","October 13, 2020-KB4580346 (OS Build 14393.3986)","http://support.microsoft.com/kb/4580346","No LDR Only available","No LDR Only available","No LDR Only available","rEX","20-10Rollup"
"Ndis.sys","Net_Protocol","6.2.14393.3503","0","31-Jan-20","GDR","4580346","October 13, 2020-KB4580346 (OS Build 14393.3986)","http://support.microsoft.com/kb/4580346","No LDR Only available","No LDR Only available","No LDR Only available","rEX","20-10Rollup"
"Ncsi.dll","Net_NLA","6.2.14393.3808","0","8-Jul-20","GDR","4580346","October 13, 2020-KB4580346 (OS Build 14393.3986)","http://support.microsoft.com/kb/4580346","No LDR Only available","No LDR Only available","No LDR Only available","rEX","20-10Rollup"
"Dns.exe","Net_DNS_Srv","6.2.14393.3930","0","2-Sep-20","GDR","4580346","October 13, 2020-KB4580346 (OS Build 14393.3986)","http://support.microsoft.com/kb/4580346","No LDR Only available","No LDR Only available","No LDR Only available","rEX","20-10Rollup"
"Dhcpssvc.dll","Net_DHCP_Srv","6.2.14393.3659","0","11-Apr-20","GDR","4580346","October 13, 2020-KB4580346 (OS Build 14393.3986)","http://support.microsoft.com/kb/4580346","No LDR Only available","No LDR Only available","No LDR Only available","rEX","20-10Rollup"
"Nfssvc.exe","Net_NFS_Srv","6.2.14393.3866","0","6-Aug-20","GDR","4580346","October 13, 2020-KB4580346 (OS Build 14393.3986)","http://support.microsoft.com/kb/4580346","No LDR Only available","No LDR Only available","No LDR Only available","rEX","20-10Rollup"
"Nfssvr.sys","Net_NFS_Srv","6.2.14393.3866","0","6-Aug-20","GDR","4580346","October 13, 2020-KB4580346 (OS Build 14393.3986)","http://support.microsoft.com/kb/4580346","No LDR Only available","No LDR Only available","No LDR Only available","rEX","20-10Rollup"
"Msnfsflt.sys","Net_NFS_Srv","6.2.14393.82","0","6-Aug-16","GDR","4580346","October 13, 2020-KB4580346 (OS Build 14393.3986)","http://support.microsoft.com/kb/4580346","No LDR Only available","No LDR Only available","No LDR Only available","rEX","20-10Rollup"
"Csc.sys","Net_CSC_Offline","6.2.14393.3595","1","13-Mar-20","GDR","4580346","October 13, 2020-KB4580346 (OS Build 14393.3986)","http://support.microsoft.com/kb/4580346","No LDR Only available","No LDR Only available","No LDR Only available","rEX","20-10Rollup"
"Mrxdav.sys","Net_WebDAV","6.2.14393.321","1","5-Oct-16","GDR","4580346","October 13, 2020-KB4580346 (OS Build 14393.3986)","http://support.microsoft.com/kb/4580346","No LDR Only available","No LDR Only available","No LDR Only available","rEX","20-10Rollup"
"Nfsrdr.sys","Net_NFS_Client","6.2.14393.0","1","16-Jul-16","GDR","4580346","October 13, 2020-KB4580346 (OS Build 14393.3986)","http://support.microsoft.com/kb/4580346","No LDR Only available","No LDR Only available","No LDR Only available","rEX","20-10Rollup"
"dnsapi.dll","Net_DNS_Client","6.2.14393.3930","1","2-Sep-20","GDR","4580346","October 13, 2020-KB4580346 (OS Build 14393.3986)","http://support.microsoft.com/kb/4580346","No LDR Only available","No LDR Only available","No LDR Only available","rEX","20-10Rollup"
"Rpcrt4.dll","Net_RPC","6.2.14393.3986","1","3-Oct-20","GDR","4580346","October 13, 2020-KB4580346 (OS Build 14393.3986)","http://support.microsoft.com/kb/4580346","No LDR Only available","No LDR Only available","No LDR Only available","rEX","20-10Rollup"
"Ikeext.dll","Net_Ipsec_BFE","6.2.14393.3986","1","3-Oct-20","GDR","4580346","October 13, 2020-KB4580346 (OS Build 14393.3986)","http://support.microsoft.com/kb/4580346","No LDR Only available","No LDR Only available","No LDR Only available","rEX","20-10Rollup"
"Iphlpsvc.dll","Net_DirectAccess_Client","6.2.14393.3321","1","17-Oct-19","GDR","4580346","October 13, 2020-KB4580346 (OS Build 14393.3986)","http://support.microsoft.com/kb/4580346","No LDR Only available","No LDR Only available","No LDR Only available","rEX","20-10Rollup"
"Rdpcore.dll","Net_DirectAccess_Client","6.2.14393.3986","1","3-Oct-20","GDR","4580346","October 13, 2020-KB4580346 (OS Build 14393.3986)","http://support.microsoft.com/kb/4580346","No LDR Only available","No LDR Only available","No LDR Only available","rEX","20-10Rollup"
"dot3svc.dll","Net_IEEE802.1x","6.2.14393.2007","1","1-Jan-18","GDR","4580346","October 13, 2020-KB4580346 (OS Build 14393.3986)","http://support.microsoft.com/kb/4580346","No LDR Only available","No LDR Only available","No LDR Only available","rEX","20-10Rollup"
"wlansvc.dll","Net_WLAN_Client","6.2.14393.3750","1","2-Jun-20","GDR","4580346","October 13, 2020-KB4580346 (OS Build 14393.3986)","http://support.microsoft.com/kb/4580346","No LDR Only available","No LDR Only available","No LDR Only available","rEX","20-10Rollup"
"wlanapi.dll","Net_WLAN_Client","6.2.14393.3750","1","2-Jun-20","GDR","4580346","October 13, 2020-KB4580346 (OS Build 14393.3986)","http://support.microsoft.com/kb/4580346","No LDR Only available","No LDR Only available","No LDR Only available","rEX","20-10Rollup"
"wlansvcpal.dll","Net_WLAN_Client","6.2.14393.82","1","6-Aug-16","GDR","4580346","October 13, 2020-KB4580346 (OS Build 14393.3986)","http://support.microsoft.com/kb/4580346","No LDR Only available","No LDR Only available","No LDR Only available","rEX","20-10Rollup"
"WorkFoldersshell.dll","Net_WorkFolders","6.2.14393.3750","1","2-Jun-20","GDR","4580346","October 13, 2020-KB4580346 (OS Build 14393.3986)","http://support.microsoft.com/kb/4580346","No LDR Only available","No LDR Only available","No LDR Only available","rEX","20-10Rollup"
"WorkFolderssvc.dll","Net_WorkFolders","6.2.14393.3750","1","2-Jun-20","GDR","4580346","October 13, 2020-KB4580346 (OS Build 14393.3986)","http://support.microsoft.com/kb/4580346","No LDR Only available","No LDR Only available","No LDR Only available","rEX","20-10Rollup"
"Syncsharesvc.dll","Net_WorkFolders","6.2.14393.3986","1","3-Oct-20","GDR","4580346","October 13, 2020-KB4580346 (OS Build 14393.3986)","http://support.microsoft.com/kb/4580346","No LDR Only available","No LDR Only available","No LDR Only available","rEX","20-10Rollup"
"Syncsharesrv.dll","Net_WorkFolders","6.2.14393.3986","1","3-Oct-20","GDR","4580346","October 13, 2020-KB4580346 (OS Build 14393.3986)","http://support.microsoft.com/kb/4580346","No LDR Only available","No LDR Only available","No LDR Only available","rEX","20-10Rollup"
"Syncsharettsvc.exe","Net_WorkFolders","6.2.14393.3986","1","3-Oct-20","GDR","4580346","October 13, 2020-KB4580346 (OS Build 14393.3986)","http://support.microsoft.com/kb/4580346","No LDR Only available","No LDR Only available","No LDR Only available","rEX","20-10Rollup"
"Mpsdrv.sys","Net_Firewall","6.2.14393.2485","1","28-Aug-18","GDR","4580346","October 13, 2020-KB4580346 (OS Build 14393.3986)","http://support.microsoft.com/kb/4580346","No LDR Only available","No LDR Only available","No LDR Only available","rEX","20-10Rollup"
"MpsSvc.dll","Net_Firewall","6.2.14393.3750","1","2-Jun-20","GDR","4580346","October 13, 2020-KB4580346 (OS Build 14393.3986)","http://support.microsoft.com/kb/4580346","No LDR Only available","No LDR Only available","No LDR Only available","rEX","20-10Rollup"
"qmgr.dll","Net_BiTS","7.8.14393.3750","1","2-Jun-20","GDR","4580346","October 13, 2020-KB4580346 (OS Build 14393.3986)","http://support.microsoft.com/kb/4580346","No LDR Only available","No LDR Only available","No LDR Only available","rEX","20-10Rollup"
"Wldap32.dll","Dom_LDAPClient","6.2.14393.3269","0","29-Sep-19","GDR","4580346","October 13, 2020-KB4580346 (OS Build 14393.3986)","http://support.microsoft.com/kb/4580346","No LDR Only available","No LDR Only available","No LDR Only available","rEX","20-10Rollup"
"Ksecpkg.sys","Dom_LSA","6.2.14393.3930","0","2-Sep-20","GDR","4580346","October 13, 2020-KB4580346 (OS Build 14393.3986)","http://support.microsoft.com/kb/4580346","No LDR Only available","No LDR Only available","No LDR Only available","rEX","20-10Rollup"
"Sspicli.dll","Dom_LSA","6.2.14393.2580","0","10-Oct-18","GDR","4580346","October 13, 2020-KB4580346 (OS Build 14393.3986)","http://support.microsoft.com/kb/4580346","No LDR Only available","No LDR Only available","No LDR Only available","rEX","20-10Rollup"
"Schannel.dll","Dom_LSA","6.2.14393.3930","0","2-Sep-20","GDR","4580346","October 13, 2020-KB4580346 (OS Build 14393.3986)","http://support.microsoft.com/kb/4580346","No LDR Only available","No LDR Only available","No LDR Only available","rEX","20-10Rollup"
"AclUI.dll","Dom_SecAuditAndConfig","6.2.14393.2515","1","30-Aug-18","GDR","4580346","October 13, 2020-KB4580346 (OS Build 14393.3986)","http://support.microsoft.com/kb/4580346","No LDR Only available","No LDR Only available","No LDR Only available","rEX","20-10Rollup"
"Basecsp.dll","Dom_SC_Provider","6.2.14393.2608","1","25-Oct-18","GDR","4580346","October 13, 2020-KB4580346 (OS Build 14393.3986)","http://support.microsoft.com/kb/4580346","No LDR Only available","No LDR Only available","No LDR Only available","rEX","20-10Rollup"
"ScardSvr.dll","Dom_SC_Srv","6.2.14393.2273","1","28-Apr-18","GDR","4580346","October 13, 2020-KB4580346 (OS Build 14393.3986)","http://support.microsoft.com/kb/4580346","No LDR Only available","No LDR Only available","No LDR Only available","rEX","20-10Rollup"
"Certprop.dll","Dom_SC_Srv","6.2.14393.2273","1","28-Apr-18","GDR","4580346","October 13, 2020-KB4580346 (OS Build 14393.3986)","http://support.microsoft.com/kb/4580346","No LDR Only available","No LDR Only available","No LDR Only available","rEX","20-10Rollup"
"Crypt32.dll","Dom_CRYPTO","6.2.14393.3442","1","20-Dec-19","GDR","4580346","October 13, 2020-KB4580346 (OS Build 14393.3986)","http://support.microsoft.com/kb/4580346","No LDR Only available","No LDR Only available","No LDR Only available","rEX","20-10Rollup"
"Cryptnet.dll","Dom_CRYPTO","6.2.14393.2035","1","11-Jan-18","GDR","4580346","October 13, 2020-KB4580346 (OS Build 14393.3986)","http://support.microsoft.com/kb/4580346","No LDR Only available","No LDR Only available","No LDR Only available","rEX","20-10Rollup"
"Wintrust.dll","Dom_CRYPTO","6.2.14393.3986","1","3-Oct-20","GDR","4580346","October 13, 2020-KB4580346 (OS Build 14393.3986)","http://support.microsoft.com/kb/4580346","No LDR Only available","No LDR Only available","No LDR Only available","rEX","20-10Rollup"
"Cryptdll.dll","Dom_CRYPTO","6.2.14393.2969","1","4-May-19","GDR","4580346","October 13, 2020-KB4580346 (OS Build 14393.3986)","http://support.microsoft.com/kb/4580346","No LDR Only available","No LDR Only available","No LDR Only available","rEX","20-10Rollup"
"Gpapi.dll","Dom_GPSVC","6.2.14393.3986","1","3-Oct-20","GDR","4580346","October 13, 2020-KB4580346 (OS Build 14393.3986)","http://support.microsoft.com/kb/4580346","No LDR Only available","No LDR Only available","No LDR Only available","rEX","20-10Rollup"
"Gpsvc.dll","Dom_GPSVC","6.2.14393.3986","1","3-Oct-20","GDR","4580346","October 13, 2020-KB4580346 (OS Build 14393.3986)","http://support.microsoft.com/kb/4580346","No LDR Only available","No LDR Only available","No LDR Only available","rEX","20-10Rollup"
"Appmgmts.dll","Dom_GPExt","6.2.14393.3986","1","3-Oct-20","GDR","4580346","October 13, 2020-KB4580346 (OS Build 14393.3986)","http://support.microsoft.com/kb/4580346","No LDR Only available","No LDR Only available","No LDR Only available","rEX","20-10Rollup"
"Gpme.dll","Dom_GPP","6.2.14393.3986","1","3-Oct-20","GDR","4580346","October 13, 2020-KB4580346 (OS Build 14393.3986)","http://support.microsoft.com/kb/4580346","No LDR Only available","No LDR Only available","No LDR Only available","rEX","20-10Rollup"
"Gpprefbr.dll","Dom_GPP","6.2.14393.3750","1","2-Jun-20","GDR","4580346","October 13, 2020-KB4580346 (OS Build 14393.3986)","http://support.microsoft.com/kb/4580346","No LDR Only available","No LDR Only available","No LDR Only available","rEX","20-10Rollup"
"Propshts.dll","Dom_GPP","6.2.14393.3866","1","6-Aug-20","GDR","4580346","October 13, 2020-KB4580346 (OS Build 14393.3986)","http://support.microsoft.com/kb/4580346","No LDR Only available","No LDR Only available","No LDR Only available","rEX","20-10Rollup"
"Profsvc.dll","Dom_ProfProc","6.2.14393.3986","1","3-Oct-20","GDR","4580346","October 13, 2020-KB4580346 (OS Build 14393.3986)","http://support.microsoft.com/kb/4580346","No LDR Only available","No LDR Only available","No LDR Only available","rEX","20-10Rollup"
"Fdeploy.dll","Dom_FolderRedir","6.2.14393.3241","1","11-Sep-19","GDR","4580346","October 13, 2020-KB4580346 (OS Build 14393.3986)","http://support.microsoft.com/kb/4580346","No LDR Only available","No LDR Only available","No LDR Only available","rEX","20-10Rollup"
"Ntdsai.dll","Dom_NTDSAI","6.2.14393.3866","0","6-Aug-20","GDR","4580346","October 13, 2020-KB4580346 (OS Build 14393.3986)","http://support.microsoft.com/kb/4580346","No LDR Only available","No LDR Only available","No LDR Only available","rEX","20-10Rollup"
"Samsrv.dll","Dom_SAMSRV","6.2.14393.3930","0","2-Sep-20","GDR","4580346","October 13, 2020-KB4580346 (OS Build 14393.3986)","http://support.microsoft.com/kb/4580346","No LDR Only available","No LDR Only available","No LDR Only available","rEX","20-10Rollup"
"Kdcsvc.dll","Dom_KDCSVC","6.2.14393.3808","0","8-Jul-20","GDR","4580346","October 13, 2020-KB4580346 (OS Build 14393.3986)","http://support.microsoft.com/kb/4580346","No LDR Only available","No LDR Only available","No LDR Only available","rEX","20-10Rollup"
"Dfsrs.exe","Dom_DFS-R","6.2.14393.2879","0","14-Mar-19","GDR","4580346","October 13, 2020-KB4580346 (OS Build 14393.3986)","http://support.microsoft.com/kb/4580346","No LDR Only available","No LDR Only available","No LDR Only available","rEX","20-10Rollup"
"Dfsrress.dll","Dom_DFS-R","6.2.14393.0","0","16-Jul-16","GDR","4580346","October 13, 2020-KB4580346 (OS Build 14393.3986)","http://support.microsoft.com/kb/4580346","No LDR Only available","No LDR Only available","No LDR Only available","rEX","20-10Rollup"
"Clussvc.exe","Cluster_Core","6.2.14393.3986","0","3-Oct-20","GDR","4580346","October 13, 2020-KB4580346 (OS Build 14393.3986)","http://support.microsoft.com/kb/4580346","No LDR Only available","No LDR Only available","No LDR Only available","rEX","20-10Rollup"
"ClusWMI.dll","Cluster_Core","6.2.14393.3297","0","1-Oct-19","GDR","4580346","October 13, 2020-KB4580346 (OS Build 14393.3986)","http://support.microsoft.com/kb/4580346","No LDR Only available","No LDR Only available","No LDR Only available","rEX","20-10Rollup"
"Clusres.dll","Cluster_Core","6.2.14393.3986","0","3-Oct-20","GDR","4580346","October 13, 2020-KB4580346 (OS Build 14393.3986)","http://support.microsoft.com/kb/4580346","No LDR Only available","No LDR Only available","No LDR Only available","rEX","20-10Rollup"
"Clusres2.dll","Cluster_Core","6.2.14393.3659","0","11-Apr-20","GDR","4580346","October 13, 2020-KB4580346 (OS Build 14393.3986)","http://support.microsoft.com/kb/4580346","No LDR Only available","No LDR Only available","No LDR Only available","rEX","20-10Rollup"
"Netft.sys","Cluster_Core","6.2.14393.2155","0","6-Mar-18","GDR","4580346","October 13, 2020-KB4580346 (OS Build 14393.3986)","http://support.microsoft.com/kb/4580346","No LDR Only available","No LDR Only available","No LDR Only available","rEX","20-10Rollup"
"Csvflt.sys","Cluster_CSV","6.2.14393.2999","0","21-May-19","GDR","4580346","October 13, 2020-KB4580346 (OS Build 14393.3986)","http://support.microsoft.com/kb/4580346","No LDR Only available","No LDR Only available","No LDR Only available","rEX","20-10Rollup"
"Csvfs.sys","Cluster_CSV","6.2.14393.3297","0","1-Oct-19","GDR","4580346","October 13, 2020-KB4580346 (OS Build 14393.3986)","http://support.microsoft.com/kb/4580346","No LDR Only available","No LDR Only available","No LDR Only available","rEX","20-10Rollup"
"Svhdxflt.sys","Cluster_CSV","6.2.14393.206","0","15-Sep-16","GDR","4580346","October 13, 2020-KB4580346 (OS Build 14393.3986)","http://support.microsoft.com/kb/4580346","No LDR Only available","No LDR Only available","No LDR Only available","rEX","20-10Rollup"
"Volsnap.sys","Cluster_Volsnap","6.2.14393.1794","0","9-Oct-17","GDR","4580346","October 13, 2020-KB4580346 (OS Build 14393.3986)","http://support.microsoft.com/kb/4580346","No LDR Only available","No LDR Only available","No LDR Only available","rEX","20-10Rollup"
"Cprepsrv.exe","Cluster_Validation","6.2.14393.3297","1","1-Oct-19","GDR","4580346","October 13, 2020-KB4580346 (OS Build 14393.3986)","http://support.microsoft.com/kb/4580346","No LDR Only available","No LDR Only available","No LDR Only available","rEX","20-10Rollup"
"Failoverclusters.agent.interop.dll","Cluster_Validation","6.2.14393.347","1","15-Sep-16","GDR","4580346","October 13, 2020-KB4580346 (OS Build 14393.3986)","http://support.microsoft.com/kb/4580346","No LDR Only available","No LDR Only available","No LDR Only available","rEX","20-10Rollup"
"Crashdmp.sys","Core_Kernel","6.2.14393.351","0","15-Oct-16","GDR","4580346","October 13, 2020-KB4580346 (OS Build 14393.3986)","http://support.microsoft.com/kb/4580346","No LDR Only available","No LDR Only available","No LDR Only available","rEX","20-10Rollup"
"dedup.sys","Core_FileSystem","6.2.14393.2828","0","17-Feb-19","GDR","4580346","October 13, 2020-KB4580346 (OS Build 14393.3986)","http://support.microsoft.com/kb/4580346","No LDR Only available","No LDR Only available","No LDR Only available","rEX","20-10Rollup"
"Iscsitgt.dll","Core_DiskSystem","6.2.14393.3986","0","3-Oct-20","GDR","4580346","October 13, 2020-KB4580346 (OS Build 14393.3986)","http://support.microsoft.com/kb/4580346","No LDR Only available","No LDR Only available","No LDR Only available","rEX","20-10Rollup"
"Repdrvfs.dll","Core_WMI","6.2.14393.3750","0","2-Jun-20","GDR","4580346","October 13, 2020-KB4580346 (OS Build 14393.3986)","http://support.microsoft.com/kb/4580346","No LDR Only available","No LDR Only available","No LDR Only available","rEX","20-10Rollup"
"Mpio.sys","Core_MPIO","6.2.14393.3986","0","3-Oct-20","GDR","4580346","October 13, 2020-KB4580346 (OS Build 14393.3986)","http://support.microsoft.com/kb/4580346","No LDR Only available","No LDR Only available","No LDR Only available","rEX","20-10Rollup"
"Msdsm.sys","Core_MPIO","6.2.14393.3986","0","3-Oct-20","GDR","4580346","October 13, 2020-KB4580346 (OS Build 14393.3986)","http://support.microsoft.com/kb/4580346","No LDR Only available","No LDR Only available","No LDR Only available","rEX","20-10Rollup"
"Advapi32.dll","Core_Apps","6.2.14393.2969","0","30-Aug-18","GDR","4580346","October 13, 2020-KB4580346 (OS Build 14393.3986)","http://support.microsoft.com/kb/4580346","No LDR Only available","No LDR Only available","No LDR Only available","rEX","20-10Rollup"
"blbsrv.dll","Core_VSS","6.2.14393.3750","1","2-Jun-20","GDR","4580346","October 13, 2020-KB4580346 (OS Build 14393.3986)","http://support.microsoft.com/kb/4580346","No LDR Only available","No LDR Only available","No LDR Only available","rEX","20-10Rollup"
"pci.sys","Core_Sys","6.2.14393.2938","1","6-Apr-19","GDR","4580346","October 13, 2020-KB4580346 (OS Build 14393.3986)","http://support.microsoft.com/kb/4580346","No LDR Only available","No LDR Only available","No LDR Only available","rEX","20-10Rollup"
"Volmgr.sys","Core_Sys","6.2.14393.3986","1","3-Oct-20","GDR","4580346","October 13, 2020-KB4580346 (OS Build 14393.3986)","http://support.microsoft.com/kb/4580346","No LDR Only available","No LDR Only available","No LDR Only available","rEX","20-10Rollup"
"Tzres.dll","Core_TimeZone","6.2.14393.187","1","7-Sep-16","GDR","4580346","October 13, 2020-KB4580346 (OS Build 14393.3986)","http://support.microsoft.com/kb/4580346","No LDR Only available","No LDR Only available","No LDR Only available","rEX","20-10Rollup"
"Vmswitch.sys","Hyper-V_Net","6.2.14393.3750","1","2-Jun-20","GDR","4580346","October 13, 2020-KB4580346 (OS Build 14393.3986)","http://support.microsoft.com/kb/4580346","No LDR Only available","No LDR Only available","No LDR Only available","rEX","20-10Rollup"
"Mslbfoprovider.sys","Hyper-V_Net","6.2.14393.0","1","16-Jul-16","GDR","4580346","October 13, 2020-KB4580346 (OS Build 14393.3986)","http://support.microsoft.com/kb/4580346","No LDR Only available","No LDR Only available","No LDR Only available","rEX","20-10Rollup"
"Wnv.sys","Hyper-V_Net","6.2.14393.3686","1","5-May-20","GDR","4580346","October 13, 2020-KB4580346 (OS Build 14393.3986)","http://support.microsoft.com/kb/4580346","No LDR Only available","No LDR Only available","No LDR Only available","rEX","20-10Rollup"
"Vmms.exe","Hyper-V_Net","6.2.14393.3930","1","2-Sep-20","GDR","4580346","October 13, 2020-KB4580346 (OS Build 14393.3986)","http://support.microsoft.com/kb/4580346","No LDR Only available","No LDR Only available","No LDR Only available","rEX","20-10Rollup"
"Winnat.sys","Hyper-V_Net","6.2.14393.3986","1","3-Oct-20","GDR","4580346","October 13, 2020-KB4580346 (OS Build 14393.3986)","http://support.microsoft.com/kb/4580346","No LDR Only available","No LDR Only available","No LDR Only available","rEX","20-10Rollup"
"pvhdparser.sys","Hyper-V_Net","6.2.14393.3930","1","2-Sep-20","GDR","4580346","October 13, 2020-KB4580346 (OS Build 14393.3986)","http://support.microsoft.com/kb/4580346","No LDR Only available","No LDR Only available","No LDR Only available","rEX","20-10Rollup"
"Vmbus.sys","Hyper-V_Net","6.2.14393.2007","1","1-Jan-18","GDR","4580346","October 13, 2020-KB4580346 (OS Build 14393.3986)","http://support.microsoft.com/kb/4580346","No LDR Only available","No LDR Only available","No LDR Only available","rEX","20-10Rollup"
"Vmwp.exe","Hyper-V_app","6.2.14393.3986","1","3-Oct-20","GDR","4580346","October 13, 2020-KB4580346 (OS Build 14393.3986)","http://support.microsoft.com/kb/4580346","No LDR Only available","No LDR Only available","No LDR Only available","rEX","20-10Rollup"
"Rdsdwmdr.dll","RDS_remote_App","6.2.14393.3503","0","31-Jan-20","GDR","4580346","October 13, 2020-KB4580346 (OS Build 14393.3986)","http://support.microsoft.com/kb/4580346","No LDR Only available","No LDR Only available","No LDR Only available","rEX","20-10Rollup"
"Tscfgwmi.dll","RDS_remote_App","6.2.14393.2248","0","28-Apr-18","GDR","4580346","October 13, 2020-KB4580346 (OS Build 14393.3986)","http://support.microsoft.com/kb/4580346","No LDR Only available","No LDR Only available","No LDR Only available","rEX","20-10Rollup"
"Vmrdvcore.dll","RDS_vHost","6.2.14393.2248","0","28-Apr-18","GDR","4580346","October 13, 2020-KB4580346 (OS Build 14393.3986)","http://support.microsoft.com/kb/4580346","No LDR Only available","No LDR Only available","No LDR Only available","rEX","20-10Rollup"
"Tsvmhasvc.dll","RDS_vHost","6.2.14393.3442","0","20-Dec-19","GDR","4580346","October 13, 2020-KB4580346 (OS Build 14393.3986)","http://support.microsoft.com/kb/4580346","No LDR Only available","No LDR Only available","No LDR Only available","rEX","20-10Rollup"
"Tssdis.exe","RDS_vHost","6.2.14393.2938","0","6-Apr-19","GDR","4580346","October 13, 2020-KB4580346 (OS Build 14393.3986)","http://support.microsoft.com/kb/4580346","No LDR Only available","No LDR Only available","No LDR Only available","rEX","20-10Rollup"
"aaedge.dll","RDS_gateway","6.2.14393.3866","1","6-Aug-20","GDR","4580346","October 13, 2020-KB4580346 (OS Build 14393.3986)","http://support.microsoft.com/kb/4580346","No LDR Only available","No LDR Only available","No LDR Only available","rEX","20-10Rollup"
"lserver.dll","RDS_license","6.2.14393.2155","1","6-Mar-18","GDR","4580346","October 13, 2020-KB4580346 (OS Build 14393.3986)","http://support.microsoft.com/kb/4580346","No LDR Only available","No LDR Only available","No LDR Only available","rEX","20-10Rollup"
"licmgr.exe","RDS_license","6.2.14393.2515","1","30-Aug-18","GDR","4580346","October 13, 2020-KB4580346 (OS Build 14393.3986)","http://support.microsoft.com/kb/4580346","No LDR Only available","No LDR Only available","No LDR Only available","rEX","20-10Rollup"
"sessenv.dll","RDS_host","6.2.14393.2457","1","23-Aug-18","GDR","4580346","October 13, 2020-KB4580346 (OS Build 14393.3986)","http://support.microsoft.com/kb/4580346","No LDR Only available","No LDR Only available","No LDR Only available","rEX","20-10Rollup"
"Localspl.dll","Print_Spool","6.2.14393.3986","0","3-Oct-20","GDR","4580346","October 13, 2020-KB4580346 (OS Build 14393.3986)","http://support.microsoft.com/kb/4580346","No LDR Only available","No LDR Only available","No LDR Only available","rEX","20-10Rollup"
"Win32spl.dll","Print_Spool","6.2.14393.3986","0","3-Oct-20","GDR","4580346","October 13, 2020-KB4580346 (OS Build 14393.3986)","http://support.microsoft.com/kb/4580346","No LDR Only available","No LDR Only available","No LDR Only available","rEX","20-10Rollup"
"Spoolsv.exe","Print_Spool","6.2.14393.3808","0","8-Jul-20","GDR","4580346","October 13, 2020-KB4580346 (OS Build 14393.3986)","http://support.microsoft.com/kb/4580346","No LDR Only available","No LDR Only available","No LDR Only available","rEX","20-10Rollup"
"Printfilterpipelinesvc.exe","Print_App","6.2.14393.3686","0","5-May-20","GDR","4580346","October 13, 2020-KB4580346 (OS Build 14393.3986)","http://support.microsoft.com/kb/4580346","No LDR Only available","No LDR Only available","No LDR Only available","rEX","20-10Rollup"
"Pscript5.dll","Print_Driver","0.3.14393.3686","1","5-May-20","GDR","4580346","October 13, 2020-KB4580346 (OS Build 14393.3986)","http://support.microsoft.com/kb/4580346","No LDR Only available","No LDR Only available","No LDR Only available","rEX","20-10Rollup"
"Unidrv.dll","Print_Driver","0.3.14393.3686","1","5-May-20","GDR","4580346","October 13, 2020-KB4580346 (OS Build 14393.3986)","http://support.microsoft.com/kb/4580346","No LDR Only available","No LDR Only available","No LDR Only available","rEX","20-10Rollup"
"4576750","Win2016RS1_20_09_SSU_KB"," ","0","08-Sep-2020","GDR","4576750","Servicing stack update for Windows 10, version 1607: September 8, 2020","http://support.microsoft.com/kb/4565912","KB only","KB only","KB Only"," ","No Rollup"
"4580346","Win2016RS1_20-10_B_rollup_KB"," ","0","13-Oct-2020","GDR","4580346 (v1.0)","October 13, 2020-KB4580346 (OS Build 14393.3986)","http://support.microsoft.com/kb/4580346","KB only","KB only","KB only"," ","20-10Rollup"
