"Binary","Component","Version","Prio","Published","Branch","Article","Title","Link","LDROnlyKB","LDROnlyTitle","LDROnlyLink","Comment","RollupInfo"
"Netlogon.dll","Dom_NETLOGON","6.2.16299.1653","0","12-Dec-19","GDR","4561602","June 9, 2020-KB4561602 (OS Build 16299.1932)","http://support.microsoft.com/kb/4561602","No LDR Only available","No LDR Only available","No LDR Only available","rEX","20-06Rollup"
"Winlogon.exe","Dom_WINLOGON","6.2.16299.1387","0","4-Sep-19","GDR","4561602","June 9, 2020-KB4561602 (OS Build 16299.1932)","http://support.microsoft.com/kb/4561602","No LDR Only available","No LDR Only available","No LDR Only available","rEX","20-06Rollup"
"Lsass.exe","Dom_LSA","6.2.16299.755","0","10-Oct-18","GDR","4561602","June 9, 2020-KB4561602 (OS Build 16299.1932)","http://support.microsoft.com/kb/4561602","No LDR Only available","No LDR Only available","No LDR Only available","rEX","20-06Rollup"
"Sspisrv.dll","Dom_LSA","6.2.16299.755","0","10-Oct-18","GDR","4561602","June 9, 2020-KB4561602 (OS Build 16299.1932)","http://support.microsoft.com/kb/4561602","No LDR Only available","No LDR Only available","No LDR Only available","rEX","20-06Rollup"
"AclUI.dll","Dom_SecAuditAndConfig","6.2.16299.696","1","30-Aug-18","GDR","4561602","June 9, 2020-KB4561602 (OS Build 16299.1932)","http://support.microsoft.com/kb/4561602","No LDR Only available","No LDR Only available","No LDR Only available","rEX","20-06Rollup"
"ScardSvr.dll","Dom_SC_Srv","6.2.16299.192","1","1-Jan-18","GDR","4561602","June 9, 2020-KB4561602 (OS Build 16299.1932)","http://support.microsoft.com/kb/4561602","No LDR Only available","No LDR Only available","No LDR Only available","rEX","20-06Rollup"
"Gpapi.dll","Dom_GPSVC","6.2.16299.334","0","13-Mar-18","GDR","4561602","June 9, 2020-KB4561602 (OS Build 16299.1932)","http://support.microsoft.com/kb/4561602","No LDR Only available","No LDR Only available","No LDR Only available","rEX","20-06Rollup"
"Profsvc.dll","Dom_ProfProc","6.2.16299.1685","0","23-Jan-20","GDR","4561602","June 9, 2020-KB4561602 (OS Build 16299.1932)","http://support.microsoft.com/kb/4561602","No LDR Only available","No LDR Only available","No LDR Only available","rEX","20-06Rollup"
"Mrxsmb10.sys","Net_SMB_Client","6.2.16299.1029","0","6-Mar-19","GDR","4561602","June 9, 2020-KB4561602 (OS Build 16299.1932)","http://support.microsoft.com/kb/4561602","No LDR Only available","No LDR Only available","No LDR Only available","rEX","20-06Rollup"
"Mrxsmb20.sys","Net_SMB_Client","6.2.16299.936","0","5-Jan-19","GDR","4561602","June 9, 2020-KB4561602 (OS Build 16299.1932)","http://support.microsoft.com/kb/4561602","No LDR Only available","No LDR Only available","No LDR Only available","rEX","20-06Rollup"
"Netbt.sys","Net_SMB_Client","6.2.16299.1087","0","2-Apr-19","GDR","4561602","June 9, 2020-KB4561602 (OS Build 16299.1932)","http://support.microsoft.com/kb/4561602","No LDR Only available","No LDR Only available","No LDR Only available","rEX","20-06Rollup"
"wkssvc.dll","Net_SMB_Client","6.2.16299.371","0","30-Mar-18","GDR","4561602","June 9, 2020-KB4561602 (OS Build 16299.1932)","http://support.microsoft.com/kb/4561602","No LDR Only available","No LDR Only available","No LDR Only available","rEX","20-06Rollup"
"Netio.sys","Net_Protocol","6.2.16299.820","0","7-Nov-18","GDR","4561602","June 9, 2020-KB4561602 (OS Build 16299.1932)","http://support.microsoft.com/kb/4561602","No LDR Only available","No LDR Only available","No LDR Only available","rEX","20-06Rollup"
"Dfsc.sys","Net_DFS-N_Client","6.2.16299.461","0","11-May-18","GDR","4561602","June 9, 2020-KB4561602 (OS Build 16299.1932)","http://support.microsoft.com/kb/4561602","No LDR Only available","No LDR Only available","No LDR Only available","rEX","20-06Rollup"
"Cscsvc.dll","Net_CSC_Offline","6.2.16299.1932","0","2-Jun-20","GDR","4561602","June 9, 2020-KB4561602 (OS Build 16299.1932)","http://support.microsoft.com/kb/4561602","No LDR Only available","No LDR Only available","No LDR Only available","rEX","20-06Rollup"
"Cscmig.dll","Net_CSC_Offline","6.2.16299.611","0","7-Aug-18","GDR","4561602","June 9, 2020-KB4561602 (OS Build 16299.1932)","http://support.microsoft.com/kb/4561602","No LDR Only available","No LDR Only available","No LDR Only available","rEX","20-06Rollup"
"dnsrslvr.dll","Net_DNS_Client","6.2.16299.1237","0","13-Jun-19","GDR","4561602","June 9, 2020-KB4561602 (OS Build 16299.1932)","http://support.microsoft.com/kb/4561602","No LDR Only available","No LDR Only available","No LDR Only available","rEX","20-06Rollup"
"Rpcss.dll","Net_RPC","6.2.16299.1331","1","7-Aug-19","GDR","4561602","June 9, 2020-KB4561602 (OS Build 16299.1932)","http://support.microsoft.com/kb/4561602","No LDR Only available","No LDR Only available","No LDR Only available","rEX","20-06Rollup"
"Rdpcore.dll","Net_DirectAccess_Client","6.2.16299.1715","1","23-Jan-20","GDR","4561602","June 9, 2020-KB4561602 (OS Build 16299.1932)","http://support.microsoft.com/kb/4561602","No LDR Only available","No LDR Only available","No LDR Only available","rEX","20-06Rollup"
"wlanapi.dll","Net_WLAN_Client","6.2.16299.1932","1","2-Jun-20","GDR","4561602","June 9, 2020-KB4561602 (OS Build 16299.1932)","http://support.microsoft.com/kb/4561602","No LDR Only available","No LDR Only available","No LDR Only available","rEX","20-06Rollup"
"win32k.sys","Core_Kernel","6.2.16299.15","0","29-Sep-17","GDR","4561602","June 9, 2020-KB4561602 (OS Build 16299.1932)","http://support.microsoft.com/kb/4561602","No LDR Only available","No LDR Only available","No LDR Only available","rEX","20-06Rollup"
"dedup.sys","Core_FileSystem","6.2.16299.1059","0","14-Mar-19","GDR","4561602","June 9, 2020-KB4561602 (OS Build 16299.1932)","http://support.microsoft.com/kb/4561602","No LDR Only available","No LDR Only available","No LDR Only available","rEX","20-06Rollup"
"Msiscsi.sys","Core_DiskSystem","6.2.16299.1268","0","5-Jul-19","GDR","4561602","June 9, 2020-KB4561602 (OS Build 16299.1932)","http://support.microsoft.com/kb/4561602","No LDR Only available","No LDR Only available","No LDR Only available","rEX","20-06Rollup"
"Repdrvfs.dll","Core_WMI","6.2.16299.15","0","8-Aug-19","GDR","4561602","June 9, 2020-KB4561602 (OS Build 16299.1932)","http://support.microsoft.com/kb/4561602","No LDR Only available","No LDR Only available","No LDR Only available","rEX","20-06Rollup"
"4562560","Win2016RS3_20_06_SSU_KB"," ","0","09-Jun-2020","GDR","4562560","Servicing stack update for Windows 10, version 1709: June 9, 2020","http://support.microsoft.com/kb/4562560","KB only","KB only","KB Only"," ","No Rollup"
"4561602","Win2016RS3_20-06_B_rollup_KB"," ","0","09-Jun-2020","GDR","4561602 (v1.0)","June 9, 2020-KB4561602 (OS Build 16299.1932)","http://support.microsoft.com/kb/4561602","KB only","KB only","KB only"," ","20-06Rollup"
