"Binary","Component","Version","Prio","Published","Branch","Article","Title","Link","LDROnlyKB","LDROnlyTitle","LDROnlyLink","Comment","RollupInfo"
"Netlogon.dll","Dom_NETLOGON","6.2.16299.1565","0","3-Dec-19","GDR","4534276","January 14, 2020-KB4534276 (OS Build 16299.1625)","http://support.microsoft.com/kb/4534276","No LDR Only available","No LDR Only available","No LDR Only available","rEX","20-01Rollup"
"LogonCli.dll","Dom_NETLOGON","6.2.16299.371","0","30-Mar-18","GDR","4534276","January 14, 2020-KB4534276 (OS Build 16299.1625)","http://support.microsoft.com/kb/4534276","No LDR Only available","No LDR Only available","No LDR Only available","rEX","20-01Rollup"
"Winlogon.exe","Dom_WINLOGON","6.2.16299.1387","0","4-Sep-19","GDR","4534276","January 14, 2020-KB4534276 (OS Build 16299.1625)","http://support.microsoft.com/kb/4534276","No LDR Only available","No LDR Only available","No LDR Only available","rEX","20-01Rollup"
"Kerberos.dll","Dom_KERBEROS","6.2.16299.1419","0","13-Sep-19","GDR","4534276","January 14, 2020-KB4534276 (OS Build 16299.1625)","http://support.microsoft.com/kb/4534276","No LDR Only available","No LDR Only available","No LDR Only available","rEX","20-01Rollup"
"Msv1_0.dll","Dom_NTLM","6.2.16299.1504","1","24-Oct-19","GDR","4534276","January 14, 2020-KB4534276 (OS Build 16299.1625)","http://support.microsoft.com/kb/4534276","No LDR Only available","No LDR Only available","No LDR Only available","rEX","20-01Rollup"
"Wldap32.dll","Dom_LDAPClient","6.2.16299.1120","0","6-Apr-19","GDR","4534276","January 14, 2020-KB4534276 (OS Build 16299.1625)","http://support.microsoft.com/kb/4534276","No LDR Only available","No LDR Only available","No LDR Only available","rEX","20-01Rollup"
"Lsass.exe","Dom_LSA","6.2.16299.755","0","10-Oct-18","GDR","4534276","January 14, 2020-KB4534276 (OS Build 16299.1625)","http://support.microsoft.com/kb/4534276","No LDR Only available","No LDR Only available","No LDR Only available","rEX","20-01Rollup"
"Lsasrv.dll","Dom_LSA","6.2.16299.1419","0","13-Sep-19","GDR","4534276","January 14, 2020-KB4534276 (OS Build 16299.1625)","http://support.microsoft.com/kb/4534276","No LDR Only available","No LDR Only available","No LDR Only available","rEX","20-01Rollup"
"Ksecdd.sys","Dom_LSA","6.2.16299.755","0","10-Oct-18","GDR","4534276","January 14, 2020-KB4534276 (OS Build 16299.1625)","http://support.microsoft.com/kb/4534276","No LDR Only available","No LDR Only available","No LDR Only available","rEX","20-01Rollup"
"Ksecpkg.sys","Dom_LSA","6.2.16299.1419","0","13-Sep-19","GDR","4534276","January 14, 2020-KB4534276 (OS Build 16299.1625)","http://support.microsoft.com/kb/4534276","No LDR Only available","No LDR Only available","No LDR Only available","rEX","20-01Rollup"
"Secur32.dll","Dom_LSA","6.2.16299.461","0","11-May-18","GDR","4534276","January 14, 2020-KB4534276 (OS Build 16299.1625)","http://support.microsoft.com/kb/4534276","No LDR Only available","No LDR Only available","No LDR Only available","rEX","20-01Rollup"
"Sspicli.dll","Dom_LSA","6.2.16299.755","0","10-Oct-18","GDR","4534276","January 14, 2020-KB4534276 (OS Build 16299.1625)","http://support.microsoft.com/kb/4534276","No LDR Only available","No LDR Only available","No LDR Only available","rEX","20-01Rollup"
"Sspisrv.dll","Dom_LSA","6.2.16299.755","0","10-Oct-18","GDR","4534276","January 14, 2020-KB4534276 (OS Build 16299.1625)","http://support.microsoft.com/kb/4534276","No LDR Only available","No LDR Only available","No LDR Only available","rEX","20-01Rollup"
"Schannel.dll","Dom_LSA","6.2.16299.1448","0","2-Oct-19","GDR","4534276","January 14, 2020-KB4534276 (OS Build 16299.1625)","http://support.microsoft.com/kb/4534276","No LDR Only available","No LDR Only available","No LDR Only available","rEX","20-01Rollup"
"AclUI.dll","Dom_SecAuditAndConfig","6.2.16299.696","1","30-Aug-18","GDR","4534276","January 14, 2020-KB4534276 (OS Build 16299.1625)","http://support.microsoft.com/kb/4534276","No LDR Only available","No LDR Only available","No LDR Only available","rEX","20-01Rollup"
"Winscard.dll","Dom_SC_Provider","6.2.16299.1004","1","17-Feb-19","GDR","4534276","January 14, 2020-KB4534276 (OS Build 16299.1625)","http://support.microsoft.com/kb/4534276","No LDR Only available","No LDR Only available","No LDR Only available","rEX","20-01Rollup"
"Basecsp.dll","Dom_SC_Provider","6.2.16299.696","1","31-Aug-18","GDR","4534276","January 14, 2020-KB4534276 (OS Build 16299.1625)","http://support.microsoft.com/kb/4534276","No LDR Only available","No LDR Only available","No LDR Only available","rEX","20-01Rollup"
"Scksp.dll","Dom_SC_Provider","6.2.16299.696","1","30-Aug-18","GDR","4534276","January 14, 2020-KB4534276 (OS Build 16299.1625)","http://support.microsoft.com/kb/4534276","No LDR Only available","No LDR Only available","No LDR Only available","rEX","20-01Rollup"
"ScardSvr.dll","Dom_SC_Srv","6.2.16299.192","1","1-Jan-18","GDR","4534276","January 14, 2020-KB4534276 (OS Build 16299.1625)","http://support.microsoft.com/kb/4534276","No LDR Only available","No LDR Only available","No LDR Only available","rEX","20-01Rollup"
"Scfilter.sys","Dom_SC_Srv","6.2.16299.15","1","29-Sep-17","GDR","4534276","January 14, 2020-KB4534276 (OS Build 16299.1625)","http://support.microsoft.com/kb/4534276","No LDR Only available","No LDR Only available","No LDR Only available","rEX","20-01Rollup"
"Certprop.dll","Dom_SC_Srv","6.2.16299.371","1","30-Mar-18","GDR","4534276","January 14, 2020-KB4534276 (OS Build 16299.1625)","http://support.microsoft.com/kb/4534276","No LDR Only available","No LDR Only available","No LDR Only available","rEX","20-01Rollup"
"Crypt32.dll","Dom_CRYPTO","6.2.16299.1622","1","12-Dec-19","GDR","4534276","January 14, 2020-KB4534276 (OS Build 16299.1625)","http://support.microsoft.com/kb/4534276","No LDR Only available","No LDR Only available","No LDR Only available","rEX","20-01Rollup"
"Wintrust.dll","Dom_CRYPTO","6.2.16299.936","1","5-Jan-19","GDR","4534276","January 14, 2020-KB4534276 (OS Build 16299.1625)","http://support.microsoft.com/kb/4534276","No LDR Only available","No LDR Only available","No LDR Only available","rEX","20-01Rollup"
"Cryptdll.dll","Dom_CRYPTO","6.2.16299.1146","1","3-May-19","GDR","4534276","January 14, 2020-KB4534276 (OS Build 16299.1625)","http://support.microsoft.com/kb/4534276","No LDR Only available","No LDR Only available","No LDR Only available","rEX","20-01Rollup"
"Cryptcatsvc.dll","Dom_CRYPTO","6.2.16299.1622","1","12-Dec-19","GDR","4534276","January 14, 2020-KB4534276 (OS Build 16299.1625)","http://support.microsoft.com/kb/4534276","No LDR Only available","No LDR Only available","No LDR Only available","rEX","20-01Rollup"
"Gpapi.dll","Dom_GPSVC","6.2.16299.334","1","13-Mar-18","GDR","4534276","January 14, 2020-KB4534276 (OS Build 16299.1625)","http://support.microsoft.com/kb/4534276","No LDR Only available","No LDR Only available","No LDR Only available","rEX","20-01Rollup"
"Gpsvc.dll","Dom_GPSVC","6.2.16299.1004","1","17-Feb-19","GDR","4534276","January 14, 2020-KB4534276 (OS Build 16299.1625)","http://support.microsoft.com/kb/4534276","No LDR Only available","No LDR Only available","No LDR Only available","rEX","20-01Rollup"
"Userenv.dll","Dom_GPSVC","6.2.16299.1480","1","2-Oct-19","GDR","4534276","January 14, 2020-KB4534276 (OS Build 16299.1625)","http://support.microsoft.com/kb/4534276","No LDR Only available","No LDR Only available","No LDR Only available","rEX","20-01Rollup"
"Gpprefcl.dll","Dom_GPP","6.2.16299.522","1","13-Jun-18","GDR","4534276","January 14, 2020-KB4534276 (OS Build 16299.1625)","http://support.microsoft.com/kb/4534276","No LDR Only available","No LDR Only available","No LDR Only available","rEX","20-01Rollup"
"Profsvc.dll","Dom_ProfProc","6.2.16299.1120","1","6-Apr-19","GDR","4534276","January 14, 2020-KB4534276 (OS Build 16299.1625)","http://support.microsoft.com/kb/4534276","No LDR Only available","No LDR Only available","No LDR Only available","rEX","20-01Rollup"
"Fdeploy.dll","Dom_FolderRedir","6.2.16299.637","1","9-Aug-18","GDR","4534276","January 14, 2020-KB4534276 (OS Build 16299.1625)","http://support.microsoft.com/kb/4534276","No LDR Only available","No LDR Only available","No LDR Only available","rEX","20-01Rollup"
"Csc.sys","Net_CSC_Offline","6.2.16299.611","1","7-Aug-18","GDR","4534276","January 14, 2020-KB4534276 (OS Build 16299.1625)","http://support.microsoft.com/kb/4534276","No LDR Only available","No LDR Only available","No LDR Only available","rEX","20-01Rollup"
"Cscsvc.dll","Net_CSC_Offline","6.2.16299.1059","1","14-Mar-19","GDR","4534276","January 14, 2020-KB4534276 (OS Build 16299.1625)","http://support.microsoft.com/kb/4534276","No LDR Only available","No LDR Only available","No LDR Only available","rEX","20-01Rollup"
"Cscmig.dll","Net_CSC_Offline","6.2.16299.611","1","7-Aug-18","GDR","4534276","January 14, 2020-KB4534276 (OS Build 16299.1625)","http://support.microsoft.com/kb/4534276","No LDR Only available","No LDR Only available","No LDR Only available","rEX","20-01Rollup"
"Cscui.dll","Net_CSC_Offline","6.2.16299.248","1","10-Feb-18","GDR","4534276","January 14, 2020-KB4534276 (OS Build 16299.1625)","http://support.microsoft.com/kb/4534276","No LDR Only available","No LDR Only available","No LDR Only available","rEX","20-01Rollup"
"Esent.dll","Dom_ESENT","6.2.16299.1182","0","23-May-19","GDR","4534276","January 14, 2020-KB4534276 (OS Build 16299.1625)","http://support.microsoft.com/kb/4534276","No LDR Only available","No LDR Only available","No LDR Only available","rEX","20-01Rollup"
"Ntdsai.dll","Dom_NTDSAI","6.2.16299.402","0","15-Apr-18","GDR","4534276","January 14, 2020-KB4534276 (OS Build 16299.1625)","http://support.microsoft.com/kb/4534276","No LDR Only available","No LDR Only available","No LDR Only available","rEX","20-01Rollup"
"Samsrv.dll","Dom_SAMSRV","6.2.16299.1622","0","12-Dec-19","GDR","4534276","January 14, 2020-KB4534276 (OS Build 16299.1625)","http://support.microsoft.com/kb/4534276","No LDR Only available","No LDR Only available","No LDR Only available","rEX","20-01Rollup"
"Samlib.dll","Dom_SAMSRV","6.2.16299.15","0","29-Sep-17","GDR","4534276","January 14, 2020-KB4534276 (OS Build 16299.1625)","http://support.microsoft.com/kb/4534276","No LDR Only available","No LDR Only available","No LDR Only available","rEX","20-01Rollup"
"4523202","Win2016RS3_19_11_SSU_KB"," ","0","12-Nov-2019","GDR","4523202","Servicing stack update for Windows 10, version 1709: November 12, 2019","http://support.microsoft.com/kb/4523202","KB only","KB only","KB Only"," ","No Rollup"
"4534276","Win2016RS3_20-01_B_rollup_KB"," ","0","14-Jan-2020","GDR","4534276 (v1.0)","January 14, 2020-KB4534276 (OS Build 16299.1625)","http://support.microsoft.com/kb/4534276","KB only","KB only","KB only"," ","20-01Rollup"
