"Binary","Component","Version","Prio","Published","Branch","Article","Title","Link","LDROnlyKB","LDROnlyTitle","LDROnlyLink","Comment","RollupInfo"
"srv.sys","Net_SMB_Server","6.2.17763.1007","0","12-Mar-19","GDR","4538461 (v1.0)","March 10, 2020-KB4538461 (OS Build 17763.1098)","http://support.microsoft.com/kb/4538461","KB only","KB only","KB only"," ","20-03Rollup"
"srv2.sys","Net_SMB_Server","6.2.17763.592","0","18-Jun-19","GDR","4538461 (v1.0)","March 10, 2020-KB4538461 (OS Build 17763.1098)","http://support.microsoft.com/kb/4538461","KB only","KB only","KB only"," ","20-03Rollup"
"srvnet.sys","Net_SMB_Server","6.2.17763.1075","0","23-Jan-20","GDR","4538461 (v1.0)","March 10, 2020-KB4538461 (OS Build 17763.1098)","http://support.microsoft.com/kb/4538461","KB only","KB only","KB only"," ","20-03Rollup"
"Srvsvc.dll","Net_SMB_Server","6.2.17763.529","0","21-May-19","GDR","4538461 (v1.0)","March 10, 2020-KB4538461 (OS Build 17763.1098)","http://support.microsoft.com/kb/4538461","KB only","KB only","KB only"," ","20-03Rollup"
"Mrxsmb.sys","Net_SMB_Client","6.2.17763.1075","0","23-Jan-20","GDR","4538461 (v1.0)","March 10, 2020-KB4538461 (OS Build 17763.1098)","http://support.microsoft.com/kb/4538461","KB only","KB only","KB only"," ","20-03Rollup"
"Mrxsmb10.sys","Net_SMB_Client","6.2.17763.379","0","12-Mar-19","GDR","4538461 (v1.0)","March 10, 2020-KB4538461 (OS Build 17763.1098)","http://support.microsoft.com/kb/4538461","KB only","KB only","KB only"," ","20-03Rollup"
"Mrxsmb20.sys","Net_SMB_Client","6.2.17763.864","0","15-Oct-19","GDR","4538461 (v1.0)","March 10, 2020-KB4538461 (OS Build 17763.1098)","http://support.microsoft.com/kb/4538461","KB only","KB only","KB only"," ","20-03Rollup"
"Rdbss.sys","Net_SMB_Client","6.2.17763.802","0","8-Oct-19","GDR","4538461 (v1.0)","March 10, 2020-KB4538461 (OS Build 17763.1098)","http://support.microsoft.com/kb/4538461","KB only","KB only","KB only"," ","20-03Rollup"
"Netbt.sys","Net_SMB_Client","6.2.17763.437","0","9-Apr-19","GDR","4538461 (v1.0)","March 10, 2020-KB4538461 (OS Build 17763.1098)","http://support.microsoft.com/kb/4538461","KB only","KB only","KB only"," ","20-03Rollup"
"Mup.sys","Net_SMB_Client","6.2.17763.1","0","17-Jan-20","GDR","4538461 (v1.0)","March 10, 2020-KB4538461 (OS Build 17763.1098)","http://support.microsoft.com/kb/4538461","KB only","KB only","KB only"," ","20-03Rollup"
"wkssvc.dll","Net_SMB_Client","6.2.17763.592","0","18-Jun-19","GDR","4538461 (v1.0)","March 10, 2020-KB4538461 (OS Build 17763.1098)","http://support.microsoft.com/kb/4538461","KB only","KB only","KB only"," ","20-03Rollup"
"Tcpip.sys","Net_Protocol","6.2.17763.1075","0","23-Jan-20","GDR","4538461 (v1.0)","March 10, 2020-KB4538461 (OS Build 17763.1098)","http://support.microsoft.com/kb/4538461","KB only","KB only","KB only"," ","20-03Rollup"
"Afd.sys","Net_Protocol","6.2.17763.1075","0","23-Jan-20","GDR","4538461 (v1.0)","March 10, 2020-KB4538461 (OS Build 17763.1098)","http://support.microsoft.com/kb/4538461","KB only","KB only","KB only"," ","20-03Rollup"
"Netio.sys","Net_Protocol","6.2.17763.1007","0","23-Jan-20","GDR","4538461 (v1.0)","March 10, 2020-KB4538461 (OS Build 17763.1098)","http://support.microsoft.com/kb/4538461","KB only","KB only","KB only"," ","20-03Rollup"
"Ndis.sys","Net_Protocol","6.2.17763.1075","0","23-Jan-20","GDR","4538461 (v1.0)","March 10, 2020-KB4538461 (OS Build 17763.1098)","http://support.microsoft.com/kb/4538461","KB only","KB only","KB only"," ","20-03Rollup"
"Netiohlp.dll","Net_Protocol","6.2.17763.292","0","12-Feb-19","GDR","4538461 (v1.0)","March 10, 2020-KB4538461 (OS Build 17763.1098)","http://support.microsoft.com/kb/4538461","KB only","KB only","KB only"," ","20-03Rollup"
"Iphlpapi.dll","Net_Protocol","6.2.17763.615","0","9-Jul-19","GDR","4538461 (v1.0)","March 10, 2020-KB4538461 (OS Build 17763.1098)","http://support.microsoft.com/kb/4538461","KB only","KB only","KB only"," ","20-03Rollup"
"Tunnel.sys","Net_IPv6","6.2.17763.864","1","10-Jan-20","GDR","4538461 (v1.0)","March 10, 2020-KB4538461 (OS Build 17763.1098)","http://support.microsoft.com/kb/4538461","KB only","KB only","KB only"," ","20-03Rollup"
"Dhcpcore6.dll","Net_IPv6","6.2.17763.404","1","2-Apr-19","GDR","4538461 (v1.0)","March 10, 2020-KB4538461 (OS Build 17763.1098)","http://support.microsoft.com/kb/4538461","KB only","KB only","KB only"," ","20-03Rollup"
"Dhcpcsvc6.dll","Net_IPv6","6.2.17763.1","1","17-Jan-20","GDR","4538461 (v1.0)","March 10, 2020-KB4538461 (OS Build 17763.1098)","http://support.microsoft.com/kb/4538461","KB only","KB only","KB only"," ","20-03Rollup"
"Nlasvc.dll","Net_NLA","6.2.17763.678","0","13-Aug-19","GDR","4538461 (v1.0)","March 10, 2020-KB4538461 (OS Build 17763.1098)","http://support.microsoft.com/kb/4538461","KB only","KB only","KB only"," ","20-03Rollup"
"Ncsi.dll","Net_NLA","6.2.17763.1075","0","23-Jan-20","GDR","4538461 (v1.0)","March 10, 2020-KB4538461 (OS Build 17763.1098)","http://support.microsoft.com/kb/4538461","KB only","KB only","KB only"," ","20-03Rollup"
"Nlaapi.dll","Net_NLA","6.2.17763.134","0","13-Nov-18","GDR","4538461 (v1.0)","March 10, 2020-KB4538461 (OS Build 17763.1098)","http://support.microsoft.com/kb/4538461","KB only","KB only","KB only"," ","20-03Rollup"
"Dns.exe","Net_DNS_Srv","6.2.17763.771","0","24-Sep-19","GDR","4538461 (v1.0)","March 10, 2020-KB4538461 (OS Build 17763.1098)","http://support.microsoft.com/kb/4538461","KB only","KB only","KB only"," ","20-03Rollup"
"Dhcpssvc.dll","Net_DHCP_Srv","6.2.17763.678","0","13-Aug-19","GDR","4538461 (v1.0)","March 10, 2020-KB4538461 (OS Build 17763.1098)","http://support.microsoft.com/kb/4538461","KB only","KB only","KB only"," ","20-03Rollup"
"Nfssvc.exe","Net_NFS_Srv","6.2.17763.1","0","17-Jan-20","GDR","4538461 (v1.0)","March 10, 2020-KB4538461 (OS Build 17763.1098)","http://support.microsoft.com/kb/4538461","KB only","KB only","KB only"," ","20-03Rollup"
"Nfssvr.sys","Net_NFS_Srv","6.2.17763.592","0","18-Jun-19","GDR","4538461 (v1.0)","March 10, 2020-KB4538461 (OS Build 17763.1098)","http://support.microsoft.com/kb/4538461","KB only","KB only","KB only"," ","20-03Rollup"
"Msnfsflt.sys","Net_NFS_Srv","6.2.17763.1","0","17-Jan-20","GDR","4538461 (v1.0)","March 10, 2020-KB4538461 (OS Build 17763.1098)","http://support.microsoft.com/kb/4538461","KB only","KB only","KB only"," ","20-03Rollup"
"Csc.sys","Net_CSC_Offline","6.2.17763.831","1","8-Oct-19","GDR","4538461 (v1.0)","March 10, 2020-KB4538461 (OS Build 17763.1098)","http://support.microsoft.com/kb/4538461","KB only","KB only","KB only"," ","20-03Rollup"
"Cscapi.dll","Net_CSC_Offline","6.2.17763.404","1","2-Apr-19","GDR","4538461 (v1.0)","March 10, 2020-KB4538461 (OS Build 17763.1098)","http://support.microsoft.com/kb/4538461","KB only","KB only","KB only"," ","20-03Rollup"
"Cscdll.dll","Net_CSC_Offline","6.2.17763.404","1","2-Apr-19","GDR","4538461 (v1.0)","March 10, 2020-KB4538461 (OS Build 17763.1098)","http://support.microsoft.com/kb/4538461","KB only","KB only","KB only"," ","20-03Rollup"
"Cscsvc.dll","Net_CSC_Offline","6.2.17763.1098","1","17-Mar-20","GDR","4538461","March 10, 2020-KB4538461 (OS Build 17763.1098)","http://support.microsoft.com/kb/4538461","KB only","KB only","KB only","rEX","20-03Rollup"
"Cscmig.dll","Net_CSC_Offline","6.2.17763.1","1","17-Jan-20","GDR","4538461 (v1.0)","March 10, 2020-KB4538461 (OS Build 17763.1098)","http://support.microsoft.com/kb/4538461","KB only","KB only","KB only"," ","20-03Rollup"
"Cscui.dll","Net_CSC_Offline","6.2.17763.1075","1","23-Jan-20","GDR","4538461 (v1.0)","March 10, 2020-KB4538461 (OS Build 17763.1098)","http://support.microsoft.com/kb/4538461","KB only","KB only","KB only"," ","20-03Rollup"
"Mrxdav.sys","Net_WebDAV","6.2.17763.771","1","24-Sep-19","GDR","4538461 (v1.0)","March 10, 2020-KB4538461 (OS Build 17763.1098)","http://support.microsoft.com/kb/4538461","KB only","KB only","KB only"," ","20-03Rollup"
"Shell32.dll","Net_WebDAV","6.2.17763.1098","1","17-Mar-20","GDR","4538461","March 10, 2020-KB4538461 (OS Build 17763.1098)","http://support.microsoft.com/kb/4538461","KB only","KB only","KB only","rEX","20-03Rollup"
"Winhttp.dll","Net_WebDAV","6.2.17763.1075","1","23-Jan-20","GDR","4538461 (v1.0)","March 10, 2020-KB4538461 (OS Build 17763.1098)","http://support.microsoft.com/kb/4538461","KB only","KB only","KB only"," ","20-03Rollup"
"Dhcpcore.dll","Net_DHCP_Client","6.2.17763.404","1","2-Apr-19","GDR","4538461 (v1.0)","March 10, 2020-KB4538461 (OS Build 17763.1098)","http://support.microsoft.com/kb/4538461","KB only","KB only","KB only"," ","20-03Rollup"
"Dhcpcsvc.dll","Net_DHCP_Client","6.2.17763.1","1","17-Jan-20","GDR","4538461 (v1.0)","March 10, 2020-KB4538461 (OS Build 17763.1098)","http://support.microsoft.com/kb/4538461","KB only","KB only","KB only"," ","20-03Rollup"
"dnsapi.dll","Net_DNS_Client","6.2.17763.652","1","22-Jul-19","GDR","4538461 (v1.0)","March 10, 2020-KB4538461 (OS Build 17763.1098)","http://support.microsoft.com/kb/4538461","KB only","KB only","KB only"," ","20-03Rollup"
"dnsrslvr.dll","Net_DNS_Client","6.2.17763.652","1","22-Jul-19","GDR","4538461 (v1.0)","March 10, 2020-KB4538461 (OS Build 17763.1098)","http://support.microsoft.com/kb/4538461","KB only","KB only","KB only"," ","20-03Rollup"
"Rpcss.dll","Net_RPC","6.2.17763.1075","1","23-Jan-20","GDR","4538461 (v1.0)","March 10, 2020-KB4538461 (OS Build 17763.1098)","http://support.microsoft.com/kb/4538461","KB only","KB only","KB only"," ","20-03Rollup"
"Rpcrt4.dll","Net_RPC","6.2.17763.864","1","15-Oct-19","GDR","4538461 (v1.0)","March 10, 2020-KB4538461 (OS Build 17763.1098)","http://support.microsoft.com/kb/4538461","KB only","KB only","KB only"," ","20-03Rollup"
"Bfe.dll","Net_Ipsec_BFE","6.2.17763.771","1","24-Sep-19","GDR","4538461 (v1.0)","March 10, 2020-KB4538461 (OS Build 17763.1098)","http://support.microsoft.com/kb/4538461","KB only","KB only","KB only"," ","20-03Rollup"
"Ikeext.dll","Net_Ipsec_BFE","6.2.17763.771","1","24-Sep-19","GDR","4538461 (v1.0)","March 10, 2020-KB4538461 (OS Build 17763.1098)","http://support.microsoft.com/kb/4538461","KB only","KB only","KB only"," ","20-03Rollup"
"Fwpuclnt.dll","Net_Ipsec_BFE","6.2.17763.771","1","24-Sep-19","GDR","4538461 (v1.0)","March 10, 2020-KB4538461 (OS Build 17763.1098)","http://support.microsoft.com/kb/4538461","KB only","KB only","KB only"," ","20-03Rollup"
"Iphlpsvc.dll","Net_DirectAccess_Client","6.2.17763.864","1","13-Aug-19","GDR","4538461 (v1.0)","March 10, 2020-KB4538461 (OS Build 17763.1098)","http://support.microsoft.com/kb/4538461","KB only","KB only","KB only"," ","20-03Rollup"
"Rdpcore.dll","Net_DirectAccess_Client","6.2.17763.1075","1","23-Jan-20","GDR","4538461 (v1.0)","March 10, 2020-KB4538461 (OS Build 17763.1098)","http://support.microsoft.com/kb/4538461","KB only","KB only","KB only"," ","20-03Rollup"
"dot3svc.dll","Net_IEEE802.1x","6.2.17763.1","1","17-Jan-20","GDR","4538461 (v1.0)","March 10, 2020-KB4538461 (OS Build 17763.1098)","http://support.microsoft.com/kb/4538461","KB only","KB only","KB only"," ","20-03Rollup"
"Rastls.dll","Net_IEEE802.1x","6.2.17763.592","1","18-Jun-19","GDR","4538461 (v1.0)","March 10, 2020-KB4538461 (OS Build 17763.1098)","http://support.microsoft.com/kb/4538461","KB only","KB only","KB only"," ","20-03Rollup"
"wlansvc.dll","Net_WLAN_Client","6.2.17763.1075","1","23-Jan-20","GDR","4538461 (v1.0)","March 10, 2020-KB4538461 (OS Build 17763.1098)","http://support.microsoft.com/kb/4538461","KB only","KB only","KB only"," ","20-03Rollup"
"wlanmsm.dll","Net_WLAN_Client","6.2.17763.592","1","18-Jun-19","GDR","4538461 (v1.0)","March 10, 2020-KB4538461 (OS Build 17763.1098)","http://support.microsoft.com/kb/4538461","KB only","KB only","KB only"," ","20-03Rollup"
"wlanapi.dll","Net_WLAN_Client","6.2.17763.615","1","9-Jul-19","GDR","4538461 (v1.0)","March 10, 2020-KB4538461 (OS Build 17763.1098)","http://support.microsoft.com/kb/4538461","KB only","KB only","KB only"," ","20-03Rollup"
"wlansec.dll","Net_WLAN_Client","6.2.17763.1","1","17-Jan-20","GDR","4538461 (v1.0)","March 10, 2020-KB4538461 (OS Build 17763.1098)","http://support.microsoft.com/kb/4538461","KB only","KB only","KB only"," ","20-03Rollup"
"wlansvcpal.dll","Net_WLAN_Client","6.2.17763.1","1","17-Jan-20","GDR","4538461 (v1.0)","March 10, 2020-KB4538461 (OS Build 17763.1098)","http://support.microsoft.com/kb/4538461","KB only","KB only","KB only"," ","20-03Rollup"
"wlanhlp.dll","Net_WLAN_Client","6.2.17763.1","1","17-Jan-20","GDR","4538461 (v1.0)","March 10, 2020-KB4538461 (OS Build 17763.1098)","http://support.microsoft.com/kb/4538461","KB only","KB only","KB only"," ","20-03Rollup"
"WorkFolders.exe","Net_WorkFolders","6.2.17763.1","1","17-Jan-20","GDR","4538461 (v1.0)","March 10, 2020-KB4538461 (OS Build 17763.1098)","http://support.microsoft.com/kb/4538461","KB only","KB only","KB only"," ","20-03Rollup"
"WorkFoldersshell.dll","Net_WorkFolders","6.2.17763.1","1","17-Jan-20","GDR","4538461 (v1.0)","March 10, 2020-KB4538461 (OS Build 17763.1098)","http://support.microsoft.com/kb/4538461","KB only","KB only","KB only"," ","20-03Rollup"
"WorkFolderssvc.dll","Net_WorkFolders","6.2.17763.1098","1","17-Mar-20","GDR","4538461","March 10, 2020-KB4538461 (OS Build 17763.1098)","http://support.microsoft.com/kb/4538461","KB only","KB only","KB only","rEX","20-03Rollup"
"WorkFolderscontrol.dll","Net_WorkFolders","6.2.17763.1","1","17-Jan-20","GDR","4538461 (v1.0)","March 10, 2020-KB4538461 (OS Build 17763.1098)","http://support.microsoft.com/kb/4538461","KB only","KB only","KB only"," ","20-03Rollup"
"Syncsharesvc.dll","Net_WorkFolders","6.2.17763.1","1","17-Jan-20","GDR","4538461 (v1.0)","March 10, 2020-KB4538461 (OS Build 17763.1098)","http://support.microsoft.com/kb/4538461","KB only","KB only","KB only"," ","20-03Rollup"
"Syncsharesrv.dll","Net_WorkFolders","6.2.17763.652","1","17-Jan-20","GDR","4538461 (v1.0)","March 10, 2020-KB4538461 (OS Build 17763.1098)","http://support.microsoft.com/kb/4538461","KB only","KB only","KB only"," ","20-03Rollup"
"Syncsharettlib.dll","Net_WorkFolders","6.2.17763.1","1","17-Jan-20","GDR","4538461 (v1.0)","March 10, 2020-KB4538461 (OS Build 17763.1098)","http://support.microsoft.com/kb/4538461","KB only","KB only","KB only"," ","20-03Rollup"
"Syncsharettsvc.exe","Net_WorkFolders","6.2.17763.1","1","17-Jan-20","GDR","4538461 (v1.0)","March 10, 2020-KB4538461 (OS Build 17763.1098)","http://support.microsoft.com/kb/4538461","KB only","KB only","KB only"," ","20-03Rollup"
"Pacer.sys","Net_QoS","6.2.17763.831","1","8-Oct-19","GDR","4538461 (v1.0)","March 10, 2020-KB4538461 (OS Build 17763.1098)","http://support.microsoft.com/kb/4538461","KB only","KB only","KB only"," ","20-03Rollup"
"Mpsdrv.sys","Net_Firewall","6.2.17763.404","1","2-Apr-19","GDR","4538461 (v1.0)","March 10, 2020-KB4538461 (OS Build 17763.1098)","http://support.microsoft.com/kb/4538461","KB only","KB only","KB only"," ","20-03Rollup"
"MpsSvc.dll","Net_Firewall","6.2.17763.1075","1","23-Jan-20","GDR","4538461 (v1.0)","March 10, 2020-KB4538461 (OS Build 17763.1098)","http://support.microsoft.com/kb/4538461","KB only","KB only","KB only"," ","20-03Rollup"
"qmgr.dll","Net_BiTS","7.8.17763.1098","1","17-Mar-20","GDR","4538461","March 10, 2020-KB4538461 (OS Build 17763.1098)","http://support.microsoft.com/kb/4538461","KB only","KB only","KB only","rEX","20-03Rollup"
"Netlogon.dll","Dom_NETLOGON","6.2.17763.1007","0","23-Jan-20","GDR","4538461 (v1.0)","March 10, 2020-KB4538461 (OS Build 17763.1098)","http://support.microsoft.com/kb/4538461","KB only","KB only","KB only"," ","20-03Rollup"
"LogonCli.dll","Dom_NETLOGON","6.2.17763.1007","0","23-Jan-20","GDR","4538461 (v1.0)","March 10, 2020-KB4538461 (OS Build 17763.1098)","http://support.microsoft.com/kb/4538461","KB only","KB only","KB only"," ","20-03Rollup"
"Winlogon.exe","Dom_WINLOGON","6.2.17763.1075","0","23-Jan-20","GDR","4538461 (v1.0)","March 10, 2020-KB4538461 (OS Build 17763.1098)","http://support.microsoft.com/kb/4538461","KB only","KB only","KB only"," ","20-03Rollup"
"Kerberos.dll","Dom_KERBEROS","6.2.17763.1075","0","23-Jan-20""","GDR","4538461 (v1.0)","March 10, 2020-KB4538461 (OS Build 17763.1098)","http://support.microsoft.com/kb/4538461","KB only","KB only","KB only"," ","20-03Rollup"
"Msv1_0.dll","Dom_NTLM","6.2.17763.1075","1","23-Jan-20","GDR","4538461 (v1.0)","March 10, 2020-KB4538461 (OS Build 17763.1098)","http://support.microsoft.com/kb/4538461","KB only","KB only","KB only"," ","20-03Rollup"
"Wldap32.dll","Dom_LDAPClient","6.2.17763.831","0","15-Oct-19","GDR","4538461 (v1.0)","March 10, 2020-KB4538461 (OS Build 17763.1098)","http://support.microsoft.com/kb/4538461","KB only","KB only","KB only"," ","20-03Rollup"
"Lsasrv.dll","Dom_LSA","6.2.17763.1075","0","23-Jan-20","GDR","4538461 (v1.0)","March 10, 2020-KB4538461 (OS Build 17763.1098)","http://support.microsoft.com/kb/4538461","KB only","KB only","KB only"," ","20-03Rollup"
"Ksecpkg.sys","Dom_LSA","6.2.17763.503","0","14-May-19","GDR","4538461 (v1.0)","March 10, 2020-KB4538461 (OS Build 17763.1098)","http://support.microsoft.com/kb/4538461","KB only","KB only","KB only"," ","20-03Rollup"
"Secur32.dll","Dom_LSA","6.2.17763.1","0","17-Jan-20","GDR","4538461 (v1.0)","March 10, 2020-KB4538461 (OS Build 17763.1098)","http://support.microsoft.com/kb/4538461","KB only","KB only","KB only"," ","20-03Rollup"
"Schannel.dll","Dom_LSA","6.2.17763.802","0","8-Oct-19","GDR","4538461 (v1.0)","March 10, 2020-KB4538461 (OS Build 17763.1098)","http://support.microsoft.com/kb/4538461","KB only","KB only","KB only"," ","20-03Rollup"
"Crypt32.dll","Dom_CRYPTO","6.2.17763.973","1","10-Jan-20","GDR","4538461 (v1.0)","March 10, 2020-KB4538461 (OS Build 17763.1098)","http://support.microsoft.com/kb/4538461","KB only","KB only","KB only"," ","20-03Rollup"
"Wintrust.dll","Dom_CRYPTO","6.2.17763.348","1","1-Mar-19","GDR","4538461 (v1.0)","March 10, 2020-KB4538461 (OS Build 17763.1098)","http://support.microsoft.com/kb/4538461","KB only","KB only","KB only"," ","20-03Rollup"
"Cryptdll.dll","Dom_CRYPTO","6.2.17763.503","1","14-May-19","GDR","4538461 (v1.0)","March 10, 2020-KB4538461 (OS Build 17763.1098)","http://support.microsoft.com/kb/4538461","KB only","KB only","KB only"," ","20-03Rollup"
"Cryptcatsvc.dll","Dom_CRYPTO","6.2.17763.973","1","10-Jan-20","GDR","4538461 (v1.0)","March 10, 2020-KB4538461 (OS Build 17763.1098)","http://support.microsoft.com/kb/4538461","KB only","KB only","KB only"," ","20-03Rollup"
"Gpapi.dll","Dom_GPSVC","6.2.17763.1","1","17-Jan-20","GDR","4538461 (v1.0)","March 10, 2020-KB4538461 (OS Build 17763.1098)","http://support.microsoft.com/kb/4538461","KB only","KB only","KB only"," ","20-03Rollup"
"Gpsvc.dll","Dom_GPSVC","6.2.17763.652","1","8-Oct-19","GDR","4538461 (v1.0)","March 10, 2020-KB4538461 (OS Build 17763.1098)","http://support.microsoft.com/kb/4538461","KB only","KB only","KB only"," ","20-03Rollup"
"Userenv.dll","Dom_GPSVC","6.2.17763.831","1","15-Oct-19","GDR","4538461 (v1.0)","March 10, 2020-KB4538461 (OS Build 17763.1098)","http://support.microsoft.com/kb/4538461","KB only","KB only","KB only"," ","20-03Rollup"
"Gpme.dll","Dom_GPP","6.2.17763.1","1","17-Jan-20","GDR","4538461 (v1.0)","March 10, 2020-KB4538461 (OS Build 17763.1098)","http://support.microsoft.com/kb/4538461","KB only","KB only","KB only"," ","20-03Rollup"
"Gppref.dll","Dom_GPP","6.2.17763.831","1","4-Dec-19","GDR","4538461 (v1.0)","March 10, 2020-KB4538461 (OS Build 17763.1098)","http://support.microsoft.com/kb/4538461","KB only","KB only","KB only"," ","20-03Rollup"
"Gpprefbr.dll","Dom_GPP","6.2.17763.831","1","4-Dec-19","GDR","4538461 (v1.0)","March 10, 2020-KB4538461 (OS Build 17763.1098)","http://support.microsoft.com/kb/4538461","KB only","KB only","KB only"," ","20-03Rollup"
"Gpprefcn.dll","Dom_GPP","6.2.17763.1","1","17-Jan-20","GDR","4538461 (v1.0)","March 10, 2020-KB4538461 (OS Build 17763.1098)","http://support.microsoft.com/kb/4538461","KB only","KB only","KB only"," ","20-03Rollup"
"Gpregistrybrowser.dll","Dom_GPP","6.2.17763.1","1","17-Jan-20","GDR","4538461 (v1.0)","March 10, 2020-KB4538461 (OS Build 17763.1098)","http://support.microsoft.com/kb/4538461","KB only","KB only","KB only"," ","20-03Rollup"
"Propshts.dll","Dom_GPP","6.2.17763.831","1","4-Dec-19","GDR","4538461 (v1.0)","March 10, 2020-KB4538461 (OS Build 17763.1098)","http://support.microsoft.com/kb/4538461","KB only","KB only","KB only"," ","20-03Rollup"
"Profsvc.dll","Dom_ProfProc","6.2.17763.1075","1","23-Jan-20","GDR","4538461 (v1.0)","March 10, 2020-KB4538461 (OS Build 17763.1098)","http://support.microsoft.com/kb/4538461","KB only","KB only","KB only"," ","20-03Rollup"
"Esent.dll","Dom_ESENT","6.2.17763.1007","0","23-Jan-20","GDR","4538461 (v1.0)","March 10, 2020-KB4538461 (OS Build 17763.1098)","http://support.microsoft.com/kb/4538461","KB only","KB only","KB only"," ","20-03Rollup"
"Ntdsai.dll","Dom_NTDSAI","6.2.17763.1007","0","23-Jan-20","GDR","4538461 (v1.0)","March 10, 2020-KB4538461 (OS Build 17763.1098)","http://support.microsoft.com/kb/4538461","KB only","KB only","KB only"," ","20-03Rollup"
"Ntdsutil.exe","Dom_NTDSAI","6.2.17763.1007","0","23-Jan-20","GDR","4538461 (v1.0)","March 10, 2020-KB4538461 (OS Build 17763.1098)","http://support.microsoft.com/kb/4538461","KB only","KB only","KB only"," ","20-03Rollup"
"Samsrv.dll","Dom_SAMSRV","6.2.17763.1075","0","23-Jan-20","GDR","4538461 (v1.0)","March 10, 2020-KB4538461 (OS Build 17763.1098)","http://support.microsoft.com/kb/4538461","KB only","KB only","KB only"," ","20-03Rollup"
"Samlib.dll","Dom_SAMSRV","6.2.17763.1","0","17-Jan-20","GDR","4538461 (v1.0)","March 10, 2020-KB4538461 (OS Build 17763.1098)","http://support.microsoft.com/kb/4538461","KB only","KB only","KB only"," ","20-03Rollup"
"Kdcsvc.dll","Dom_KDCSVC","6.2.17763.1007","0","23-Jan-20","GDR","4538461 (v1.0)","March 10, 2020-KB4538461 (OS Build 17763.1098)","http://support.microsoft.com/kb/4538461","KB only","KB only","KB only"," ","20-03Rollup"
"Microsoft.identityserver.service.dll","Dom_ADFS","6.2.17763.1","0","17-Jan-20","GDR","4538461 (v1.0)","March 10, 2020-KB4538461 (OS Build 17763.1098)","http://support.microsoft.com/kb/4538461","KB only","KB only","KB only"," ","20-03Rollup"
"Microsoft.identityserver.webhost.dll","Dom_ADFS","6.2.17763.1","0","17-Jan-20","GDR","4538461 (v1.0)","March 10, 2020-KB4538461 (OS Build 17763.1098)","http://support.microsoft.com/kb/4538461","KB only","KB only","KB only"," ","20-03Rollup"
"Microsoft.identityserver.web.dll","Dom_ADFS","6.2.17763.1","0","17-Jan-20","GDR","4538461 (v1.0)","March 10, 2020-KB4538461 (OS Build 17763.1098)","http://support.microsoft.com/kb/4538461","KB only","KB only","KB only"," ","20-03Rollup"
"Microsoft.identityserver.dll","Dom_ADFS","6.2.17763.1","0","17-Jan-20","GDR","4538461 (v1.0)","March 10, 2020-KB4538461 (OS Build 17763.1098)","http://support.microsoft.com/kb/4538461","KB only","KB only","KB only"," ","20-03Rollup"
"Clussvc.exe","Cluster_Core","6.2.17763.1007","0","15-Oct-19","GDR","4538461 (v1.0)","March 10, 2020-KB4538461 (OS Build 17763.1098)","http://support.microsoft.com/kb/4538461","KB only","KB only","KB only"," ","20-03Rollup"
"ClusWMI.dll","Cluster_Core","6.2.17763.831","0","15-Oct-19","GDR","4538461 (v1.0)","March 10, 2020-KB4538461 (OS Build 17763.1098)","http://support.microsoft.com/kb/4538461","KB only","KB only","KB only"," ","20-03Rollup"
"Rhs.exe","Cluster_Core","6.2.17763.719","0","17-Aug-19","GDR","4538461 (v1.0)","March 10, 2020-KB4538461 (OS Build 17763.1098)","http://support.microsoft.com/kb/4538461","KB only","KB only","KB only"," ","20-03Rollup"
"Clusres.dll","Cluster_Core","6.2.17763.771","0","24-Sep-19","GDR","4538461 (v1.0)","March 10, 2020-KB4538461 (OS Build 17763.1098)","http://support.microsoft.com/kb/4538461","KB only","KB only","KB only"," ","20-03Rollup"
"Clusres2.dll","Cluster_Core","6.2.17763.771","0","24-Sep-19","GDR","4538461 (v1.0)","March 10, 2020-KB4538461 (OS Build 17763.1098)","http://support.microsoft.com/kb/4538461","KB only","KB only","KB only"," ","20-03Rollup"
"Csvflt.sys","Cluster_CSV","6.2.17763.529","0","21-May-19","GDR","4538461 (v1.0)","March 10, 2020-KB4538461 (OS Build 17763.1098)","http://support.microsoft.com/kb/4538461","KB only","KB only","KB only"," ","20-03Rollup"
"Csvfs.sys","Cluster_CSV","6.2.17763.831","0","15-Oct-19","GDR","4538461 (v1.0)","March 10, 2020-KB4538461 (OS Build 17763.1098)","http://support.microsoft.com/kb/4538461","KB only","KB only","KB only"," ","20-03Rollup"
"Vhdmp.sys","Cluster_CSV","6.2.17763.1039","0","23-Jan-20","GDR","4538461 (v1.0)","March 10, 2020-KB4538461 (OS Build 17763.1098)","http://support.microsoft.com/kb/4538461","KB only","KB only","KB only"," ","20-03Rollup"
"Volsnap.sys","Cluster_Volsnap","6.2.17763.831","0","8-Oct-19","GDR","4538461 (v1.0)","March 10, 2020-KB4538461 (OS Build 17763.1098)","http://support.microsoft.com/kb/4538461","KB only","KB only","KB only"," ","20-03Rollup"
"Cprepsrv.exe","Cluster_Validation","6.2.17763.831","1","15-Oct-19","GDR","4538461 (v1.0)","March 10, 2020-KB4538461 (OS Build 17763.1098)","http://support.microsoft.com/kb/4538461","KB only","KB only","KB only"," ","20-03Rollup"
"Failoverclusters.agent.interop.dll","Cluster_Validation","6.2.17763.1","1","17-Jan-20","GDR","4538461 (v1.0)","March 10, 2020-KB4538461 (OS Build 17763.1098)","http://support.microsoft.com/kb/4538461","KB only","KB only","KB only"," ","20-03Rollup"
"Ntoskrnl.exe","Core_Kernel","6.2.17763.1098","0","17-Mar-20","GDR","4538461","March 10, 2020-KB4538461 (OS Build 17763.1098)","http://support.microsoft.com/kb/4538461","KB only","KB only","KB only","rEX","20-03Rollup"
"Crashdmp.sys","Core_Kernel","6.2.17763.771","0","8-Oct-19","GDR","4538461 (v1.0)","March 10, 2020-KB4538461 (OS Build 17763.1098)","http://support.microsoft.com/kb/4538461","KB only","KB only","KB only"," ","20-03Rollup"
"Ntdll.dll","Core_Kernel","6.2.17763.1098","0","17-Mar-20","GDR","4538461","March 10, 2020-KB4538461 (OS Build 17763.1098)","http://support.microsoft.com/kb/4538461","KB only","KB only","KB only","rEX","20-03Rollup"
"Hal.dll","Core_Kernel","6.2.17763.1007","0","23-Jan-20","GDR","4538461 (v1.0)","March 10, 2020-KB4538461 (OS Build 17763.1098)","http://support.microsoft.com/kb/4538461","KB only","KB only","KB only"," ","20-03Rollup"
"Fltmgr.sys","Core_Kernel","6.2.17763.831","0","15-Oct-19","GDR","4538461 (v1.0)","March 10, 2020-KB4538461 (OS Build 17763.1098)","http://support.microsoft.com/kb/4538461","KB only","KB only","KB only"," ","20-03Rollup"
"win32k.sys","Core_Kernel","6.2.17763.557","0","11-Jun-19","GDR","4538461 (v1.0)","March 10, 2020-KB4538461 (OS Build 17763.1098)","http://support.microsoft.com/kb/4538461","KB only","KB only","KB only"," ","20-03Rollup"
"Ntfs.sys","Core_FileSystem","6.2.17763.1098","0","17-Mar-20","GDR","4538461","March 10, 2020-KB4538461 (OS Build 17763.1098)","http://support.microsoft.com/kb/4538461","KB only","KB only","KB only","rEX","20-03Rollup"
"dedup.sys","Core_FileSystem","6.2.17763.831","0","12-Feb-19","GDR","4538461 (v1.0)","March 10, 2020-KB4538461 (OS Build 17763.1098)","http://support.microsoft.com/kb/4538461","KB only","KB only","KB only"," ","20-03Rollup"
"Msiscsi.sys","Core_DiskSystem","6.2.17763.593","0","26-Jun-19","GDR","4538461 (v1.0)","March 10, 2020-KB4538461 (OS Build 17763.1098)","http://support.microsoft.com/kb/4538461","KB only","KB only","KB only"," ","20-03Rollup"
"Storport.sys","Core_DiskSystem","6.2.17763.1075","0","23-Jan-20","GDR","4538461 (v1.0)","March 10, 2020-KB4538461 (OS Build 17763.1098)","http://support.microsoft.com/kb/4538461","KB only","KB only","KB only"," ","20-03Rollup"
"Repdrvfs.dll","Core_WMI","6.2.17763.1","0","17-Jan-20","GDR","4538461 (v1.0)","March 10, 2020-KB4538461 (OS Build 17763.1098)","http://support.microsoft.com/kb/4538461","KB only","KB only","KB only"," ","20-03Rollup"
"Mpio.sys","Core_MPIO","6.2.17763.1007","0","22-Jul-19","GDR","4538461 (v1.0)","March 10, 2020-KB4538461 (OS Build 17763.1098)","http://support.microsoft.com/kb/4538461","KB only","KB only","KB only"," ","20-03Rollup"
"Msdsm.sys","Core_MPIO","6.2.17763.652","0","8-Oct-19","GDR","4538461 (v1.0)","March 10, 2020-KB4538461 (OS Build 17763.1098)","http://support.microsoft.com/kb/4538461","KB only","KB only","KB only"," ","20-03Rollup"
"Advapi32.dll","Core_Apps","6.2.17763.1","0","17-Jan-20","GDR","4538461 (v1.0)","March 10, 2020-KB4538461 (OS Build 17763.1098)","http://support.microsoft.com/kb/4538461","KB only","KB only","KB only"," ","20-03Rollup"
"Vssapi.dll","Core_VSS","6.2.17763.592","1","18-Jun-19","GDR","4538461 (v1.0)","March 10, 2020-KB4538461 (OS Build 17763.1098)","http://support.microsoft.com/kb/4538461","KB only","KB only","KB only"," ","20-03Rollup"
"Vsstrace.dll","Core_VSS","6.2.17763.1","1","17-Jan-20","GDR","4538461 (v1.0)","March 10, 2020-KB4538461 (OS Build 17763.1098)","http://support.microsoft.com/kb/4538461","KB only","KB only","KB only"," ","20-03Rollup"
"wbengine.exe","Core_VSS","6.2.17763.1007","1","23-Jan-20","GDR","4538461 (v1.0)","March 10, 2020-KB4538461 (OS Build 17763.1098)","http://support.microsoft.com/kb/4538461","KB only","KB only","KB only"," ","20-03Rollup"
"pci.sys","Core_Sys","6.2.17763.1007","1","23-Jan-20","GDR","4538461 (v1.0)","March 10, 2020-KB4538461 (OS Build 17763.1098)","http://support.microsoft.com/kb/4538461","KB only","KB only","KB only"," ","20-03Rollup"
"Volmgr.sys","Core_Sys","6.2.17763.168","1","5-Dec-18","GDR","4538461 (v1.0)","March 10, 2020-KB4538461 (OS Build 17763.1098)","http://support.microsoft.com/kb/4538461","KB only","KB only","KB only"," ","20-03Rollup"
"Tzres.dll","Core_TimeZone","6.2.17763.529","1","21-May-19","GDR","4538461 (v1.0)","March 10, 2020-KB4538461 (OS Build 17763.1098)","http://support.microsoft.com/kb/4538461","KB only","KB only","KB only"," ","20-03Rollup"
"Tzres.dll","Core_TimeZone","6.2.17763.831","1","15-Oct-19","GDR","4538461 (v1.0)","March 10, 2020-KB4538461 (OS Build 17763.1098)","http://support.microsoft.com/kb/4538461","KB only","KB only","KB only"," ","20-03Rollup"
"Vmswitch.sys","Hyper-V_Net","6.2.17763.864","1","8-Oct-19","GDR","4538461 (v1.0)","March 10, 2020-KB4538461 (OS Build 17763.1098)","http://support.microsoft.com/kb/4538461","KB only","KB only","KB only"," ","20-03Rollup"
"Wnv.sys","Hyper-V_Net","6.2.17763.864","1","17-Aug-19","GDR","4538461 (v1.0)","March 10, 2020-KB4538461 (OS Build 17763.1098)","http://support.microsoft.com/kb/4538461","KB only","KB only","KB only"," ","20-03Rollup"
"Ndisimplatform.sys","Hyper-V_Net","6.2.17763.1","1","17-Jan-20","GDR","4538461 (v1.0)","March 10, 2020-KB4538461 (OS Build 17763.1098)","http://support.microsoft.com/kb/4538461","KB only","KB only","KB only"," ","20-03Rollup"
"Vmms.exe","Hyper-V_Net","6.2.17763.1007","1","15-Oct-19","GDR","4538461 (v1.0)","March 10, 2020-KB4538461 (OS Build 17763.1098)","http://support.microsoft.com/kb/4538461","KB only","KB only","KB only"," ","20-03Rollup"
"Winnat.sys","Hyper-V_Net","6.2.17763.1075","1","23-Jan-20","GDR","4538461 (v1.0)","March 10, 2020-KB4538461 (OS Build 17763.1098)","http://support.microsoft.com/kb/4538461","KB only","KB only","KB only"," ","20-03Rollup"
"Vmbus.sys","Hyper-V_Net","6.2.17763.771","1","8-Oct-19","GDR","4538461 (v1.0)","March 10, 2020-KB4538461 (OS Build 17763.1098)","http://support.microsoft.com/kb/4538461","KB only","KB only","KB only"," ","20-03Rollup"
"Rasapi32.dll","HNV_Net","6.2.17763.1007","1","23-Jan-20","GDR","4538461 (v1.0)","March 10, 2020-KB4538461 (OS Build 17763.1098)","http://support.microsoft.com/kb/4538461","KB only","KB only","KB only"," ","20-03Rollup"
"Vmwp.exe","Hyper-V_app","6.2.17763.1039","1","8-Oct-19","GDR","4538461 (v1.0)","March 10, 2020-KB4538461 (OS Build 17763.1098)","http://support.microsoft.com/kb/4538461","KB only","KB only","KB only"," ","20-03Rollup"
"Rdpshell.exe","RDS_remote_App","6.2.17763.404","0","2-Apr-19","GDR","4538461 (v1.0)","March 10, 2020-KB4538461 (OS Build 17763.1098)","http://support.microsoft.com/kb/4538461","KB only","KB only","KB only"," ","20-03Rollup"
"Rdsdwmdr.dll","RDS_remote_App","6.2.17763.1039","0","17-Jan-20","GDR","4538461 (v1.0)","March 10, 2020-KB4538461 (OS Build 17763.1098)","http://support.microsoft.com/kb/4538461","KB only","KB only","KB only"," ","20-03Rollup"
"Tscfgwmi.dll","RDS_remote_App","6.2.17763.1075","0","23-Jan-20","GDR","4538461 (v1.0)","March 10, 2020-KB4538461 (OS Build 17763.1098)","http://support.microsoft.com/kb/4538461","KB only","KB only","KB only"," ","20-03Rollup"
"Audioeng.dll","RDS_devRdr","6.2.17763.1075","1","23-Jan-20","GDR","4538461 (v1.0)","March 10, 2020-KB4538461 (OS Build 17763.1098)","http://support.microsoft.com/kb/4538461","KB only","KB only","KB only"," ","20-03Rollup"
"Audiokse.dll","RDS_devRdr","6.2.17763.1","1","17-Jan-20","GDR","4538461 (v1.0)","March 10, 2020-KB4538461 (OS Build 17763.1098)","http://support.microsoft.com/kb/4538461","KB only","KB only","KB only"," ","20-03Rollup"
"Audioses.dll","RDS_devRdr","6.2.17763.1075","1","23-Jan-20","GDR","4538461 (v1.0)","March 10, 2020-KB4538461 (OS Build 17763.1098)","http://support.microsoft.com/kb/4538461","KB only","KB only","KB only"," ","20-03Rollup"
"Audiosrv.dll","RDS_devRdr","6.2.17763.1075","1","23-Jan-20","GDR","4538461 (v1.0)","March 10, 2020-KB4538461 (OS Build 17763.1098)","http://support.microsoft.com/kb/4538461","KB only","KB only","KB only"," ","20-03Rollup"
"Tsvmhasvc.dll","RDS_vHost","6.2.17763.1","0","17-Jan-20","GDR","4538461 (v1.0)","March 10, 2020-KB4538461 (OS Build 17763.1098)","http://support.microsoft.com/kb/4538461","KB only","KB only","KB only"," ","20-03Rollup"
"Tssdis.exe","RDS_vHost","6.2.17763.475","0","3-May-19","GDR","4538461 (v1.0)","March 10, 2020-KB4538461 (OS Build 17763.1098)","http://support.microsoft.com/kb/4538461","KB only","KB only","KB only"," ","20-03Rollup"
"aaedge.dll","RDS_gateway","6.2.17763.1","1","17-Jan-20","GDR","4538461 (v1.0)","March 10, 2020-KB4538461 (OS Build 17763.1098)","http://support.microsoft.com/kb/4538461","KB only","KB only","KB only"," ","20-03Rollup"
"lserver.dll","RDS_license","6.2.17763.1","1","22-Feb-20","GDR","4538461 (v1.0)","March 10, 2020-KB4538461 (OS Build 17763.1098)","http://support.microsoft.com/kb/4538461","KB only","KB only","KB only"," ","20-03Rollup"
"dxgkrnl.sys","RDS_host","6.2.17763.1098","1","17-Mar-20","GDR","4538461","March 10, 2020-KB4538461 (OS Build 17763.1098)","http://support.microsoft.com/kb/4538461","KB only","KB only","KB only","rEX","20-03Rollup"
"sessenv.dll","RDS_host","6.2.17763.771","1","8-Oct-19","GDR","4538461 (v1.0)","March 10, 2020-KB4538461 (OS Build 17763.1098)","http://support.microsoft.com/kb/4538461","KB only","KB only","KB only"," ","20-03Rollup"
"Localspl.dll","Print_Spool","6.2.17763.592","0","18-Jun-19","GDR","4538461 (v1.0)","March 10, 2020-KB4538461 (OS Build 17763.1098)","http://support.microsoft.com/kb/4538461","KB only","KB only","KB only"," ","20-03Rollup"
"Localspl.dll","Print_Spool","6.2.17763.1075","0","23-Jan-20","GDR","4538461 (v1.0)","March 10, 2020-KB4538461 (OS Build 17763.1098)","http://support.microsoft.com/kb/4538461","KB only","KB only","KB only"," ","20-03Rollup"
"Win32spl.dll","Print_Spool","6.2.17763.1075","0","23-Jan-20","GDR","4538461 (v1.0)","March 10, 2020-KB4538461 (OS Build 17763.1098)","http://support.microsoft.com/kb/4538461","KB only","KB only","KB only"," ","20-03Rollup"
"Spoolsv.exe","Print_Spool","6.2.17763.831","0","15-Oct-19","GDR","4538461 (v1.0)","March 10, 2020-KB4538461 (OS Build 17763.1098)","http://support.microsoft.com/kb/4538461","KB only","KB only","KB only"," ","20-03Rollup"
"Winspool.drv","Print_Spool","6.2.17763.1075","0","23-Jan-20","GDR","4538461 (v1.0)","March 10, 2020-KB4538461 (OS Build 17763.1098)","http://support.microsoft.com/kb/4538461","KB only","KB only","KB only"," ","20-03Rollup"
"Printfilterpipelineprxy.dll","Print_App","6.2.17763.1","0","17-Jan-20","GDR","4538461 (v1.0)","March 10, 2020-KB4538461 (OS Build 17763.1098)","http://support.microsoft.com/kb/4538461","KB only","KB only","KB only"," ","20-03Rollup"
"Printfilterpipelinesvc.exe","Print_App","6.2.17763.914","0","10-Jan-20","GDR","4538461 (v1.0)","March 10, 2020-KB4538461 (OS Build 17763.1098)","http://support.microsoft.com/kb/4538461","KB only","KB only","KB only"," ","20-03Rollup"
"splwow64.exe","Print_App","6.2.17763.864","0","9-Jul-19","GDR","4538461 (v1.0)","March 10, 2020-KB4538461 (OS Build 17763.1098)","http://support.microsoft.com/kb/4538461","KB only","KB only","KB only"," ","20-03Rollup"
"Mxdwdrv.dll","Print_Driver","6.2.17763.1","1","17-Jan-20","GDR","4538461 (v1.0)","March 10, 2020-KB4538461 (OS Build 17763.1098)","http://support.microsoft.com/kb/4538461","KB only","KB only","KB only"," ","20-03Rollup"
"Pcl4res.dll","Print_Driver","6.2.17763.1","1","17-Jan-20","GDR","4538461 (v1.0)","March 10, 2020-KB4538461 (OS Build 17763.1098)","http://support.microsoft.com/kb/4538461","KB only","KB only","KB only"," ","20-03Rollup"
"Pscript5.dll","Print_Driver","6.2.17763.1","1","17-Jan-20","GDR","4538461 (v1.0)","March 10, 2020-KB4538461 (OS Build 17763.1098)","http://support.microsoft.com/kb/4538461","KB only","KB only","KB only"," ","20-03Rollup"
"Unidrv.dll","Print_Driver","6.2.17763.1","1","17-Jan-20","GDR","4538461 (v1.0)","March 10, 2020-KB4538461 (OS Build 17763.1098)","http://support.microsoft.com/kb/4538461","KB only","KB only","KB only"," ","20-03Rollup"
"Unires.dll","Print_Driver","6.2.17763.1","1","17-Jan-20","GDR","4538461 (v1.0)","March 10, 2020-KB4538461 (OS Build 17763.1098)","http://support.microsoft.com/kb/4538461","KB only","KB only","KB only"," ","20-03Rollup"
"Mshtml.dll","IE_Client","11.0.17763.1098","0","17-Mar-20","GDR","4538461","March 10, 2020-KB4538461 (OS Build 17763.1098)","http://support.microsoft.com/kb/4538461","KB only","KB only","KB only","rEX","20-03Rollup"
"4539571","Win2016RS5_20_03_SSU_KB"," ","0","10-Mar-2020","GDR","4539571","Servicing stack update for Windows 10, version 1809: March 10, 2020","http://support.microsoft.com/kb/4539571","KB only","KB only","KB Only"," ","No Rollup"
"4538461","Win2016RS5_20-03_B_rollup_KB"," ","0","10-Mar-2020","GDR","4538461 (v1.0)","March 10, 2020-KB4538461 (OS Build 17763.1098)","http://support.microsoft.com/kb/4538461","KB only","KB only","KB only"," ","20-03Rollup"
