"Binary","Component","Version","Prio","Published","Branch","Article","Title","Link","LDROnlyKB","LDROnlyTitle","LDROnlyLink","Comment","RollupInfo"
"Msv1_0.dll","Dom_NTLM","6.2.14393.3321","1","17-Oct-19","GDR","4550947","April 21, 2020-KB4550947 (OS Build 14393.3659)","http://support.microsoft.com/kb/4550947","No LDR Only available","No LDR Only available","No LDR Only available","rEX","20-04Rollup"
"Ksecdd.sys","Dom_LSA","6.2.14393.2580","0","10-Oct-18","GDR","4550947","April 21, 2020-KB4550947 (OS Build 14393.3659)","http://support.microsoft.com/kb/4550947","No LDR Only available","No LDR Only available","No LDR Only available","rEX","20-04Rollup"
"Ksecpkg.sys","Dom_LSA","6.2.14393.3541","0","19-Feb-20","GDR","4550947","April 21, 2020-KB4550947 (OS Build 14393.3659)","http://support.microsoft.com/kb/4550947","No LDR Only available","No LDR Only available","No LDR Only available","rEX","20-04Rollup"
"Secur32.dll","Dom_LSA","6.2.14393.2273","0","28-Apr-18","GDR","4550947","April 21, 2020-KB4550947 (OS Build 14393.3659)","http://support.microsoft.com/kb/4550947","No LDR Only available","No LDR Only available","No LDR Only available","rEX","20-04Rollup"
"Sspicli.dll","Dom_LSA","6.2.14393.2580","0","10-Oct-18","GDR","4550947","April 21, 2020-KB4550947 (OS Build 14393.3659)","http://support.microsoft.com/kb/4550947","No LDR Only available","No LDR Only available","No LDR Only available","rEX","20-04Rollup"
"Sspisrv.dll","Dom_LSA","6.2.14393.2580","0","10-Oct-18","GDR","4550947","April 21, 2020-KB4550947 (OS Build 14393.3659)","http://support.microsoft.com/kb/4550947","No LDR Only available","No LDR Only available","No LDR Only available","rEX","20-04Rollup"
"Schannel.dll","Dom_LSA","6.2.14393.3269","0","29-Sep-19","GDR","4550947","April 21, 2020-KB4550947 (OS Build 14393.3659)","http://support.microsoft.com/kb/4550947","No LDR Only available","No LDR Only available","No LDR Only available","rEX","20-04Rollup"
"Cryptcatsvc.dll","Dom_CRYPTO","6.2.14393.3442","1","20-Dec-19","GDR","4550947","April 21, 2020-KB4550947 (OS Build 14393.3659)","http://support.microsoft.com/kb/4550947","No LDR Only available","No LDR Only available","No LDR Only available","rEX","20-04Rollup"
"Gpsvc.dll","Dom_GPSVC","6.2.14393.2457","1","23-Aug-18","GDR","4550947","April 21, 2020-KB4550947 (OS Build 14393.3659)","http://support.microsoft.com/kb/4550947","No LDR Only available","No LDR Only available","No LDR Only available","rEX","20-04Rollup"
"Gpmgmt.dll","Dom_GPSVC","6.2.14393.2879","1","14-Mar-19","GDR","4550947","April 21, 2020-KB4550947 (OS Build 14393.3659)","http://support.microsoft.com/kb/4550947","No LDR Only available","No LDR Only available","No LDR Only available","rEX","20-04Rollup"
"Gprsop.dll","Dom_GPSVC","6.2.14393.2155","1","6-Mar-18","GDR","4550947","April 21, 2020-KB4550947 (OS Build 14393.3659)","http://support.microsoft.com/kb/4550947","No LDR Only available","No LDR Only available","No LDR Only available","rEX","20-04Rollup"
"Gpme.dll","Dom_GPP","6.2.14393.3297","1","1-Oct-19","GDR","4550947","April 21, 2020-KB4550947 (OS Build 14393.3659)","http://support.microsoft.com/kb/4550947","No LDR Only available","No LDR Only available","No LDR Only available","rEX","20-04Rollup"
"Gpprefcn.dll","Dom_GPP","6.2.14393.2248","1","28-Apr-18","GDR","4550947","April 21, 2020-KB4550947 (OS Build 14393.3659)","http://support.microsoft.com/kb/4550947","No LDR Only available","No LDR Only available","No LDR Only available","rEX","20-04Rollup"
"Gpregistrybrowser.dll","Dom_GPP","6.2.14393.2248","1","28-Apr-18","GDR","4550947","April 21, 2020-KB4550947 (OS Build 14393.3659)","http://support.microsoft.com/kb/4550947","No LDR Only available","No LDR Only available","No LDR Only available","rEX","20-04Rollup"
"Propshts.dll","Dom_GPP","6.2.14393.3297","1","1-Oct-19","GDR","4550947","April 21, 2020-KB4550947 (OS Build 14393.3659)","http://support.microsoft.com/kb/4550947","No LDR Only available","No LDR Only available","No LDR Only available","rEX","20-04Rollup"
"Repdrvfs.dll","Core_WMI","6.2.14393.3630","0","8-Apr-20","GDR","4550947","April 21, 2020-KB4550947 (OS Build 14393.3659)","http://support.microsoft.com/kb/4550947","No LDR Only available","No LDR Only available","No LDR Only available","rEX","20-04Rollup"
"Csc.sys","Net_CSC_Offline","6.2.14393.3595","1","13-Mar-20","GDR","4550947","April 21, 2020-KB4550947 (OS Build 14393.3659)","http://support.microsoft.com/kb/4550947","No LDR Only available","No LDR Only available","No LDR Only available","rEX","20-04Rollup"
"Cscsvc.dll","Net_CSC_Offline","6.2.14393.3564","1","4-Mar-20","GDR","4550947","April 21, 2020-KB4550947 (OS Build 14393.3659)","http://support.microsoft.com/kb/4550947","No LDR Only available","No LDR Only available","No LDR Only available","rEX","20-04Rollup"
"Cscmig.dll","Net_CSC_Offline","6.2.14393.3595","1","13-Mar-20","GDR","4550947","April 21, 2020-KB4550947 (OS Build 14393.3659)","http://support.microsoft.com/kb/4550947","No LDR Only available","No LDR Only available","No LDR Only available","rEX","20-04Rollup"
"Kdcsvc.dll","Dom_KDCSVC","6.2.14393.3659","0","11-Apr-20","GDR","4550947","April 21, 2020-KB4550947 (OS Build 14393.3659)","http://support.microsoft.com/kb/4550947","No LDR Only available","No LDR Only available","No LDR Only available","rEX","20-04Rollup"
"Dfsrs.exe","Dom_DFS-R","6.2.14393.2879","0","14-Mar-19","GDR","4550947","April 21, 2020-KB4550947 (OS Build 14393.3659)","http://support.microsoft.com/kb/4550947","No LDR Only available","No LDR Only available","No LDR Only available","rEX","20-04Rollup"
"Dfsrress.dll","Dom_DFS-R","6.2.14393.0","0","16-Jul-16","GDR","4550947","April 21, 2020-KB4550947 (OS Build 14393.3659)","http://support.microsoft.com/kb/4550947","No LDR Only available","No LDR Only available","No LDR Only available","rEX","20-04Rollup"
"4550994","Win2016RS1_20_04_SSU_KB"," ","0","14-Apr-2020","GDR","4550994","Servicing stack update for Windows 10, version 1607: April 14, 2020","http://support.microsoft.com/kb/4550994","KB only","KB only","KB Only"," ","No Rollup"
"4550947","Win2016RS1_20-04_C_rollup_KB"," ","0","21-Apr-2020","GDR","4550947 (v1.0)","April 21, 2020-KB4550947 (OS Build 14393.3659)","http://support.microsoft.com/kb/4550947","KB only","KB only","KB only"," ","20-04Rollup"
