"Binary","Component","Version","Prio","Published","Branch","Article","Title","Link","LDROnlyKB","LDROnlyTitle","LDROnlyLink","Comment","RollupInfo"
"Netlogon.dll","Dom_NETLOGON","6.2.17134.1276","0","7-Jan-20","GDR","4537762","February 11, 2020-KB4537762 (OS Build 17134.1304)","http://support.microsoft.com/kb/4537762","No LDR Only available","No LDR Only available","No LDR Only available","rEX","20-02Rollup"
"LogonCli.dll","Dom_NETLOGON","6.2.17134.1276","0","7-Jan-20","GDR","4537762","February 11, 2020-KB4537762 (OS Build 17134.1304)","http://support.microsoft.com/kb/4537762","No LDR Only available","No LDR Only available","No LDR Only available","rEX","20-02Rollup"
"Winlogon.exe","Dom_WINLOGON","6.2.17134.1067","0","2-Oct-19","GDR","4537762","February 11, 2020-KB4537762 (OS Build 17134.1304)","http://support.microsoft.com/kb/4537762","No LDR Only available","No LDR Only available","No LDR Only available","rEX","20-02Rollup"
"Kerberos.dll","Dom_KERBEROS","6.2.17134.1304","0","5-Feb-20","GDR","4537762","February 11, 2020-KB4537762 (OS Build 17134.1304)","http://support.microsoft.com/kb/4537762","No LDR Only available","No LDR Only available","No LDR Only available","rEX","20-02Rollup"
"Msv1_0.dll","Dom_NTLM","6.2.17134.1130","1","8-Nov-19","GDR","4537762","February 11, 2020-KB4537762 (OS Build 17134.1304)","http://support.microsoft.com/kb/4537762","No LDR Only available","No LDR Only available","No LDR Only available","rEX","20-02Rollup"
"Lsass.exe","Dom_LSA","6.2.17134.376","0","21-Oct-18","GDR","4537762","February 11, 2020-KB4537762 (OS Build 17134.1304)","http://support.microsoft.com/kb/4537762","No LDR Only available","No LDR Only available","No LDR Only available","rEX","20-02Rollup"
"Lsasrv.dll","Dom_LSA","6.2.17134.1304","0","5-Feb-20","GDR","4537762","February 11, 2020-KB4537762 (OS Build 17134.1304)","http://support.microsoft.com/kb/4537762","No LDR Only available","No LDR Only available","No LDR Only available","rEX","20-02Rollup"
"Ksecdd.sys","Dom_LSA","6.2.17134.376","0","21-Oct-18","GDR","4537762","February 11, 2020-KB4537762 (OS Build 17134.1304)","http://support.microsoft.com/kb/4537762","No LDR Only available","No LDR Only available","No LDR Only available","rEX","20-02Rollup"
"Ksecpkg.sys","Dom_LSA","6.2.17134.1038","0","7-Aug-19","GDR","4537762","February 11, 2020-KB4537762 (OS Build 17134.1304)","http://support.microsoft.com/kb/4537762","No LDR Only available","No LDR Only available","No LDR Only available","rEX","20-02Rollup"
"Secur32.dll","Dom_LSA","6.2.17134.1","0","11-Apr-18","GDR","4537762","February 11, 2020-KB4537762 (OS Build 17134.1304)","http://support.microsoft.com/kb/4537762","No LDR Only available","No LDR Only available","No LDR Only available","rEX","20-02Rollup"
"Sspicli.dll","Dom_LSA","6.2.17134.376","0","21-Oct-18","GDR","4537762","February 11, 2020-KB4537762 (OS Build 17134.1304)","http://support.microsoft.com/kb/4537762","No LDR Only available","No LDR Only available","No LDR Only available","rEX","20-02Rollup"
"Sspisrv.dll","Dom_LSA","6.2.17134.376","0","21-Oct-18","GDR","4537762","February 11, 2020-KB4537762 (OS Build 17134.1304)","http://support.microsoft.com/kb/4537762","No LDR Only available","No LDR Only available","No LDR Only available","rEX","20-02Rollup"
"AclUI.dll","Dom_SecAuditAndConfig","6.2.17134.319","1","8-Sep-18","GDR","4537762","February 11, 2020-KB4537762 (OS Build 17134.1304)","http://support.microsoft.com/kb/4537762","No LDR Only available","No LDR Only available","No LDR Only available","rEX","20-02Rollup"
"Winscard.dll","Dom_SC_Provider","6.2.17134.441","1","9-Nov-18","GDR","4537762","February 11, 2020-KB4537762 (OS Build 17134.1304)","http://support.microsoft.com/kb/4537762","No LDR Only available","No LDR Only available","No LDR Only available","rEX","20-02Rollup"
"Basecsp.dll","Dom_SC_Provider","6.2.17134.319","1","8-Sep-18","GDR","4537762","February 11, 2020-KB4537762 (OS Build 17134.1304)","http://support.microsoft.com/kb/4537762","No LDR Only available","No LDR Only available","No LDR Only available","rEX","20-02Rollup"
"Scksp.dll","Dom_SC_Provider","6.2.17134.319","1","8-Sep-18","GDR","4537762","February 11, 2020-KB4537762 (OS Build 17134.1304)","http://support.microsoft.com/kb/4537762","No LDR Only available","No LDR Only available","No LDR Only available","rEX","20-02Rollup"
"ScardSvr.dll","Dom_SC_Srv","6.2.17134.319","1","8-Sep-18","GDR","4537762","February 11, 2020-KB4537762 (OS Build 17134.1304)","http://support.microsoft.com/kb/4537762","No LDR Only available","No LDR Only available","No LDR Only available","rEX","20-02Rollup"
"Scfilter.sys","Dom_SC_Srv","6.2.17134.1","1","11-Apr-18","GDR","4537762","February 11, 2020-KB4537762 (OS Build 17134.1304)","http://support.microsoft.com/kb/4537762","No LDR Only available","No LDR Only available","No LDR Only available","rEX","20-02Rollup"
"Certprop.dll","Dom_SC_Srv","6.2.17134.319","1","8-Sep-18","GDR","4537762","February 11, 2020-KB4537762 (OS Build 17134.1304)","http://support.microsoft.com/kb/4537762","No LDR Only available","No LDR Only available","No LDR Only available","rEX","20-02Rollup"
"Crypt32.dll","Dom_CRYPTO","6.2.17134.1246","1","7-Jan-20","GDR","4537762","February 11, 2020-KB4537762 (OS Build 17134.1304)","http://support.microsoft.com/kb/4537762","No LDR Only available","No LDR Only available","No LDR Only available","rEX","20-02Rollup"
"Wintrust.dll","Dom_CRYPTO","6.2.17134.556","1","9-Jan-19","GDR","4537762","February 11, 2020-KB4537762 (OS Build 17134.1304)","http://support.microsoft.com/kb/4537762","No LDR Only available","No LDR Only available","No LDR Only available","rEX","20-02Rollup"
"Cryptdll.dll","Dom_CRYPTO","6.2.17134.765","1","3-May-19","GDR","4537762","February 11, 2020-KB4537762 (OS Build 17134.1304)","http://support.microsoft.com/kb/4537762","No LDR Only available","No LDR Only available","No LDR Only available","rEX","20-02Rollup"
"Cryptcatsvc.dll","Dom_CRYPTO","6.2.17134.1246","1","7-Jan-20","GDR","4537762","February 11, 2020-KB4537762 (OS Build 17134.1304)","http://support.microsoft.com/kb/4537762","No LDR Only available","No LDR Only available","No LDR Only available","rEX","20-02Rollup"
"Gpapi.dll","Dom_GPSVC","6.2.17134.1","0","11-Apr-18","GDR","4537762","February 11, 2020-KB4537762 (OS Build 17134.1304)","http://support.microsoft.com/kb/4537762","No LDR Only available","No LDR Only available","No LDR Only available","rEX","20-02Rollup"
"Gpsvc.dll","Dom_GPSVC","6.2.17134.619","0","16-Feb-19","GDR","4537762","February 11, 2020-KB4537762 (OS Build 17134.1304)","http://support.microsoft.com/kb/4537762","No LDR Only available","No LDR Only available","No LDR Only available","rEX","20-02Rollup"
"Userenv.dll","Dom_GPSVC","6.2.17134.1098","0","2-Oct-19","GDR","4537762","February 11, 2020-KB4537762 (OS Build 17134.1304)","http://support.microsoft.com/kb/4537762","No LDR Only available","No LDR Only available","No LDR Only available","rEX","20-02Rollup"
"Gpprefcl.dll","Dom_GPP","6.2.17134.165","0","6-Jul-18","GDR","4537762","February 11, 2020-KB4537762 (OS Build 17134.1304)","http://support.microsoft.com/kb/4537762","No LDR Only available","No LDR Only available","No LDR Only available","rEX","20-02Rollup"
"Gpme.dll","Dom_GPP","6.2.17134.1","0","11-Apr-18","GDR","4537762","February 11, 2020-KB4537762 (OS Build 17134.1304)","http://support.microsoft.com/kb/4537762","No LDR Only available","No LDR Only available","No LDR Only available","rEX","20-02Rollup"
"Gppref.dll","Dom_GPP","6.2.17134.1276","0","7-Jan-20","GDR","4537762","February 11, 2020-KB4537762 (OS Build 17134.1304)","http://support.microsoft.com/kb/4537762","No LDR Only available","No LDR Only available","No LDR Only available","rEX","20-02Rollup"
"Gpprefbr.dll","Dom_GPP","6.2.17134.1276","0","7-Jan-20","GDR","4537762","February 11, 2020-KB4537762 (OS Build 17134.1304)","http://support.microsoft.com/kb/4537762","No LDR Only available","No LDR Only available","No LDR Only available","rEX","20-02Rollup"
"Gpprefcn.dll","Dom_GPP","6.2.17134.1","0","11-Apr-18","GDR","4537762","February 11, 2020-KB4537762 (OS Build 17134.1304)","http://support.microsoft.com/kb/4537762","No LDR Only available","No LDR Only available","No LDR Only available","rEX","20-02Rollup"
"Gpregistrybrowser.dll","Dom_GPP","6.2.17134.1","0","11-Apr-18","GDR","4537762","February 11, 2020-KB4537762 (OS Build 17134.1304)","http://support.microsoft.com/kb/4537762","No LDR Only available","No LDR Only available","No LDR Only available","rEX","20-02Rollup"
"Propshts.dll","Dom_GPP","6.2.17134.1276","0","7-Jan-20","GDR","4537762","February 11, 2020-KB4537762 (OS Build 17134.1304)","http://support.microsoft.com/kb/4537762","No LDR Only available","No LDR Only available","No LDR Only available","rEX","20-02Rollup"
"Profsvc.dll","Dom_ProfProc","6.2.17134.1304","0","5-Feb-20","GDR","4537762","February 11, 2020-KB4537762 (OS Build 17134.1304)","http://support.microsoft.com/kb/4537762","No LDR Only available","No LDR Only available","No LDR Only available","rEX","20-02Rollup"
"Fdeploy.dll","Dom_FolderRedir","6.2.17134.254","0","9-Aug-18","GDR","4537762","February 11, 2020-KB4537762 (OS Build 17134.1304)","http://support.microsoft.com/kb/4537762","No LDR Only available","No LDR Only available","No LDR Only available","rEX","20-02Rollup"
"Esent.dll","Dom_ESENT","6.2.17134.799","0","17-May-19","GDR","4537762","February 11, 2020-KB4537762 (OS Build 17134.1304)","http://support.microsoft.com/kb/4537762","No LDR Only available","No LDR Only available","No LDR Only available","rEX","20-02Rollup"
"Ntdsai.dll","Dom_NTDSAI","6.2.17134.982","0","13-Aug-19","GDR","4537762","February 11, 2020-KB4537762 (OS Build 17134.1304)","http://support.microsoft.com/kb/4537762","No LDR Only available","No LDR Only available","No LDR Only available","rEX","20-02Rollup"
"Ntdsutil.exe","Dom_NTDSAI","6.2.17134.765","0","3-May-19","GDR","4537762","February 11, 2020-KB4537762 (OS Build 17134.1304)","http://support.microsoft.com/kb/4537762","No LDR Only available","No LDR Only available","No LDR Only available","rEX","20-02Rollup"
"Samsrv.dll","Dom_SAMSRV","6.2.17134.1246","0","7-Jan-20","GDR","4537762","February 11, 2020-KB4537762 (OS Build 17134.1304)","http://support.microsoft.com/kb/4537762","No LDR Only available","No LDR Only available","No LDR Only available","rEX","20-02Rollup"
"Samlib.dll","Dom_SAMSRV","6.2.17134.1246","0","7-Jan-20","GDR","4537762","February 11, 2020-KB4537762 (OS Build 17134.1304)","http://support.microsoft.com/kb/4537762","No LDR Only available","No LDR Only available","No LDR Only available","rEX","20-02Rollup"
"Mrxsmb.sys","Net_SMB_Client","6.2.17134.1130","0","8-Nov-19","GDR","4537762","February 11, 2020-KB4537762 (OS Build 17134.1304)","http://support.microsoft.com/kb/4537762","No LDR Only available","No LDR Only available","No LDR Only available","rEX","20-02Rollup"
"Mrxsmb10.sys","Net_SMB_Client","6.2.17134.648","0","6-Mar-19","GDR","4537762","February 11, 2020-KB4537762 (OS Build 17134.1304)","http://support.microsoft.com/kb/4537762","No LDR Only available","No LDR Only available","No LDR Only available","rEX","20-02Rollup"
"Mrxsmb20.sys","Net_SMB_Client","6.2.17134.1130","0","8-Nov-19","GDR","4537762","February 11, 2020-KB4537762 (OS Build 17134.1304)","http://support.microsoft.com/kb/4537762","No LDR Only available","No LDR Only available","No LDR Only available","rEX","20-02Rollup"
"Rdbss.sys","Net_SMB_Client","6.2.17134.1067","0","2-Oct-19","GDR","4537762","February 11, 2020-KB4537762 (OS Build 17134.1304)","http://support.microsoft.com/kb/4537762","No LDR Only available","No LDR Only available","No LDR Only available","rEX","20-02Rollup"
"Netbt.sys","Net_SMB_Client","6.2.17134.706","0","2-Apr-19","GDR","4537762","February 11, 2020-KB4537762 (OS Build 17134.1304)","http://support.microsoft.com/kb/4537762","No LDR Only available","No LDR Only available","No LDR Only available","rEX","20-02Rollup"
"Mup.sys","Net_SMB_Client","6.2.17134.1","0","11-Apr-18","GDR","4537762","February 11, 2020-KB4537762 (OS Build 17134.1304)","http://support.microsoft.com/kb/4537762","No LDR Only available","No LDR Only available","No LDR Only available","rEX","20-02Rollup"
"wkssvc.dll","Net_SMB_Client","6.2.17134.858","0","13-Jun-19","GDR","4537762","February 11, 2020-KB4537762 (OS Build 17134.1304)","http://support.microsoft.com/kb/4537762","No LDR Only available","No LDR Only available","No LDR Only available","rEX","20-02Rollup"
"Tcpip.sys","Net_Protocol","6.2.17134.1276","0","7-Jan-20","GDR","4537762","February 11, 2020-KB4537762 (OS Build 17134.1304)","http://support.microsoft.com/kb/4537762","No LDR Only available","No LDR Only available","No LDR Only available","rEX","20-02Rollup"
"Afd.sys","Net_Protocol","6.2.17134.648","0","6-Mar-19","GDR","4537762","February 11, 2020-KB4537762 (OS Build 17134.1304)","http://support.microsoft.com/kb/4537762","No LDR Only available","No LDR Only available","No LDR Only available","rEX","20-02Rollup"
"Netio.sys","Net_Protocol","6.2.17134.441","0","9-Nov-18","GDR","4537762","February 11, 2020-KB4537762 (OS Build 17134.1304)","http://support.microsoft.com/kb/4537762","No LDR Only available","No LDR Only available","No LDR Only available","rEX","20-02Rollup"
"Ndis.sys","Net_Protocol","6.2.17134.1304","0","5-Feb-20","GDR","4537762","February 11, 2020-KB4537762 (OS Build 17134.1304)","http://support.microsoft.com/kb/4537762","No LDR Only available","No LDR Only available","No LDR Only available","rEX","20-02Rollup"
"Dfsc.sys","Net_DFS-N_Client","6.2.17134.137","0","15-Jun-18","GDR","4537762","February 11, 2020-KB4537762 (OS Build 17134.1304)","http://support.microsoft.com/kb/4537762","No LDR Only available","No LDR Only available","No LDR Only available","rEX","20-02Rollup"
"Csc.sys","Net_CSC_Offline","6.2.17134.1098","0","2-Oct-19","GDR","4537762","February 11, 2020-KB4537762 (OS Build 17134.1304)","http://support.microsoft.com/kb/4537762","No LDR Only available","No LDR Only available","No LDR Only available","rEX","20-02Rollup"
"Cscsvc.dll","Net_CSC_Offline","6.2.17134.677","0","14-Mar-19","GDR","4537762","February 11, 2020-KB4537762 (OS Build 17134.1304)","http://support.microsoft.com/kb/4537762","No LDR Only available","No LDR Only available","No LDR Only available","rEX","20-02Rollup"
"Cscmig.dll","Net_CSC_Offline","6.2.17134.1","0","11-Apr-18","GDR","4537762","February 11, 2020-KB4537762 (OS Build 17134.1304)","http://support.microsoft.com/kb/4537762","No LDR Only available","No LDR Only available","No LDR Only available","rEX","20-02Rollup"
"Mrxdav.sys","Net_WebDAV","6.2.17134.1038","0","13-Sep-19","GDR","4537762","February 11, 2020-KB4537762 (OS Build 17134.1304)","http://support.microsoft.com/kb/4537762","No LDR Only available","No LDR Only available","No LDR Only available","rEX","20-02Rollup"
"Shell32.dll","Net_WebDAV","6.2.17134.1304","0","5-Feb-20","GDR","4537762","February 11, 2020-KB4537762 (OS Build 17134.1304)","http://support.microsoft.com/kb/4537762","No LDR Only available","No LDR Only available","No LDR Only available","rEX","20-02Rollup"
"Winhttp.dll","Net_WebDAV","6.2.17134.590","0","6-Feb-19","GDR","4537762","February 11, 2020-KB4537762 (OS Build 17134.1304)","http://support.microsoft.com/kb/4537762","No LDR Only available","No LDR Only available","No LDR Only available","rEX","20-02Rollup"
"Dhcpcore.dll","Net_DHCP_Client","6.2.17134.950","0","7-Aug-19","GDR","4537762","February 11, 2020-KB4537762 (OS Build 17134.1304)","http://support.microsoft.com/kb/4537762","No LDR Only available","No LDR Only available","No LDR Only available","rEX","20-02Rollup"
"Dhcpcsvc.dll","Net_DHCP_Client","6.2.17134.1","0","11-Apr-18","GDR","4537762","February 11, 2020-KB4537762 (OS Build 17134.1304)","http://support.microsoft.com/kb/4537762","No LDR Only available","No LDR Only available","No LDR Only available","rEX","20-02Rollup"
"dnsapi.dll","Net_DNS_Client","6.2.17134.915","0","9-Jul-19","GDR","4537762","February 11, 2020-KB4537762 (OS Build 17134.1304)","http://support.microsoft.com/kb/4537762","No LDR Only available","No LDR Only available","No LDR Only available","rEX","20-02Rollup"
"dnsrslvr.dll","Net_DNS_Client","6.2.17134.915","0","9-Jul-19","GDR","4537762","February 11, 2020-KB4537762 (OS Build 17134.1304)","http://support.microsoft.com/kb/4537762","No LDR Only available","No LDR Only available","No LDR Only available","rEX","20-02Rollup"
"Rpcss.dll","Net_RPC","6.2.17134.1038","1","13-Sep-19","GDR","4537762","February 11, 2020-KB4537762 (OS Build 17134.1304)","http://support.microsoft.com/kb/4537762","No LDR Only available","No LDR Only available","No LDR Only available","rEX","20-02Rollup"
"Rpcrt4.dll","Net_RPC","6.2.17134.1130","1","8-Nov-19","GDR","4537762","February 11, 2020-KB4537762 (OS Build 17134.1304)","http://support.microsoft.com/kb/4537762","No LDR Only available","No LDR Only available","No LDR Only available","rEX","20-02Rollup"
"Bfe.dll","Net_Ipsec_BFE","6.2.17134.858","1","13-Jun-19","GDR","4537762","February 11, 2020-KB4537762 (OS Build 17134.1304)","http://support.microsoft.com/kb/4537762","No LDR Only available","No LDR Only available","No LDR Only available","rEX","20-02Rollup"
"Ikeext.dll","Net_Ipsec_BFE","6.2.17134.254","1","9-Aug-18","GDR","4537762","February 11, 2020-KB4537762 (OS Build 17134.1304)","http://support.microsoft.com/kb/4537762","No LDR Only available","No LDR Only available","No LDR Only available","rEX","20-02Rollup"
"Fwpuclnt.dll","Net_Ipsec_BFE","6.2.17134.1","1","11-Apr-18","GDR","4537762","February 11, 2020-KB4537762 (OS Build 17134.1304)","http://support.microsoft.com/kb/4537762","No LDR Only available","No LDR Only available","No LDR Only available","rEX","20-02Rollup"
"Iphlpsvc.dll","Net_DirectAccess_Client","6.2.17134.1130","1","8-Nov-19","GDR","4537762","February 11, 2020-KB4537762 (OS Build 17134.1304)","http://support.microsoft.com/kb/4537762","No LDR Only available","No LDR Only available","No LDR Only available","rEX","20-02Rollup"
"Rdpcore.dll","Net_DirectAccess_Client","6.2.17134.1304","1","5-Feb-20","GDR","4537762","February 11, 2020-KB4537762 (OS Build 17134.1304)","http://support.microsoft.com/kb/4537762","No LDR Only available","No LDR Only available","No LDR Only available","rEX","20-02Rollup"
"Rastls.dll","Net_IEEE802.1x","6.2.17134.858","1","13-Jun-19","GDR","4537762","February 11, 2020-KB4537762 (OS Build 17134.1304)","http://support.microsoft.com/kb/4537762","No LDR Only available","No LDR Only available","No LDR Only available","rEX","20-02Rollup"
"wlansvc.dll","Net_WLAN_Client","6.2.17134.885","1","4-Jul-19","GDR","4537762","February 11, 2020-KB4537762 (OS Build 17134.1304)","http://support.microsoft.com/kb/4537762","No LDR Only available","No LDR Only available","No LDR Only available","rEX","20-02Rollup"
"wlanmsm.dll","Net_WLAN_Client","6.2.17134.858","1","13-Jun-19","GDR","4537762","February 11, 2020-KB4537762 (OS Build 17134.1304)","http://support.microsoft.com/kb/4537762","No LDR Only available","No LDR Only available","No LDR Only available","rEX","20-02Rollup"
"wlanapi.dll","Net_WLAN_Client","6.2.17134.885","1","4-Jul-19","GDR","4537762","February 11, 2020-KB4537762 (OS Build 17134.1304)","http://support.microsoft.com/kb/4537762","No LDR Only available","No LDR Only available","No LDR Only available","rEX","20-02Rollup"
"wlansec.dll","Net_WLAN_Client","6.2.17134.376","1","21-Oct-18","GDR","4537762","February 11, 2020-KB4537762 (OS Build 17134.1304)","http://support.microsoft.com/kb/4537762","No LDR Only available","No LDR Only available","No LDR Only available","rEX","20-02Rollup"
"wlansvcpal.dll","Net_WLAN_Client","6.2.17134.137","1","15-Jun-18","GDR","4537762","February 11, 2020-KB4537762 (OS Build 17134.1304)","http://support.microsoft.com/kb/4537762","No LDR Only available","No LDR Only available","No LDR Only available","rEX","20-02Rollup"
"wlanhlp.dll","Net_WLAN_Client","6.2.17134.1","1","11-Apr-18","GDR","4537762","February 11, 2020-KB4537762 (OS Build 17134.1304)","http://support.microsoft.com/kb/4537762","No LDR Only available","No LDR Only available","No LDR Only available","rEX","20-02Rollup"
"Rasapi32.dll","HNV_Net","6.2.17134.1276","1","7-Jan-20","GDR","4537762","February 11, 2020-KB4537762 (OS Build 17134.1304)","http://support.microsoft.com/kb/4537762","No LDR Only available","No LDR Only available","No LDR Only available","rEX","20-02Rollup"
"Tunnel.sys","Net_IPv6","6.2.17134.1130","1","8-Nov-19","GDR","4537762","February 11, 2020-KB4537762 (OS Build 17134.1304)","http://support.microsoft.com/kb/4537762","No LDR Only available","No LDR Only available","No LDR Only available","rEX","20-02Rollup"
"Dhcpcore6.dll","Net_IPv6","6.2.17134.677","1","14-Mar-19","GDR","4537762","February 11, 2020-KB4537762 (OS Build 17134.1304)","http://support.microsoft.com/kb/4537762","No LDR Only available","No LDR Only available","No LDR Only available","rEX","20-02Rollup"
"Dhcpcsvc6.dll","Net_IPv6","6.2.17134.1","1","11-Apr-18","GDR","4537762","February 11, 2020-KB4537762 (OS Build 17134.1304)","http://support.microsoft.com/kb/4537762","No LDR Only available","No LDR Only available","No LDR Only available","rEX","20-02Rollup"
"WebIo.dll","Net_BranchCache","6.2.17134.441","1","9-Nov-18","GDR","4537762","February 11, 2020-KB4537762 (OS Build 17134.1304)","http://support.microsoft.com/kb/4537762","No LDR Only available","No LDR Only available","No LDR Only available","rEX","20-02Rollup"
"Mpsdrv.sys","Net_Firewall","6.2.17134.285","1","31-Aug-18","GDR","4537762","February 11, 2020-KB4537762 (OS Build 17134.1304)","http://support.microsoft.com/kb/4537762","No LDR Only available","No LDR Only available","No LDR Only available","rEX","20-02Rollup"
"MpsSvc.dll","Net_Firewall","6.2.17134.1006","1","4-Sep-19","GDR","4537762","February 11, 2020-KB4537762 (OS Build 17134.1304)","http://support.microsoft.com/kb/4537762","No LDR Only available","No LDR Only available","No LDR Only available","rEX","20-02Rollup"
"Ntoskrnl.exe","Core_Kernel","6.2.17134.1304","0","5-Feb-20","GDR","4537762","February 11, 2020-KB4537762 (OS Build 17134.1304)","http://support.microsoft.com/kb/4537762","No LDR Only available","No LDR Only available","No LDR Only available","rEX","20-02Rollup"
"Crashdmp.sys","Core_Kernel","6.2.17134.81","0","20-May-18","GDR","4537762","February 11, 2020-KB4537762 (OS Build 17134.1304)","http://support.microsoft.com/kb/4537762","No LDR Only available","No LDR Only available","No LDR Only available","rEX","20-02Rollup"
"Ntdll.dll","Core_Kernel","6.2.17134.1304","0","5-Feb-20","GDR","4537762","February 11, 2020-KB4537762 (OS Build 17134.1304)","http://support.microsoft.com/kb/4537762","No LDR Only available","No LDR Only available","No LDR Only available","rEX","20-02Rollup"
"Hal.dll","Core_Kernel","6.2.17134.1098","0","2-Oct-19","GDR","4537762","February 11, 2020-KB4537762 (OS Build 17134.1304)","http://support.microsoft.com/kb/4537762","No LDR Only available","No LDR Only available","No LDR Only available","rEX","20-02Rollup"
"Fltmgr.sys","Core_Kernel","6.2.17134.1098","0","2-Oct-19","GDR","4537762","February 11, 2020-KB4537762 (OS Build 17134.1304)","http://support.microsoft.com/kb/4537762","No LDR Only available","No LDR Only available","No LDR Only available","rEX","20-02Rollup"
"win32k.sys","Core_Kernel","6.2.17134.1","0","11-Apr-18","GDR","4537762","February 11, 2020-KB4537762 (OS Build 17134.1304)","http://support.microsoft.com/kb/4537762","No LDR Only available","No LDR Only available","No LDR Only available","rEX","20-02Rollup"
"Ntfs.sys","Core_FileSystem","6.2.17134.1276","0","7-Jan-20","GDR","4537762","February 11, 2020-KB4537762 (OS Build 17134.1304)","http://support.microsoft.com/kb/4537762","No LDR Only available","No LDR Only available","No LDR Only available","rEX","20-02Rollup"
"dedup.sys","Core_FileSystem","6.2.17134.799","0","17-May-19","GDR","4537762","February 11, 2020-KB4537762 (OS Build 17134.1304)","http://support.microsoft.com/kb/4537762","No LDR Only available","No LDR Only available","No LDR Only available","rEX","20-02Rollup"
"Msiscsi.sys","Core_DiskSystem","6.2.17134.860","0","21-Jun-19","GDR","4537762","February 11, 2020-KB4537762 (OS Build 17134.1304)","http://support.microsoft.com/kb/4537762","No LDR Only available","No LDR Only available","No LDR Only available","rEX","20-02Rollup"
"Storport.sys","Core_DiskSystem","6.2.17134.376","0","21-Oct-18","GDR","4537762","February 11, 2020-KB4537762 (OS Build 17134.1304)","http://support.microsoft.com/kb/4537762","No LDR Only available","No LDR Only available","No LDR Only available","rEX","20-02Rollup"
"Repdrvfs.dll","Core_WMI","6.2.17134.982","0","13-Aug-19","GDR","4537762","February 11, 2020-KB4537762 (OS Build 17134.1304)","http://support.microsoft.com/kb/4537762","No LDR Only available","No LDR Only available","No LDR Only available","rEX","20-02Rollup"
"Advapi32.dll","Core_Apps","6.2.17134.471","0","8-Dec-18","GDR","4537762","February 11, 2020-KB4537762 (OS Build 17134.1304)","http://support.microsoft.com/kb/4537762","No LDR Only available","No LDR Only available","No LDR Only available","rEX","20-02Rollup"
"Mshtml.dll","IE_Client","11.0.17134.1304","0","5-Feb-20","GDR","4537762","February 11, 2020-KB4537762 (OS Build 17134.1304)","http://support.microsoft.com/kb/4537762","No LDR Only available","No LDR Only available","No LDR Only available","rEX","20-02Rollup"
"4523203","Win2016RS4_19_11_SSU_KB"," ","0","12-Nov-2019","GDR","4523203","Servicing stack update for Windows 10, version 1803: November 12, 2019","http://support.microsoft.com/kb/4523203","KB only","KB only","KB Only"," ","No Rollup"
"4537762","Win2016RS4_20-02_B_rollup_KB"," ","0","11-Feb-2020","GDR","4537762 (v1.0)","February 11, 2020-KB4537762 (OS Build 17134.1304)","http://support.microsoft.com/kb/4537762","KB only","KB only","KB only"," ","20-02Rollup"
