"Binary","Component","Version","Prio","Published","Branch","Article","Title","Link","LDROnlyKB","LDROnlyTitle","LDROnlyLink","Comment","RollupInfo"
"Ntoskrnl.exe","Core_Kernel","6.2.16299.1622","0","12-Dec-19","GDR","4534276","January 14, 2020-KB4534276 (OS Build 16299.1625)","http://support.microsoft.com/kb/4534276","No LDR Only available","No LDR Only available","No LDR Only available","rEX","20-01Rollup"
"Ntdll.dll","Core_Kernel","6.2.16299.936","0","5-Jan-19","GDR","4534276","January 14, 2020-KB4534276 (OS Build 16299.1625)","http://support.microsoft.com/kb/4534276","No LDR Only available","No LDR Only available","No LDR Only available","rEX","20-01Rollup"
"Hal.dll","Core_Kernel","6.2.16299.1565","0","3-Dec-19","GDR","4534276","January 14, 2020-KB4534276 (OS Build 16299.1625)","http://support.microsoft.com/kb/4534276","No LDR Only available","No LDR Only available","No LDR Only available","rEX","20-01Rollup"
"Fltmgr.sys","Core_Kernel","6.2.16299.1480","0","2-Oct-19","GDR","4534276","January 14, 2020-KB4534276 (OS Build 16299.1625)","http://support.microsoft.com/kb/4534276","No LDR Only available","No LDR Only available","No LDR Only available","rEX","20-01Rollup"
"win32k.sys","Core_Kernel","6.2.16299.15","0","29-Sep-17","GDR","4534276","January 14, 2020-KB4534276 (OS Build 16299.1625)","http://support.microsoft.com/kb/4534276","No LDR Only available","No LDR Only available","No LDR Only available","rEX","20-01Rollup"
"Ntfs.sys","Core_FileSystem","6.2.16299.1480","0","2-Oct-19","GDR","4534276","January 14, 2020-KB4534276 (OS Build 16299.1625)","http://support.microsoft.com/kb/4534276","No LDR Only available","No LDR Only available","No LDR Only available","rEX","20-01Rollup"
"dedup.sys","Core_FileSystem","6.2.16299.1059","0","14-Mar-19","GDR","4534276","January 14, 2020-KB4534276 (OS Build 16299.1625)","http://support.microsoft.com/kb/4534276","No LDR Only available","No LDR Only available","No LDR Only available","rEX","20-01Rollup"
"Msiscsi.sys","Core_DiskSystem","6.2.16299.1268","0","5-Jul-19","GDR","4534276","January 14, 2020-KB4534276 (OS Build 16299.1625)","http://support.microsoft.com/kb/4534276","No LDR Only available","No LDR Only available","No LDR Only available","rEX","20-01Rollup"
"Storport.sys","Core_DiskSystem","6.2.16299.755","0","10-Oct-18","GDR","4534276","January 14, 2020-KB4534276 (OS Build 16299.1625)","http://support.microsoft.com/kb/4534276","No LDR Only available","No LDR Only available","No LDR Only available","rEX","20-01Rollup"
"Mpio.sys","Core_MPIO","6.2.16299.334","0","13-Mar-18","GDR","4534276","January 14, 2020-KB4534276 (OS Build 16299.1625)","http://support.microsoft.com/kb/4534276","No LDR Only available","No LDR Only available","No LDR Only available","rEX","20-01Rollup"
"Msdsm.sys","Core_MPIO","6.2.16299.579","0","18-Jul-18","GDR","4534276","January 14, 2020-KB4534276 (OS Build 16299.1625)","http://support.microsoft.com/kb/4534276","No LDR Only available","No LDR Only available","No LDR Only available","rEX","20-01Rollup"
"Vssapi.dll","Core_VSS","6.2.16299.248","1","10-Feb-18","GDR","4534276","January 14, 2020-KB4534276 (OS Build 16299.1625)","http://support.microsoft.com/kb/4534276","No LDR Only available","No LDR Only available","No LDR Only available","rEX","20-01Rollup"
"Vsstrace.dll","Core_VSS","6.2.16299.15","1","29-Sep-17","GDR","4534276","January 14, 2020-KB4534276 (OS Build 16299.1625)","http://support.microsoft.com/kb/4534276","No LDR Only available","No LDR Only available","No LDR Only available","rEX","20-01Rollup"
"pci.sys","Core_Sys","6.2.16299.820","1","7-Nov-18","GDR","4534276","January 14, 2020-KB4534276 (OS Build 16299.1625)","http://support.microsoft.com/kb/4534276","No LDR Only available","No LDR Only available","No LDR Only available","rEX","20-01Rollup"
"Volmgr.sys","Core_Sys","6.2.16299.461","1","11-May-18","GDR","4534276","January 14, 2020-KB4534276 (OS Build 16299.1625)","http://support.microsoft.com/kb/4534276","No LDR Only available","No LDR Only available","No LDR Only available","rEX","20-01Rollup"
"Advapi32.dll","Core_Apps","6.2.16299.696","0","31-Aug-18","GDR","4534276","January 14, 2020-KB4534276 (OS Build 16299.1625)","http://support.microsoft.com/kb/4534276","No LDR Only available","No LDR Only available","No LDR Only available","rEX","20-01Rollup"
"Tzres.dll","Core_TimeZone","6.2.16299.1480","1","2-Oct-19","GDR","4534276","January 14, 2020-KB4534276 (OS Build 16299.1625)","http://support.microsoft.com/kb/4534276","No LDR Only available","No LDR Only available","No LDR Only available","rEX","20-01Rollup"
"Clussvc.exe","Cluster_Core","6.2.16299.1059","0","14-Mar-19","GDR","4534276","January 14, 2020-KB4534276 (OS Build 16299.1625)","http://support.microsoft.com/kb/4534276","No LDR Only available","No LDR Only available","No LDR Only available","rEX","20-01Rollup"
"ClusWMI.dll","Cluster_Core","6.2.16299.1004","0","17-Feb-19","GDR","4534276","January 14, 2020-KB4534276 (OS Build 16299.1625)","http://support.microsoft.com/kb/4534276","No LDR Only available","No LDR Only available","No LDR Only available","rEX","20-01Rollup"
"Rhs.exe","Cluster_Core","6.2.16299.1004","0","17-Feb-19","GDR","4534276","January 14, 2020-KB4534276 (OS Build 16299.1625)","http://support.microsoft.com/kb/4534276","No LDR Only available","No LDR Only available","No LDR Only available","rEX","20-01Rollup"
"Clusres.dll","Cluster_Core","6.2.16299.1004","0","17-Feb-19","GDR","4534276","January 14, 2020-KB4534276 (OS Build 16299.1625)","http://support.microsoft.com/kb/4534276","No LDR Only available","No LDR Only available","No LDR Only available","rEX","20-01Rollup"
"Vhdmp.sys","Cluster_CSV","6.2.16299.1387","0","4-Sep-19","GDR","4534276","January 14, 2020-KB4534276 (OS Build 16299.1625)","http://support.microsoft.com/kb/4534276","No LDR Only available","No LDR Only available","No LDR Only available","rEX","20-01Rollup"
"Volsnap.sys","Cluster_Volsnap","6.2.16299.125","0","7-Dec-17","GDR","4534276","January 14, 2020-KB4534276 (OS Build 16299.1625)","http://support.microsoft.com/kb/4534276","No LDR Only available","No LDR Only available","No LDR Only available","rEX","20-01Rollup"
"Cprepsrv.exe","Cluster_Validation","6.2.16299.1004","1","17-Feb-19","GDR","4534276","January 14, 2020-KB4534276 (OS Build 16299.1625)","http://support.microsoft.com/kb/4534276","No LDR Only available","No LDR Only available","No LDR Only available","rEX","20-01Rollup"
"Vmswitch.sys","Hyper-V_Net","6.2.16299.1565","1","3-Dec-19","GDR","4534276","January 14, 2020-KB4534276 (OS Build 16299.1625)","http://support.microsoft.com/kb/4534276","No LDR Only available","No LDR Only available","No LDR Only available","rEX","20-01Rollup"
"Wnv.sys","Hyper-V_Net","6.2.16299.1504","1","24-Oct-19","GDR","4534276","January 14, 2020-KB4534276 (OS Build 16299.1625)","http://support.microsoft.com/kb/4534276","No LDR Only available","No LDR Only available","No LDR Only available","rEX","20-01Rollup"
"Ndisimplatform.sys","Hyper-V_Net","6.2.16299.1419","1","13-Sep-19","GDR","4534276","January 14, 2020-KB4534276 (OS Build 16299.1625)","http://support.microsoft.com/kb/4534276","No LDR Only available","No LDR Only available","No LDR Only available","rEX","20-01Rollup"
"Vmms.exe","Hyper-V_Net","6.2.16299.1331","1","7-Aug-19","GDR","4534276","January 14, 2020-KB4534276 (OS Build 16299.1625)","http://support.microsoft.com/kb/4534276","No LDR Only available","No LDR Only available","No LDR Only available","rEX","20-01Rollup"
"Winnat.sys","Hyper-V_Net","6.2.16299.1182","1","23-May-19","GDR","4534276","January 14, 2020-KB4534276 (OS Build 16299.1625)","http://support.microsoft.com/kb/4534276","No LDR Only available","No LDR Only available","No LDR Only available","rEX","20-01Rollup"
"pvhdparser.sys","Hyper-V_Net","6.2.16299.371","1","30-Mar-18","GDR","4534276","January 14, 2020-KB4534276 (OS Build 16299.1625)","http://support.microsoft.com/kb/4534276","No LDR Only available","No LDR Only available","No LDR Only available","rEX","20-01Rollup"
"Vmbus.sys","Hyper-V_Net","6.2.16299.611","1","7-Aug-18","GDR","4534276","January 14, 2020-KB4534276 (OS Build 16299.1625)","http://support.microsoft.com/kb/4534276","No LDR Only available","No LDR Only available","No LDR Only available","rEX","20-01Rollup"
"Rasapi32.dll","HNV_Net","6.2.16299.334","1","13-Mar-18","GDR","4534276","January 14, 2020-KB4534276 (OS Build 16299.1625)","http://support.microsoft.com/kb/4534276","No LDR Only available","No LDR Only available","No LDR Only available","rEX","20-01Rollup"
"Vmwp.exe","Hyper-V_app","6.2.16299.1504","1","24-Oct-19","GDR","4534276","January 14, 2020-KB4534276 (OS Build 16299.1625)","http://support.microsoft.com/kb/4534276","No LDR Only available","No LDR Only available","No LDR Only available","rEX","20-01Rollup"
"Tcpip.sys","Net_Protocol","6.2.16299.1565","0","3-Dec-19","GDR","4534276","January 14, 2020-KB4534276 (OS Build 16299.1625)","http://support.microsoft.com/kb/4534276","No LDR Only available","No LDR Only available","No LDR Only available","rEX","20-01Rollup"
"Afd.sys","Net_Protocol","6.2.16299.1029","0","6-Mar-19","GDR","4534276","January 14, 2020-KB4534276 (OS Build 16299.1625)","http://support.microsoft.com/kb/4534276","No LDR Only available","No LDR Only available","No LDR Only available","rEX","20-01Rollup"
"Netio.sys","Net_Protocol","6.2.16299.820","0","7-Nov-18","GDR","4534276","January 14, 2020-KB4534276 (OS Build 16299.1625)","http://support.microsoft.com/kb/4534276","No LDR Only available","No LDR Only available","No LDR Only available","rEX","20-01Rollup"
"Ndis.sys","Net_Protocol","6.2.16299.1004","0","17-Feb-19","GDR","4534276","January 14, 2020-KB4534276 (OS Build 16299.1625)","http://support.microsoft.com/kb/4534276","No LDR Only available","No LDR Only available","No LDR Only available","rEX","20-01Rollup"
"Tdx.sys","Net_Protocol","6.2.16299.371","0","30-Mar-18","GDR","4534276","January 14, 2020-KB4534276 (OS Build 16299.1625)","http://support.microsoft.com/kb/4534276","No LDR Only available","No LDR Only available","No LDR Only available","rEX","20-01Rollup"
"srv.sys","Net_SMB_Server","6.2.16299.1029","0","6-Mar-19","GDR","4534276","January 14, 2020-KB4534276 (OS Build 16299.1625)","http://support.microsoft.com/kb/4534276","No LDR Only available","No LDR Only available","No LDR Only available","rEX","20-01Rollup"
"srv2.sys","Net_SMB_Server","6.2.16299.1059","0","14-Mar-19","GDR","4534276","January 14, 2020-KB4534276 (OS Build 16299.1625)","http://support.microsoft.com/kb/4534276","No LDR Only available","No LDR Only available","No LDR Only available","rEX","20-01Rollup"
"srvnet.sys","Net_SMB_Server","6.2.16299.1029","0","6-Mar-19","GDR","4534276","January 14, 2020-KB4534276 (OS Build 16299.1625)","http://support.microsoft.com/kb/4534276","No LDR Only available","No LDR Only available","No LDR Only available","rEX","20-01Rollup"
"Srvsvc.dll","Net_SMB_Server","6.2.16299.371","0","30-Mar-18","GDR","4534276","January 14, 2020-KB4534276 (OS Build 16299.1625)","http://support.microsoft.com/kb/4534276","No LDR Only available","No LDR Only available","No LDR Only available","rEX","20-01Rollup"
"Mrxsmb.sys","Net_SMB_Client","6.2.16299.1387","0","4-Sep-19","GDR","4534276","January 14, 2020-KB4534276 (OS Build 16299.1625)","http://support.microsoft.com/kb/4534276","No LDR Only available","No LDR Only available","No LDR Only available","rEX","20-01Rollup"
"Mrxsmb10.sys","Net_SMB_Client","6.2.16299.1029","0","6-Mar-19","GDR","4534276","January 14, 2020-KB4534276 (OS Build 16299.1625)","http://support.microsoft.com/kb/4534276","No LDR Only available","No LDR Only available","No LDR Only available","rEX","20-01Rollup"
"Mrxsmb20.sys","Net_SMB_Client","6.2.16299.936","0","5-Jan-19","GDR","4534276","January 14, 2020-KB4534276 (OS Build 16299.1625)","http://support.microsoft.com/kb/4534276","No LDR Only available","No LDR Only available","No LDR Only available","rEX","20-01Rollup"
"Rdbss.sys","Net_SMB_Client","6.2.16299.1448","0","2-Oct-19","GDR","4534276","January 14, 2020-KB4534276 (OS Build 16299.1625)","http://support.microsoft.com/kb/4534276","No LDR Only available","No LDR Only available","No LDR Only available","rEX","20-01Rollup"
"Netbt.sys","Net_SMB_Client","6.2.16299.1087","0","2-Apr-19","GDR","4534276","January 14, 2020-KB4534276 (OS Build 16299.1625)","http://support.microsoft.com/kb/4534276","No LDR Only available","No LDR Only available","No LDR Only available","rEX","20-01Rollup"
"Mup.sys","Net_SMB_Client","6.2.16299.371","0","30-Mar-18","GDR","4534276","January 14, 2020-KB4534276 (OS Build 16299.1625)","http://support.microsoft.com/kb/4534276","No LDR Only available","No LDR Only available","No LDR Only available","rEX","20-01Rollup"
"wkssvc.dll","Net_SMB_Client","6.2.16299.371","0","30-Mar-18","GDR","4534276","January 14, 2020-KB4534276 (OS Build 16299.1625)","http://support.microsoft.com/kb/4534276","No LDR Only available","No LDR Only available","No LDR Only available","rEX","20-01Rollup"
"4523202","Win2016RS3_19_11_SSU_KB"," ","0","12-Nov-2019","GDR","4523202","Servicing stack update for Windows 10, version 1709: November 12, 2019","http://support.microsoft.com/kb/4523202","KB only","KB only","KB Only"," ","No Rollup"
"4534276","Win2016RS3_20-01_B_rollup_KB"," ","0","14-Jan-2020","GDR","4534276 (v1.0)","January 14, 2020-KB4534276 (OS Build 16299.1625)","http://support.microsoft.com/kb/4534276","KB only","KB only","KB only"," ","20-01Rollup"
