"Binary","Component","Version","Prio","Published","Branch","Article","Title","Link","LDROnlyKB","LDROnlyTitle","LDROnlyLink","Comment","RollupInfo"
"iphlpsvc.dll","Net_DirectAccess_Client","6.1.7601.22670","1","30.04.2014","LDR","2951611 (v1.0)","DirectAccess is used for internal network connections in Windows 7 SP1","http://support.microsoft.com/kb/2951611","2951611 (v1.0)","DirectAccess is used for internal network connections in Windows 7 SP1","http://support.microsoft.com/kb/2951611","rEX","16-04Rollup"
"rastls.dll","Net_IEEE802.1x","6.1.7601.22792","1","04.09.2014","LDRGDR","2977292 (v1.0)","Microsoft security advisory: Update for Microsoft EAP implementation that enables the use of TLS: October 14, 2014","http://support.microsoft.com/kb/2977292","2769121 (v1.0)","802.1X authentication fails on a Windows 7-based or Windows 2008 R2-based computer that has multiple certificates","http://support.microsoft.com/kb/2769121","rEX","16-04Rollup"
"dimsroam.dll","Dom_DIMS","6.1.7601.22616","1","05.03.2014","LDRGDR","2871997 (v2.2)","Microsoft Security Advisory: Update to improve credentials protection and management: May 13, 2014","http://support.microsoft.com/kb/2871997","2520487 (v1.0)","AD DS database size increases significantly when the Credential Roaming feature is enabled in Windows 7 or in Windows Server 2008 R2","http://support.microsoft.com/kb/2520487","rEX","16-04Rollup"
"adprovider.dll","Dom_DIMS","6.1.7601.22616","1","05.03.2014","LDRGDR","2871997 (v2.2)","Microsoft Security Advisory: Update to improve credentials protection and management: May 13, 2014","http://support.microsoft.com/kb/2871997","2520487 (v1.0)","AD DS database size increases significantly when the Credential Roaming feature is enabled in Windows 7 or in Windows Server 2008 R2","http://support.microsoft.com/kb/2520487","rEX","16-04Rollup"
"capiprovider.dll","Dom_DIMS","6.1.7601.22616","1","05.03.2014","LDRGDR","2871997 (v2.2)","Microsoft Security Advisory: Update to improve credentials protection and management: May 13, 2014","http://support.microsoft.com/kb/2871997","2520487 (v1.0)","AD DS database size increases significantly when the Credential Roaming feature is enabled in Windows 7 or in Windows Server 2008 R2","http://support.microsoft.com/kb/2520487","rEX","16-04Rollup"
"cngprovider.dll","Dom_DIMS","6.1.7601.22616","1","05.03.2014","LDRGDR","2871997 (v2.2)","Microsoft Security Advisory: Update to improve credentials protection and management: May 13, 2014","http://support.microsoft.com/kb/2871997","2520487 (v1.0)","AD DS database size increases significantly when the Credential Roaming feature is enabled in Windows 7 or in Windows Server 2008 R2","http://support.microsoft.com/kb/2520487","rEX","16-04Rollup"
"dpapiprovider.dll","Dom_DIMS","6.1.7601.22616","1","05.03.2014","LDRGDR","2871997 (v2.2)","Microsoft Security Advisory: Update to improve credentials protection and management: May 13, 2014","http://support.microsoft.com/kb/2871997","2520487 (v1.0)","AD DS database size increases significantly when the Credential Roaming feature is enabled in Windows 7 or in Windows Server 2008 R2","http://support.microsoft.com/kb/2520487","rEX","16-04Rollup"
"wincredprovider.dll","Dom_DIMS","6.1.7601.22616","1","05.03.2014","LDRGDR","2871997 (v2.2)","Microsoft Security Advisory: Update to improve credentials protection and management: May 13, 2014","http://support.microsoft.com/kb/2871997","2520487 (v1.0)","AD DS database size increases significantly when the Credential Roaming feature is enabled in Windows 7 or in Windows Server 2008 R2","http://support.microsoft.com/kb/2520487","rEX","16-04Rollup"
"gppref.dll","Dom_GPP","6.1.7601.22605","1","19.02.2014","LDRGDR","2928120 (v1.2)","MS14-025: Description of the security update for Group Policy Preferences for systems that have update 2919355 installed: May 13, 2014","http://support.microsoft.com/kb/2928120","2798787 (v1.0)","Name of Group Policy preferences for Internet Explorer are displayed incorrectly in Windows 7 or Windows Server 2008 R2","http://support.microsoft.com/kb/2798787","rEX","16-04Rollup"
"gpprefbr.dll","Dom_GPP","6.1.7601.22605","1","19.02.2014","LDR","2928120 (v1.2)","MS14-025: Description of the security update for Group Policy Preferences for systems that have update 2919355 installed: May 13, 2014","http://support.microsoft.com/kb/2928120","2928120 (v1.2)","MS14-025: Description of the security update for Group Policy Preferences for systems that have update 2919355 installed: May 13, 2014","http://support.microsoft.com/kb/2928120","rEX","16-04Rollup"
"gpprefcn.dll","Dom_GPP","6.1.7601.22605","1","19.02.2014","LDR","2928120 (v1.2)","MS14-025: Description of the security update for Group Policy Preferences for systems that have update 2919355 installed: May 13, 2014","http://support.microsoft.com/kb/2928120","2928120 (v1.2)","MS14-025: Description of the security update for Group Policy Preferences for systems that have update 2919355 installed: May 13, 2014","http://support.microsoft.com/kb/2928120","rEX","16-04Rollup"
"propshts.dll","Dom_GPP","6.1.7601.22605","1","19.02.2014","LDRGDR","2928120 (v1.2)","MS14-025: Description of the security update for Group Policy Preferences for systems that have update 2919355 installed: May 13, 2014","http://support.microsoft.com/kb/2928120","2798787 (v1.0)","Name of Group Policy preferences for Internet Explorer are displayed incorrectly in Windows 7 or Windows Server 2008 R2","http://support.microsoft.com/kb/2798787","rEX","16-04Rollup"
"msiscsi.sys","Core_DiskSystem","6.1.7601.22647","0","04.04.2014","LDR","2957560 (v1.0)","Computer that is running Windows freezes after stress testing in iSCSI initiator for many hours","http://support.microsoft.com/kb/2957560","2957560 (v1.0)","Computer that is running Windows freezes after stress testing in iSCSI initiator for many hours","http://support.microsoft.com/kb/2957560","rEX","16-04Rollup"
"msnfsflt.sys","Net_NFS_Srv","6.1.7601.22998","0","12.03.2015","LDR","3043762 (v1.0)","""The process cannot access the file"" error when you open files from NFS server in Windows Server 2008 R2 SP1","http://support.microsoft.com/kb/3043762","3043762 (v1.0)","""The process cannot access the file"" error when you open files from NFS server in Windows Server 2008 R2 SP1","http://support.microsoft.com/kb/3043762","rEX","16-04Rollup"
"profprov.dll","Dom_ProfProc","6.1.7601.22913","1","20.12.2014","LDRGDR","3021674 (v1.2)","MS15-003: Vulnerability in Windows User Profile service could allow elevation of privilege: January 13, 201","http://support.microsoft.com/kb/3021674","3021674 (v1.2)","MS15-003: Vulnerability in Windows User Profile service could allow elevation of privilege: January 13, 201","http://support.microsoft.com/kb/3021674","rEX","16-04Rollup"
"gpprnext.dll","Dom_GPExt","6.1.7601.22137","0","13.08.2014","LDR","2775511 (v1.0)","An enterprise hotfix rollup is available for Windows 7 SP1 and Windows Server 2008 R2 SP1","http://support.microsoft.com/kb/2775511","2537549 (v1.0)","Cannot deploy a printer by using a GPO if read-only domain controllers are exclusively used in the domain environment in Windows 7 or in Windows Server 2008 R2","http://support.microsoft.com/kb/2537549","rEX","16-04Rollup"
"appmgmts.dll","Dom_GPExt","6.1.7601.22137","1","13.08.2014","LDR","2775511 (v1.0)","An enterprise hotfix rollup is available for Windows 7 SP1 and Windows Server 2008 R2 SP1","http://support.microsoft.com/kb/2775511","2537556 (v1.0)","When you use a GPO for application deployment in Windows 7 or in Windows Server 2008 R2, the deployment fails","http://support.microsoft.com/kb/2537556","rEX","16-04Rollup"
"dot3svc.dll","Net_IEEE802.1x","6.1.7601.22137","1","13.08.2014","LDR","2775511 (v1.0)","An enterprise hotfix rollup is available for Windows 7 SP1 and Windows Server 2008 R2 SP1","http://support.microsoft.com/kb/2775511","2736878 (v1.0)","802.1X authentication fails after you connect a computer to a network in Windows 7 SP1 or Windows Server 2008 R2 SP1","http://support.microsoft.com/kb/2736878","rEX","16-04Rollup"
"rdpshell.exe","RDS_remote_App","6.1.7601.22137","0","13.08.2014","LDR","2775511 (v1.0)","An enterprise hotfix rollup is available for Windows 7 SP1 and Windows Server 2008 R2 SP1","http://support.microsoft.com/kb/2775511","2727101 (v1.0)","RemoteApp server starts a duplicate instance of a 32-bit RemoteApp application on a computer that is running Windows Server 2008 R2","http://support.microsoft.com/kb/2727101","rEX","16-04Rollup"
"repdrvfs.dll","Core_DiskSystem","6.1.7601.22137","0","13.08.2014","LDR","2775511 (v1.0)","An enterprise hotfix rollup is available for Windows 7 SP1 and Windows Server 2008 R2 SP1","http://support.microsoft.com/kb/2775511","2617858 (v1.0)","Unexpectedly slow startup or logon process in Windows Server 2008 R2 or in Windows 7","http://support.microsoft.com/kb/2617858","rEX","16-04Rollup"
"nfssvc.exe","Net_NFS_Srv","6.1.7601.22998","0","12.03.2015","LDR","3043762 (v1.0)","""The process cannot access the file"" error when you open files from NFS server in Windows Server 2008 R2 SP1","http://support.microsoft.com/kb/2870015","3043762 (v1.0)","""The process cannot access the file"" error when you open files from NFS server in Windows Server 2008 R2 SP1","http://support.microsoft.com/kb/3043762","rEX","16-04Rollup"
"nfssvr.sys","Net_NFS_Srv","6.1.7601.22998","0","12.03.2015","LDR","3043762 (v1.0)","""The process cannot access the file"" error when you open files from NFS server in Windows Server 2008 R2 SP1","http://support.microsoft.com/kb/2870015","3043762 (v1.0)","""The process cannot access the file"" error when you open files from NFS server in Windows Server 2008 R2 SP1","http://support.microsoft.com/kb/3043762","rEX","16-04Rollup"
"gpme.dll","Dom_GPP","6.1.7601.22605","1","19.02.2014","LDR","2928120 (v1.2)","MS14-025: Description of the security update for Group Policy Preferences for systems that have update 2919355 installed: May 13, 2014","http://support.microsoft.com/kb/2928120","No LDR Only available","No LDR Only available","No LDR Only available","rEX","16-04Rollup"
"profsvc.dll","Dom_ProfProc","6.1.7601.22940","1","22.01.2015","LDRGDR","3014783 (v1.0)","""RDS busy"" or ""The Group Policy Client failed logon"" error when you log on to an application in Windows Server 2008 R2","http://support.microsoft.com/kb/3014783","2915094 (v1.0)","Profile loading takes a long time due to full DFS namespace sync with PDC","http://support.microsoft.com/kb/2915094","rEX","16-04Rollup"
"unidrv.dll","Print_Driver","0.3.9600.17246","1","17.05.2016","LDR","3125574","Convenience roll-up update for Windows 7 SP1 and Windows Server 2008 R2 SP1","http://support.microsoft.com/kb/3125574","No LDR Only available","No LDR Only available","No LDR Only available","rEX","16-04Rollup"
"unires.dll","Print_Driver","0.3.9600.17246","1","17.05.2016","LDR","3125574","Convenience roll-up update for Windows 7 SP1 and Windows Server 2008 R2 SP1","http://support.microsoft.com/kb/3125574","No LDR Only available","No LDR Only available","No LDR Only available","rEX","16-04Rollup"
"mxdwdrv.dll","Print_Driver","0.3.9600.17728","1","17.05.2016","LDR","3125574","Convenience roll-up update for Windows 7 SP1 and Windows Server 2008 R2 SP1","http://support.microsoft.com/kb/3125574","No LDR Only available","No LDR Only available","No LDR Only available","rEX","16-04Rollup"
"pcl4res.dll","Print_Driver","0.3.5479.0","1","17.05.2016","LDR","3125574","Convenience roll-up update for Windows 7 SP1 and Windows Server 2008 R2 SP1","http://support.microsoft.com/kb/3125574","No LDR Only available","No LDR Only available","No LDR Only available","rEX","16-04Rollup"
"xpssvcs.dll","Print_Driver","6.3.9600.16384","1","17.05.2016","LDR","3125574","Convenience roll-up update for Windows 7 SP1 and Windows Server 2008 R2 SP1","http://support.microsoft.com/kb/3125574","No LDR Only available","No LDR Only available","No LDR Only available","rEX","16-04Rollup"
"pscript5.dll","Print_Driver","0.3.9600.17388","1","17.05.2016","LDR","3125574","Convenience roll-up update for Windows 7 SP1 and Windows Server 2008 R2 SP1","http://support.microsoft.com/kb/3125574","No LDR Only available","No LDR Only available","No LDR Only available","rEX","16-04Rollup"
"storport.sys","Core_DiskSystem","6.1.7601.23172","0","14.08.2015","LDRGDR","3087873 (v2.0)","""0x0000007E"" Stop error after you install hotfix 2990941 in Windows 7 SP1 or Windows Server 2008 R2 SP1","http://support.microsoft.com/kb/3087873","2769701 (v1.0)","Slow disk write performance when you use a back-end SAN on a computer that is running Windows Server 2008 R2","http://support.microsoft.com/kb/2769701","rEX","16-04Rollup"
"netlogon.dll","Dom_NETLOGON","6.1.7601.23083","0","09.06.2015","LDRGDR","3068457 (v1.0)","MS15-071: Vulnerability in Netlogon could allow elevation of privilege: July 14, 2015","http://support.microsoft.com/kb/3068457","2958122 (v1.0)","NetLogon 3210 events are logged after MSA renews it password in Windows 7 SP1 and Windows Server 2008 R2 SP1","http://support.microsoft.com/kb/2958122","rEX","16-04Rollup"
"sessenv.dll","RDS_host","6.1.7601.22443","1","06.09.2013","LDR","2884284 (v1.0)","New certificate is generated whenever you start a Windows 7 SP1 or Windows Server 2008 R2 SP1-based computer that uses NAP 802.1X","http://support.microsoft.com/kb/2884284","2884284 (v1.0)","New certificate is generated whenever you start a Windows 7 SP1 or Windows Server 2008 R2 SP1-based computer that uses NAP 802.1X","http://support.microsoft.com/kb/2884284","rEX","16-04Rollup"
"aaedge.dll","RDS_gateway","6.1.7601.23121","1","09.07.2015","LDRGDR","3075220 (v1.0)","MS15-082: Description of the security update for RDP in Windows: August 11, 2015","http://support.microsoft.com/kb/3075220","2778863 (v1.0)","RD Gateway service crashes on a computer that is running Windows Server 2008 R2","http://support.microsoft.com/kb/2778863","rEX","16-04Rollup"
"webio.dll","Net_BranchCache","6.1.7601.23375","1","09.03.2016","LDR","3140245 (v1.0)","A new registry key enables TLS 1.1 and TLS 1.2 to default secure protocols in WinHTTP in Windows","http://support.microsoft.com/kb/3140245","3140245 (v1.0)","A new registry key enables TLS 1.1 and TLS 1.2 to default secure protocols in WinHTTP in Windows","http://support.microsoft.com/kb/3140245","rEX","16-04Rollup"
"gpapi.dll","Dom_GPSVC","6.1.7601.23452","1","12.05.2016","LDR","3159398 (v1.0)","MS16-072: Description of the security update for Group Policy: June 14, 2016","http://support.microsoft.com/kb/3159398","3159398 (v1.0)","MS16-072: Description of the security update for Group Policy: June 14, 2016","http://support.microsoft.com/kb/3159398","rEX","No Rollup"
"gpsvc.dll","Dom_GPSVC","6.1.7601.23452","1","12.05.2016","LDR","3159398 (v1.0)","MS16-072: Description of the security update for Group Policy: June 14, 2016","http://support.microsoft.com/kb/3159398","3159398 (v1.0)","MS16-072: Description of the security update for Group Policy: June 14, 2016","http://support.microsoft.com/kb/3159398","rEX","No Rollup"
"gpprefcl.dll","Dom_GPP","6.1.7601.23452","1","12.05.2016","LDR","3159398 (v1.0)","MS16-072: Description of the security update for Group Policy: June 14, 2016","http://support.microsoft.com/kb/3159398","3159398 (v1.0)","MS16-072: Description of the security update for Group Policy: June 14, 2016","http://support.microsoft.com/kb/3159398","rEX","No Rollup"
"Ntdsutil.exe","Dom_NTDSAI","6.1.7601.21931","1","28.02.2012","LDR","2642658 (v2.0)","You cannot create users, computers, or groups on a domain controller that is running Windows Server 2008 R2","http://support.microsoft.com/kb/2642658","2642658 (v2.0)","You cannot create users, computers, or groups on a domain controller that is running Windows Server 2008 R2","http://support.microsoft.com/kb/2642658","rEX","16-04Rollup"
"iphlpsvcmigplugin.dll","Net_DirectAccess_Client","6.1.7601.22214","1","10.01.2013","LDR","2796313 (v1.0)","Long reconnection time after a DirectAccess server disconnects a Windows 7-based DirectAccess client","http://support.microsoft.com/kb/2796313","2951611 (v1.0)","DirectAccess is used for internal network connections in Windows 7 SP1","http://support.microsoft.com/kb/2951611","rEX","16-04Rollup"
"netcorehc.dll","Net_DirectAccess_Client","6.1.7601.22214","1","10.01.2013","LDR","2796313 (v1.0)","Long reconnection time after a DirectAccess server disconnects a Windows 7-based DirectAccess client","http://support.microsoft.com/kb/2796313","2951611 (v1.0)","DirectAccess is used for internal network connections in Windows 7 SP1","http://support.microsoft.com/kb/2951611","rEX","16-04Rollup"
"microsoft.identityserver.service.dll","Dom_ADFS","6.1.7601.23675","0","10-Feb-2017","LDR","4034670","August 15, 2017-KB4034670 (Preview of Monthly Rollup)","http://support.microsoft.com/kb/4034670","No LDR Only available","No LDR Only available","No LDR Only available","rEX","17-08Rollup"
"microsoft.identityserver.dll","Dom_ADFS","6.1.7601.23675","0","10-Feb-2017","LDR","4034670","August 15, 2017-KB4034670 (Preview of Monthly Rollup)","http://support.microsoft.com/kb/4034670","No LDR Only available","No LDR Only available","No LDR Only available","rEX","17-08Rollup"
"srv.sys","Net_SMB_Server","6.1.7601.24387","0","6-Mar-19","LDR","4489878","March 12, 2019-KB4489878 (Monthly Rollup)","http://support.microsoft.com/kb/4489878","No LDR Only available","No LDR Only available","No LDR Only available","rEX","19-03Rollup"
"srv2.sys","Net_SMB_Server","6.1.7601.24387","0","6-Mar-19","LDR","4489878","March 12, 2019-KB4489878 (Monthly Rollup)","http://support.microsoft.com/kb/4489878","No LDR Only available","No LDR Only available","No LDR Only available","rEX","19-03Rollup"
"srvnet.sys","Net_SMB_Server","6.1.7601.24387","0","6-Mar-19","LDR","4489878","March 12, 2019-KB4489878 (Monthly Rollup)","http://support.microsoft.com/kb/4489878","No LDR Only available","No LDR Only available","No LDR Only available","rEX","19-03Rollup"
"Srvsvc.dll","Net_SMB_Server","6.1.7601.24387","0","6-Mar-19","LDR","4489878","March 12, 2019-KB4489878 (Monthly Rollup)","http://support.microsoft.com/kb/4489878","No LDR Only available","No LDR Only available","No LDR Only available","rEX","19-03Rollup"
"Mrxsmb.sys","Net_SMB_Client","6.1.7601.24387","0","6-Mar-19","LDR","4489878","March 12, 2019-KB4489878 (Monthly Rollup)","http://support.microsoft.com/kb/4489878","No LDR Only available","No LDR Only available","No LDR Only available","rEX","19-03Rollup"
"Mrxsmb10.sys","Net_SMB_Client","6.1.7601.24387","0","6-Mar-19","LDR","4489878","March 12, 2019-KB4489878 (Monthly Rollup)","http://support.microsoft.com/kb/4489878","No LDR Only available","No LDR Only available","No LDR Only available","rEX","19-03Rollup"
"Mrxsmb20.sys","Net_SMB_Client","6.1.7601.24387","0","6-Mar-19","LDR","4489878","March 12, 2019-KB4489878 (Monthly Rollup)","http://support.microsoft.com/kb/4489878","No LDR Only available","No LDR Only available","No LDR Only available","rEX","19-03Rollup"
"Rdbss.sys","Net_SMB_Client","6.1.7601.23930","0","12-Oct-17","LDR","4489878","March 12, 2019-KB4489878 (Monthly Rollup)","http://support.microsoft.com/kb/4489878","No LDR Only available","No LDR Only available","No LDR Only available","rEX","19-03Rollup"
"Netbt.sys","Net_SMB_Client","6.1.7601.23889","0","11-Aug-17","LDR","4489878","March 12, 2019-KB4489878 (Monthly Rollup)","http://support.microsoft.com/kb/4489878","No LDR Only available","No LDR Only available","No LDR Only available","rEX","19-03Rollup"
"wkssvc.dll","Net_SMB_Client","6.1.7601.24136","0","25-Apr-18","LDR","4489878","March 12, 2019-KB4489878 (Monthly Rollup)","http://support.microsoft.com/kb/4489878","No LDR Only available","No LDR Only available","No LDR Only available","rEX","19-03Rollup"
"Tcpip.sys","Net_Protocol","6.1.7601.24233","0","12-Aug-18","LDR","4489878","March 12, 2019-KB4489878 (Monthly Rollup)","http://support.microsoft.com/kb/4489878","No LDR Only available","No LDR Only available","No LDR Only available","rEX","19-03Rollup"
"Afd.sys","Net_Protocol","6.1.7601.23761","0","4-Apr-17","LDR","4489878","March 12, 2019-KB4489878 (Monthly Rollup)","http://support.microsoft.com/kb/4489878","No LDR Only available","No LDR Only available","No LDR Only available","rEX","19-03Rollup"
"Netio.sys","Net_Protocol","6.1.7601.24233","0","12-Aug-18","LDR","4489878","March 12, 2019-KB4489878 (Monthly Rollup)","http://support.microsoft.com/kb/4489878","No LDR Only available","No LDR Only available","No LDR Only available","rEX","19-03Rollup"
"Ndis.sys","Net_Protocol","6.1.7601.24203","0","6-Jul-18","LDR","4489878","March 12, 2019-KB4489878 (Monthly Rollup)","http://support.microsoft.com/kb/4489878","No LDR Only available","No LDR Only available","No LDR Only available","rEX","19-03Rollup"
"Tdx.sys","Net_Protocol","6.1.7601.23880","0","29-Jul-17","LDR","4489878","March 12, 2019-KB4489878 (Monthly Rollup)","http://support.microsoft.com/kb/4489878","No LDR Only available","No LDR Only available","No LDR Only available","rEX","19-03Rollup"
"Nlasvc.dll","Net_NLA","6.1.7601.24000","0","1-Jan-18","LDR","4489878","March 12, 2019-KB4489878 (Monthly Rollup)","http://support.microsoft.com/kb/4489878","No LDR Only available","No LDR Only available","No LDR Only available","rEX","19-03Rollup"
"Ncsi.dll","Net_NLA","6.1.7601.24000","0","1-Jan-18","LDR","4489878","March 12, 2019-KB4489878 (Monthly Rollup)","http://support.microsoft.com/kb/4489878","No LDR Only available","No LDR Only available","No LDR Only available","rEX","19-03Rollup"
"Nlaapi.dll","Net_NLA","6.1.7601.24000","0","1-Jan-18","LDR","4489878","March 12, 2019-KB4489878 (Monthly Rollup)","http://support.microsoft.com/kb/4489878","No LDR Only available","No LDR Only available","No LDR Only available","rEX","19-03Rollup"
"Dns.exe","Net_DNS_Srv","6.1.7601.24261","0","11-Sep-18","LDR","4489878","March 12, 2019-KB4489878 (Monthly Rollup)","http://support.microsoft.com/kb/4489878","No LDR Only available","No LDR Only available","No LDR Only available","rEX","19-03Rollup"
"Dhcpssvc.dll","Net_DHCP_Srv","6.1.7601.24357","0","15-Jan-19","LDR","4489878","March 12, 2019-KB4489878 (Monthly Rollup)","http://support.microsoft.com/kb/4489878","No LDR Only available","No LDR Only available","No LDR Only available","rEX","19-03Rollup"
"Csc.sys","Net_CSC_Offline","6.1.7601.24197","1","29-Jun-18","LDR","4489878","March 12, 2019-KB4489878 (Monthly Rollup)","http://support.microsoft.com/kb/4489878","No LDR Only available","No LDR Only available","No LDR Only available","rEX","19-03Rollup"
"Cscapi.dll","Net_CSC_Offline","6.1.7601.24197","1","29-Jun-18","LDR","4489878","March 12, 2019-KB4489878 (Monthly Rollup)","http://support.microsoft.com/kb/4489878","No LDR Only available","No LDR Only available","No LDR Only available","rEX","19-03Rollup"
"Cscdll.dll","Net_CSC_Offline","6.1.7601.24197","1","29-Jun-18","LDR","4489878","March 12, 2019-KB4489878 (Monthly Rollup)","http://support.microsoft.com/kb/4489878","No LDR Only available","No LDR Only available","No LDR Only available","rEX","19-03Rollup"
"Cscsvc.dll","Net_CSC_Offline","6.1.7601.24197","1","29-Jun-18","LDR","4489878","March 12, 2019-KB4489878 (Monthly Rollup)","http://support.microsoft.com/kb/4489878","No LDR Only available","No LDR Only available","No LDR Only available","rEX","19-03Rollup"
"Cscmig.dll","Net_CSC_Offline","6.1.7601.24197","1","29-Jun-18","LDR","4489878","March 12, 2019-KB4489878 (Monthly Rollup)","http://support.microsoft.com/kb/4489878","No LDR Only available","No LDR Only available","No LDR Only available","rEX","19-03Rollup"
"Mrxdav.sys","Net_WebDAV","6.1.7601.23542","1","8-Sep-16","LDR","4489878","March 12, 2019-KB4489878 (Monthly Rollup)","http://support.microsoft.com/kb/4489878","No LDR Only available","No LDR Only available","No LDR Only available","rEX","19-03Rollup"
"Webclnt.dll","Net_WebDAV","6.1.7601.23542","1","8-Sep-16","LDR","4489878","March 12, 2019-KB4489878 (Monthly Rollup)","http://support.microsoft.com/kb/4489878","No LDR Only available","No LDR Only available","No LDR Only available","rEX","19-03Rollup"
"Davclnt.dll","Net_WebDAV","6.1.7601.23542","1","8-Sep-16","LDR","4489878","March 12, 2019-KB4489878 (Monthly Rollup)","http://support.microsoft.com/kb/4489878","No LDR Only available","No LDR Only available","No LDR Only available","rEX","19-03Rollup"
"Shell32.dll","Net_WebDAV","6.1.7601.24234","1","13-Aug-18","LDR","4489878","March 12, 2019-KB4489878 (Monthly Rollup)","http://support.microsoft.com/kb/4489878","No LDR Only available","No LDR Only available","No LDR Only available","rEX","19-03Rollup"
"Winhttp.dll","Net_WebDAV","6.1.7601.24000","1","1-Jan-18","LDR","4489878","March 12, 2019-KB4489878 (Monthly Rollup)","http://support.microsoft.com/kb/4489878","No LDR Only available","No LDR Only available","No LDR Only available","rEX","19-03Rollup"
"Dfsc.sys","Net_DFS-N_Client","6.1.7601.24136","0","25-Apr-18","LDR","4489878","March 12, 2019-KB4489878 (Monthly Rollup)","http://support.microsoft.com/kb/4489878","No LDR Only available","No LDR Only available","No LDR Only available","rEX","19-03Rollup"
"dnsapi.dll","Net_DNS_Client","6.1.7601.24168","1","8-Jun-18","LDR","4489878","March 12, 2019-KB4489878 (Monthly Rollup)","http://support.microsoft.com/kb/4489878","No LDR Only available","No LDR Only available","No LDR Only available","rEX","19-03Rollup"
"dnsrslvr.dll","Net_DNS_Client","6.1.7601.24168","1","8-Jun-18","LDR","4489878","March 12, 2019-KB4489878 (Monthly Rollup)","http://support.microsoft.com/kb/4489878","No LDR Only available","No LDR Only available","No LDR Only available","rEX","19-03Rollup"
"Dnscacheugc.exe","Net_DNS_Client","6.1.7601.24168","1","8-Jun-18","LDR","4489878","March 12, 2019-KB4489878 (Monthly Rollup)","http://support.microsoft.com/kb/4489878","No LDR Only available","No LDR Only available","No LDR Only available","rEX","19-03Rollup"
"Rpcss.dll","Net_RPC","6.1.7601.24383","1","16-Feb-19","LDR","4489878","March 12, 2019-KB4489878 (Monthly Rollup)","http://support.microsoft.com/kb/4489878","No LDR Only available","No LDR Only available","No LDR Only available","rEX","19-03Rollup"
"Rpchttp.dll","Net_RPC","6.1.7601.24387","1","6-Mar-19","LDR","4489878","March 12, 2019-KB4489878 (Monthly Rollup)","http://support.microsoft.com/kb/4489878","No LDR Only available","No LDR Only available","No LDR Only available","rEX","19-03Rollup"
"Rpcrt4.dll","Net_RPC","6.1.7601.24387","1","6-Mar-19","LDR","4489878","March 12, 2019-KB4489878 (Monthly Rollup)","http://support.microsoft.com/kb/4489878","No LDR Only available","No LDR Only available","No LDR Only available","rEX","19-03Rollup"
"Bfe.dll","Net_Ipsec_BFE","6.1.7601.24000","1","1-Jan-18","LDR","4489878","March 12, 2019-KB4489878 (Monthly Rollup)","http://support.microsoft.com/kb/4489878","No LDR Only available","No LDR Only available","No LDR Only available","rEX","19-03Rollup"
"Ikeext.dll","Net_Ipsec_BFE","6.1.7601.24000","1","1-Jan-18","LDR","4489878","March 12, 2019-KB4489878 (Monthly Rollup)","http://support.microsoft.com/kb/4489878","No LDR Only available","No LDR Only available","No LDR Only available","rEX","19-03Rollup"
"Fwpuclnt.dll","Net_Ipsec_BFE","6.1.7601.24000","1","1-Jan-18","LDR","4489878","March 12, 2019-KB4489878 (Monthly Rollup)","http://support.microsoft.com/kb/4489878","No LDR Only available","No LDR Only available","No LDR Only available","rEX","19-03Rollup"
"Rdpcore.dll","Net_DirectAccess_Client","6.1.7601.23892","1","14-Aug-17","LDR","4489878","March 12, 2019-KB4489878 (Monthly Rollup)","http://support.microsoft.com/kb/4489878","No LDR Only available","No LDR Only available","No LDR Only available","rEX","19-03Rollup"
"wlansvc.dll","Net_WLAN_Client","6.1.7601.23915","1","13-Sep-17","LDR","4489878","March 12, 2019-KB4489878 (Monthly Rollup)","http://support.microsoft.com/kb/4489878","No LDR Only available","No LDR Only available","No LDR Only available","rEX","19-03Rollup"
"wlanmsm.dll","Net_WLAN_Client","6.1.7601.23915","1","13-Sep-17","LDR","4489878","March 12, 2019-KB4489878 (Monthly Rollup)","http://support.microsoft.com/kb/4489878","No LDR Only available","No LDR Only available","No LDR Only available","rEX","19-03Rollup"
"wlanapi.dll","Net_WLAN_Client","6.1.7601.23915","1","13-Sep-17","LDR","4489878","March 12, 2019-KB4489878 (Monthly Rollup)","http://support.microsoft.com/kb/4489878","No LDR Only available","No LDR Only available","No LDR Only available","rEX","19-03Rollup"
"wlansec.dll","Net_WLAN_Client","6.1.7601.23915","1","13-Sep-17","LDR","4489878","March 12, 2019-KB4489878 (Monthly Rollup)","http://support.microsoft.com/kb/4489878","No LDR Only available","No LDR Only available","No LDR Only available","rEX","19-03Rollup"
"wlanhlp.dll","Net_WLAN_Client","6.1.7601.23915","1","13-Sep-17","LDR","4489878","March 12, 2019-KB4489878 (Monthly Rollup)","http://support.microsoft.com/kb/4489878","No LDR Only available","No LDR Only available","No LDR Only available","rEX","19-03Rollup"
"Pacer.sys","Net_QoS","6.1.7601.24000","1","1-Jan-18","LDR","4489878","March 12, 2019-KB4489878 (Monthly Rollup)","http://support.microsoft.com/kb/4489878","No LDR Only available","No LDR Only available","No LDR Only available","rEX","19-03Rollup"
"Mpsdrv.sys","Net_Firewall","6.1.7601.24231","1","10-Aug-18","LDR","4489878","March 12, 2019-KB4489878 (Monthly Rollup)","http://support.microsoft.com/kb/4489878","No LDR Only available","No LDR Only available","No LDR Only available","rEX","19-03Rollup"
"MpsSvc.dll","Net_Firewall","6.1.7601.24231","1","10-Aug-18","LDR","4489878","March 12, 2019-KB4489878 (Monthly Rollup)","http://support.microsoft.com/kb/4489878","No LDR Only available","No LDR Only available","No LDR Only available","rEX","19-03Rollup"
"Winlogon.exe","Dom_WINLOGON","6.1.7601.24000","0","1-Jan-18","LDR","4489878","March 12, 2019-KB4489878 (Monthly Rollup)","http://support.microsoft.com/kb/4489878","No LDR Only available","No LDR Only available","No LDR Only available","rEX","19-03Rollup"
"Kerberos.dll","Dom_KERBEROS","6.1.7601.24387","0","6-Mar-19","LDR","4489878","March 12, 2019-KB4489878 (Monthly Rollup)","http://support.microsoft.com/kb/4489878","No LDR Only available","No LDR Only available","No LDR Only available","rEX","19-03Rollup"
"Msv1_0.dll","Dom_NTLM","6.1.7601.24387","1","6-Mar-19","LDR","4489878","March 12, 2019-KB4489878 (Monthly Rollup)","http://support.microsoft.com/kb/4489878","No LDR Only available","No LDR Only available","No LDR Only available","rEX","19-03Rollup"
"Wldap32.dll","Dom_LDAPClient","6.1.7601.23889","0","11-Aug-17","LDR","4489878","March 12, 2019-KB4489878 (Monthly Rollup)","http://support.microsoft.com/kb/4489878","No LDR Only available","No LDR Only available","No LDR Only available","rEX","19-03Rollup"
"Lsass.exe","Dom_LSA","6.1.7601.24387","0","6-Mar-19","LDR","4489878","March 12, 2019-KB4489878 (Monthly Rollup)","http://support.microsoft.com/kb/4489878","No LDR Only available","No LDR Only available","No LDR Only available","rEX","19-03Rollup"
"Lsasrv.dll","Dom_LSA","6.1.7601.24387","0","6-Mar-19","LDR","4489878","March 12, 2019-KB4489878 (Monthly Rollup)","http://support.microsoft.com/kb/4489878","No LDR Only available","No LDR Only available","No LDR Only available","rEX","19-03Rollup"
"Ksecdd.sys","Dom_LSA","6.1.7601.24387","0","6-Mar-19","LDR","4489878","March 12, 2019-KB4489878 (Monthly Rollup)","http://support.microsoft.com/kb/4489878","No LDR Only available","No LDR Only available","No LDR Only available","rEX","19-03Rollup"
"Ksecpkg.sys","Dom_LSA","6.1.7601.24387","0","6-Mar-19","LDR","4489878","March 12, 2019-KB4489878 (Monthly Rollup)","http://support.microsoft.com/kb/4489878","No LDR Only available","No LDR Only available","No LDR Only available","rEX","19-03Rollup"
"Secur32.dll","Dom_LSA","6.1.7601.24387","0","6-Mar-19","LDR","4489878","March 12, 2019-KB4489878 (Monthly Rollup)","http://support.microsoft.com/kb/4489878","No LDR Only available","No LDR Only available","No LDR Only available","rEX","19-03Rollup"
"Sspicli.dll","Dom_LSA","6.1.7601.24387","0","6-Mar-19","LDR","4489878","March 12, 2019-KB4489878 (Monthly Rollup)","http://support.microsoft.com/kb/4489878","No LDR Only available","No LDR Only available","No LDR Only available","rEX","19-03Rollup"
"Sspisrv.dll","Dom_LSA","6.1.7601.24387","0","6-Mar-19","LDR","4489878","March 12, 2019-KB4489878 (Monthly Rollup)","http://support.microsoft.com/kb/4489878","No LDR Only available","No LDR Only available","No LDR Only available","rEX","19-03Rollup"
"Schannel.dll","Dom_LSA","6.1.7601.24387","0","6-Mar-19","LDR","4489878","March 12, 2019-KB4489878 (Monthly Rollup)","http://support.microsoft.com/kb/4489878","No LDR Only available","No LDR Only available","No LDR Only available","rEX","19-03Rollup"
"Scesrv.dll","Dom_SecAuditAndConfig","6.1.7601.24024","1","12-Jan-18","LDR","4489878","March 12, 2019-KB4489878 (Monthly Rollup)","http://support.microsoft.com/kb/4489878","No LDR Only available","No LDR Only available","No LDR Only available","rEX","19-03Rollup"
"Winscard.dll","Dom_SC_Provider","6.1.7601.24059","1","22-Feb-18","LDR","4489878","March 12, 2019-KB4489878 (Monthly Rollup)","http://support.microsoft.com/kb/4489878","No LDR Only available","No LDR Only available","No LDR Only available","rEX","19-03Rollup"
"Basecsp.dll","Dom_SC_Provider","6.1.7601.24080","1","6-Mar-18","LDR","4489878","March 12, 2019-KB4489878 (Monthly Rollup)","http://support.microsoft.com/kb/4489878","No LDR Only available","No LDR Only available","No LDR Only available","rEX","19-03Rollup"
"Scksp.dll","Dom_SC_Provider","6.1.7601.24080","1","6-Mar-18","LDR","4489878","March 12, 2019-KB4489878 (Monthly Rollup)","http://support.microsoft.com/kb/4489878","No LDR Only available","No LDR Only available","No LDR Only available","rEX","19-03Rollup"
"Crypt32.dll","Dom_CRYPTO","6.1.7601.24359","1","12-Feb-19","LDR","4489878","March 12, 2019-KB4489878 (Monthly Rollup)","http://support.microsoft.com/kb/4489878","No LDR Only available","No LDR Only available","No LDR Only available","rEX","19-03Rollup"
"Cryptsvc.dll","Dom_CRYPTO","6.1.7601.24359","1","12-Feb-19","LDR","4489878","March 12, 2019-KB4489878 (Monthly Rollup)","http://support.microsoft.com/kb/4489878","No LDR Only available","No LDR Only available","No LDR Only available","rEX","19-03Rollup"
"Cryptnet.dll","Dom_CRYPTO","6.1.7601.24359","1","12-Feb-19","LDR","4489878","March 12, 2019-KB4489878 (Monthly Rollup)","http://support.microsoft.com/kb/4489878","No LDR Only available","No LDR Only available","No LDR Only available","rEX","19-03Rollup"
"Wintrust.dll","Dom_CRYPTO","6.1.7601.24359","1","12-Feb-19","LDR","4489878","March 12, 2019-KB4489878 (Monthly Rollup)","http://support.microsoft.com/kb/4489878","No LDR Only available","No LDR Only available","No LDR Only available","rEX","19-03Rollup"
"Ntdsai.dll","Dom_NTDSAI","6.1.7601.23840","0","10-Jun-17","LDR","4489878","March 12, 2019-KB4489878 (Monthly Rollup)","http://support.microsoft.com/kb/4489878","No LDR Only available","No LDR Only available","No LDR Only available","rEX","19-03Rollup"
"Samsrv.dll","Dom_SAMSRV","6.1.7601.23677","0","9-Feb-17","LDR","4489878","March 12, 2019-KB4489878 (Monthly Rollup)","http://support.microsoft.com/kb/4489878","No LDR Only available","No LDR Only available","No LDR Only available","rEX","19-03Rollup"
"Samlib.dll","Dom_SAMSRV","6.1.7601.23677","0","9-Feb-17","LDR","4489878","March 12, 2019-KB4489878 (Monthly Rollup)","http://support.microsoft.com/kb/4489878","No LDR Only available","No LDR Only available","No LDR Only available","rEX","19-03Rollup"
"Kdcsvc.dll","Dom_KDCSVC","6.1.7601.24385","0","22-Feb-19","LDR","4489878","March 12, 2019-KB4489878 (Monthly Rollup)","http://support.microsoft.com/kb/4489878","No LDR Only available","No LDR Only available","No LDR Only available","rEX","19-03Rollup"
"Netft.sys","Cluster_Core","6.1.7601.23887","0","9-Aug-17","LDR","4489878","March 12, 2019-KB4489878 (Monthly Rollup)","http://support.microsoft.com/kb/4489878","No LDR Only available","No LDR Only available","No LDR Only available","rEX","19-03Rollup"
"Ntoskrnl.exe","Core_Kernel","6.1.7601.24387","0","6-Mar-19","LDR","4489878","March 12, 2019-KB4489878 (Monthly Rollup)","http://support.microsoft.com/kb/4489878","No LDR Only available","No LDR Only available","No LDR Only available","rEX","19-03Rollup"
"Ntdll.dll","Core_Kernel","6.1.7601.24387","0","6-Mar-19","LDR","4489878","March 12, 2019-KB4489878 (Monthly Rollup)","http://support.microsoft.com/kb/4489878","No LDR Only available","No LDR Only available","No LDR Only available","rEX","19-03Rollup"
"Hal.dll","Core_Kernel","6.1.7601.24387","0","6-Mar-19","LDR","4489878","March 12, 2019-KB4489878 (Monthly Rollup)","http://support.microsoft.com/kb/4489878","No LDR Only available","No LDR Only available","No LDR Only available","rEX","19-03Rollup"
"Fltmgr.sys","Core_Kernel","6.1.7601.24000","0","1-Jan-18","LDR","4489878","March 12, 2019-KB4489878 (Monthly Rollup)","http://support.microsoft.com/kb/4489878","No LDR Only available","No LDR Only available","No LDR Only available","rEX","19-03Rollup"
"win32k.sys","Core_Kernel","6.1.7601.24387","0","6-Mar-19","LDR","4489878","March 12, 2019-KB4489878 (Monthly Rollup)","http://support.microsoft.com/kb/4489878","No LDR Only available","No LDR Only available","No LDR Only available","rEX","19-03Rollup"
"Ntfs.sys","Core_FileSystem","6.1.7601.24382","0","10-Feb-19","LDR","4489878","March 12, 2019-KB4489878 (Monthly Rollup)","http://support.microsoft.com/kb/4489878","No LDR Only available","No LDR Only available","No LDR Only available","rEX","19-03Rollup"
"Advapi32.dll","Core_Apps","6.1.7601.24387","0","6-Mar-19","LDR","4489878","March 12, 2019-KB4489878 (Monthly Rollup)","http://support.microsoft.com/kb/4489878","No LDR Only available","No LDR Only available","No LDR Only available","rEX","19-03Rollup"
"pci.sys","Core_Sys","6.1.7601.24056","1","10-Feb-18","LDR","4489878","March 12, 2019-KB4489878 (Monthly Rollup)","http://support.microsoft.com/kb/4489878","No LDR Only available","No LDR Only available","No LDR Only available","rEX","19-03Rollup"
"Termdd.sys","Core_Sys","6.1.7601.24056","1","10-Feb-18","LDR","4489878","March 12, 2019-KB4489878 (Monthly Rollup)","http://support.microsoft.com/kb/4489878","No LDR Only available","No LDR Only available","No LDR Only available","rEX","19-03Rollup"
"Volmgr.sys","Core_Sys","6.1.7601.24056","1","10-Feb-18","LDR","4489878","March 12, 2019-KB4489878 (Monthly Rollup)","http://support.microsoft.com/kb/4489878","No LDR Only available","No LDR Only available","No LDR Only available","rEX","19-03Rollup"
"Tzres.dll","Core_TimeZone","6.1.7601.24350","1","3-Jan-19","LDR","4489878","March 12, 2019-KB4489878 (Monthly Rollup)","http://support.microsoft.com/kb/4489878","No LDR Only available","No LDR Only available","No LDR Only available","rEX","19-03Rollup"
"Vmswitch.sys","Hyper-V_Net","6.1.7601.24264","1","23-Sep-18","LDR","4489878","March 12, 2019-KB4489878 (Monthly Rollup)","http://support.microsoft.com/kb/4489878","No LDR Only available","No LDR Only available","No LDR Only available","rEX","19-03Rollup"
"Vmsntfy.dll","Hyper-V_Net","6.1.7601.24264","1","23-Sep-18","LDR","4489878","March 12, 2019-KB4489878 (Monthly Rollup)","http://support.microsoft.com/kb/4489878","No LDR Only available","No LDR Only available","No LDR Only available","rEX","19-03Rollup"
"Vmms.exe","Hyper-V_Net","6.1.7601.24113","1","8-Apr-18","LDR","4489878","March 12, 2019-KB4489878 (Monthly Rollup)","http://support.microsoft.com/kb/4489878","No LDR Only available","No LDR Only available","No LDR Only available","rEX","19-03Rollup"
"Vmwp.exe","Hyper-V_app","6.1.7601.24383","1","16-Feb-19","LDR","4489878","March 12, 2019-KB4489878 (Monthly Rollup)","http://support.microsoft.com/kb/4489878","No LDR Only available","No LDR Only available","No LDR Only available","rEX","19-03Rollup"
"Audioeng.dll","RDS_devRdr","6.1.7601.23471","1","14-Jun-16","LDR","4489878","March 12, 2019-KB4489878 (Monthly Rollup)","http://support.microsoft.com/kb/4489878","No LDR Only available","No LDR Only available","No LDR Only available","rEX","19-03Rollup"
"Audiokse.dll","RDS_devRdr","6.1.7601.23471","1","14-Jun-16","LDR","4489878","March 12, 2019-KB4489878 (Monthly Rollup)","http://support.microsoft.com/kb/4489878","No LDR Only available","No LDR Only available","No LDR Only available","rEX","19-03Rollup"
"Audioses.dll","RDS_devRdr","6.1.7601.23471","1","14-Jun-16","LDR","4489878","March 12, 2019-KB4489878 (Monthly Rollup)","http://support.microsoft.com/kb/4489878","No LDR Only available","No LDR Only available","No LDR Only available","rEX","19-03Rollup"
"Audiosrv.dll","RDS_devRdr","6.1.7601.23471","1","14-Jun-16","LDR","4489878","March 12, 2019-KB4489878 (Monthly Rollup)","http://support.microsoft.com/kb/4489878","No LDR Only available","No LDR Only available","No LDR Only available","rEX","19-03Rollup"
"dxgkrnl.sys","RDS_host","6.1.7601.24260","1","9-Sep-18","LDR","4489878","March 12, 2019-KB4489878 (Monthly Rollup)","http://support.microsoft.com/kb/4489878","No LDR Only available","No LDR Only available","No LDR Only available","rEX","19-03Rollup"
"Localspl.dll","Print_Spool","6.1.7601.24383","0","16-Feb-19","LDR","4489878","March 12, 2019-KB4489878 (Monthly Rollup)","http://support.microsoft.com/kb/4489878","No LDR Only available","No LDR Only available","No LDR Only available","rEX","19-03Rollup"
"Win32spl.dll","Print_Spool","6.1.7601.23889","0","11-Aug-17","LDR","4489878","March 12, 2019-KB4489878 (Monthly Rollup)","http://support.microsoft.com/kb/4489878","No LDR Only available","No LDR Only available","No LDR Only available","rEX","19-03Rollup"
"Spoolsv.exe","Print_Spool","6.1.7601.24000","0","1-Jan-18","LDR","4489878","March 12, 2019-KB4489878 (Monthly Rollup)","http://support.microsoft.com/kb/4489878","No LDR Only available","No LDR Only available","No LDR Only available","rEX","19-03Rollup"
"Ntprint.exe","Print_App","6.1.7601.23889","0","11-Aug-17","LDR","4489878","March 12, 2019-KB4489878 (Monthly Rollup)","http://support.microsoft.com/kb/4489878","No LDR Only available","No LDR Only available","No LDR Only available","rEX","19-03Rollup"
"Printbrm.exe","Print_App","6.1.7601.23889","0","11-Aug-17","LDR","4489878","March 12, 2019-KB4489878 (Monthly Rollup)","http://support.microsoft.com/kb/4489878","No LDR Only available","No LDR Only available","No LDR Only available","rEX","19-03Rollup"
"Mshtml.dll","IE_Client","11.0.9600.19301","0","26-Feb-19","LDR","4489878","March 12, 2019-KB4489878 (Monthly Rollup)","http://support.microsoft.com/kb/4489878","No LDR Only available","No LDR Only available","No LDR Only available","rEX","19-03Rollup"
