"Binary","Component","Version","Prio","Published","Branch","Article","Title","Link","LDROnlyKB","LDROnlyTitle","LDROnlyLink","Comment","RollupInfo"
"Netlogon.dll","Dom_NETLOGON","6.2.17134.915","0","9-Jul-19","GDR","4520008 (v1.0)","October 8, 2019-KB4520008 (OS Build 17134.1069)","http://support.microsoft.com/kb/4520008","KB only","KB only","KB only"," ","19-10Rollup"
"Winlogon.exe","Dom_WINLOGON","6.2.17134.1006","0","4-Sep-19","GDR","4520008 (v1.0)","October 8, 2019-KB4520008 (OS Build 17134.1069)","http://support.microsoft.com/kb/4520008","KB only","KB only","KB only"," ","19-10Rollup"
"Kerberos.dll","Dom_KERBEROS","6.2.17134.1038","0","13-Sep-19","GDR","4520008 (v1.0)","October 8, 2019-KB4520008 (OS Build 17134.1069)","http://support.microsoft.com/kb/4520008","KB only","KB only","KB only"," ","19-10Rollup"
"Msv1_0.dll","Dom_NTLM","6.2.17134.829","1","7-Jun-19","GDR","4520008 (v1.0)","October 8, 2019-KB4520008 (OS Build 17134.1069)","http://support.microsoft.com/kb/4520008","KB only","KB only","KB only"," ","19-10Rollup"
"Lsass.exe","Dom_LSA","6.2.17134.376","0","21-Oct-18","GDR","4520008 (v1.0)","October 8, 2019-KB4520008 (OS Build 17134.1069)","http://support.microsoft.com/kb/4520008","KB only","KB only","KB only"," ","19-10Rollup"
"Lsasrv.dll","Dom_LSA","6.2.17134.1038","0","13-Sep-19","GDR","4520008 (v1.0)","October 8, 2019-KB4520008 (OS Build 17134.1069)","http://support.microsoft.com/kb/4520008","KB only","KB only","KB only"," ","19-10Rollup"
"Ksecdd.sys","Dom_LSA","6.2.17134.376","0","21-Oct-18","GDR","4520008 (v1.0)","October 8, 2019-KB4520008 (OS Build 17134.1069)","http://support.microsoft.com/kb/4520008","KB only","KB only","KB only"," ","19-10Rollup"
"Ksecpkg.sys","Dom_LSA","6.2.17134.1038","0","13-Sep-19","GDR","4520008 (v1.0)","October 8, 2019-KB4520008 (OS Build 17134.1069)","http://support.microsoft.com/kb/4520008","KB only","KB only","KB only"," ","19-10Rollup"
"Secur32.dll","Dom_LSA","6.2.17134.1","0","11-Apr-18","GDR","4520008 (v1.0)","October 8, 2019-KB4520008 (OS Build 17134.1069)","http://support.microsoft.com/kb/4520008","KB only","KB only","KB only"," ","19-10Rollup"
"Sspicli.dll","Dom_LSA","6.2.17134.376","0","21-Oct-18","GDR","4520008 (v1.0)","October 8, 2019-KB4520008 (OS Build 17134.1069)","http://support.microsoft.com/kb/4520008","KB only","KB only","KB only"," ","19-10Rollup"
"Sspisrv.dll","Dom_LSA","6.2.17134.376","0","21-Oct-18","GDR","4520008 (v1.0)","October 8, 2019-KB4520008 (OS Build 17134.1069)","http://support.microsoft.com/kb/4520008","KB only","KB only","KB only"," ","19-10Rollup"
"AclUI.dll","Dom_SecAuditAndConfig","6.2.17134.319","1","8-Sep-18","GDR","4520008 (v1.0)","October 8, 2019-KB4520008 (OS Build 17134.1069)","http://support.microsoft.com/kb/4520008","KB only","KB only","KB only"," ","19-10Rollup"
"Winscard.dll","Dom_SC_Provider","6.2.17134.441","1","9-Nov-18","GDR","4520008 (v1.0)","October 8, 2019-KB4520008 (OS Build 17134.1069)","http://support.microsoft.com/kb/4520008","KB only","KB only","KB only"," ","19-10Rollup"
"Basecsp.dll","Dom_SC_Provider","6.2.17134.319","1","8-Sep-18","GDR","4520008 (v1.0)","October 8, 2019-KB4520008 (OS Build 17134.1069)","http://support.microsoft.com/kb/4520008","KB only","KB only","KB only"," ","19-10Rollup"
"Scksp.dll","Dom_SC_Provider","6.2.17134.319","1","8-Sep-18","GDR","4520008 (v1.0)","October 8, 2019-KB4520008 (OS Build 17134.1069)","http://support.microsoft.com/kb/4520008","KB only","KB only","KB only"," ","19-10Rollup"
"ScardSvr.dll","Dom_SC_Srv","6.2.17134.319","1","8-Sep-18","GDR","4520008 (v1.0)","October 8, 2019-KB4520008 (OS Build 17134.1069)","http://support.microsoft.com/kb/4520008","KB only","KB only","KB only"," ","19-10Rollup"
"Scfilter.sys","Dom_SC_Srv","6.2.17134.1","1","11-Apr-18","GDR","4520008 (v1.0)","October 8, 2019-KB4520008 (OS Build 17134.1069)","http://support.microsoft.com/kb/4520008","KB only","KB only","KB only"," ","19-10Rollup"
"Certprop.dll","Dom_SC_Srv","6.2.17134.319","1","8-Sep-18","GDR","4520008 (v1.0)","October 8, 2019-KB4520008 (OS Build 17134.1069)","http://support.microsoft.com/kb/4520008","KB only","KB only","KB only"," ","19-10Rollup"
"Wintrust.dll","Dom_CRYPTO","6.2.17134.556","1","9-Jan-19","GDR","4520008 (v1.0)","October 8, 2019-KB4520008 (OS Build 17134.1069)","http://support.microsoft.com/kb/4520008","KB only","KB only","KB only"," ","19-10Rollup"
"Cryptdll.dll","Dom_CRYPTO","6.2.17134.765","1","3-May-19","GDR","4520008 (v1.0)","October 8, 2019-KB4520008 (OS Build 17134.1069)","http://support.microsoft.com/kb/4520008","KB only","KB only","KB only"," ","19-10Rollup"
"Gpapi.dll","Dom_GPSVC","6.2.17134.1","1","11-Apr-18","GDR","4520008 (v1.0)","October 8, 2019-KB4520008 (OS Build 17134.1069)","http://support.microsoft.com/kb/4520008","KB only","KB only","KB only"," ","19-10Rollup"
"Gpsvc.dll","Dom_GPSVC","6.2.17134.619","1","16-Feb-19","GDR","4520008 (v1.0)","October 8, 2019-KB4520008 (OS Build 17134.1069)","http://support.microsoft.com/kb/4520008","KB only","KB only","KB only"," ","19-10Rollup"
"Userenv.dll","Dom_GPSVC","6.2.17134.829","1","7-Jun-19","GDR","4520008 (v1.0)","October 8, 2019-KB4520008 (OS Build 17134.1069)","http://support.microsoft.com/kb/4520008","KB only","KB only","KB only"," ","19-10Rollup"
"Gpprefcl.dll","Dom_GPP","6.2.17134.165","1","6-Jul-18","GDR","4520008 (v1.0)","October 8, 2019-KB4520008 (OS Build 17134.1069)","http://support.microsoft.com/kb/4520008","KB only","KB only","KB only"," ","19-10Rollup"
"Gpme.dll","Dom_GPP","6.2.17134.1","1","11-Apr-18","GDR","4520008 (v1.0)","October 8, 2019-KB4520008 (OS Build 17134.1069)","http://support.microsoft.com/kb/4520008","KB only","KB only","KB only"," ","19-10Rollup"
"Gppref.dll","Dom_GPP","6.2.17134.112","1","8-Jun-18","GDR","4520008 (v1.0)","October 8, 2019-KB4520008 (OS Build 17134.1069)","http://support.microsoft.com/kb/4520008","KB only","KB only","KB only"," ","19-10Rollup"
"Gpprefbr.dll","Dom_GPP","6.2.17134.112","1","8-Jun-18","GDR","4520008 (v1.0)","October 8, 2019-KB4520008 (OS Build 17134.1069)","http://support.microsoft.com/kb/4520008","KB only","KB only","KB only"," ","19-10Rollup"
"Gpprefcn.dll","Dom_GPP","6.2.17134.1","1","11-Apr-18","GDR","4520008 (v1.0)","October 8, 2019-KB4520008 (OS Build 17134.1069)","http://support.microsoft.com/kb/4520008","KB only","KB only","KB only"," ","19-10Rollup"
"Gpregistrybrowser.dll","Dom_GPP","6.2.17134.1","1","11-Apr-18","GDR","4520008 (v1.0)","October 8, 2019-KB4520008 (OS Build 17134.1069)","http://support.microsoft.com/kb/4520008","KB only","KB only","KB only"," ","19-10Rollup"
"Propshts.dll","Dom_GPP","6.2.17134.112","1","8-Jun-18","GDR","4520008 (v1.0)","October 8, 2019-KB4520008 (OS Build 17134.1069)","http://support.microsoft.com/kb/4520008","KB only","KB only","KB only"," ","19-10Rollup"
"Repdrvfs.dll","Core_WMI","6.2.17134.982","0","13-Aug-19","GDR","4520008 (v1.0)","October 8, 2019-KB4520008 (OS Build 17134.1069)","http://support.microsoft.com/kb/4520008","KB only","KB only","KB only"," ","19-10Rollup"
"Profsvc.dll","Dom_ProfProc","6.2.17134.753","1","19-Apr-19","GDR","4520008 (v1.0)","October 8, 2019-KB4520008 (OS Build 17134.1069)","http://support.microsoft.com/kb/4520008","KB only","KB only","KB only"," ","19-10Rollup"
"Fdeploy.dll","Dom_FolderRedir","6.2.17134.254","1","9-Aug-18","GDR","4520008 (v1.0)","October 8, 2019-KB4520008 (OS Build 17134.1069)","http://support.microsoft.com/kb/4520008","KB only","KB only","KB only"," ","19-10Rollup"
"Csc.sys","Net_CSC_Offline","6.2.17134.1038","1","13-Sep-19","GDR","4520008 (v1.0)","October 8, 2019-KB4520008 (OS Build 17134.1069)","http://support.microsoft.com/kb/4520008","KB only","KB only","KB only"," ","19-10Rollup"
"Cscsvc.dll","Net_CSC_Offline","6.2.17134.677","1","14-Mar-19","GDR","4520008 (v1.0)","October 8, 2019-KB4520008 (OS Build 17134.1069)","http://support.microsoft.com/kb/4520008","KB only","KB only","KB only"," ","19-10Rollup"
"Cscmig.dll","Net_CSC_Offline","6.2.17134.1","1","11-Apr-18","GDR","4520008 (v1.0)","October 8, 2019-KB4520008 (OS Build 17134.1069)","http://support.microsoft.com/kb/4520008","KB only","KB only","KB only"," ","19-10Rollup"
"Esent.dll","Dom_ESENT","6.2.17134.799","0","17-May-19","GDR","4520008 (v1.0)","October 8, 2019-KB4520008 (OS Build 17134.1069)","http://support.microsoft.com/kb/4520008","KB only","KB only","KB only"," ","19-10Rollup"
"Ntdsai.dll","Dom_NTDSAI","6.2.17134.982","0","13-Aug-19","GDR","4520008 (v1.0)","October 8, 2019-KB4520008 (OS Build 17134.1069)","http://support.microsoft.com/kb/4520008","KB only","KB only","KB only"," ","19-10Rollup"
"Ntdsutil.exe","Dom_NTDSAI","6.2.17134.765","0","3-May-19","GDR","4520008 (v1.0)","October 8, 2019-KB4520008 (OS Build 17134.1069)","http://support.microsoft.com/kb/4520008","KB only","KB only","KB only"," ","19-10Rollup"
"Kdcsvc.dll","Dom_KDCSVC","6.2.17134.1038","0","13-Sep-19","GDR","4520008 (v1.0)","October 8, 2019-KB4520008 (OS Build 17134.1069)","http://support.microsoft.com/kb/4520008","KB only","KB only","KB only"," ","19-10Rollup"
"4521861","Win2016RS4_19_10_SSU_KB"," ","0","08-Oct-2019","GDR","4521861","Servicing stack update for Windows 10 version 1803: October 8, 2019","http://support.microsoft.com/kb/4521861","KB only","KB only","KB Only"," ","No Rollup"
"4520008","Win2016RS4_19-10_B_rollup_KB"," ","0","08-Oct-2019","GDR","4520008 (v1.0)","October 8, 2019-KB4520008 (OS Build 17134.1069)","http://support.microsoft.com/kb/4520008","KB only","KB only","KB only"," ","19-10Rollup"
