"Binary","Component","Version","Prio","Published","Branch","Article","Title","Link","LDROnlyKB","LDROnlyTitle","LDROnlyLink","Comment","RollupInfo"
"Ntoskrnl.exe","Core_Kernel","6.2.17134.1667","0","5-Aug-20","GDR","4601354 (v1.0)","February 9, 2021-KB4601354 (OS Build 17134.2026)","http://support.microsoft.com/kb/4601354","KB only","KB only","KB only"," ","21-02Rollup"
"Fltmgr.sys","Core_Kernel","6.2.17134.1456","0","7-Apr-20","GDR","4601354 (v1.0)","February 9, 2021-KB4601354 (OS Build 17134.2026)","http://support.microsoft.com/kb/4601354","KB only","KB only","KB only"," ","21-02Rollup"
"Storport.sys","Core_DiskSystem","6.2.17134.1456","0","7-Apr-20","GDR","4601354 (v1.0)","February 9, 2021-KB4601354 (OS Build 17134.2026)","http://support.microsoft.com/kb/4601354","KB only","KB only","KB only"," ","21-02Rollup"
"pci.sys","Core_Sys","6.2.17134.1276","1","7-Jan-20","GDR","4601354 (v1.0)","February 9, 2021-KB4601354 (OS Build 17134.2026)","http://support.microsoft.com/kb/4601354","KB only","KB only","KB only"," ","21-02Rollup"
"Volmgr.sys","Core_Sys","6.2.17134.137","1","15-Jun-18","GDR","4601354 (v1.0)","February 9, 2021-KB4601354 (OS Build 17134.2026)","http://support.microsoft.com/kb/4601354","KB only","KB only","KB only"," ","21-02Rollup"
"Vmswitch.sys","Hyper-V_Net","6.2.17134.1399","1","4-Mar-20","GDR","4601354 (v1.0)","February 9, 2021-KB4601354 (OS Build 17134.2026)","http://support.microsoft.com/kb/4601354","KB only","KB only","KB only"," ","21-02Rollup"
"Wnv.sys","Hyper-V_Net","6.2.17134.1488","1","6-May-20","GDR","4601354 (v1.0)","February 9, 2021-KB4601354 (OS Build 17134.2026)","http://support.microsoft.com/kb/4601354","KB only","KB only","KB only"," ","21-02Rollup"
"Vmms.exe","Hyper-V_Net","6.2.17134.1276","1","7-Jan-20","GDR","4601354 (v1.0)","February 9, 2021-KB4601354 (OS Build 17134.2026)","http://support.microsoft.com/kb/4601354","KB only","KB only","KB only"," ","21-02Rollup"
"Vmbus.sys","Hyper-V_Net","6.2.17134.228","1","3-Aug-18","GDR","4601354 (v1.0)","February 9, 2021-KB4601354 (OS Build 17134.2026)","http://support.microsoft.com/kb/4601354","KB only","KB only","KB only"," ","21-02Rollup"
"Rasapi32.dll","HNV_Net","6.2.17134.1667","1","5-Aug-20","GDR","4601354 (v1.0)","February 9, 2021-KB4601354 (OS Build 17134.2026)","http://support.microsoft.com/kb/4601354","KB only","KB only","KB only"," ","21-02Rollup"
"Vmwp.exe","Hyper-V_app","6.2.17134.1304","1","5-Feb-20","GDR","4601354 (v1.0)","February 9, 2021-KB4601354 (OS Build 17134.2026)","http://support.microsoft.com/kb/4601354","KB only","KB only","KB only"," ","21-02Rollup"
"srv.sys","Net_SMB_Server","6.2.17134.1550","0","2-Jun-20","GDR","4601354 (v1.0)","February 9, 2021-KB4601354 (OS Build 17134.2026)","http://support.microsoft.com/kb/4601354","KB only","KB only","KB only"," ","21-02Rollup"
"srv2.sys","Net_SMB_Server","6.2.17134.648","0","6-Mar-19","GDR","4601354 (v1.0)","February 9, 2021-KB4601354 (OS Build 17134.2026)","http://support.microsoft.com/kb/4601354","KB only","KB only","KB only"," ","21-02Rollup"
"Mup.sys","Net_SMB_Client","6.2.17134.1","0","11-Apr-18","GDR","4601354 (v1.0)","February 9, 2021-KB4601354 (OS Build 17134.2026)","http://support.microsoft.com/kb/4601354","KB only","KB only","KB only"," ","21-02Rollup"
"4580398","Win2016RS4_20_10_SSU_KB"," ","0","13-Oct-2020","GDR","4580398","Servicing stack update for Windows 10, version 1803: October 13, 2020","http://support.microsoft.com/kb/4580398","KB only","KB only","KB Only"," ","No Rollup"
"4601354","Win2016RS4_21-02_B_rollup_KB"," ","0","09-Feb-2021","GDR","4601354 (v1.0)","February 9, 2021-KB4601354 (OS Build 17134.2026)","http://support.microsoft.com/kb/4601354","KB only","KB only","KB only"," ","21-02Rollup"
