"Binary","Component","Version","Prio","Published","Branch","Article","Title","Link","LDROnlyKB","LDROnlyTitle","LDROnlyLink","Comment","RollupInfo"
"Ntoskrnl.exe","Core_Kernel","6.2.14393.3686","0","5-May-20","GDR","4556813","May 12, 2020-KB4556813 (OS Build 14393.3686)","http://support.microsoft.com/kb/4556813","No LDR Only available","No LDR Only available","No LDR Only available","rEX","20-05Rollup"
"Crashdmp.sys","Core_Kernel","6.2.14393.351","0","15-Oct-16","GDR","4556813","May 12, 2020-KB4556813 (OS Build 14393.3686)","http://support.microsoft.com/kb/4556813","No LDR Only available","No LDR Only available","No LDR Only available","rEX","20-05Rollup"
"Rdsdwmdr.dll","RDS_remote_App","6.2.14393.3503","0","31-Jan-20","GDR","4556813","May 12, 2020-KB4556813 (OS Build 14393.3686)","http://support.microsoft.com/kb/4556813","No LDR Only available","No LDR Only available","No LDR Only available","rEX","20-05Rollup"
"Audioeng.dll","RDS_devRdr","6.2.14393.3503","1","31-Jan-20","GDR","4556813","May 12, 2020-KB4556813 (OS Build 14393.3686)","http://support.microsoft.com/kb/4556813","No LDR Only available","No LDR Only available","No LDR Only available","rEX","20-05Rollup"
"Audiosrv.dll","RDS_devRdr","6.2.14393.3503","1","31-Jan-20","GDR","4556813","May 12, 2020-KB4556813 (OS Build 14393.3686)","http://support.microsoft.com/kb/4556813","No LDR Only available","No LDR Only available","No LDR Only available","rEX","20-05Rollup"
"Vmrdvcore.dll","RDS_vHost","6.2.14393.2248","0","28-Apr-18","GDR","4556813","May 12, 2020-KB4556813 (OS Build 14393.3686)","http://support.microsoft.com/kb/4556813","No LDR Only available","No LDR Only available","No LDR Only available","rEX","20-05Rollup"
"Tsvmhasvc.dll","RDS_vHost","6.2.14393.3442","0","20-Dec-19","GDR","4556813","May 12, 2020-KB4556813 (OS Build 14393.3686)","http://support.microsoft.com/kb/4556813","No LDR Only available","No LDR Only available","No LDR Only available","rEX","20-05Rollup"
"Tssdis.exe","RDS_vHost","6.2.14393.2938","0","6-Apr-19","GDR","4556813","May 12, 2020-KB4556813 (OS Build 14393.3686)","http://support.microsoft.com/kb/4556813","No LDR Only available","No LDR Only available","No LDR Only available","rEX","20-05Rollup"
"aaedge.dll","RDS_gateway","6.2.14393.3659","1","11-Apr-20","GDR","4556813","May 12, 2020-KB4556813 (OS Build 14393.3686)","http://support.microsoft.com/kb/4556813","No LDR Only available","No LDR Only available","No LDR Only available","rEX","20-05Rollup"
"lserver.dll","RDS_license","6.2.14393.2155","1","6-Mar-18","GDR","4556813","May 12, 2020-KB4556813 (OS Build 14393.3686)","http://support.microsoft.com/kb/4556813","No LDR Only available","No LDR Only available","No LDR Only available","rEX","20-05Rollup"
"licmgr.exe","RDS_license","6.2.14393.2515","1","30-Aug-18","GDR","4556813","May 12, 2020-KB4556813 (OS Build 14393.3686)","http://support.microsoft.com/kb/4556813","No LDR Only available","No LDR Only available","No LDR Only available","rEX","20-05Rollup"
"sessenv.dll","RDS_host","6.2.14393.2457","1","23-Aug-18","GDR","4556813","May 12, 2020-KB4556813 (OS Build 14393.3686)","http://support.microsoft.com/kb/4556813","No LDR Only available","No LDR Only available","No LDR Only available","rEX","20-05Rollup"
"Profsvc.dll","Dom_ProfProc","6.2.14393.3564","1","4-Mar-20","GDR","4556813","May 12, 2020-KB4556813 (OS Build 14393.3686)","http://support.microsoft.com/kb/4556813","No LDR Only available","No LDR Only available","No LDR Only available","rEX","20-05Rollup"
"4550994","Win2016RS1_20_04_SSU_KB"," ","0","14-Apr-2020","GDR","4550994","Servicing stack update for Windows 10, version 1607: April 14, 2020","http://support.microsoft.com/kb/4550994","KB only","KB only","KB Only"," ","No Rollup"
"4556813","Win2016RS1_20-05_B_rollup_KB"," ","0","12-May-2020","GDR","4556813 (v1.0)","May 12, 2020-KB4556813 (OS Build 14393.3686)","http://support.microsoft.com/kb/4556813","KB only","KB only","KB only"," ","20-05Rollup"
