"Binary","Component","Version","Prio","Published","Branch","Article","Title","Link","LDROnlyKB","LDROnlyTitle","LDROnlyLink","Comment","RollupInfo"
"Netlogon.dll","Dom_NETLOGON","6.2.19041.610","0","29-Oct-20","GDR","4592438 (v1.0)","December 8, 2020-KB4592438 (OS Builds 19041.685 and 19042.685)","http://support.microsoft.com/kb/4592438","KB only","KB only","KB only"," ","20-12Rollup"
"LogonCli.dll","Dom_NETLOGON","6.2.19041.610","0","29-Oct-20","GDR","4592438 (v1.0)","December 8, 2020-KB4592438 (OS Builds 19041.685 and 19042.685)","http://support.microsoft.com/kb/4592438","KB only","KB only","KB only"," ","20-12Rollup"
"Winlogon.exe","Dom_WINLOGON","6.2.19041.662","0","30-Nov-20","GDR","4592438 (v1.0)","December 8, 2020-KB4592438 (OS Builds 19041.685 and 19042.685)","http://support.microsoft.com/kb/4592438","KB only","KB only","KB only"," ","20-12Rollup"
"Kerberos.dll","Dom_KERBEROS","6.2.19041.630","0","01-Oct-20","GDR","4592438 (v1.0)","December 8, 2020-KB4592438 (OS Builds 19041.685 and 19042.685)","http://support.microsoft.com/kb/4592438","KB only","KB only","KB only"," ","20-12Rollup"
"Msv1_0.dll","Dom_NTLM","6.2.19041.610","1","29-Oct-20","GDR","4592438 (v1.0)","December 8, 2020-KB4592438 (OS Builds 19041.685 and 19042.685)","http://support.microsoft.com/kb/4592438","KB only","KB only","KB only"," ","20-12Rollup"
"Wldap32.dll","Dom_LDAPClient","6.2.19041.546","0","01-Oct-20","GDR","4592438 (v1.0)","December 8, 2020-KB4592438 (OS Builds 19041.685 and 19042.685)","http://support.microsoft.com/kb/4592438","KB only","KB only","KB only"," ","20-12Rollup"
"Lsass.exe","Dom_LSA","6.2.19041.662","0","30-Nov-20","GDR","4592438 (v1.0)","December 8, 2020-KB4592438 (OS Builds 19041.685 and 19042.685)","http://support.microsoft.com/kb/4592438","KB only","KB only","KB only"," ","20-12Rollup"
"Lsasrv.dll","Dom_LSA","6.2.19041.610","0","29-Oct-20","GDR","4592438 (v1.0)","December 8, 2020-KB4592438 (OS Builds 19041.685 and 19042.685)","http://support.microsoft.com/kb/4592438","KB only","KB only","KB only"," ","20-12Rollup"
"Ksecdd.sys","Dom_LSA","6.2.19041.662","0","30-Nov-20","GDR","4592438 (v1.0)","December 8, 2020-KB4592438 (OS Builds 19041.685 and 19042.685)","http://support.microsoft.com/kb/4592438","KB only","KB only","KB only"," ","20-12Rollup"
"Ksecpkg.sys","Dom_LSA","6.2.19041.610","0","29-Oct-20","GDR","4592438 (v1.0)","December 8, 2020-KB4592438 (OS Builds 19041.685 and 19042.685)","http://support.microsoft.com/kb/4592438","KB only","KB only","KB only"," ","20-12Rollup"
"Secur32.dll","Dom_LSA","6.2.19041.546","0","01-Oct-20","GDR","4592438 (v1.0)","December 8, 2020-KB4592438 (OS Builds 19041.685 and 19042.685)","http://support.microsoft.com/kb/4592438","KB only","KB only","KB only"," ","20-12Rollup"
"Sspicli.dll","Dom_LSA","6.2.19041.662","0","30-Nov-20","GDR","4592438 (v1.0)","December 8, 2020-KB4592438 (OS Builds 19041.685 and 19042.685)","http://support.microsoft.com/kb/4592438","KB only","KB only","KB only"," ","20-12Rollup"
"Sspisrv.dll","Dom_LSA","6.2.19041.662","0","30-Nov-20","GDR","4592438 (v1.0)","December 8, 2020-KB4592438 (OS Builds 19041.685 and 19042.685)","http://support.microsoft.com/kb/4592438","KB only","KB only","KB only"," ","20-12Rollup"
"Schannel.dll","Dom_LSA","6.2.19041.546","0","01-Oct-20","GDR","4592438 (v1.0)","December 8, 2020-KB4592438 (OS Builds 19041.685 and 19042.685)","http://support.microsoft.com/kb/4592438","KB only","KB only","KB only"," ","20-12Rollup"
"dpapisvr.dll","Dom_LSA","6.2.19041.1","0","06-May-20","GDR","4592438 (v1.0)","December 8, 2020-KB4592438 (OS Builds 19041.685 and 19042.685)","http://support.microsoft.com/kb/4592438","KB only","KB only","KB only"," ","20-12Rollup"
"Scesrv.dll","Dom_SecAuditAndConfig","6.2.19041.488","1","06-May-20","GDR","4592438 (v1.0)","December 8, 2020-KB4592438 (OS Builds 19041.685 and 19042.685)","http://support.microsoft.com/kb/4592438","KB only","KB only","KB only"," ","20-12Rollup"
"AclUI.dll","Dom_SecAuditAndConfig","6.2.19041.1","1","06-May-20","GDR","4592438 (v1.0)","December 8, 2020-KB4592438 (OS Builds 19041.685 and 19042.685)","http://support.microsoft.com/kb/4592438","KB only","KB only","KB only"," ","20-12Rollup"
"Winscard.dll","Dom_SC_Provider","6.2.19041.610","1","29-Oct-20","GDR","4592438 (v1.0)","December 8, 2020-KB4592438 (OS Builds 19041.685 and 19042.685)","http://support.microsoft.com/kb/4592438","KB only","KB only","KB only"," ","20-12Rollup"
"Basecsp.dll","Dom_SC_Provider","6.2.19041.1","1","06-May-20","GDR","4592438 (v1.0)","December 8, 2020-KB4592438 (OS Builds 19041.685 and 19042.685)","http://support.microsoft.com/kb/4592438","KB only","KB only","KB only"," ","20-12Rollup"
"Scksp.dll","Dom_SC_Provider","6.2.19041.1","1","06-May-20","GDR","4592438 (v1.0)","December 8, 2020-KB4592438 (OS Builds 19041.685 and 19042.685)","http://support.microsoft.com/kb/4592438","KB only","KB only","KB only"," ","20-12Rollup"
"ScardSvr.dll","Dom_SC_Srv","6.2.19041.610","1","29-Oct-20","GDR","4592438 (v1.0)","December 8, 2020-KB4592438 (OS Builds 19041.685 and 19042.685)","http://support.microsoft.com/kb/4592438","KB only","KB only","KB only"," ","20-12Rollup"
"Scfilter.sys","Dom_SC_Srv","6.2.19041.610","1","29-Oct-20","GDR","4592438 (v1.0)","December 8, 2020-KB4592438 (OS Builds 19041.685 and 19042.685)","http://support.microsoft.com/kb/4592438","KB only","KB only","KB only"," ","20-12Rollup"
"Certprop.dll","Dom_SC_Srv","6.2.19041.610","1","29-Oct-20","GDR","4592438 (v1.0)","December 8, 2020-KB4592438 (OS Builds 19041.685 and 19042.685)","http://support.microsoft.com/kb/4592438","KB only","KB only","KB only"," ","20-12Rollup"
"Crypt32.dll","Dom_CRYPTO","6.2.19041.546","1","01-Oct-20","GDR","4592438 (v1.0)","December 8, 2020-KB4592438 (OS Builds 19041.685 and 19042.685)","http://support.microsoft.com/kb/4592438","KB only","KB only","KB only"," ","20-12Rollup"
"Cryptsvc.dll","Dom_CRYPTO","6.2.19041.1","1","06-May-20","GDR","4592438 (v1.0)","December 8, 2020-KB4592438 (OS Builds 19041.685 and 19042.685)","http://support.microsoft.com/kb/4592438","KB only","KB only","KB only"," ","20-12Rollup"
"Cryptnet.dll","Dom_CRYPTO","6.2.19041.546","1","01-Oct-20","GDR","4592438 (v1.0)","December 8, 2020-KB4592438 (OS Builds 19041.685 and 19042.685)","http://support.microsoft.com/kb/4592438","KB only","KB only","KB only"," ","20-12Rollup"
"Wintrust.dll","Dom_CRYPTO","6.2.19041.662","1","30-Nov-20","GDR","4592438 (v1.0)","December 8, 2020-KB4592438 (OS Builds 19041.685 and 19042.685)","http://support.microsoft.com/kb/4592438","KB only","KB only","KB only"," ","20-12Rollup"
"Cryptdll.dll","Dom_CRYPTO","6.2.19041.546","1","01-Oct-20","GDR","4592438 (v1.0)","December 8, 2020-KB4592438 (OS Builds 19041.685 and 19042.685)","http://support.microsoft.com/kb/4592438","KB only","KB only","KB only"," ","20-12Rollup"
"Cryptcatsvc.dll","Dom_CRYPTO","6.2.19041.508","1","14-Jul-20","GDR","4592438 (v1.0)","December 8, 2020-KB4592438 (OS Builds 19041.685 and 19042.685)","http://support.microsoft.com/kb/4592438","KB only","KB only","KB only"," ","20-12Rollup"
"Dimsroam.dll","Dom_DIMS","6.2.19041.1","0","06-May-20","GDR","4592438 (v1.0)","December 8, 2020-KB4592438 (OS Builds 19041.685 and 19042.685)","http://support.microsoft.com/kb/4592438","KB only","KB only","KB only"," ","20-12Rollup"
"Dimsjob.dll","Dom_DIMS","6.2.19041.1","0","06-May-20","GDR","4592438 (v1.0)","December 8, 2020-KB4592438 (OS Builds 19041.685 and 19042.685)","http://support.microsoft.com/kb/4592438","KB only","KB only","KB only"," ","20-12Rollup"
"Adprovider.dll","Dom_DIMS","6.2.19041.1","0","06-May-20","GDR","4592438 (v1.0)","December 8, 2020-KB4592438 (OS Builds 19041.685 and 19042.685)","http://support.microsoft.com/kb/4592438","KB only","KB only","KB only"," ","20-12Rollup"
"Capiprovider.dll","Dom_DIMS","6.2.19041.1","0","06-May-20","GDR","4592438 (v1.0)","December 8, 2020-KB4592438 (OS Builds 19041.685 and 19042.685)","http://support.microsoft.com/kb/4592438","KB only","KB only","KB only"," ","20-12Rollup"
"Cngprovider.dll","Dom_DIMS","6.2.19041.1","0","06-May-20","GDR","4592438 (v1.0)","December 8, 2020-KB4592438 (OS Builds 19041.685 and 19042.685)","http://support.microsoft.com/kb/4592438","KB only","KB only","KB only"," ","20-12Rollup"
"Dpapiprovider.dll","Dom_DIMS","6.2.19041.1","0","06-May-20","GDR","4592438 (v1.0)","December 8, 2020-KB4592438 (OS Builds 19041.685 and 19042.685)","http://support.microsoft.com/kb/4592438","KB only","KB only","KB only"," ","20-12Rollup"
"Wincredprovider.dll","Dom_DIMS","6.2.19041.1","0","06-May-20","GDR","4592438 (v1.0)","December 8, 2020-KB4592438 (OS Builds 19041.685 and 19042.685)","http://support.microsoft.com/kb/4592438","KB only","KB only","KB only"," ","20-12Rollup"
"Gpapi.dll","Dom_GPSVC","6.2.19041.572","0","13-Oct-20","GDR","4592438 (v1.0)","December 8, 2020-KB4592438 (OS Builds 19041.685 and 19042.685)","http://support.microsoft.com/kb/4592438","KB only","KB only","KB only"," ","20-12Rollup"
"Gpsvc.dll","Dom_GPSVC","6.2.19041.572","0","13-Oct-20","GDR","4592438 (v1.0)","December 8, 2020-KB4592438 (OS Builds 19041.685 and 19042.685)","http://support.microsoft.com/kb/4592438","KB only","KB only","KB only"," ","20-12Rollup"
"Gpmgmt.dll","Dom_GPSVC","6.2.19041.572","0","13-Oct-20","GDR","4586853","November 30, 2020-KB4586853 (OS Builds 19041.662 and 19042.662) Preview","http://support.microsoft.com/kb/4586853","KB only","KB only","KB only","rEX","20-11Rollup"
"Gprsop.dll","Dom_GPSVC","6.2.19041.572","0","13-Oct-20","GDR","4586853","November 30, 2020-KB4586853 (OS Builds 19041.662 and 19042.662) Preview","http://support.microsoft.com/kb/4586853","KB only","KB only","KB only","rEX","20-11Rollup"
"Userenv.dll","Dom_GPSVC","6.2.19041.572","0","13-Oct-20","GDR","4592438 (v1.0)","December 8, 2020-KB4592438 (OS Builds 19041.685 and 19042.685)","http://support.microsoft.com/kb/4592438","KB only","KB only","KB only"," ","20-12Rollup"
"Gpprnext.dll","Dom_GPExt","6.2.19041.1","0","06-May-20","GDR","4592438 (v1.0)","December 8, 2020-KB4592438 (OS Builds 19041.685 and 19042.685)","http://support.microsoft.com/kb/4592438","KB only","KB only","KB only"," ","20-12Rollup"
"Appmgmts.dll","Dom_GPExt","6.2.19041.572","0","13-Oct-20","GDR","4592438 (v1.0)","December 8, 2020-KB4592438 (OS Builds 19041.685 and 19042.685)","http://support.microsoft.com/kb/4592438","KB only","KB only","KB only"," ","20-12Rollup"
"Gpprefcl.dll","Dom_GPP","6.2.19041.388","0","11-Aug-20","GDR","4592438 (v1.0)","December 8, 2020-KB4592438 (OS Builds 19041.685 and 19042.685)","http://support.microsoft.com/kb/4592438","KB only","KB only","KB only"," ","20-12Rollup"
"Gpme.dll","Dom_GPP","6.2.19041.572","0","13-Oct-20","GDR","4586853","November 30, 2020-KB4586853 (OS Builds 19041.662 and 19042.662) Preview","http://support.microsoft.com/kb/4586853","KB only","KB only","KB only","rEX","20-11Rollup"
"Gppref.dll","Dom_GPP","6.2.19041.572","0","13-Oct-20","GDR","4586853","November 30, 2020-KB4586853 (OS Builds 19041.662 and 19042.662) Preview","http://support.microsoft.com/kb/4586853","KB only","KB only","KB only","rEX","20-11Rollup"
"Gpprefbr.dll","Dom_GPP","6.2.19041.572","0","13-Oct-20","GDR","4586853","November 30, 2020-KB4586853 (OS Builds 19041.662 and 19042.662) Preview","http://support.microsoft.com/kb/4586853","KB only","KB only","KB only","rEX","20-11Rollup"
"Gpprefcn.dll","Dom_GPP","6.2.19041.572","0","13-Oct-20","GDR","4586853","November 30, 2020-KB4586853 (OS Builds 19041.662 and 19042.662) Preview","http://support.microsoft.com/kb/4586853","KB only","KB only","KB only","rEX","20-11Rollup"
"Gpregistrybrowser.dll","Dom_GPP","6.2.19041.572","0","13-Oct-20","GDR","4586853","November 30, 2020-KB4586853 (OS Builds 19041.662 and 19042.662) Preview","http://support.microsoft.com/kb/4586853","KB only","KB only","KB only","rEX","20-11Rollup"
"Propshts.dll","Dom_GPP","6.2.19041.572","0","13-Oct-20","GDR","4586853","November 30, 2020-KB4586853 (OS Builds 19041.662 and 19042.662) Preview","http://support.microsoft.com/kb/4586853","KB only","KB only","KB only","rEX","20-11Rollup"
"Profprov.dll","Dom_ProfProc","6.2.19041.1","0","06-May-20","GDR","4592438 (v1.0)","December 8, 2020-KB4592438 (OS Builds 19041.685 and 19042.685)","http://support.microsoft.com/kb/4592438","KB only","KB only","KB only"," ","20-12Rollup"
"Profsvc.dll","Dom_ProfProc","6.2.19041.662","0","30-Nov-20","GDR","4592438 (v1.0)","December 8, 2020-KB4592438 (OS Builds 19041.685 and 19042.685)","http://support.microsoft.com/kb/4592438","KB only","KB only","KB only"," ","20-12Rollup"
"Fdeploy.dll","Dom_FolderRedir","6.2.19041.1","0","06-May-20","GDR","4592438 (v1.0)","December 8, 2020-KB4592438 (OS Builds 19041.685 and 19042.685)","http://support.microsoft.com/kb/4592438","KB only","KB only","KB only"," ","20-12Rollup"
"Esent.dll","Dom_ESENT","6.2.19041.546","0","01-Oct-20","GDR","4592438 (v1.0)","December 8, 2020-KB4592438 (OS Builds 19041.685 and 19042.685)","http://support.microsoft.com/kb/4592438","KB only","KB only","KB only"," ","20-12Rollup"
"Ntdsai.dll","Dom_NTDSAI","6.2.19041.153","0","06-May-20","GDR","4592438 (v1.0)","December 8, 2020-KB4592438 (OS Builds 19041.685 and 19042.685)","http://support.microsoft.com/kb/4592438","KB only","KB only","KB only"," ","20-12Rollup"
"Ntdsutil.exe","Dom_NTDSAI","6.2.19041.546","0","13-Oct-20","GDR","4586853","November 30, 2020-KB4586853 (OS Builds 19041.662 and 19042.662) Preview","http://support.microsoft.com/kb/4586853","KB only","KB only","KB only","rEX","20-11Rollup"
"Samsrv.dll","Dom_SAMSRV","6.2.19041.662","0","30-Nov-20","GDR","4592438 (v1.0)","December 8, 2020-KB4592438 (OS Builds 19041.685 and 19042.685)","http://support.microsoft.com/kb/4592438","KB only","KB only","KB only"," ","20-12Rollup"
"Samlib.dll","Dom_SAMSRV","6.2.19041.662","0","30-Nov-20","GDR","4592438 (v1.0)","December 8, 2020-KB4592438 (OS Builds 19041.685 and 19042.685)","http://support.microsoft.com/kb/4592438","KB only","KB only","KB only"," ","20-12Rollup"
"Mrxsmb.sys","Net_SMB_Client","6.2.19041.488","0","09-Jun-20","GDR","4592438 (v1.0)","December 8, 2020-KB4592438 (OS Builds 19041.685 and 19042.685)","http://support.microsoft.com/kb/4592438","KB only","KB only","KB only"," ","20-12Rollup"
"Mrxsmb10.sys","Net_SMB_Client","6.2.19041.488","0","09-Jun-20","GDR","4592438 (v1.0)","December 8, 2020-KB4592438 (OS Builds 19041.685 and 19042.685)","http://support.microsoft.com/kb/4592438","KB only","KB only","KB only"," ","20-12Rollup"
"Mrxsmb20.sys","Net_SMB_Client","6.2.19041.488","0","06-May-20","GDR","4592438 (v1.0)","December 8, 2020-KB4592438 (OS Builds 19041.685 and 19042.685)","http://support.microsoft.com/kb/4592438","KB only","KB only","KB only"," ","20-12Rollup"
"Rdbss.sys","Net_SMB_Client","6.2.19041.662","0","30-Nov-20","GDR","4592438 (v1.0)","December 8, 2020-KB4592438 (OS Builds 19041.685 and 19042.685)","http://support.microsoft.com/kb/4592438","KB only","KB only","KB only"," ","20-12Rollup"
"Netbt.sys","Net_SMB_Client","6.2.19041.572","0","13-Oct-20","GDR","4592438 (v1.0)","December 8, 2020-KB4592438 (OS Builds 19041.685 and 19042.685)","http://support.microsoft.com/kb/4592438","KB only","KB only","KB only"," ","20-12Rollup"
"Mup.sys","Net_SMB_Client","6.2.19041.1","0","06-May-20","GDR","4592438 (v1.0)","December 8, 2020-KB4592438 (OS Builds 19041.685 and 19042.685)","http://support.microsoft.com/kb/4592438","KB only","KB only","KB only"," ","20-12Rollup"
"wkssvc.dll","Net_SMB_Client","6.2.19041.610","0","29-Oct-20","GDR","4592438 (v1.0)","December 8, 2020-KB4592438 (OS Builds 19041.685 and 19042.685)","http://support.microsoft.com/kb/4592438","KB only","KB only","KB only"," ","20-12Rollup"
"Tcpip.sys","Net_Protocol","6.2.19041.662","0","30-Nov-20","GDR","4592438 (v1.0)","December 8, 2020-KB4592438 (OS Builds 19041.685 and 19042.685)","http://support.microsoft.com/kb/4592438","KB only","KB only","KB only"," ","20-12Rollup"
"Afd.sys","Net_Protocol","6.2.19041.488","0","11-Aug-20","GDR","4592438 (v1.0)","December 8, 2020-KB4592438 (OS Builds 19041.685 and 19042.685)","http://support.microsoft.com/kb/4592438","KB only","KB only","KB only"," ","20-12Rollup"
"Netio.sys","Net_Protocol","6.2.19041.662","0","30-Nov-20","GDR","4592438 (v1.0)","December 8, 2020-KB4592438 (OS Builds 19041.685 and 19042.685)","http://support.microsoft.com/kb/4592438","KB only","KB only","KB only"," ","20-12Rollup"
"Ndis.sys","Net_Protocol","6.2.19041.630","0","01-Oct-20","GDR","4592438 (v1.0)","December 8, 2020-KB4592438 (OS Builds 19041.685 and 19042.685)","http://support.microsoft.com/kb/4592438","KB only","KB only","KB only"," ","20-12Rollup"
"Netiohlp.dll","Net_Protocol","6.2.19041.1","0","06-May-20","GDR","4592438 (v1.0)","December 8, 2020-KB4592438 (OS Builds 19041.685 and 19042.685)","http://support.microsoft.com/kb/4592438","KB only","KB only","KB only"," ","20-12Rollup"
"Tdx.sys","Net_Protocol","6.2.19041.1","0","06-May-20","GDR","4592438 (v1.0)","December 8, 2020-KB4592438 (OS Builds 19041.685 and 19042.685)","http://support.microsoft.com/kb/4592438","KB only","KB only","KB only"," ","20-12Rollup"
"Iphlpapi.dll","Net_Protocol","6.2.19041.546","0","01-Oct-20","GDR","4592438 (v1.0)","December 8, 2020-KB4592438 (OS Builds 19041.685 and 19042.685)","http://support.microsoft.com/kb/4592438","KB only","KB only","KB only"," ","20-12Rollup"
"Dfsc.sys","Net_DFS-N_Client","6.2.19041.1","0","06-May-20","GDR","4592438 (v1.0)","December 8, 2020-KB4592438 (OS Builds 19041.685 and 19042.685)","http://support.microsoft.com/kb/4592438","KB only","KB only","KB only"," ","20-12Rollup"
"Csc.sys","Net_CSC_Offline","6.2.19041.546","0","01-Oct-20","GDR","4592438 (v1.0)","December 8, 2020-KB4592438 (OS Builds 19041.685 and 19042.685)","http://support.microsoft.com/kb/4592438","KB only","KB only","KB only"," ","20-12Rollup"
"Cscapi.dll","Net_CSC_Offline","6.2.19041.546","0","01-Oct-20","GDR","4592438 (v1.0)","December 8, 2020-KB4592438 (OS Builds 19041.685 and 19042.685)","http://support.microsoft.com/kb/4592438","KB only","KB only","KB only"," ","20-12Rollup"
"Cscdll.dll","Net_CSC_Offline","6.2.19041.546","0","01-Oct-20","GDR","4592438 (v1.0)","December 8, 2020-KB4592438 (OS Builds 19041.685 and 19042.685)","http://support.microsoft.com/kb/4592438","KB only","KB only","KB only"," ","20-12Rollup"
"Cscsvc.dll","Net_CSC_Offline","6.2.19041.450","0","11-Aug-20","GDR","4592438 (v1.0)","December 8, 2020-KB4592438 (OS Builds 19041.685 and 19042.685)","http://support.microsoft.com/kb/4592438","KB only","KB only","KB only"," ","20-12Rollup"
"Cscmig.dll","Net_CSC_Offline","6.2.19041.546","0","01-Oct-20","GDR","4592438 (v1.0)","December 8, 2020-KB4592438 (OS Builds 19041.685 and 19042.685)","http://support.microsoft.com/kb/4592438","KB only","KB only","KB only"," ","20-12Rollup"
"Cscui.dll","Net_CSC_Offline","6.2.19041.1","0","06-May-20","GDR","4592438 (v1.0)","December 8, 2020-KB4592438 (OS Builds 19041.685 and 19042.685)","http://support.microsoft.com/kb/4592438","KB only","KB only","KB only"," ","20-12Rollup"
"Mrxdav.sys","Net_WebDAV","6.2.19041.1","0","06-May-20","GDR","4592438 (v1.0)","December 8, 2020-KB4592438 (OS Builds 19041.685 and 19042.685)","http://support.microsoft.com/kb/4592438","KB only","KB only","KB only"," ","20-12Rollup"
"Webclnt.dll","Net_WebDAV","6.2.19041.1","0","06-May-20","GDR","4592438 (v1.0)","December 8, 2020-KB4592438 (OS Builds 19041.685 and 19042.685)","http://support.microsoft.com/kb/4592438","KB only","KB only","KB only"," ","20-12Rollup"
"Davclnt.dll","Net_WebDAV","6.2.19041.546","0","01-Oct-20","GDR","4592438 (v1.0)","December 8, 2020-KB4592438 (OS Builds 19041.685 and 19042.685)","http://support.microsoft.com/kb/4592438","KB only","KB only","KB only"," ","20-12Rollup"
"Shell32.dll","Net_WebDAV","6.2.19041.662","0","30-Nov-20","GDR","4592438 (v1.0)","December 8, 2020-KB4592438 (OS Builds 19041.685 and 19042.685)","http://support.microsoft.com/kb/4592438","KB only","KB only","KB only"," ","20-12Rollup"
"Winhttp.dll","Net_WebDAV","6.2.19041.546","0","01-Oct-20","GDR","4592438 (v1.0)","December 8, 2020-KB4592438 (OS Builds 19041.685 and 19042.685)","http://support.microsoft.com/kb/4592438","KB only","KB only","KB only"," ","20-12Rollup"
"Dhcpcore.dll","Net_DHCP_Client","6.2.19041.546","0","01-Oct-20","GDR","4592438 (v1.0)","December 8, 2020-KB4592438 (OS Builds 19041.685 and 19042.685)","http://support.microsoft.com/kb/4592438","KB only","KB only","KB only"," ","20-12Rollup"
"Dhcpcsvc.dll","Net_DHCP_Client","6.2.19041.546","0","01-Oct-20","GDR","4592438 (v1.0)","December 8, 2020-KB4592438 (OS Builds 19041.685 and 19042.685)","http://support.microsoft.com/kb/4592438","KB only","KB only","KB only"," ","20-12Rollup"
"dnsapi.dll","Net_DNS_Client","6.2.19041.610","0","29-Oct-20","GDR","4592438 (v1.0)","December 8, 2020-KB4592438 (OS Builds 19041.685 and 19042.685)","http://support.microsoft.com/kb/4592438","KB only","KB only","KB only"," ","20-12Rollup"
"dnsrslvr.dll","Net_DNS_Client","6.2.19041.610","0","29-Oct-20","GDR","4592438 (v1.0)","December 8, 2020-KB4592438 (OS Builds 19041.685 and 19042.685)","http://support.microsoft.com/kb/4592438","KB only","KB only","KB only"," ","20-12Rollup"
"Dnscacheugc.exe","Net_DNS_Client","6.2.19041.572","0","13-Oct-20","GDR","4592438 (v1.0)","December 8, 2020-KB4592438 (OS Builds 19041.685 and 19042.685)","http://support.microsoft.com/kb/4592438","KB only","KB only","KB only"," ","20-12Rollup"
"Rpcss.dll","Net_RPC","6.2.19041.662","1","30-Nov-20","GDR","4592438 (v1.0)","December 8, 2020-KB4592438 (OS Builds 19041.685 and 19042.685)","http://support.microsoft.com/kb/4592438","KB only","KB only","KB only"," ","20-12Rollup"
"Rpchttp.dll","Net_RPC","6.2.19041.1","1","06-May-20","GDR","4592438 (v1.0)","December 8, 2020-KB4592438 (OS Builds 19041.685 and 19042.685)","http://support.microsoft.com/kb/4592438","KB only","KB only","KB only"," ","20-12Rollup"
"Rpcrt4.dll","Net_RPC","6.2.19041.662","1","30-Nov-20","GDR","4592438 (v1.0)","December 8, 2020-KB4592438 (OS Builds 19041.685 and 19042.685)","http://support.microsoft.com/kb/4592438","KB only","KB only","KB only"," ","20-12Rollup"
"Bfe.dll","Net_Ipsec_BFE","6.2.19041.546","1","01-Oct-20","GDR","4592438 (v1.0)","December 8, 2020-KB4592438 (OS Builds 19041.685 and 19042.685)","http://support.microsoft.com/kb/4592438","KB only","KB only","KB only"," ","20-12Rollup"
"Ikeext.dll","Net_Ipsec_BFE","6.2.19041.546","1","01-Oct-20","GDR","4592438 (v1.0)","December 8, 2020-KB4592438 (OS Builds 19041.685 and 19042.685)","http://support.microsoft.com/kb/4592438","KB only","KB only","KB only"," ","20-12Rollup"
"Fwpuclnt.dll","Net_Ipsec_BFE","6.2.19041.546","1","01-Oct-20","GDR","4592438 (v1.0)","December 8, 2020-KB4592438 (OS Builds 19041.685 and 19042.685)","http://support.microsoft.com/kb/4592438","KB only","KB only","KB only"," ","20-12Rollup"
"Iphlpsvc.dll","Net_DirectAccess_Client","6.2.19041.1","1","06-May-20","GDR","4592438 (v1.0)","December 8, 2020-KB4592438 (OS Builds 19041.685 and 19042.685)","http://support.microsoft.com/kb/4592438","KB only","KB only","KB only"," ","20-12Rollup"
"Iphlpsvcmigplugin.dll","Net_DirectAccess_Client","6.2.19041.1","1","06-May-20","GDR","4592438 (v1.0)","December 8, 2020-KB4592438 (OS Builds 19041.685 and 19042.685)","http://support.microsoft.com/kb/4592438","KB only","KB only","KB only"," ","20-12Rollup"
"Netcorehc.dll","Net_DirectAccess_Client","6.2.19041.1","1","06-May-20","GDR","4592438 (v1.0)","December 8, 2020-KB4592438 (OS Builds 19041.685 and 19042.685)","http://support.microsoft.com/kb/4592438","KB only","KB only","KB only"," ","20-12Rollup"
"Daotpcredentialprovider.dll","Net_DirectAccess_Client","6.2.19041.1","1","06-May-20","GDR","4592438 (v1.0)","December 8, 2020-KB4592438 (OS Builds 19041.685 and 19042.685)","http://support.microsoft.com/kb/4592438","KB only","KB only","KB only"," ","20-12Rollup"
"Rdpcore.dll","Net_DirectAccess_Client","6.2.19041.662","1","30-Nov-20","GDR","4592438 (v1.0)","December 8, 2020-KB4592438 (OS Builds 19041.685 and 19042.685)","http://support.microsoft.com/kb/4592438","KB only","KB only","KB only"," ","20-12Rollup"
"dot3svc.dll","Net_IEEE802.1x","6.2.19041.546","1","01-Oct-20","GDR","4592438 (v1.0)","December 8, 2020-KB4592438 (OS Builds 19041.685 and 19042.685)","http://support.microsoft.com/kb/4592438","KB only","KB only","KB only"," ","20-12Rollup"
"Rastls.dll","Net_IEEE802.1x","6.2.19041.546","1","01-Oct-20","GDR","4592438 (v1.0)","December 8, 2020-KB4592438 (OS Builds 19041.685 and 19042.685)","http://support.microsoft.com/kb/4592438","KB only","KB only","KB only"," ","20-12Rollup"
"wlansvc.dll","Net_WLAN_Client","6.2.19041.630","1","01-Oct-20","GDR","4592438 (v1.0)","December 8, 2020-KB4592438 (OS Builds 19041.685 and 19042.685)","http://support.microsoft.com/kb/4592438","KB only","KB only","KB only"," ","20-12Rollup"
"wlanmsm.dll","Net_WLAN_Client","6.2.19041.630","1","01-Oct-20","GDR","4592438 (v1.0)","December 8, 2020-KB4592438 (OS Builds 19041.685 and 19042.685)","http://support.microsoft.com/kb/4592438","KB only","KB only","KB only"," ","20-12Rollup"
"wlanapi.dll","Net_WLAN_Client","6.2.19041.630","1","01-Oct-20","GDR","4592438 (v1.0)","December 8, 2020-KB4592438 (OS Builds 19041.685 and 19042.685)","http://support.microsoft.com/kb/4592438","KB only","KB only","KB only"," ","20-12Rollup"
"wlansec.dll","Net_WLAN_Client","6.2.19041.630","1","01-Oct-20","GDR","4592438 (v1.0)","December 8, 2020-KB4592438 (OS Builds 19041.685 and 19042.685)","http://support.microsoft.com/kb/4592438","KB only","KB only","KB only"," ","20-12Rollup"
"wlansvcpal.dll","Net_WLAN_Client","6.2.19041.630","1","01-Oct-20","GDR","4592438 (v1.0)","December 8, 2020-KB4592438 (OS Builds 19041.685 and 19042.685)","http://support.microsoft.com/kb/4592438","KB only","KB only","KB only"," ","20-12Rollup"
"wlanhlp.dll","Net_WLAN_Client","6.2.19041.630","1","01-Oct-20","GDR","4592438 (v1.0)","December 8, 2020-KB4592438 (OS Builds 19041.685 and 19042.685)","http://support.microsoft.com/kb/4592438","KB only","KB only","KB only"," ","20-12Rollup"
"Netcfgx.dll","Net_Config","6.2.19041.1","1","06-May-20","GDR","4592438 (v1.0)","December 8, 2020-KB4592438 (OS Builds 19041.685 and 19042.685)","http://support.microsoft.com/kb/4592438","KB only","KB only","KB only"," ","20-12Rollup"
"Rasapi32.dll","HNV_Net","6.2.19041.630","1","29-Oct-20","GDR","4592438 (v1.0)","December 8, 2020-KB4592438 (OS Builds 19041.685 and 19042.685)","http://support.microsoft.com/kb/4592438","KB only","KB only","KB only"," ","20-12Rollup"
"Mprapi.dll","HNV_Net","6.2.19041.1","1","06-May-20","GDR","4592438 (v1.0)","December 8, 2020-KB4592438 (OS Builds 19041.685 and 19042.685)","http://support.microsoft.com/kb/4592438","KB only","KB only","KB only"," ","20-12Rollup"
"Tunnel.sys","Net_IPv6","6.2.19041.1","1","06-May-20","GDR","4592438 (v1.0)","December 8, 2020-KB4592438 (OS Builds 19041.685 and 19042.685)","http://support.microsoft.com/kb/4592438","KB only","KB only","KB only"," ","20-12Rollup"
"Dhcpcore6.dll","Net_IPv6","6.2.19041.546","1","01-Oct-20","GDR","4592438 (v1.0)","December 8, 2020-KB4592438 (OS Builds 19041.685 and 19042.685)","http://support.microsoft.com/kb/4592438","KB only","KB only","KB only"," ","20-12Rollup"
"Dhcpcsvc6.dll","Net_IPv6","6.2.19041.546","1","01-Oct-20","GDR","4592438 (v1.0)","December 8, 2020-KB4592438 (OS Builds 19041.685 and 19042.685)","http://support.microsoft.com/kb/4592438","KB only","KB only","KB only"," ","20-12Rollup"
"WebIo.dll","Net_BranchCache","6.2.19041.546","1","01-Oct-20","GDR","4592438 (v1.0)","December 8, 2020-KB4592438 (OS Builds 19041.685 and 19042.685)","http://support.microsoft.com/kb/4592438","KB only","KB only","KB only"," ","20-12Rollup"
"Smbhash.exe","Net_BranchCache","6.2.19041.1","1","06-May-20","GDR","4592438 (v1.0)","December 8, 2020-KB4592438 (OS Builds 19041.685 and 19042.685)","http://support.microsoft.com/kb/4592438","KB only","KB only","KB only"," ","20-12Rollup"
"Pacer.sys","Net_QoS","6.2.19041.546","1","01-Oct-20","GDR","4592438 (v1.0)","December 8, 2020-KB4592438 (OS Builds 19041.685 and 19042.685)","http://support.microsoft.com/kb/4592438","KB only","KB only","KB only"," ","20-12Rollup"
"Mpsdrv.sys","Net_Firewall","6.2.19041.1","1","06-May-20","GDR","4592438 (v1.0)","December 8, 2020-KB4592438 (OS Builds 19041.685 and 19042.685)","http://support.microsoft.com/kb/4592438","KB only","KB only","KB only"," ","20-12Rollup"
"MpsSvc.dll","Net_Firewall","6.2.19041.546","1","01-Oct-20","GDR","4592438 (v1.0)","December 8, 2020-KB4592438 (OS Builds 19041.685 and 19042.685)","http://support.microsoft.com/kb/4592438","KB only","KB only","KB only"," ","20-12Rollup"
"Ntoskrnl.exe","Core_Kernel","6.2.19041.662","0","30-Nov-20","GDR","4592438 (v1.0)","December 8, 2020-KB4592438 (OS Builds 19041.685 and 19042.685)","http://support.microsoft.com/kb/4592438","KB only","KB only","KB only"," ","20-12Rollup"
"Ntkrnlpa.exe","Core_Kernel","6.2.19041.1","0","06-May-20","GDR","4592438 (v1.0)","December 8, 2020-KB4592438 (OS Builds 19041.685 and 19042.685)","http://support.microsoft.com/kb/4592438","KB only","KB only","KB only"," ","20-12Rollup"
"Crashdmp.sys","Core_Kernel","6.2.19041.1","0","06-May-20","GDR","4592438 (v1.0)","December 8, 2020-KB4592438 (OS Builds 19041.685 and 19042.685)","http://support.microsoft.com/kb/4592438","KB only","KB only","KB only"," ","20-12Rollup"
"Ntdll.dll","Core_Kernel","6.2.19041.662","0","30-Nov-20","GDR","4592438 (v1.0)","December 8, 2020-KB4592438 (OS Builds 19041.685 and 19042.685)","http://support.microsoft.com/kb/4592438","KB only","KB only","KB only"," ","20-12Rollup"
"Hal.dll","Core_Kernel","6.2.19041.488","0","14-Jul-20","GDR","4592438 (v1.0)","December 8, 2020-KB4592438 (OS Builds 19041.685 and 19042.685)","http://support.microsoft.com/kb/4592438","KB only","KB only","KB only"," ","20-12Rollup"
"Fltmgr.sys","Core_Kernel","6.2.19041.264","0","06-May-20","GDR","4592438 (v1.0)","December 8, 2020-KB4592438 (OS Builds 19041.685 and 19042.685)","http://support.microsoft.com/kb/4592438","KB only","KB only","KB only"," ","20-12Rollup"
"win32k.sys","Core_Kernel","6.2.19041.662","0","30-Nov-20","GDR","4592438 (v1.0)","December 8, 2020-KB4592438 (OS Builds 19041.685 and 19042.685)","http://support.microsoft.com/kb/4592438","KB only","KB only","KB only"," ","20-12Rollup"
"Ntfs.sys","Core_FileSystem","6.2.19041.662","0","30-Nov-20","GDR","4592438 (v1.0)","December 8, 2020-KB4592438 (OS Builds 19041.685 and 19042.685)","http://support.microsoft.com/kb/4592438","KB only","KB only","KB only"," ","20-12Rollup"
"dedup.sys","Core_FileSystem","6.2.19041.1","0","06-May-20","GDR","4592438 (v1.0)","December 8, 2020-KB4592438 (OS Builds 19041.685 and 19042.685)","http://support.microsoft.com/kb/4592438","KB only","KB only","KB only"," ","20-12Rollup"
"Msiscsi.sys","Core_DiskSystem","6.2.19041.610","0","29-Oct-20","GDR","4592438 (v1.0)","December 8, 2020-KB4592438 (OS Builds 19041.685 and 19042.685)","http://support.microsoft.com/kb/4592438","KB only","KB only","KB only"," ","20-12Rollup"
"Iscsitgt.dll","Core_DiskSystem","6.2.19041.1","0","06-May-20","GDR","4592438 (v1.0)","December 8, 2020-KB4592438 (OS Builds 19041.685 and 19042.685)","http://support.microsoft.com/kb/4592438","KB only","KB only","KB only"," ","20-12Rollup"
"Storport.sys","Core_DiskSystem","6.2.19041.488","0","06-May-20","GDR","4592438 (v1.0)","December 8, 2020-KB4592438 (OS Builds 19041.685 and 19042.685)","http://support.microsoft.com/kb/4592438","KB only","KB only","KB only"," ","20-12Rollup"
"Repdrvfs.dll","Core_WMI","6.2.19041.1","0","06-May-20","GDR","4592438 (v1.0)","December 8, 2020-KB4592438 (OS Builds 19041.685 and 19042.685)","http://support.microsoft.com/kb/4592438","KB only","KB only","KB only"," ","20-12Rollup"
"Advapi32.dll","Core_Apps","6.2.19041.610","0","29-Oct-20","GDR","4592438 (v1.0)","December 8, 2020-KB4592438 (OS Builds 19041.685 and 19042.685)","http://support.microsoft.com/kb/4592438","KB only","KB only","KB only"," ","20-12Rollup"
"Mshtml.dll","IE_Client","11.0.19041.662","0","30-Nov-20","GDR","4592438 (v1.0)","December 8, 2020-KB4592438 (OS Builds 19041.685 and 19042.685)","http://support.microsoft.com/kb/4592438","KB only","KB only","KB only"," ","20-12Rollup"
"4586864","Win2016_20H2_20-11_SSU_KB"," ","0","10-Nov-2020","GDR","4586864","Servicing stack update for Windows 10, version 2004 and 20H2: November 10, 2020","http://support.microsoft.com/kb/4586864","KB only","KB only","KB Only"," ","No Rollup"
"4592438","Win201620H2_20-12_B_rollup_KB"," ","0","08-Dec-2020","GDR","4592438 (v1.0)","December 8, 2020-KB4592438 (OS Builds 19041.685 and 19042.685)","http://support.microsoft.com/kb/4592438","KB only","KB only","KB only"," ","20-12Rollup"
