"Binary","Component","Version","Prio","Published","Branch","Article","Title","Link","LDROnlyKB","LDROnlyTitle","LDROnlyLink","Comment","RollupInfo"
"Netlogon.dll","Dom_NETLOGON","6.2.18362.628","0","28-Jan-20","GDR","4540673 (v1.0)","March 10, 2020-KB4540673 (OS Builds 18362.719 and 18363.719)","http://support.microsoft.com/kb/4540673","KB only","KB only","KB only"," ","20-03Rollup"
"LogonCli.dll","Dom_NETLOGON","6.2.18362.628","0","22-Jan-20","GDR","4540673 (v1.0)","March 10, 2020-KB4540673 (OS Builds 18362.719 and 18363.719)","http://support.microsoft.com/kb/4540673","KB only","KB only","KB only"," ","20-03Rollup"
"Winlogon.exe","Dom_WINLOGON","6.2.18362.693","0","7-Mar-20","GDR","4540673","March 10, 2020-KB4540673 (OS Builds 18362.719 and 18363.719)","http://support.microsoft.com/kb/4540673","KB only","KB only","KB only"," ","20-03Rollup"
"Kerberos.dll","Dom_KERBEROS","6.2.18362.657","0","11-Feb-20","GDR","4540673 (v1.0)","March 10, 2020-KB4540673 (OS Builds 18362.719 and 18363.719)","http://support.microsoft.com/kb/4540673","KB only","KB only","KB only"," ","20-03Rollup"
"Msv1_0.dll","Dom_NTLM","6.2.18362.476","1","12-Nov-19","GDR","4540673 (v1.0)","March 10, 2020-KB4540673 (OS Builds 18362.719 and 18363.719)","http://support.microsoft.com/kb/4540673","KB only","KB only","KB only"," ","20-03Rollup"
"Wldap32.dll","Dom_LDAPClient","6.2.18362.449","0","24-Oct-19","GDR","4540673 (v1.0)","March 10, 2020-KB4540673 (OS Builds 18362.719 and 18363.719)","http://support.microsoft.com/kb/4540673","KB only","KB only","KB only"," ","20-03Rollup"
"Lsasrv.dll","Dom_LSA","6.2.18362.657","0","11-Feb-20","GDR","4540673 (v1.0)","March 10, 2020-KB4540673 (OS Builds 18362.719 and 18363.719)","http://support.microsoft.com/kb/4540673","KB only","KB only","KB only"," ","20-03Rollup"
"Ksecdd.sys","Dom_LSA","6.2.18362.113","0","29-Jun-19","GDR","4540673 (v1.0)","March 10, 2020-KB4540673 (OS Builds 18362.719 and 18363.719)","http://support.microsoft.com/kb/4540673","KB only","KB only","KB only"," ","20-03Rollup"
"Ksecpkg.sys","Dom_LSA","6.2.18362.657","0","11-Feb-20","GDR","4540673 (v1.0)","March 10, 2020-KB4540673 (OS Builds 18362.719 and 18363.719)","http://support.microsoft.com/kb/4540673","KB only","KB only","KB only"," ","20-03Rollup"
"Secur32.dll","Dom_LSA","6.2.18362.1","0","23-Jan-20","GDR","4540673 (v1.0)","March 10, 2020-KB4540673 (OS Builds 18362.719 and 18363.719)","http://support.microsoft.com/kb/4540673","KB only","KB only","KB only"," ","20-03Rollup"
"Schannel.dll","Dom_LSA","6.2.18362.418","0","08-Oct-19","GDR","4540673 (v1.0)","March 10, 2020-KB4540673 (OS Builds 18362.719 and 18363.719)","http://support.microsoft.com/kb/4540673","KB only","KB only","KB only"," ","20-03Rollup"
"Crypt32.dll","Dom_CRYPTO","6.2.18362.592","1","3-Jan-20","GDR","4540673 (v1.0)","March 10, 2020-KB4540673 (OS Builds 18362.719 and 18363.719)","http://support.microsoft.com/kb/4540673","KB only","KB only","KB only"," ","20-03Rollup"
"Wintrust.dll","Dom_CRYPTO","6.2.18362.387","1","26-Sep-19","GDR","4540673 (v1.0)","March 10, 2020-KB4540673 (OS Builds 18362.719 and 18363.719)","http://support.microsoft.com/kb/4540673","KB only","KB only","KB only"," ","20-03Rollup"
"Cryptdll.dll","Dom_CRYPTO","6.2.18362.113","1","29-Jun-19","GDR","4540673 (v1.0)","March 10, 2020-KB4540673 (OS Builds 18362.719 and 18363.719)","http://support.microsoft.com/kb/4540673","KB only","KB only","KB only"," ","20-03Rollup"
"Cryptcatsvc.dll","Dom_CRYPTO","6.2.18362.592","1","3-Jan-20","GDR","4540673 (v1.0)","March 10, 2020-KB4540673 (OS Builds 18362.719 and 18363.719)","http://support.microsoft.com/kb/4540673","KB only","KB only","KB only"," ","20-03Rollup"
"Gpmgmt.dll","Dom_GPSVC","6.2.18362.1","1","22-Jan-20","GDR","4540673 (v1.0)","March 10, 2020-KB4540673 (OS Builds 18362.719 and 18363.719)","http://support.microsoft.com/kb/4540673","KB only","KB only","KB only"," ","20-03Rollup"
"Userenv.dll","Dom_GPSVC","6.2.18362.387","1","26-Sep-19","GDR","4540673 (v1.0)","March 10, 2020-KB4540673 (OS Builds 18362.719 and 18363.719)","http://support.microsoft.com/kb/4540673","KB only","KB only","KB only"," ","20-03Rollup"
"Gpme.dll","Dom_GPP","6.2.18362.449","1","21-Oct-19","GDR","4540673 (v1.0)","March 10, 2020-KB4540673 (OS Builds 18362.719 and 18363.719)","http://support.microsoft.com/kb/4540673","KB only","KB only","KB only"," ","20-03Rollup"
"Gppref.dll","Dom_GPP","6.2.18362.449","1","21-Oct-19","GDR","4540673 (v1.0)","March 10, 2020-KB4540673 (OS Builds 18362.719 and 18363.719)","http://support.microsoft.com/kb/4540673","KB only","KB only","KB only"," ","20-03Rollup"
"Gpprefbr.dll","Dom_GPP","6.2.18362.449","1","21-Oct-19","GDR","4540673 (v1.0)","March 10, 2020-KB4540673 (OS Builds 18362.719 and 18363.719)","http://support.microsoft.com/kb/4540673","KB only","KB only","KB only"," ","20-03Rollup"
"Gpprefcn.dll","Dom_GPP","6.2.18362.449","1","21-Oct-19","GDR","4540673 (v1.0)","March 10, 2020-KB4540673 (OS Builds 18362.719 and 18363.719)","http://support.microsoft.com/kb/4540673","KB only","KB only","KB only"," ","20-03Rollup"
"Gpregistrybrowser.dll","Dom_GPP","6.2.18362.449","1","21-Oct-19","GDR","4540673 (v1.0)","March 10, 2020-KB4540673 (OS Builds 18362.719 and 18363.719)","http://support.microsoft.com/kb/4540673","KB only","KB only","KB only"," ","20-03Rollup"
"Propshts.dll","Dom_GPP","6.2.18362.449","1","21-Oct-19","GDR","4540673 (v1.0)","March 10, 2020-KB4540673 (OS Builds 18362.719 and 18363.719)","http://support.microsoft.com/kb/4540673","KB only","KB only","KB only"," ","20-03Rollup"
"Repdrvfs.dll","Core_WMI","6.2.18362.1","0","8-Feb-20","GDR","4540673 (v1.0)","March 10, 2020-KB4540673 (OS Builds 18362.719 and 18363.719)","http://support.microsoft.com/kb/4540673","KB only","KB only","KB only"," ","20-03Rollup"
"Profsvc.dll","Dom_ProfProc","6.2.18362.693","1","7-Mar-20","GDR","4540673","March 10, 2020-KB4540673 (OS Builds 18362.719 and 18363.719)","http://support.microsoft.com/kb/4540673","KB only","KB only","KB only"," ","20-03Rollup"
"Csc.sys","Net_CSC_Offline","6.2.18362.693","1","7-Mar-20","GDR","4540673","March 10, 2020-KB4540673 (OS Builds 18362.719 and 18363.719)","http://support.microsoft.com/kb/4540673","KB only","KB only","KB only"," ","20-03Rollup"
"Cscsvc.dll","Net_CSC_Offline","6.2.18362.719","1","10-Mar-20","GDR","4540673","March 10, 2020-KB4540673 (OS Builds 18362.719 and 18363.719)","http://support.microsoft.com/kb/4540673","KB only","KB only","KB only"," ","20-03Rollup"
"Cscmig.dll","Net_CSC_Offline","6.2.18362.693","1","7-Mar-20","GDR","4540673","March 10, 2020-KB4540673 (OS Builds 18362.719 and 18363.719)","http://support.microsoft.com/kb/4540673","KB only","KB only","KB only"," ","20-03Rollup"
"Cscui.dll","Net_CSC_Offline","6.2.18362.628","1","28-Jan-20","GDR","4540673 (v1.0)","March 10, 2020-KB4540673 (OS Builds 18362.719 and 18363.719)","http://support.microsoft.com/kb/4540673","KB only","KB only","KB only"," ","20-03Rollup"
"Esent.dll","Dom_ESENT","6.2.18362.693","0","7-Mar-20","GDR","4540673","March 10, 2020-KB4540673 (OS Builds 18362.719 and 18363.719)","http://support.microsoft.com/kb/4540673","KB only","KB only","KB only"," ","20-03Rollup"
"Ntdsai.dll","Dom_NTDSAI","6.2.18362.449","0","24-Oct-19","GDR","4540673 (v1.0)","March 10, 2020-KB4540673 (OS Builds 18362.719 and 18363.719)","http://support.microsoft.com/kb/4540673","KB only","KB only","KB only"," ","20-03Rollup"
"Ntdsutil.exe","Dom_NTDSAI","6.2.18362.628","0","22-Jan-20","GDR","4540673 (v1.0)","March 10, 2020-KB4540673 (OS Builds 18362.719 and 18363.719)","http://support.microsoft.com/kb/4540673","KB only","KB only","KB only"," ","20-03Rollup"
"Samsrv.dll","Dom_SAMSRV","6.2.18362.267","0","26-Jul-19","GDR","4540673 (v1.0)","March 10, 2020-KB4540673 (OS Builds 18362.719 and 18363.719)","http://support.microsoft.com/kb/4540673","KB only","KB only","KB only"," ","20-03Rollup"
"Samlib.dll","Dom_SAMSRV","6.2.18362.267","0","26-Jul-19","GDR","4540673 (v1.0)","March 10, 2020-KB4540673 (OS Builds 18362.719 and 18363.719)","http://support.microsoft.com/kb/4540673","KB only","KB only","KB only"," ","20-03Rollup"
"Kdcsvc.dll","Dom_KDCSVC","6.2.18362.1","0","22-Jan-20","GDR","4540673 (v1.0)","March 10, 2020-KB4540673 (OS Builds 18362.719 and 18363.719)","http://support.microsoft.com/kb/4540673","KB only","KB only","KB only"," ","20-03Rollup"
"Microsoft.identityserver.service.dll","Dom_ADFS","6.2.18362.1","0","23-Jan-20","GDR","4540673 (v1.0)","March 10, 2020-KB4540673 (OS Builds 18362.719 and 18363.719)","http://support.microsoft.com/kb/4540673","KB only","KB only","KB only"," ","20-03Rollup"
"Microsoft.identityserver.web.dll","Dom_ADFS","6.2.18362.1","0","23-Jan-20","GDR","4540673 (v1.0)","March 10, 2020-KB4540673 (OS Builds 18362.719 and 18363.719)","http://support.microsoft.com/kb/4540673","KB only","KB only","KB only"," ","20-03Rollup"
"4541338","Win2016_1903_20_03_SSU_KB"," ","0","10-Mar-2020","GDR","4541338","Servicing stack update for Windows 10, version 1903 and 1909: March 10, 2020","http://support.microsoft.com/kb/4541338","KB only","KB only","KB Only"," ","No Rollup"
"4540673","Win201619H1_20-03_B_rollup_KB"," ","0","10-Mar-2020","GDR","4540673 (v1.0)","March 10, 2020-KB4540673 (OS Builds 18362.719 and 18363.719)","http://support.microsoft.com/kb/4540673","KB only","KB only","KB only"," ","20-03Rollup"
