"Binary","Component","Version","Prio","Published","Branch","Article","Title","Link","LDROnlyKB","LDROnlyTitle","LDROnlyLink","Comment","RollupInfo"
"Localspl.dll","Print_Spool","6.2.19041.804","0","09-Feb-21","GDR","4601319 (v1.0)","February 9, 2021-KB4601319 (OS Builds 19041.804 and 19042.804)","http://support.microsoft.com/kb/4601319","KB only","KB only","KB only"," ","21-02Rollup"
"Win32spl.dll","Print_Spool","6.2.19041.746","0","13-Oct-20","GDR","4601319 (v1.0)","February 9, 2021-KB4601319 (OS Builds 19041.804 and 19042.804)","http://support.microsoft.com/kb/4601319","KB only","KB only","KB only"," ","21-02Rollup"
"Spoolss.dll","Print_Spool","6.2.19041.1","0","06-May-20","GDR","4601319 (v1.0)","February 9, 2021-KB4601319 (OS Builds 19041.804 and 19042.804)","http://support.microsoft.com/kb/4601319","KB only","KB only","KB only"," ","21-02Rollup"
"Spoolsv.exe","Print_Spool","6.2.19041.746","0","08-Dec-20","GDR","4601319 (v1.0)","February 9, 2021-KB4601319 (OS Builds 19041.804 and 19042.804)","http://support.microsoft.com/kb/4601319","KB only","KB only","KB only"," ","21-02Rollup"
"Winspool.drv","Print_Spool","6.2.19041.746","0","01-Oct-20","GDR","4601319 (v1.0)","February 9, 2021-KB4601319 (OS Builds 19041.804 and 19042.804)","http://support.microsoft.com/kb/4601319","KB only","KB only","KB only"," ","21-02Rollup"
"Ntprint.exe","Print_App","6.2.19041.746","0","06-May-20","GDR","4601319 (v1.0)","February 9, 2021-KB4601319 (OS Builds 19041.804 and 19042.804)","http://support.microsoft.com/kb/4601319","KB only","KB only","KB only"," ","21-02Rollup"
"Printui.dll","Print_App","6.2.19041.1","0","06-May-20","GDR","4601319 (v1.0)","February 9, 2021-KB4601319 (OS Builds 19041.804 and 19042.804)","http://support.microsoft.com/kb/4601319","KB only","KB only","KB only"," ","21-02Rollup"
"Printcom.dll","Print_App","6.2.19041.1","0","06-May-20","GDR","4601319 (v1.0)","February 9, 2021-KB4601319 (OS Builds 19041.804 and 19042.804)","http://support.microsoft.com/kb/4601319","KB only","KB only","KB only"," ","21-02Rollup"
"Printfilterpipelineprxy.dll","Print_App","6.2.19041.746","0","06-May-20","GDR","4601319 (v1.0)","February 9, 2021-KB4601319 (OS Builds 19041.804 and 19042.804)","http://support.microsoft.com/kb/4601319","KB only","KB only","KB only"," ","21-02Rollup"
"Printfilterpipelinesvc.exe","Print_App","6.2.19041.746","0","06-May-20","GDR","4601319 (v1.0)","February 9, 2021-KB4601319 (OS Builds 19041.804 and 19042.804)","http://support.microsoft.com/kb/4601319","KB only","KB only","KB only"," ","21-02Rollup"
"Printbrm.exe","Print_App","6.2.19041.450","0","11-Aug-20","GDR","4601319 (v1.0)","February 9, 2021-KB4601319 (OS Builds 19041.804 and 19042.804)","http://support.microsoft.com/kb/4601319","KB only","KB only","KB only"," ","21-02Rollup"
"splwow64.exe","Print_App","6.2.19041.746","0","08-Dec-20","GDR","4601319 (v1.0)","February 9, 2021-KB4601319 (OS Builds 19041.804 and 19042.804)","http://support.microsoft.com/kb/4601319","KB only","KB only","KB only"," ","21-02Rollup"
"Mxdwdrv.dll","Print_Driver","6.2.19041.1","1","6-Sep-20","GDR","4601319 (v1.0)","February 9, 2021-KB4601319 (OS Builds 19041.804 and 19042.804)","http://support.microsoft.com/kb/4601319","KB only","KB only","KB only"," ","21-02Rollup"
"Pcl4res.dll","Print_Driver","6.2.19041.1","1","6-Sep-20","GDR","4601319 (v1.0)","February 9, 2021-KB4601319 (OS Builds 19041.804 and 19042.804)","http://support.microsoft.com/kb/4601319","KB only","KB only","KB only"," ","21-02Rollup"
"Pscript5.dll","Print_Driver","6.2.19041.1","1","6-Sep-20","GDR","4601319 (v1.0)","February 9, 2021-KB4601319 (OS Builds 19041.804 and 19042.804)","http://support.microsoft.com/kb/4601319","KB only","KB only","KB only"," ","21-02Rollup"
"Unidrv.dll","Print_Driver","6.2.19041.1","1","6-Sep-20","GDR","4601319 (v1.0)","February 9, 2021-KB4601319 (OS Builds 19041.804 and 19042.804)","http://support.microsoft.com/kb/4601319","KB only","KB only","KB only"," ","21-02Rollup"
"Unires.dll","Print_Driver","6.2.19041.1","1","6-Sep-20","GDR","4601319 (v1.0)","February 9, 2021-KB4601319 (OS Builds 19041.804 and 19042.804)","http://support.microsoft.com/kb/4601319","KB only","KB only","KB only"," ","21-02Rollup"
"Xpssvcs.dll","Print_Driver","6.2.19041.1","1","06-May-20","GDR","4601319 (v1.0)","February 9, 2021-KB4601319 (OS Builds 19041.804 and 19042.804)","http://support.microsoft.com/kb/4601319","KB only","KB only","KB only"," ","21-02Rollup"
"4598481","Win2016_20H2_21-01_SSU_KB"," ","0","12-Jan-2021","GDR","4598481","Servicing stack update for Windows 10, version 2004 and 20H2: January 12, 2021","http://support.microsoft.com/kb/4598481","KB only","KB only","KB Only"," ","No Rollup"
"4601319","Win201620H2_21-02_B_rollup_KB"," ","0","09-Feb-2021","GDR","4601319 (v1.0)","February 9, 2021-KB4601319 (OS Builds 19041.804 and 19042.804)","http://support.microsoft.com/kb/4601319","KB only","KB only","KB only"," ","21-02Rollup"
