"Binary","Component","Version","Prio","Published","Branch","Article","Title","Link","LDROnlyKB","LDROnlyTitle","LDROnlyLink","Comment","RollupInfo"
"Volsnap.sys","Cluster_Volsnap","6.2.18362.693","0","7-Mar-20","GDR","4598229 (v1.0)","January 12, 2021-KB4598229 (OS Build 18363.1316)","http://support.microsoft.com/kb/4598229","KB only","KB only","KB only"," ","21-01Rollup"
"Csvflt.sys","Cluster_CSV","6.2.18362.267","0","23-Jan-20","GDR","4586819","November 19, 2020-KB4586819 (OS Builds 18362.1237 and 18363.1237) Preview","http://support.microsoft.com/kb/4586819","KB only","KB only","KB only","rEX","20-11Rollup"
"Csvfs.sys","Cluster_CSV","6.2.18362.628","0","22-Jan-20","GDR","4586819","November 19, 2020-KB4586819 (OS Builds 18362.1237 and 18363.1237) Preview","http://support.microsoft.com/kb/4586819","KB only","KB only","KB only","rEX","20-11Rollup"
"Vmswitch.sys","Hyper-V_Net","6.2.18362.1198","1","13-Oct-20","GDR","4586819","November 19, 2020-KB4586819 (OS Builds 18362.1237 and 18363.1237) Preview","http://support.microsoft.com/kb/4586819","KB only","KB only","KB only","rEX","20-11Rollup"
"Ndisimplatform.sys","Hyper-V_Net","6.2.18362.693","1","7-Mar-20","GDR","4598229 (v1.0)","January 12, 2021-KB4598229 (OS Build 18363.1316)","http://support.microsoft.com/kb/4598229","KB only","KB only","KB only"," ","21-01Rollup"
"Vmms.exe","Hyper-V_Net","6.2.18362.1110","1","16-Sep-20","GDR","4598229 (v1.0)","January 12, 2021-KB4598229 (OS Build 18363.1316)","http://support.microsoft.com/kb/4598229","KB only","KB only","KB only"," ","21-01Rollup"
"Winnat.sys","Hyper-V_Net","6.2.18362.1110","1","16-Sep-20","GDR","4598229 (v1.0)","January 12, 2021-KB4598229 (OS Build 18363.1316)","http://support.microsoft.com/kb/4598229","KB only","KB only","KB only"," ","21-01Rollup"
"Wmisvc.dll","Hyper-V_Net","6.2.18362.1171","1","20-Oct-20","GDR","4598229 (v1.0)","January 12, 2021-KB4598229 (OS Build 18363.1316)","http://support.microsoft.com/kb/4598229","KB only","KB only","KB only"," ","21-01Rollup"
"Vmbus.sys","Hyper-V_Net","6.2.18362.693","1","7-Mar-20","GDR","4598229 (v1.0)","January 12, 2021-KB4598229 (OS Build 18363.1316)","http://support.microsoft.com/kb/4598229","KB only","KB only","KB only"," ","21-01Rollup"
"Rasapi32.dll","HNV_Net","6.2.18362.1316","1","20-Nov-20","GDR","4598229 (v1.0)","January 12, 2021-KB4598229 (OS Build 18363.1316)","http://support.microsoft.com/kb/4598229","KB only","KB only","KB only","rEX","21-01Rollup"
"Vmwp.exe","Hyper-V_app","6.2.18362.1139","1","08-Sep-20","GDR","4598229 (v1.0)","January 12, 2021-KB4598229 (OS Build 18363.1316)","http://support.microsoft.com/kb/4598229","KB only","KB only","KB only"," ","21-01Rollup"
"4598479","Win2016_1903_21-01_SSU_KB"," ","0","12-Jan-2021","GDR","4598479","Servicing stack update for Windows 10, version 1903 and 1909: January 12, 2021","http://support.microsoft.com/kb/4598479","KB only","KB only","KB Only"," ","No Rollup"
"4598229","Win201619H1_21-01_B_rollup_KB"," ","0","12-Jan-2021","GDR","4598229 (v1.0)","January 12, 2021-KB4598229 (OS Build 18363.1316)","http://support.microsoft.com/kb/4598229","KB only","KB only","KB only"," ","21-01Rollup"
