"Binary","Component","Version","Prio","Published","Branch","Article","Title","Link","LDROnlyKB","LDROnlyTitle","LDROnlyLink","Comment","RollupInfo"
"Fltmgr.sys","Core_Kernel","6.2.15063.2161","0","17-Oct-19","GDR","4571689","August 11, 2020-KB4571689 (OS Build 15063.2467)","http://support.microsoft.com/kb/4571689","No LDR Only available","No LDR Only available","No LDR Only available","rEX","20-08Rollup"
"win32k.sys","Core_Kernel","6.2.15063.608","0","5-Sep-17","GDR","4571689","August 11, 2020-KB4571689 (OS Build 15063.2467)","http://support.microsoft.com/kb/4571689","No LDR Only available","No LDR Only available","No LDR Only available","rEX","20-08Rollup"
"Ntfs.sys","Core_FileSystem","6.2.15063.2313","0","4-Mar-20","GDR","4571689","August 11, 2020-KB4571689 (OS Build 15063.2467)","http://support.microsoft.com/kb/4571689","No LDR Only available","No LDR Only available","No LDR Only available","rEX","20-08Rollup"
"Msdsm.sys","Core_MPIO","6.2.15063.1235","0","18-Jul-18","GDR","4571689","August 11, 2020-KB4571689 (OS Build 15063.2467)","http://support.microsoft.com/kb/4571689","No LDR Only available","No LDR Only available","No LDR Only available","rEX","20-08Rollup"
"Vsstrace.dll","Core_VSS","6.2.15063.994","1","2-Mar-18","GDR","4571689","August 11, 2020-KB4571689 (OS Build 15063.2467)","http://support.microsoft.com/kb/4571689","No LDR Only available","No LDR Only available","No LDR Only available","rEX","20-08Rollup"
"Swprv.dll","Core_VSS","6.2.15063.2409","1","2-Jun-20","GDR","4571689","August 11, 2020-KB4571689 (OS Build 15063.2467)","http://support.microsoft.com/kb/4571689","No LDR Only available","No LDR Only available","No LDR Only available","rEX","20-08Rollup"
"wbengine.exe","Core_VSS","6.2.15063.2409","1","2-Jun-20","GDR","4571689","August 11, 2020-KB4571689 (OS Build 15063.2467)","http://support.microsoft.com/kb/4571689","No LDR Only available","No LDR Only available","No LDR Only available","rEX","20-08Rollup"
"Volmgr.sys","Core_Sys","6.2.15063.1112","1","26-Apr-18","GDR","4571689","August 11, 2020-KB4571689 (OS Build 15063.2467)","http://support.microsoft.com/kb/4571689","No LDR Only available","No LDR Only available","No LDR Only available","rEX","20-08Rollup"
"Clussvc.exe","Cluster_Core","6.2.15063.2409","0","2-Jun-20","GDR","4571689","August 11, 2020-KB4571689 (OS Build 15063.2467)","http://support.microsoft.com/kb/4571689","No LDR Only available","No LDR Only available","No LDR Only available","rEX","20-08Rollup"
"ClusWMI.dll","Cluster_Core","6.2.15063.1836","0","22-May-19","GDR","4571689","August 11, 2020-KB4571689 (OS Build 15063.2467)","http://support.microsoft.com/kb/4571689","No LDR Only available","No LDR Only available","No LDR Only available","rEX","20-08Rollup"
"Rhs.exe","Cluster_Core","6.2.15063.1836","0","22-May-19","GDR","4571689","August 11, 2020-KB4571689 (OS Build 15063.2467)","http://support.microsoft.com/kb/4571689","No LDR Only available","No LDR Only available","No LDR Only available","rEX","20-08Rollup"
"Clusres.dll","Cluster_Core","6.2.15063.1836","0","22-May-19","GDR","4571689","August 11, 2020-KB4571689 (OS Build 15063.2467)","http://support.microsoft.com/kb/4571689","No LDR Only available","No LDR Only available","No LDR Only available","rEX","20-08Rollup"
"Cprepsrv.exe","Cluster_Validation","6.2.15063.1836","1","22-May-19","GDR","4571689","August 11, 2020-KB4571689 (OS Build 15063.2467)","http://support.microsoft.com/kb/4571689","No LDR Only available","No LDR Only available","No LDR Only available","rEX","20-08Rollup"
"Vmswitch.sys","Hyper-V_Net","6.2.15063.2161","1","17-Oct-19","GDR","4571689","August 11, 2020-KB4571689 (OS Build 15063.2467)","http://support.microsoft.com/kb/4571689","No LDR Only available","No LDR Only available","No LDR Only available","rEX","20-08Rollup"
"Wnv.sys","Hyper-V_Net","6.2.15063.2375","1","5-May-20","GDR","4571689","August 11, 2020-KB4571689 (OS Build 15063.2467)","http://support.microsoft.com/kb/4571689","No LDR Only available","No LDR Only available","No LDR Only available","rEX","20-08Rollup"
"Ndisimplatform.sys","Hyper-V_Net","6.2.15063.994","1","2-Mar-18","GDR","4571689","August 11, 2020-KB4571689 (OS Build 15063.2467)","http://support.microsoft.com/kb/4571689","No LDR Only available","No LDR Only available","No LDR Only available","rEX","20-08Rollup"
"Vmms.exe","Hyper-V_Net","6.2.15063.2283","1","23-Jan-20","GDR","4571689","August 11, 2020-KB4571689 (OS Build 15063.2467)","http://support.microsoft.com/kb/4571689","No LDR Only available","No LDR Only available","No LDR Only available","rEX","20-08Rollup"
"pvhdparser.sys","Hyper-V_Net","6.2.15063.850","1","1-Jan-18","GDR","4571689","August 11, 2020-KB4571689 (OS Build 15063.2467)","http://support.microsoft.com/kb/4571689","No LDR Only available","No LDR Only available","No LDR Only available","rEX","20-08Rollup"
"Vmwp.exe","Hyper-V_app","6.2.15063.2283","1","23-Jan-20","GDR","4571689","August 11, 2020-KB4571689 (OS Build 15063.2467)","http://support.microsoft.com/kb/4571689","No LDR Only available","No LDR Only available","No LDR Only available","rEX","20-08Rollup"
"Netio.sys","Net_Protocol","6.2.15063.909","0","10-Feb-18","GDR","4571689","August 11, 2020-KB4571689 (OS Build 15063.2467)","http://support.microsoft.com/kb/4571689","No LDR Only available","No LDR Only available","No LDR Only available","rEX","20-08Rollup"
"Ndis.sys","Net_Protocol","6.2.15063.2283","0","23-Jan-20","GDR","4571689","August 11, 2020-KB4571689 (OS Build 15063.2467)","http://support.microsoft.com/kb/4571689","No LDR Only available","No LDR Only available","No LDR Only available","rEX","20-08Rollup"
"srv.sys","Net_SMB_Server","6.2.15063.2409","0","2-Jun-20","GDR","4571689","August 11, 2020-KB4571689 (OS Build 15063.2467)","http://support.microsoft.com/kb/4571689","No LDR Only available","No LDR Only available","No LDR Only available","rEX","20-08Rollup"
"srv2.sys","Net_SMB_Server","6.2.15063.1689","0","6-Mar-19","GDR","4571689","August 11, 2020-KB4571689 (OS Build 15063.2467)","http://support.microsoft.com/kb/4571689","No LDR Only available","No LDR Only available","No LDR Only available","rEX","20-08Rollup"
"Mrxsmb20.sys","Net_SMB_Client","6.2.15063.1596","0","5-Jan-19","GDR","4571689","August 11, 2020-KB4571689 (OS Build 15063.2467)","http://support.microsoft.com/kb/4571689","No LDR Only available","No LDR Only available","No LDR Only available","rEX","20-08Rollup"
"Mup.sys","Net_SMB_Client","6.2.15063.850","0","1-Jan-18","GDR","4571689","August 11, 2020-KB4571689 (OS Build 15063.2467)","http://support.microsoft.com/kb/4571689","No LDR Only available","No LDR Only available","No LDR Only available","rEX","20-08Rollup"
"wkssvc.dll","Net_SMB_Client","6.2.15063.850","0","1-Jan-18","GDR","4571689","August 11, 2020-KB4571689 (OS Build 15063.2467)","http://support.microsoft.com/kb/4571689","No LDR Only available","No LDR Only available","No LDR Only available","rEX","20-08Rollup"
"4565551","Win2016RS2_20_07_SSU_KB"," ","0","14-Jul-2020","GDR","4565551","Servicing stack update for Windows 10, version 1703: July 14, 2020","http://support.microsoft.com/kb/4565551","KB only","KB only","KB Only"," ","No Rollup"
"4571689","Win2016RS2_20-08_B_rollup_KB"," ","0","11-Aug-2020","GDR","4571689 (v1.0)","August 11, 2020-KB4571689 (OS Build 15063.2467)","http://support.microsoft.com/kb/4571689","KB only","KB only","KB only"," ","20-08Rollup"
