"Binary","Component","Version","Prio","Published","Branch","Article","Title","Link","LDROnlyKB","LDROnlyTitle","LDROnlyLink","Comment","RollupInfo"
"Netlogon.dll","Dom_NETLOGON","6.2.18362.1016","0","11-Aug-20","GDR","4574727 (v1.0)","September 8, 2020-KB4574727 (OS Builds 18362.1082 and 18363.1082)","http://support.microsoft.com/kb/4574727","KB only","KB only","KB only"," ","20-09Rollup"
"LogonCli.dll","Dom_NETLOGON","6.2.18362.959","0","14-Jul-20","GDR","4574727 (v1.0)","September 8, 2020-KB4574727 (OS Builds 18362.1082 and 18363.1082)","http://support.microsoft.com/kb/4574727","KB only","KB only","KB only"," ","20-09Rollup"
"Winlogon.exe","Dom_WINLOGON","6.2.18362.693","0","7-Mar-20","GDR","4574727 (v1.0)","September 8, 2020-KB4574727 (OS Builds 18362.1082 and 18363.1082)","http://support.microsoft.com/kb/4574727","KB only","KB only","KB only"," ","20-09Rollup"
"Kerberos.dll","Dom_KERBEROS","6.2.18362.1016","0","11-Aug-20","GDR","4574727 (v1.0)","September 8, 2020-KB4574727 (OS Builds 18362.1082 and 18363.1082)","http://support.microsoft.com/kb/4574727","KB only","KB only","KB only"," ","20-09Rollup"
"Msv1_0.dll","Dom_NTLM","6.2.18362.1016","1","11-Aug-20","GDR","4574727 (v1.0)","September 8, 2020-KB4574727 (OS Builds 18362.1082 and 18363.1082)","http://support.microsoft.com/kb/4574727","KB only","KB only","KB only"," ","20-09Rollup"
"Wldap32.dll","Dom_LDAPClient","6.2.18362.449","0","24-Oct-19","GDR","4574727 (v1.0)","September 8, 2020-KB4574727 (OS Builds 18362.1082 and 18363.1082)","http://support.microsoft.com/kb/4574727","KB only","KB only","KB only"," ","20-09Rollup"
"Lsass.exe","Dom_LSA","6.2.18362.1049","0","20-Aug-20","GDR","4574727 (v1.0)","September 8, 2020-KB4574727 (OS Builds 18362.1082 and 18363.1082)","http://support.microsoft.com/kb/4574727","KB only","KB only","KB only"," ","20-09Rollup"
"Lsasrv.dll","Dom_LSA","6.2.18362.1082","0","08-Sep-20","GDR","4574727 (v1.0)","September 8, 2020-KB4574727 (OS Builds 18362.1082 and 18363.1082)","http://support.microsoft.com/kb/4574727","KB only","KB only","KB only"," ","20-09Rollup"
"Ksecdd.sys","Dom_LSA","6.2.18362.1049","0","20-Aug-20","GDR","4574727 (v1.0)","September 8, 2020-KB4574727 (OS Builds 18362.1082 and 18363.1082)","http://support.microsoft.com/kb/4574727","KB only","KB only","KB only"," ","20-09Rollup"
"Ksecpkg.sys","Dom_LSA","6.2.18362.1082","0","08-Sep-20","GDR","4574727 (v1.0)","September 8, 2020-KB4574727 (OS Builds 18362.1082 and 18363.1082)","http://support.microsoft.com/kb/4574727","KB only","KB only","KB only"," ","20-09Rollup"
"Secur32.dll","Dom_LSA","6.2.18362.1","0","23-Jan-20","GDR","4574727 (v1.0)","September 8, 2020-KB4574727 (OS Builds 18362.1082 and 18363.1082)","http://support.microsoft.com/kb/4574727","KB only","KB only","KB only"," ","20-09Rollup"
"Sspicli.dll","Dom_LSA","6.2.18362.1049","0","20-Aug-20","GDR","4574727 (v1.0)","September 8, 2020-KB4574727 (OS Builds 18362.1082 and 18363.1082)","http://support.microsoft.com/kb/4574727","KB only","KB only","KB only"," ","20-09Rollup"
"Sspisrv.dll","Dom_LSA","6.2.18362.1049","0","20-Aug-20","GDR","4574727 (v1.0)","September 8, 2020-KB4574727 (OS Builds 18362.1082 and 18363.1082)","http://support.microsoft.com/kb/4574727","KB only","KB only","KB only"," ","20-09Rollup"
"Schannel.dll","Dom_LSA","6.2.18362.1082","0","08-Sep-20","GDR","4574727 (v1.0)","September 8, 2020-KB4574727 (OS Builds 18362.1082 and 18363.1082)","http://support.microsoft.com/kb/4574727","KB only","KB only","KB only"," ","20-09Rollup"
"Scesrv.dll","Dom_SecAuditAndConfig","6.2.18362.815","1","12-May-20","GDR","4574727 (v1.0)","September 8, 2020-KB4574727 (OS Builds 18362.1082 and 18363.1082)","http://support.microsoft.com/kb/4574727","KB only","KB only","KB only"," ","20-09Rollup"
"Crypt32.dll","Dom_CRYPTO","6.2.18362.592","1","3-Jan-20","GDR","4574727 (v1.0)","September 8, 2020-KB4574727 (OS Builds 18362.1082 and 18363.1082)","http://support.microsoft.com/kb/4574727","KB only","KB only","KB only"," ","20-09Rollup"
"Wintrust.dll","Dom_CRYPTO","6.2.18362.1049","1","20-Aug-20","GDR","4574727 (v1.0)","September 8, 2020-KB4574727 (OS Builds 18362.1082 and 18363.1082)","http://support.microsoft.com/kb/4574727","KB only","KB only","KB only"," ","20-09Rollup"
"Cryptdll.dll","Dom_CRYPTO","6.2.18362.113","1","29-Jun-19","GDR","4574727 (v1.0)","September 8, 2020-KB4574727 (OS Builds 18362.1082 and 18363.1082)","http://support.microsoft.com/kb/4574727","KB only","KB only","KB only"," ","20-09Rollup"
"Cryptcatsvc.dll","Dom_CRYPTO","6.2.18362.1082","1","08-Sep-20","GDR","4574727 (v1.0)","September 8, 2020-KB4574727 (OS Builds 18362.1082 and 18363.1082)","http://support.microsoft.com/kb/4574727","KB only","KB only","KB only"," ","20-09Rollup"
"Gpapi.dll","Dom_GPSVC","6.2.18362.900","0","5-Jun-20","GDR","4574727 (v1.0)","September 8, 2020-KB4574727 (OS Builds 18362.1082 and 18363.1082)","http://support.microsoft.com/kb/4574727","KB only","KB only","KB only"," ","20-09Rollup"
"Gpsvc.dll","Dom_GPSVC","6.2.18362.900","0","5-Jun-20","GDR","4574727 (v1.0)","September 8, 2020-KB4574727 (OS Builds 18362.1082 and 18363.1082)","http://support.microsoft.com/kb/4574727","KB only","KB only","KB only"," ","20-09Rollup"
"Gpmgmt.dll","Dom_GPSVC","6.2.18362.752","0","22-Jan-20","GDR","4574727 (v1.0)","September 8, 2020-KB4574727 (OS Builds 18362.1082 and 18363.1082)","http://support.microsoft.com/kb/4574727","KB only","KB only","KB only"," ","20-09Rollup"
"Gprsop.dll","Dom_GPSVC","6.2.18362.752","0","18-Mar-20","GDR","4574727 (v1.0)","September 8, 2020-KB4574727 (OS Builds 18362.1082 and 18363.1082)","http://support.microsoft.com/kb/4574727","KB only","KB only","KB only"," ","20-09Rollup"
"Userenv.dll","Dom_GPSVC","6.2.18362.387","0","26-Sep-19","GDR","4574727 (v1.0)","September 8, 2020-KB4574727 (OS Builds 18362.1082 and 18363.1082)","http://support.microsoft.com/kb/4574727","KB only","KB only","KB only"," ","20-09Rollup"
"Gpprefcl.dll","Dom_GPP","6.2.18362.959","0","14-Jul-20","GDR","4574727 (v1.0)","September 8, 2020-KB4574727 (OS Builds 18362.1082 and 18363.1082)","http://support.microsoft.com/kb/4574727","KB only","KB only","KB only"," ","20-09Rollup"
"Gpme.dll","Dom_GPP","6.2.18362.449","0","21-Oct-19","GDR","4574727 (v1.0)","September 8, 2020-KB4574727 (OS Builds 18362.1082 and 18363.1082)","http://support.microsoft.com/kb/4574727","KB only","KB only","KB only"," ","20-09Rollup"
"Gppref.dll","Dom_GPP","6.2.18362.900","0","21-Oct-19","GDR","4574727 (v1.0)","September 8, 2020-KB4574727 (OS Builds 18362.1082 and 18363.1082)","http://support.microsoft.com/kb/4574727","KB only","KB only","KB only"," ","20-09Rollup"
"Gpprefbr.dll","Dom_GPP","6.2.18362.900","0","21-Oct-19","GDR","4574727 (v1.0)","September 8, 2020-KB4574727 (OS Builds 18362.1082 and 18363.1082)","http://support.microsoft.com/kb/4574727","KB only","KB only","KB only"," ","20-09Rollup"
"Gpprefcn.dll","Dom_GPP","6.2.18362.449","0","21-Oct-19","GDR","4574727 (v1.0)","September 8, 2020-KB4574727 (OS Builds 18362.1082 and 18363.1082)","http://support.microsoft.com/kb/4574727","KB only","KB only","KB only"," ","20-09Rollup"
"Gpregistrybrowser.dll","Dom_GPP","6.2.18362.900","0","21-Oct-19","GDR","4574727 (v1.0)","September 8, 2020-KB4574727 (OS Builds 18362.1082 and 18363.1082)","http://support.microsoft.com/kb/4574727","KB only","KB only","KB only"," ","20-09Rollup"
"Propshts.dll","Dom_GPP","6.2.18362.900","0","21-Oct-19","GDR","4574727 (v1.0)","September 8, 2020-KB4574727 (OS Builds 18362.1082 and 18363.1082)","http://support.microsoft.com/kb/4574727","KB only","KB only","KB only"," ","20-09Rollup"
"Profsvc.dll","Dom_ProfProc","6.2.18362.1049","0","20-Aug-20","GDR","4574727 (v1.0)","September 8, 2020-KB4574727 (OS Builds 18362.1082 and 18363.1082)","http://support.microsoft.com/kb/4574727","KB only","KB only","KB only"," ","20-09Rollup"
"Esent.dll","Dom_ESENT","6.2.18362.693","0","7-Mar-20","GDR","4574727 (v1.0)","September 8, 2020-KB4574727 (OS Builds 18362.1082 and 18363.1082)","http://support.microsoft.com/kb/4574727","KB only","KB only","KB only"," ","20-09Rollup"
"Ntdsai.dll","Dom_NTDSAI","6.2.18362.778","0","14-Apr-20","GDR","4574727 (v1.0)","September 8, 2020-KB4574727 (OS Builds 18362.1082 and 18363.1082)","http://support.microsoft.com/kb/4574727","KB only","KB only","KB only"," ","20-09Rollup"
"Ntdsutil.exe","Dom_NTDSAI","6.2.18362.628","0","22-Jan-20","GDR","4574727 (v1.0)","September 8, 2020-KB4574727 (OS Builds 18362.1082 and 18363.1082)","http://support.microsoft.com/kb/4574727","KB only","KB only","KB only"," ","20-09Rollup"
"Samsrv.dll","Dom_SAMSRV","6.2.18362.1049","0","20-Aug-20","GDR","4574727 (v1.0)","September 8, 2020-KB4574727 (OS Builds 18362.1082 and 18363.1082)","http://support.microsoft.com/kb/4574727","KB only","KB only","KB only"," ","20-09Rollup"
"Samlib.dll","Dom_SAMSRV","6.2.18362.1049","0","20-Aug-20","GDR","4574727 (v1.0)","September 8, 2020-KB4574727 (OS Builds 18362.1082 and 18363.1082)","http://support.microsoft.com/kb/4574727","KB only","KB only","KB only"," ","20-09Rollup"
"Mrxsmb.sys","Net_SMB_Client","6.2.18362.1049","0","20-Aug-20","GDR","4574727 (v1.0)","September 8, 2020-KB4574727 (OS Builds 18362.1082 and 18363.1082)","http://support.microsoft.com/kb/4574727","KB only","KB only","KB only"," ","20-09Rollup"
"Mrxsmb10.sys","Net_SMB_Client","6.2.18362.1","0","17-Aug-20","GDR","4574727 (v1.0)","September 8, 2020-KB4574727 (OS Builds 18362.1082 and 18363.1082)","http://support.microsoft.com/kb/4574727","KB only","KB only","KB only"," ","20-09Rollup"
"Mrxsmb20.sys","Net_SMB_Client","6.2.18362.1049","0","20-Aug-20","GDR","4574727 (v1.0)","September 8, 2020-KB4574727 (OS Builds 18362.1082 and 18363.1082)","http://support.microsoft.com/kb/4574727","KB only","KB only","KB only"," ","20-09Rollup"
"Rdbss.sys","Net_SMB_Client","6.2.18362.1049","0","20-Aug-20","GDR","4574727 (v1.0)","September 8, 2020-KB4574727 (OS Builds 18362.1082 and 18363.1082)","http://support.microsoft.com/kb/4574727","KB only","KB only","KB only"," ","20-09Rollup"
"Netbt.sys","Net_SMB_Client","6.2.18362.145","0","29-May-19","GDR","4574727 (v1.0)","September 8, 2020-KB4574727 (OS Builds 18362.1082 and 18363.1082)","http://support.microsoft.com/kb/4574727","KB only","KB only","KB only"," ","20-09Rollup"
"Mup.sys","Net_SMB_Client","6.2.18362.1049","0","20-Aug-20","GDR","4574727 (v1.0)","September 8, 2020-KB4574727 (OS Builds 18362.1082 and 18363.1082)","http://support.microsoft.com/kb/4574727","KB only","KB only","KB only"," ","20-09Rollup"
"wkssvc.dll","Net_SMB_Client","6.2.18362.267","0","26-Jul-19","GDR","4574727 (v1.0)","September 8, 2020-KB4574727 (OS Builds 18362.1082 and 18363.1082)","http://support.microsoft.com/kb/4574727","KB only","KB only","KB only"," ","20-09Rollup"
"Tcpip.sys","Net_Protocol","6.2.18362.1049","0","20-Aug-20","GDR","4574727 (v1.0)","September 8, 2020-KB4574727 (OS Builds 18362.1082 and 18363.1082)","http://support.microsoft.com/kb/4574727","KB only","KB only","KB only"," ","20-09Rollup"
"Afd.sys","Net_Protocol","6.2.18362.1049","0","20-Aug-20","GDR","4574727 (v1.0)","September 8, 2020-KB4574727 (OS Builds 18362.1082 and 18363.1082)","http://support.microsoft.com/kb/4574727","KB only","KB only","KB only"," ","20-09Rollup"
"Netio.sys","Net_Protocol","6.2.18362.449","0","24-Oct-19","GDR","4574727 (v1.0)","September 8, 2020-KB4574727 (OS Builds 18362.1082 and 18363.1082)","http://support.microsoft.com/kb/4574727","KB only","KB only","KB only"," ","20-09Rollup"
"Ndis.sys","Net_Protocol","6.2.18362.1049","0","20-Aug-20","GDR","4574727 (v1.0)","September 8, 2020-KB4574727 (OS Builds 18362.1082 and 18363.1082)","http://support.microsoft.com/kb/4574727","KB only","KB only","KB only"," ","20-09Rollup"
"Csc.sys","Net_CSC_Offline","6.2.18362.693","0","7-Mar-20","GDR","4574727 (v1.0)","September 8, 2020-KB4574727 (OS Builds 18362.1082 and 18363.1082)","http://support.microsoft.com/kb/4574727","KB only","KB only","KB only"," ","20-09Rollup"
"Cscsvc.dll","Net_CSC_Offline","6.2.18362.1016","0","11-Aug-20","GDR","4574727 (v1.0)","September 8, 2020-KB4574727 (OS Builds 18362.1082 and 18363.1082)","http://support.microsoft.com/kb/4574727","KB only","KB only","KB only"," ","20-09Rollup"
"Cscmig.dll","Net_CSC_Offline","6.2.18362.693","0","7-Mar-20","GDR","4574727 (v1.0)","September 8, 2020-KB4574727 (OS Builds 18362.1082 and 18363.1082)","http://support.microsoft.com/kb/4574727","KB only","KB only","KB only"," ","20-09Rollup"
"Cscui.dll","Net_CSC_Offline","6.2.18362.628","0","28-Jan-20","GDR","4574727 (v1.0)","September 8, 2020-KB4574727 (OS Builds 18362.1082 and 18363.1082)","http://support.microsoft.com/kb/4574727","KB only","KB only","KB only"," ","20-09Rollup"
"Mrxdav.sys","Net_WebDAV","6.2.18362.387","0","26-Sep-19","GDR","4574727 (v1.0)","September 8, 2020-KB4574727 (OS Builds 18362.1082 and 18363.1082)","http://support.microsoft.com/kb/4574727","KB only","KB only","KB only"," ","20-09Rollup"
"Shell32.dll","Net_WebDAV","6.2.18362.1049","0","20-Aug-20","GDR","4574727 (v1.0)","September 8, 2020-KB4574727 (OS Builds 18362.1082 and 18363.1082)","http://support.microsoft.com/kb/4574727","KB only","KB only","KB only"," ","20-09Rollup"
"Winhttp.dll","Net_WebDAV","6.2.18362.778","0","14-Apr-20","GDR","4574727 (v1.0)","September 8, 2020-KB4574727 (OS Builds 18362.1082 and 18363.1082)","http://support.microsoft.com/kb/4574727","KB only","KB only","KB only"," ","20-09Rollup"
"Dhcpcore.dll","Net_DHCP_Client","6.2.18362.1082","0","08-Sep-20","GDR","4574727 (v1.0)","September 8, 2020-KB4574727 (OS Builds 18362.1082 and 18363.1082)","http://support.microsoft.com/kb/4574727","KB only","KB only","KB only"," ","20-09Rollup"
"Dhcpcsvc.dll","Net_DHCP_Client","6.2.18362.1082","0","08-Sep-20","GDR","4574727 (v1.0)","September 8, 2020-KB4574727 (OS Builds 18362.1082 and 18363.1082)","http://support.microsoft.com/kb/4574727","KB only","KB only","KB only"," ","20-09Rollup"
"dnsapi.dll","Net_DNS_Client","6.2.18362.1082","0","08-Sep-20","GDR","4574727 (v1.0)","September 8, 2020-KB4574727 (OS Builds 18362.1082 and 18363.1082)","http://support.microsoft.com/kb/4574727","KB only","KB only","KB only"," ","20-09Rollup"
"dnsrslvr.dll","Net_DNS_Client","6.2.18362.1082","0","08-Sep-20","GDR","4574727 (v1.0)","September 8, 2020-KB4574727 (OS Builds 18362.1082 and 18363.1082)","http://support.microsoft.com/kb/4574727","KB only","KB only","KB only"," ","20-09Rollup"
"Rpcss.dll","Net_RPC","6.2.18362.752","1","24-Mar-20","GDR","4574727 (v1.0)","September 8, 2020-KB4574727 (OS Builds 18362.1082 and 18363.1082)","http://support.microsoft.com/kb/4574727","KB only","KB only","KB only"," ","20-09Rollup"
"Rpcrt4.dll","Net_RPC","6.2.18362.1082","1","08-Sep-20","GDR","4574727 (v1.0)","September 8, 2020-KB4574727 (OS Builds 18362.1082 and 18363.1082)","http://support.microsoft.com/kb/4574727","KB only","KB only","KB only"," ","20-09Rollup"
"Bfe.dll","Net_Ipsec_BFE","6.2.18362.207","1","20-Aug-20","GDR","4574727 (v1.0)","September 8, 2020-KB4574727 (OS Builds 18362.1082 and 18363.1082)","http://support.microsoft.com/kb/4574727","KB only","KB only","KB only"," ","20-09Rollup"
"Ikeext.dll","Net_Ipsec_BFE","6.2.18362.207","1","20-Aug-20","GDR","4574727 (v1.0)","September 8, 2020-KB4574727 (OS Builds 18362.1082 and 18363.1082)","http://support.microsoft.com/kb/4574727","KB only","KB only","KB only"," ","20-09Rollup"
"Fwpuclnt.dll","Net_Ipsec_BFE","6.2.18362.207","1","20-Aug-20","GDR","4574727 (v1.0)","September 8, 2020-KB4574727 (OS Builds 18362.1082 and 18363.1082)","http://support.microsoft.com/kb/4574727","KB only","KB only","KB only"," ","20-09Rollup"
"Iphlpsvc.dll","Net_DirectAccess_Client","6.2.18362.476","1","12-Nov-19","GDR","4574727 (v1.0)","September 8, 2020-KB4574727 (OS Builds 18362.1082 and 18363.1082)","http://support.microsoft.com/kb/4574727","KB only","KB only","KB only"," ","20-09Rollup"
"Rdpcore.dll","Net_DirectAccess_Client","6.2.18362.836","1","12-May-20","GDR","4574727 (v1.0)","September 8, 2020-KB4574727 (OS Builds 18362.1082 and 18363.1082)","http://support.microsoft.com/kb/4574727","KB only","KB only","KB only"," ","20-09Rollup"
"dot3svc.dll","Net_IEEE802.1x","6.2.18362.778","1","14-Apr-20","GDR","4574727 (v1.0)","September 8, 2020-KB4574727 (OS Builds 18362.1082 and 18363.1082)","http://support.microsoft.com/kb/4574727","KB only","KB only","KB only"," ","20-09Rollup"
"Rastls.dll","Net_IEEE802.1x","6.2.18362.207","1","27-Jun-19","GDR","4574727 (v1.0)","September 8, 2020-KB4574727 (OS Builds 18362.1082 and 18363.1082)","http://support.microsoft.com/kb/4574727","KB only","KB only","KB only"," ","20-09Rollup"
"wlansvc.dll","Net_WLAN_Client","6.2.18362.900","1","09-Jun-20","GDR","4574727 (v1.0)","September 8, 2020-KB4574727 (OS Builds 18362.1082 and 18363.1082)","http://support.microsoft.com/kb/4574727","KB only","KB only","KB only"," ","20-09Rollup"
"wlanmsm.dll","Net_WLAN_Client","6.2.18362.900","1","09-Jun-20","GDR","4574727 (v1.0)","September 8, 2020-KB4574727 (OS Builds 18362.1082 and 18363.1082)","http://support.microsoft.com/kb/4574727","KB only","KB only","KB only"," ","20-09Rollup"
"wlanapi.dll","Net_WLAN_Client","6.2.18362.900","1","09-Jun-20","GDR","4574727 (v1.0)","September 8, 2020-KB4574727 (OS Builds 18362.1082 and 18363.1082)","http://support.microsoft.com/kb/4574727","KB only","KB only","KB only"," ","20-09Rollup"
"wlansec.dll","Net_WLAN_Client","6.2.18362.900","1","09-Jun-20","GDR","4574727 (v1.0)","September 8, 2020-KB4574727 (OS Builds 18362.1082 and 18363.1082)","http://support.microsoft.com/kb/4574727","KB only","KB only","KB only"," ","20-09Rollup"
"wlansvcpal.dll","Net_WLAN_Client","6.2.18362.900","1","21-Jul-20","GDR","4574727 (v1.0)","September 8, 2020-KB4574727 (OS Builds 18362.1082 and 18363.1082)","http://support.microsoft.com/kb/4574727","KB only","KB only","KB only"," ","20-09Rollup"
"wlanhlp.dll","Net_WLAN_Client","6.2.18362.900","1","21-Jul-20","GDR","4574727 (v1.0)","September 8, 2020-KB4574727 (OS Builds 18362.1082 and 18363.1082)","http://support.microsoft.com/kb/4574727","KB only","KB only","KB only"," ","20-09Rollup"
"Rasapi32.dll","HNV_Net","6.2.18362.1016","1","11-Aug-20","GDR","4574727 (v1.0)","September 8, 2020-KB4574727 (OS Builds 18362.1082 and 18363.1082)","http://support.microsoft.com/kb/4574727","KB only","KB only","KB only"," ","20-09Rollup"
"Tunnel.sys","Net_IPv6","6.2.18362.476","1","11-Feb-20","GDR","4574727 (v1.0)","September 8, 2020-KB4574727 (OS Builds 18362.1082 and 18363.1082)","http://support.microsoft.com/kb/4574727","KB only","KB only","KB only"," ","20-09Rollup"
"Dhcpcore6.dll","Net_IPv6","6.2.18362.1082","1","08-Sep-20","GDR","4574727 (v1.0)","September 8, 2020-KB4574727 (OS Builds 18362.1082 and 18363.1082)","http://support.microsoft.com/kb/4574727","KB only","KB only","KB only"," ","20-09Rollup"
"Dhcpcsvc6.dll","Net_IPv6","6.2.18362.1082","1","08-Sep-20","GDR","4574727 (v1.0)","September 8, 2020-KB4574727 (OS Builds 18362.1082 and 18363.1082)","http://support.microsoft.com/kb/4574727","KB only","KB only","KB only"," ","20-09Rollup"
"WebIo.dll","Net_BranchCache","6.2.18362.628","1","28-Jan-20","GDR","4574727 (v1.0)","September 8, 2020-KB4574727 (OS Builds 18362.1082 and 18363.1082)","http://support.microsoft.com/kb/4574727","KB only","KB only","KB only"," ","20-09Rollup"
"MpsSvc.dll","Net_Firewall","6.2.18362.449","1","24-Oct-19","GDR","4574727 (v1.0)","September 8, 2020-KB4574727 (OS Builds 18362.1082 and 18363.1082)","http://support.microsoft.com/kb/4574727","KB only","KB only","KB only"," ","20-09Rollup"
"Ntoskrnl.exe","Core_Kernel","6.2.18362.1082","0","08-Sep-20","GDR","4574727 (v1.0)","September 8, 2020-KB4574727 (OS Builds 18362.1082 and 18363.1082)","http://support.microsoft.com/kb/4574727","KB only","KB only","KB only"," ","20-09Rollup"
"Crashdmp.sys","Core_Kernel","6.2.18362.693","0","7-Mar-20","GDR","4574727 (v1.0)","September 8, 2020-KB4574727 (OS Builds 18362.1082 and 18363.1082)","http://support.microsoft.com/kb/4574727","KB only","KB only","KB only"," ","20-09Rollup"
"Ntdll.dll","Core_Kernel","6.2.18362.1049","0","20-Aug-20","GDR","4574727 (v1.0)","September 8, 2020-KB4574727 (OS Builds 18362.1082 and 18363.1082)","http://support.microsoft.com/kb/4574727","KB only","KB only","KB only"," ","20-09Rollup"
"Hal.dll","Core_Kernel","6.2.18362.752","0","20-Aug-20","GDR","4574727 (v1.0)","September 8, 2020-KB4574727 (OS Builds 18362.1082 and 18363.1082)","http://support.microsoft.com/kb/4574727","KB only","KB only","KB only"," ","20-09Rollup"
"Fltmgr.sys","Core_Kernel","6.2.18362.267","0","26-Jul-19","GDR","4574727 (v1.0)","September 8, 2020-KB4574727 (OS Builds 18362.1082 and 18363.1082)","http://support.microsoft.com/kb/4574727","KB only","KB only","KB only"," ","20-09Rollup"
"win32k.sys","Core_Kernel","6.2.18362.1082","0","08-Sep-20","GDR","4574727 (v1.0)","September 8, 2020-KB4574727 (OS Builds 18362.1082 and 18363.1082)","http://support.microsoft.com/kb/4574727","KB only","KB only","KB only"," ","20-09Rollup"
"Ntfs.sys","Core_FileSystem","6.2.18362.1082","0","08-Sep-20","GDR","4574727 (v1.0)","September 8, 2020-KB4574727 (OS Builds 18362.1082 and 18363.1082)","http://support.microsoft.com/kb/4574727","KB only","KB only","KB only"," ","20-09Rollup"
"dedup.sys","Core_FileSystem","6.2.18362.1","0","23-Jan-20","GDR","4574727 (v1.0)","September 8, 2020-KB4574727 (OS Builds 18362.1082 and 18363.1082)","http://support.microsoft.com/kb/4574727","KB only","KB only","KB only"," ","20-09Rollup"
"Msiscsi.sys","Core_DiskSystem","6.2.18362.449","0","24-Oct-19","GDR","4574727 (v1.0)","September 8, 2020-KB4574727 (OS Builds 18362.1082 and 18363.1082)","http://support.microsoft.com/kb/4574727","KB only","KB only","KB only"," ","20-09Rollup"
"Iscsitgt.dll","Core_DiskSystem","6.2.18362.1","0","21-Jul-20","GDR","4574727 (v1.0)","September 8, 2020-KB4574727 (OS Builds 18362.1082 and 18363.1082)","http://support.microsoft.com/kb/4574727","KB only","KB only","KB only"," ","20-09Rollup"
"Storport.sys","Core_DiskSystem","6.2.18362.815","0","21-Apr-20","GDR","4574727 (v1.0)","September 8, 2020-KB4574727 (OS Builds 18362.1082 and 18363.1082)","http://support.microsoft.com/kb/4574727","KB only","KB only","KB only"," ","20-09Rollup"
"Repdrvfs.dll","Core_WMI","6.2.18362.1","0","8-Feb-20","GDR","4574727 (v1.0)","September 8, 2020-KB4574727 (OS Builds 18362.1082 and 18363.1082)","http://support.microsoft.com/kb/4574727","KB only","KB only","KB only"," ","20-09Rollup"
"Advapi32.dll","Core_Apps","6.2.18362.752","0","24-Mar-20","GDR","4574727 (v1.0)","September 8, 2020-KB4574727 (OS Builds 18362.1082 and 18363.1082)","http://support.microsoft.com/kb/4574727","KB only","KB only","KB only"," ","20-09Rollup"
"Mshtml.dll","IE_Client","11.0.18362.1082","0","08-Sep-20","GDR","4574727 (v1.0)","September 8, 2020-KB4574727 (OS Builds 18362.1082 and 18363.1082)","http://support.microsoft.com/kb/4574727","KB only","KB only","KB only"," ","20-09Rollup"
"4576751","Win2016_1903_20-09_SSU_KB"," ","0","08-Sep-2020","GDR","4576751","Servicing stack update for Windows 10, version 1903 and 1909: September 8, 2020","http://support.microsoft.com/kb/4569073","KB only","KB only","KB Only"," ","No Rollup"
"4574727","Win201619H1_20-09_B_rollup_KB"," ","0","08-Sep-2020","GDR","4574727 (v1.0)","September 8, 2020-KB4574727 (OS Builds 18362.1082 and 18363.1082)","http://support.microsoft.com/kb/4574727","KB only","KB only","KB only"," ","20-09Rollup"
