"Binary","Component","Version","Prio","Published","Branch","Article","Title","Link","LDROnlyKB","LDROnlyTitle","LDROnlyLink","Comment","RollupInfo"
"srv2.sys","Net_SMB_Server","6.2.17134.648","0","6-Mar-19","GDR","4550944","April 21, 2020-KB4550944 (OS Build 17134.1456)","http://support.microsoft.com/kb/4550944","No LDR Only available","No LDR Only available","No LDR Only available","rEX","20-04Rollup"
"Srvsvc.dll","Net_SMB_Server","6.2.17134.799","0","17-May-19","GDR","4550944","April 21, 2020-KB4550944 (OS Build 17134.1456)","http://support.microsoft.com/kb/4550944","No LDR Only available","No LDR Only available","No LDR Only available","rEX","20-04Rollup"
"Mup.sys","Net_SMB_Client","6.2.17134.1","0","11-Apr-18","GDR","4550944","April 21, 2020-KB4550944 (OS Build 17134.1456)","http://support.microsoft.com/kb/4550944","No LDR Only available","No LDR Only available","No LDR Only available","rEX","20-04Rollup"
"wkssvc.dll","Net_SMB_Client","6.2.17134.858","0","13-Jun-19","GDR","4550944","April 21, 2020-KB4550944 (OS Build 17134.1456)","http://support.microsoft.com/kb/4550944","No LDR Only available","No LDR Only available","No LDR Only available","rEX","20-04Rollup"
"Netio.sys","Net_Protocol","6.2.17134.441","0","9-Nov-18","GDR","4550944","April 21, 2020-KB4550944 (OS Build 17134.1456)","http://support.microsoft.com/kb/4550944","No LDR Only available","No LDR Only available","No LDR Only available","rEX","20-04Rollup"
"Dhcpcore6.dll","Net_IPv6","6.2.17134.677","1","14-Mar-19","GDR","4550944","April 21, 2020-KB4550944 (OS Build 17134.1456)","http://support.microsoft.com/kb/4550944","No LDR Only available","No LDR Only available","No LDR Only available","rEX","20-04Rollup"
"Cscmig.dll","Net_CSC_Offline","6.2.17134.1","1","11-Apr-18","GDR","4550944","April 21, 2020-KB4550944 (OS Build 17134.1456)","http://support.microsoft.com/kb/4550944","No LDR Only available","No LDR Only available","No LDR Only available","rEX","20-04Rollup"
"Mrxdav.sys","Net_WebDAV","6.2.17134.1038","1","13-Sep-19","GDR","4550944","April 21, 2020-KB4550944 (OS Build 17134.1456)","http://support.microsoft.com/kb/4550944","No LDR Only available","No LDR Only available","No LDR Only available","rEX","20-04Rollup"
"Dhcpcore.dll","Net_DHCP_Client","6.2.17134.950","1","7-Aug-19","GDR","4550944","April 21, 2020-KB4550944 (OS Build 17134.1456)","http://support.microsoft.com/kb/4550944","No LDR Only available","No LDR Only available","No LDR Only available","rEX","20-04Rollup"
"Iphlpsvc.dll","Net_DirectAccess_Client","6.2.17134.1130","1","8-Nov-19","GDR","4550944","April 21, 2020-KB4550944 (OS Build 17134.1456)","http://support.microsoft.com/kb/4550944","No LDR Only available","No LDR Only available","No LDR Only available","rEX","20-04Rollup"
"wlanmsm.dll","Net_WLAN_Client","6.2.17134.858","1","13-Jun-19","GDR","4550944","April 21, 2020-KB4550944 (OS Build 17134.1456)","http://support.microsoft.com/kb/4550944","No LDR Only available","No LDR Only available","No LDR Only available","rEX","20-04Rollup"
"wlanapi.dll","Net_WLAN_Client","6.2.17134.885","1","4-Jul-19","GDR","4550944","April 21, 2020-KB4550944 (OS Build 17134.1456)","http://support.microsoft.com/kb/4550944","No LDR Only available","No LDR Only available","No LDR Only available","rEX","20-04Rollup"
"WorkFolderscontrol.dll","Net_WorkFolders","6.2.17134.1365","1","4-Mar-20","GDR","4550944","April 21, 2020-KB4550944 (OS Build 17134.1456)","http://support.microsoft.com/kb/4550944","No LDR Only available","No LDR Only available","No LDR Only available","rEX","20-04Rollup"
"MpsSvc.dll","Net_Firewall","6.2.17134.1345","1","21-Feb-20","GDR","4550944","April 21, 2020-KB4550944 (OS Build 17134.1456)","http://support.microsoft.com/kb/4550944","No LDR Only available","No LDR Only available","No LDR Only available","rEX","20-04Rollup"
"Msv1_0.dll","Dom_NTLM","6.2.17134.1130","1","8-Nov-19","GDR","4550944","April 21, 2020-KB4550944 (OS Build 17134.1456)","http://support.microsoft.com/kb/4550944","No LDR Only available","No LDR Only available","No LDR Only available","rEX","20-04Rollup"
"Lsass.exe","Dom_LSA","6.2.17134.376","0","21-Oct-18","GDR","4550944","April 21, 2020-KB4550944 (OS Build 17134.1456)","http://support.microsoft.com/kb/4550944","No LDR Only available","No LDR Only available","No LDR Only available","rEX","20-04Rollup"
"Secur32.dll","Dom_LSA","6.2.17134.1","0","11-Apr-18","GDR","4550944","April 21, 2020-KB4550944 (OS Build 17134.1456)","http://support.microsoft.com/kb/4550944","No LDR Only available","No LDR Only available","No LDR Only available","rEX","20-04Rollup"
"Crypt32.dll","Dom_CRYPTO","6.2.17134.1246","1","7-Jan-20","GDR","4550944","April 21, 2020-KB4550944 (OS Build 17134.1456)","http://support.microsoft.com/kb/4550944","No LDR Only available","No LDR Only available","No LDR Only available","rEX","20-04Rollup"
"Gpprefcl.dll","Dom_GPP","6.2.17134.165","1","6-Jul-18","GDR","4550944","April 21, 2020-KB4550944 (OS Build 17134.1456)","http://support.microsoft.com/kb/4550944","No LDR Only available","No LDR Only available","No LDR Only available","rEX","20-04Rollup"
"Profsvc.dll","Dom_ProfProc","6.2.17134.1305","1","15-Feb-20","GDR","4550944","April 21, 2020-KB4550944 (OS Build 17134.1456)","http://support.microsoft.com/kb/4550944","No LDR Only available","No LDR Only available","No LDR Only available","rEX","20-04Rollup"
"Fdeploy.dll","Dom_FolderRedir","6.2.17134.254","1","9-Aug-18","GDR","4550944","April 21, 2020-KB4550944 (OS Build 17134.1456)","http://support.microsoft.com/kb/4550944","No LDR Only available","No LDR Only available","No LDR Only available","rEX","20-04Rollup"
"Ntdsai.dll","Dom_NTDSAI","6.2.17134.1345","0","21-Feb-20","GDR","4550944","April 21, 2020-KB4550944 (OS Build 17134.1456)","http://support.microsoft.com/kb/4550944","No LDR Only available","No LDR Only available","No LDR Only available","rEX","20-04Rollup"
"Fltmgr.sys","Core_Kernel","6.2.17134.1456","0","7-Apr-20","GDR","4550944","April 21, 2020-KB4550944 (OS Build 17134.1456)","http://support.microsoft.com/kb/4550944","No LDR Only available","No LDR Only available","No LDR Only available","rEX","20-04Rollup"
"Msiscsi.sys","Core_DiskSystem","6.2.17134.860","0","21-Jun-19","GDR","4550944","April 21, 2020-KB4550944 (OS Build 17134.1456)","http://support.microsoft.com/kb/4550944","No LDR Only available","No LDR Only available","No LDR Only available","rEX","20-04Rollup"
"Storport.sys","Core_DiskSystem","6.2.17134.1456","0","7-Apr-20","GDR","4550944","April 21, 2020-KB4550944 (OS Build 17134.1456)","http://support.microsoft.com/kb/4550944","No LDR Only available","No LDR Only available","No LDR Only available","rEX","20-04Rollup"
"Repdrvfs.dll","Core_WMI","6.2.17134.982","0","13-Aug-19","GDR","4550944","April 21, 2020-KB4550944 (OS Build 17134.1456)","http://support.microsoft.com/kb/4550944","No LDR Only available","No LDR Only available","No LDR Only available","rEX","20-04Rollup"
"pci.sys","Core_Sys","6.2.17134.1276","1","7-Jan-20","GDR","4550944","April 21, 2020-KB4550944 (OS Build 17134.1456)","http://support.microsoft.com/kb/4550944","No LDR Only available","No LDR Only available","No LDR Only available","rEX","20-04Rollup"
"Volmgr.sys","Core_Sys","6.2.17134.137","1","15-Jun-18","GDR","4550944","April 21, 2020-KB4550944 (OS Build 17134.1456)","http://support.microsoft.com/kb/4550944","No LDR Only available","No LDR Only available","No LDR Only available","rEX","20-04Rollup"
"Wnv.sys","Hyper-V_Net","6.2.17134.1130","1","8-Nov-19","GDR","4550944","April 21, 2020-KB4550944 (OS Build 17134.1456)","http://support.microsoft.com/kb/4550944","No LDR Only available","No LDR Only available","No LDR Only available","rEX","20-04Rollup"
"Vmms.exe","Hyper-V_Net","6.2.17134.1276","1","7-Jan-20","GDR","4550944","April 21, 2020-KB4550944 (OS Build 17134.1456)","http://support.microsoft.com/kb/4550944","No LDR Only available","No LDR Only available","No LDR Only available","rEX","20-04Rollup"
"Winnat.sys","Hyper-V_Net","6.2.17134.1345","1","21-Feb-20","GDR","4550944","April 21, 2020-KB4550944 (OS Build 17134.1456)","http://support.microsoft.com/kb/4550944","No LDR Only available","No LDR Only available","No LDR Only available","rEX","20-04Rollup"
"Vmbus.sys","Hyper-V_Net","6.2.17134.228","1","3-Aug-18","GDR","4550944","April 21, 2020-KB4550944 (OS Build 17134.1456)","http://support.microsoft.com/kb/4550944","No LDR Only available","No LDR Only available","No LDR Only available","rEX","20-04Rollup"
"Vmwp.exe","Hyper-V_app","6.2.17134.1304","1","5-Feb-20","GDR","4550944","April 21, 2020-KB4550944 (OS Build 17134.1456)","http://support.microsoft.com/kb/4550944","No LDR Only available","No LDR Only available","No LDR Only available","rEX","20-04Rollup"
"Rdsdwmdr.dll","RDS_remote_App","6.2.17134.1304","0","5-Feb-20","GDR","4550944","April 21, 2020-KB4550944 (OS Build 17134.1456)","http://support.microsoft.com/kb/4550944","No LDR Only available","No LDR Only available","No LDR Only available","rEX","20-04Rollup"
"Audioeng.dll","RDS_devRdr","6.2.17134.1304","1","5-Feb-20","GDR","4550944","April 21, 2020-KB4550944 (OS Build 17134.1456)","http://support.microsoft.com/kb/4550944","No LDR Only available","No LDR Only available","No LDR Only available","rEX","20-04Rollup"
"Localspl.dll","Print_Spool","6.2.17134.799","0","17-May-19","GDR","4550944","April 21, 2020-KB4550944 (OS Build 17134.1456)","http://support.microsoft.com/kb/4550944","No LDR Only available","No LDR Only available","No LDR Only available","rEX","20-04Rollup"
"Printfilterpipelineprxy.dll","Print_App","6.2.17134.1","0","11-Apr-18","GDR","4550944","April 21, 2020-KB4550944 (OS Build 17134.1456)","http://support.microsoft.com/kb/4550944","No LDR Only available","No LDR Only available","No LDR Only available","rEX","20-04Rollup"
"4540724","Win2016RS4_20_03_SSU_KB"," ","0","10-Mar-2020","GDR","4540724","Servicing stack update for Windows 10, version 1803: March 10, 2020","http://support.microsoft.com/kb/4540724","KB only","KB only","KB Only"," ","No Rollup"
"4550944","Win2016RS4_20-04_C_rollup_KB"," ","0","21-Apr-2020","GDR","4550944 (v1.0)","April 21, 2020-KB4550944 (OS Build 17134.1456)","http://support.microsoft.com/kb/4550944","KB only","KB only","KB only"," ","20-04Rollup"
