"Binary","Component","Version","Prio","Published","Branch","Article","Title","Link","LDROnlyKB","LDROnlyTitle","LDROnlyLink","Comment","RollupInfo"
"Ntoskrnl.exe","Core_Kernel","6.2.14393.3269","0","29-Sep-19","GDR","4519998","October 8, 2019-KB4519998 (OS Build 14393.3274)","http://support.microsoft.com/kb/4519998","No LDR Only available","No LDR Only available","No LDR Only available","rEX","19-10Rollup"
"Crashdmp.sys","Core_Kernel","6.2.14393.351","0","15-Oct-16","GDR","4519998","October 8, 2019-KB4519998 (OS Build 14393.3274)","http://support.microsoft.com/kb/4519998","No LDR Only available","No LDR Only available","No LDR Only available","rEX","19-10Rollup"
"Vssapi.dll","Core_VSS","6.2.14393.3053","1","13-Jun-19","GDR","4519998","October 8, 2019-KB4519998 (OS Build 14393.3274)","http://support.microsoft.com/kb/4519998","No LDR Only available","No LDR Only available","No LDR Only available","rEX","19-10Rollup"
"Vsstrace.dll","Core_VSS","6.2.14393.3053","1","13-Jun-19","GDR","4519998","October 8, 2019-KB4519998 (OS Build 14393.3274)","http://support.microsoft.com/kb/4519998","No LDR Only available","No LDR Only available","No LDR Only available","rEX","19-10Rollup"
"Swprv.dll","Core_VSS","6.2.14393.2608","1","25-Oct-18","GDR","4519998","October 8, 2019-KB4519998 (OS Build 14393.3274)","http://support.microsoft.com/kb/4519998","No LDR Only available","No LDR Only available","No LDR Only available","rEX","19-10Rollup"
"wbengine.exe","Core_VSS","6.2.14393.2608","1","25-Oct-18","GDR","4519998","October 8, 2019-KB4519998 (OS Build 14393.3274)","http://support.microsoft.com/kb/4519998","No LDR Only available","No LDR Only available","No LDR Only available","rEX","19-10Rollup"
"blbsrv.dll","Core_VSS","6.2.14393.2248","1","28-Apr-18","GDR","4519998","October 8, 2019-KB4519998 (OS Build 14393.3274)","http://support.microsoft.com/kb/4519998","No LDR Only available","No LDR Only available","No LDR Only available","rEX","19-10Rollup"
"Volsnap.sys","Cluster_Volsnap","6.2.14393.1794","0","9-Oct-17","GDR","4519998","October 8, 2019-KB4519998 (OS Build 14393.3274)","http://support.microsoft.com/kb/4519998","No LDR Only available","No LDR Only available","No LDR Only available","rEX","19-10Rollup"
"pci.sys","Core_Sys","6.2.14393.2938","1","6-Apr-19","GDR","4519998","October 8, 2019-KB4519998 (OS Build 14393.3274)","http://support.microsoft.com/kb/4519998","No LDR Only available","No LDR Only available","No LDR Only available","rEX","19-10Rollup"
"Volmgr.sys","Core_Sys","6.2.14393.2273","1","28-Apr-18","GDR","4519998","October 8, 2019-KB4519998 (OS Build 14393.3274)","http://support.microsoft.com/kb/4519998","No LDR Only available","No LDR Only available","No LDR Only available","rEX","19-10Rollup"
"Crypt32.dll","Dom_CRYPTO","6.2.14393.2214","1","3-Apr-18","GDR","4519998","October 8, 2019-KB4519998 (OS Build 14393.3274)","http://support.microsoft.com/kb/4519998","No LDR Only available","No LDR Only available","No LDR Only available","rEX","19-10Rollup"
"Cryptnet.dll","Dom_CRYPTO","6.2.14393.2035","1","11-Jan-18","GDR","4519998","October 8, 2019-KB4519998 (OS Build 14393.3274)","http://support.microsoft.com/kb/4519998","No LDR Only available","No LDR Only available","No LDR Only available","rEX","19-10Rollup"
"Wintrust.dll","Dom_CRYPTO","6.2.14393.2791","1","6-Feb-19","GDR","4519998","October 8, 2019-KB4519998 (OS Build 14393.3274)","http://support.microsoft.com/kb/4519998","No LDR Only available","No LDR Only available","No LDR Only available","rEX","19-10Rollup"
"Cryptdll.dll","Dom_CRYPTO","6.2.14393.2969","1","4-May-19","GDR","4519998","October 8, 2019-KB4519998 (OS Build 14393.3274)","http://support.microsoft.com/kb/4519998","No LDR Only available","No LDR Only available","No LDR Only available","rEX","19-10Rollup"
"Cryptcatsvc.dll","Dom_CRYPTO","6.2.14393.3115","1","9-Jul-19","GDR","4519998","October 8, 2019-KB4519998 (OS Build 14393.3274)","http://support.microsoft.com/kb/4519998","No LDR Only available","No LDR Only available","No LDR Only available","rEX","19-10Rollup"
"4521858","Win2016RS1_19_10_SSU_KB"," ","0","08-Oct-2019","GDR","4521858","Servicing stack update for Windows 10 version 1607: October 8, 2019","http://support.microsoft.com/kb/4521858","KB only","KB only","KB Only"," ","No Rollup"
"4519998","Win2016RS1_19-10_B_rollup_KB"," ","0","08-Oct-2019","GDR","4519998 (v1.0)","October 8, 2019-KB4519998 (OS Build 14393.3274)","http://support.microsoft.com/kb/4519998","KB only","KB only","KB only"," ","19-10Rollup"
