"Binary","Component","Version","Prio","Published","Branch","Article","Title","Link","LDROnlyKB","LDROnlyTitle","LDROnlyLink","Comment","RollupInfo"
"srv2.sys","Net_SMB_Server","6.2.18362.329","0","26-Jul-19","GDR","4517389 (v1.0)","October 8, 2019-KB4517389 (OS Build 18362.418)","http://support.microsoft.com/kb/4517389","KB only","KB only","KB only"," ","19-10Rollup"
"srvnet.sys","Net_SMB_Server","6.2.18362.207","0","27-Jun-19","GDR","4517389 (v1.0)","October 8, 2019-KB4517389 (OS Build 18362.418)","http://support.microsoft.com/kb/4517389","KB only","KB only","KB only"," ","19-10Rollup"
"Netbt.sys","Net_SMB_Client","6.2.18362.145","0","29-May-19","GDR","4517389 (v1.0)","October 8, 2019-KB4517389 (OS Build 18362.418)","http://support.microsoft.com/kb/4517389","KB only","KB only","KB only"," ","19-10Rollup"
"Mup.sys","Net_SMB_Client","6.2.18362.207","0","27-Jun-19","GDR","4517389 (v1.0)","October 8, 2019-KB4517389 (OS Build 18362.418)","http://support.microsoft.com/kb/4517389","KB only","KB only","KB only"," ","19-10Rollup"
"Tcpip.sys","Net_Protocol","6.2.18362.295","0","26-Jul-19","GDR","4517389 (v1.0)","October 8, 2019-KB4517389 (OS Build 18362.418)","http://support.microsoft.com/kb/4517389","KB only","KB only","KB only"," ","19-10Rollup"
"Netio.sys","Net_Protocol","6.2.18362.267","0","26-Jul-19","GDR","4517389 (v1.0)","October 8, 2019-KB4517389 (OS Build 18362.418)","http://support.microsoft.com/kb/4517389","KB only","KB only","KB only"," ","19-10Rollup"
"Dns.exe","Net_DNS_Srv","6.2.18362.1","0","29-Jun-19","GDR","4517389 (v1.0)","October 8, 2019-KB4517389 (OS Build 18362.418)","http://support.microsoft.com/kb/4517389","KB only","KB only","KB only"," ","19-10Rollup"
"Dhcpssvc.dll","Net_DHCP_Srv","6.2.18362.1","0","29-Jun-19","GDR","4517389 (v1.0)","October 8, 2019-KB4517389 (OS Build 18362.418)","http://support.microsoft.com/kb/4517389","KB only","KB only","KB only"," ","19-10Rollup"
"Nfssvc.exe","Net_NFS_Srv","6.2.18362.1","0","29-Jun-19","GDR","4517389 (v1.0)","October 8, 2019-KB4517389 (OS Build 18362.418)","http://support.microsoft.com/kb/4517389","KB only","KB only","KB only"," ","19-10Rollup"
"Nfssvr.sys","Net_NFS_Srv","6.2.18362.1","0","29-Jun-19","GDR","4517389 (v1.0)","October 8, 2019-KB4517389 (OS Build 18362.418)","http://support.microsoft.com/kb/4517389","KB only","KB only","KB only"," ","19-10Rollup"
"Msnfsflt.sys","Net_NFS_Srv","6.2.18362.1","0","29-Jun-19","GDR","4517389 (v1.0)","October 8, 2019-KB4517389 (OS Build 18362.418)","http://support.microsoft.com/kb/4517389","KB only","KB only","KB only"," ","19-10Rollup"
"dnsapi.dll","Net_DNS_Client","6.2.18362.267","1","26-Jul-19","GDR","4517389 (v1.0)","October 8, 2019-KB4517389 (OS Build 18362.418)","http://support.microsoft.com/kb/4517389","KB only","KB only","KB only"," ","19-10Rollup"
"dnsrslvr.dll","Net_DNS_Client","6.2.18362.267","1","26-Jul-19","GDR","4517389 (v1.0)","October 8, 2019-KB4517389 (OS Build 18362.418)","http://support.microsoft.com/kb/4517389","KB only","KB only","KB only"," ","19-10Rollup"
"Rpcss.dll","Net_RPC","6.2.18362.295","1","09-Jul-19","GDR","4517389 (v1.0)","October 8, 2019-KB4517389 (OS Build 18362.418)","http://support.microsoft.com/kb/4517389","KB only","KB only","KB only"," ","19-10Rollup"
"Bfe.dll","Net_Ipsec_BFE","6.2.18362.207","1","27-Jun-19","GDR","4517389 (v1.0)","October 8, 2019-KB4517389 (OS Build 18362.418)","http://support.microsoft.com/kb/4517389","KB only","KB only","KB only"," ","19-10Rollup"
"Ikeext.dll","Net_Ipsec_BFE","6.2.18362.207","1","27-Jun-19","GDR","4517389 (v1.0)","October 8, 2019-KB4517389 (OS Build 18362.418)","http://support.microsoft.com/kb/4517389","KB only","KB only","KB only"," ","19-10Rollup"
"Fwpuclnt.dll","Net_Ipsec_BFE","6.2.18362.207","1","27-Jun-19","GDR","4517389 (v1.0)","October 8, 2019-KB4517389 (OS Build 18362.418)","http://support.microsoft.com/kb/4517389","KB only","KB only","KB only"," ","19-10Rollup"
"Iphlpsvc.dll","Net_DirectAccess_Client","6.2.18362.295","1","26-Jul-19","GDR","4517389 (v1.0)","October 8, 2019-KB4517389 (OS Build 18362.418)","http://support.microsoft.com/kb/4517389","KB only","KB only","KB only"," ","19-10Rollup"
"Rdpcore.dll","Net_DirectAccess_Client","6.2.18362.239","1","09-Jul-19","GDR","4517389 (v1.0)","October 8, 2019-KB4517389 (OS Build 18362.418)","http://support.microsoft.com/kb/4517389","KB only","KB only","KB only"," ","19-10Rollup"
"Rastls.dll","Net_IEEE802.1x","6.2.18362.207","1","27-Jun-19","GDR","4517389 (v1.0)","October 8, 2019-KB4517389 (OS Build 18362.418)","http://support.microsoft.com/kb/4517389","KB only","KB only","KB only"," ","19-10Rollup"
"wlansvc.dll","Net_WLAN_Client","6.2.18362.239","1","09-Jul-19","GDR","4517389 (v1.0)","October 8, 2019-KB4517389 (OS Build 18362.418)","http://support.microsoft.com/kb/4517389","KB only","KB only","KB only"," ","19-10Rollup"
"wlanmsm.dll","Net_WLAN_Client","6.2.18362.239","1","09-Jul-19","GDR","4517389 (v1.0)","October 8, 2019-KB4517389 (OS Build 18362.418)","http://support.microsoft.com/kb/4517389","KB only","KB only","KB only"," ","19-10Rollup"
"wlanapi.dll","Net_WLAN_Client","6.2.18362.239","1","09-Jul-19","GDR","4517389 (v1.0)","October 8, 2019-KB4517389 (OS Build 18362.418)","http://support.microsoft.com/kb/4517389","KB only","KB only","KB only"," ","19-10Rollup"
"wlansec.dll","Net_WLAN_Client","6.2.18362.239","1","09-Jul-19","GDR","4517389 (v1.0)","October 8, 2019-KB4517389 (OS Build 18362.418)","http://support.microsoft.com/kb/4517389","KB only","KB only","KB only"," ","19-10Rollup"
"wlansvcpal.dll","Net_WLAN_Client","6.2.18362.239","1","09-Jul-19","GDR","4517389 (v1.0)","October 8, 2019-KB4517389 (OS Build 18362.418)","http://support.microsoft.com/kb/4517389","KB only","KB only","KB only"," ","19-10Rollup"
"wlanhlp.dll","Net_WLAN_Client","6.2.18362.239","1","09-Jul-19","GDR","4517389 (v1.0)","October 8, 2019-KB4517389 (OS Build 18362.418)","http://support.microsoft.com/kb/4517389","KB only","KB only","KB only"," ","19-10Rollup"
"qmgr.dll","Net_BiTS","6.2.18362.1","1","29-Jun-19","GDR","4517389 (v1.0)","October 8, 2019-KB4517389 (OS Build 18362.418)","http://support.microsoft.com/kb/4517389","KB only","KB only","KB only"," ","19-10Rollup"
"Netlogon.dll","Dom_NETLOGON","6.2.18362.267","0","26-Jul-19","GDR","4517389 (v1.0)","October 8, 2019-KB4517389 (OS Build 18362.418)","http://support.microsoft.com/kb/4517389","KB only","KB only","KB only"," ","19-10Rollup"
"Ksecdd.sys","Dom_LSA","6.2.18362.113","0","29-Jun-19","GDR","4517389 (v1.0)","October 8, 2019-KB4517389 (OS Build 18362.418)","http://support.microsoft.com/kb/4517389","KB only","KB only","KB only"," ","19-10Rollup"
"Secur32.dll","Dom_LSA","6.2.18362.1","0","29-Jun-19","GDR","4517389 (v1.0)","October 8, 2019-KB4517389 (OS Build 18362.418)","http://support.microsoft.com/kb/4517389","KB only","KB only","KB only"," ","19-10Rollup"
"Cryptdll.dll","Dom_CRYPTO","6.2.18362.113","1","29-Jun-19","GDR","4517389 (v1.0)","October 8, 2019-KB4517389 (OS Build 18362.418)","http://support.microsoft.com/kb/4517389","KB only","KB only","KB only"," ","19-10Rollup"
"Gpmgmt.dll","Dom_GPSVC","6.2.18362.1","1","29-Jun-19","GDR","4517389 (v1.0)","October 8, 2019-KB4517389 (OS Build 18362.418)","http://support.microsoft.com/kb/4517389","KB only","KB only","KB only"," ","19-10Rollup"
"Esent.dll","Dom_ESENT","6.2.18362.207","0","27-Jun-19","GDR","4517389 (v1.0)","October 8, 2019-KB4517389 (OS Build 18362.418)","http://support.microsoft.com/kb/4517389","KB only","KB only","KB only"," ","19-10Rollup"
"Ntdsai.dll","Dom_NTDSAI","6.2.18362.329","0","10-Sep-19","GDR","4517389 (v1.0)","October 8, 2019-KB4517389 (OS Build 18362.418)","http://support.microsoft.com/kb/4517389","KB only","KB only","KB only"," ","19-10Rollup"
"Ntdsutil.exe","Dom_NTDSAI","6.2.18362.113","0","29-Jun-19","GDR","4517389 (v1.0)","October 8, 2019-KB4517389 (OS Build 18362.418)","http://support.microsoft.com/kb/4517389","KB only","KB only","KB only"," ","19-10Rollup"
"Kdcsvc.dll","Dom_KDCSVC","6.2.18362.1","0","29-Jun-19","GDR","4517389 (v1.0)","October 8, 2019-KB4517389 (OS Build 18362.418)","http://support.microsoft.com/kb/4517389","KB only","KB only","KB only"," ","19-10Rollup"
"Microsoft.identityserver.service.dll","Dom_ADFS","6.2.18362.1","0","29-Jun-19","GDR","4517389 (v1.0)","October 8, 2019-KB4517389 (OS Build 18362.418)","http://support.microsoft.com/kb/4517389","KB only","KB only","KB only"," ","19-10Rollup"
"Microsoft.identityserver.web.dll","Dom_ADFS","6.2.18362.1","0","29-Jun-19","GDR","4517389 (v1.0)","October 8, 2019-KB4517389 (OS Build 18362.418)","http://support.microsoft.com/kb/4517389","KB only","KB only","KB only"," ","19-10Rollup"
"Clussvc.exe","Cluster_Core","6.2.18362.1","0","29-Jun-19","GDR","4517389 (v1.0)","October 8, 2019-KB4517389 (OS Build 18362.418)","http://support.microsoft.com/kb/4517389","KB only","KB only","KB only"," ","19-10Rollup"
"Rhs.exe","Cluster_Core","6.2.18362.1","0","29-Jun-19","GDR","4517389 (v1.0)","October 8, 2019-KB4517389 (OS Build 18362.418)","http://support.microsoft.com/kb/4517389","KB only","KB only","KB only"," ","19-10Rollup"
"Clusres.dll","Cluster_Core","6.2.18362.1","0","29-Jun-19","GDR","4517389 (v1.0)","October 8, 2019-KB4517389 (OS Build 18362.418)","http://support.microsoft.com/kb/4517389","KB only","KB only","KB only"," ","19-10Rollup"
"Clusres2.dll","Cluster_Core","6.2.18362.1","0","29-Jun-19","GDR","4517389 (v1.0)","October 8, 2019-KB4517389 (OS Build 18362.418)","http://support.microsoft.com/kb/4517389","KB only","KB only","KB only"," ","19-10Rollup"
"Vhdmp.sys","Cluster_CSV","6.2.18362.356","0","11-Jun-19","GDR","4517389 (v1.0)","October 8, 2019-KB4517389 (OS Build 18362.418)","http://support.microsoft.com/kb/4517389","KB only","KB only","KB only"," ","19-10Rollup"
"Ntfs.sys","Core_FileSystem","6.2.18362.145","0","29-May-19","GDR","4517389 (v1.0)","October 8, 2019-KB4517389 (OS Build 18362.418)","http://support.microsoft.com/kb/4517389","KB only","KB only","KB only"," ","19-10Rollup"
"Advapi32.dll","Core_Apps","6.2.18362.329","0","29-Jun-19","GDR","4517389 (v1.0)","October 8, 2019-KB4517389 (OS Build 18362.418)","http://support.microsoft.com/kb/4517389","KB only","KB only","KB only"," ","19-10Rollup"
"Tzres.dll","Core_TimeZone","6.2.18362.1","1","29-Jun-19","GDR","4517389 (v1.0)","October 8, 2019-KB4517389 (OS Build 18362.418)","http://support.microsoft.com/kb/4517389","KB only","KB only","KB only"," ","19-10Rollup"
"Audiosrv.dll","RDS_devRdr","6.2.18362.1","1","29-Jun-19","GDR","4517389 (v1.0)","October 8, 2019-KB4517389 (OS Build 18362.418)","http://support.microsoft.com/kb/4517389","KB only","KB only","KB only"," ","19-10Rollup"
"aaedge.dll","RDS_gateway","6.2.18362.1","1","29-Jun-19","GDR","4517389 (v1.0)","October 8, 2019-KB4517389 (OS Build 18362.418)","http://support.microsoft.com/kb/4517389","KB only","KB only","KB only"," ","19-10Rollup"
"Localspl.dll","Print_Spool","6.2.18362.175","0","11-Jun-19","GDR","4517389 (v1.0)","October 8, 2019-KB4517389 (OS Build 18362.418)","http://support.microsoft.com/kb/4517389","KB only","KB only","KB only"," ","19-10Rollup"
"Winspool.drv","Print_Spool","6.2.18362.267","0","26-Jul-19","GDR","4517389 (v1.0)","October 8, 2019-KB4517389 (OS Build 18362.418)","http://support.microsoft.com/kb/4517389","KB only","KB only","KB only"," ","19-10Rollup"
"splwow64.exe","Print_App","6.2.18362.239","0","29-Jun-19","GDR","4517389 (v1.0)","October 8, 2019-KB4517389 (OS Build 18362.418)","http://support.microsoft.com/kb/4517389","KB only","KB only","KB only"," ","19-10Rollup"
"Mxdwdrv.dll","Print_Driver","6.2.18362.145","1","29-May-19","GDR","4517389 (v1.0)","October 8, 2019-KB4517389 (OS Build 18362.418)","http://support.microsoft.com/kb/4517389","KB only","KB only","KB only"," ","19-10Rollup"
"Pcl4res.dll","Print_Driver","6.2.18362.1","1","29-Jun-19","GDR","4517389 (v1.0)","October 8, 2019-KB4517389 (OS Build 18362.418)","http://support.microsoft.com/kb/4517389","KB only","KB only","KB only"," ","19-10Rollup"
"Pscript5.dll","Print_Driver","6.2.18362.145","1","29-May-19","GDR","4517389 (v1.0)","October 8, 2019-KB4517389 (OS Build 18362.418)","http://support.microsoft.com/kb/4517389","KB only","KB only","KB only"," ","19-10Rollup"
"Unidrv.dll","Print_Driver","6.2.18362.1","1","29-Jun-19","GDR","4517389 (v1.0)","October 8, 2019-KB4517389 (OS Build 18362.418)","http://support.microsoft.com/kb/4517389","KB only","KB only","KB only"," ","19-10Rollup"
"Unires.dll","Print_Driver","6.2.18362.1","1","29-Jun-19","GDR","4517389 (v1.0)","October 8, 2019-KB4517389 (OS Build 18362.418)","http://support.microsoft.com/kb/4517389","KB only","KB only","KB only"," ","19-10Rollup"
"win32k.sys","Core_Kernel","6.2.18362.387","0","26-Jul-19","GDR","4517389 (v1.0)","October 8, 2019-KB4517389 (OS Build 18362.418)","http://support.microsoft.com/kb/4517389","KB only","KB only","KB only"," ","19-10Rollup"
"Ntoskrnl.exe","Core_Kernel","6.2.18362.418","0","26-Jul-19","GDR","4517389 (v1.0)","October 8, 2019-KB4517389 (OS Build 18362.418)","http://support.microsoft.com/kb/4517389","KB only","KB only","KB only"," ","19-10Rollup"
"Hal.dll","Core_Kernel","6.2.18362.387","0","26-Jul-19","GDR","4517389 (v1.0)","October 8, 2019-KB4517389 (OS Build 18362.418)","http://support.microsoft.com/kb/4517389","KB only","KB only","KB only"," ","19-10Rollup"
"Ntdll.dll","Core_Kernel","6.2.18362.418","0","26-Jul-19","GDR","4517389 (v1.0)","October 8, 2019-KB4517389 (OS Build 18362.418)","http://support.microsoft.com/kb/4517389","KB only","KB only","KB only"," ","19-10Rollup"
"pci.sys","Core_Sys","6.2.18362.418","1","27-Jun-19","GDR","4517389 (v1.0)","October 8, 2019-KB4517389 (OS Build 18362.418)","http://support.microsoft.com/kb/4517389","KB only","KB only","KB only"," ","19-10Rollup"
"Wintrust.dll","Dom_CRYPTO","6.2.18362.387","1","29-May-19","GDR","4517389 (v1.0)","October 8, 2019-KB4517389 (OS Build 18362.418)","http://support.microsoft.com/kb/4517389","KB only","KB only","KB only"," ","19-10Rollup"
"Userenv.dll","Dom_GPSVC","6.2.18362.387","1","11-Jun-19","GDR","4517389 (v1.0)","October 8, 2019-KB4517389 (OS Build 18362.418)","http://support.microsoft.com/kb/4517389","KB only","KB only","KB only"," ","19-10Rollup"
"Kerberos.dll","Dom_KERBEROS","6.2.18362.387","0","11-Jun-19","GDR","4517389 (v1.0)","October 8, 2019-KB4517389 (OS Build 18362.418)","http://support.microsoft.com/kb/4517389","KB only","KB only","KB only"," ","19-10Rollup"
"Schannel.dll","Dom_LSA","6.2.18362.418","0","11-Jun-19","GDR","4517389 (v1.0)","October 8, 2019-KB4517389 (OS Build 18362.418)","http://support.microsoft.com/kb/4517389","KB only","KB only","KB only"," ","19-10Rollup"
"Lsasrv.dll","Dom_LSA","6.2.18362.387","0","26-Jul-19","GDR","4517389 (v1.0)","October 8, 2019-KB4517389 (OS Build 18362.418)","http://support.microsoft.com/kb/4517389","KB only","KB only","KB only"," ","19-10Rollup"
"Ksecpkg.sys","Dom_LSA","6.2.18362.387","0","29-Jun-19","GDR","4517389 (v1.0)","October 8, 2019-KB4517389 (OS Build 18362.418)","http://support.microsoft.com/kb/4517389","KB only","KB only","KB only"," ","19-10Rollup"
"Msv1_0.dll","Dom_NTLM","6.2.18362.418","1","11-Jun-19","GDR","4517389 (v1.0)","October 8, 2019-KB4517389 (OS Build 18362.418)","http://support.microsoft.com/kb/4517389","KB only","KB only","KB only"," ","19-10Rollup"
"Rasapi32.dll","HNV_Net","6.2.18362.387","1","27-Jun-19","GDR","4517389 (v1.0)","October 8, 2019-KB4517389 (OS Build 18362.418)","http://support.microsoft.com/kb/4517389","KB only","KB only","KB only"," ","19-10Rollup"
"Vmwp.exe","Hyper-V_app","6.2.18362.418","1","29-May-19","GDR","4517389 (v1.0)","October 8, 2019-KB4517389 (OS Build 18362.418)","http://support.microsoft.com/kb/4517389","KB only","KB only","KB only"," ","19-10Rollup"
"Winnat.sys","Hyper-V_Net","6.2.18362.387","1","09-Jul-19","GDR","4517389 (v1.0)","October 8, 2019-KB4517389 (OS Build 18362.418)","http://support.microsoft.com/kb/4517389","KB only","KB only","KB only"," ","19-10Rollup"
"Vmswitch.sys","Hyper-V_Net","6.2.18362.387","1","29-Jun-19","GDR","4517389 (v1.0)","October 8, 2019-KB4517389 (OS Build 18362.418)","http://support.microsoft.com/kb/4517389","KB only","KB only","KB only"," ","19-10Rollup"
"Vmms.exe","Hyper-V_Net","6.2.18362.387","1","29-Jun-19","GDR","4517389 (v1.0)","October 8, 2019-KB4517389 (OS Build 18362.418)","http://support.microsoft.com/kb/4517389","KB only","KB only","KB only"," ","19-10Rollup"
"Mshtml.dll","IE_Client","11.0.18362.418","0","26-Jul-19","GDR","4517389 (v1.0)","October 8, 2019-KB4517389 (OS Build 18362.418)","http://support.microsoft.com/kb/4517389","KB only","KB only","KB only"," ","19-10Rollup"
"MpsSvc.dll","Net_Firewall","6.2.18362.387","1","09-Jul-19","GDR","4517389 (v1.0)","October 8, 2019-KB4517389 (OS Build 18362.418)","http://support.microsoft.com/kb/4517389","KB only","KB only","KB only"," ","19-10Rollup"
"dot3svc.dll","Net_IEEE802.1x","6.2.18362.387","1","27-Jun-19","GDR","4517389 (v1.0)","October 8, 2019-KB4517389 (OS Build 18362.418)","http://support.microsoft.com/kb/4517389","KB only","KB only","KB only"," ","19-10Rollup"
"Ndis.sys","Net_Protocol","6.2.18362.387","0","29-Jun-19","GDR","4517389 (v1.0)","October 8, 2019-KB4517389 (OS Build 18362.418)","http://support.microsoft.com/kb/4517389","KB only","KB only","KB only"," ","19-10Rollup"
"Rdbss.sys","Net_SMB_Client","6.2.18362.418","29-May-19","GDR","4517389 (v1.0)","October 8, 2019-KB4517389 (OS Build 18362.418)","http://support.microsoft.com/kb/4517389","KB only","KB only","KB only"," ","19-10Rollup"
"Winhttp.dll","Net_WebDAV","6.2.18362.387","1","27-Jun-19","GDR","4517389 (v1.0)","October 8, 2019-KB4517389 (OS Build 18362.418)","http://support.microsoft.com/kb/4517389","KB only","KB only","KB only"," ","19-10Rollup"
"Shell32.dll","Net_WebDAV","6.2.18362.387","1","26-Jul-19","GDR","4517389 (v1.0)","October 8, 2019-KB4517389 (OS Build 18362.418)","http://support.microsoft.com/kb/4517389","KB only","KB only","KB only"," ","19-10Rollup"
"Spoolsv.exe","Print_Spool","6.2.18362.387","0","09-Jul-19","GDR","4517389 (v1.0)","October 8, 2019-KB4517389 (OS Build 18362.418)","http://support.microsoft.com/kb/4517389","KB only","KB only","KB only"," ","19-10Rollup"
"Audioses.dll","RDS_devRdr","6.2.18362.387","1","26-Jul-19","GDR","4517389 (v1.0)","October 8, 2019-KB4517389 (OS Build 18362.418)","http://support.microsoft.com/kb/4517389","KB only","KB only","KB only"," ","19-10Rollup"
"Audioeng.dll","RDS_devRdr","6.2.18362.387","1","26-Jul-19","GDR","4517389 (v1.0)","October 8, 2019-KB4517389 (OS Build 18362.418)","http://support.microsoft.com/kb/4517389","KB only","KB only","KB only"," ","19-10Rollup"
"Audiokse.dll","RDS_devRdr","6.2.18362.387","1","26-Jul-19","GDR","4517389 (v1.0)","October 8, 2019-KB4517389 (OS Build 18362.418)","http://support.microsoft.com/kb/4517389","KB only","KB only","KB only"," ","19-10Rollup"
"dxgkrnl.sys","RDS_host","6.2.18362.387","1","26-Jul-19","GDR","4517389 (v1.0)","October 8, 2019-KB4517389 (OS Build 18362.418)","http://support.microsoft.com/kb/4517389","KB only","KB only","KB only"," ","19-10Rollup"
"Rdpshell.exe","RDS_remote_App","6.2.18362.387","0","29-Jun-19","GDR","4517389 (v1.0)","October 8, 2019-KB4517389 (OS Build 18362.418)","http://support.microsoft.com/kb/4517389","KB only","KB only","KB only"," ","19-10Rollup"
