"Binary","Component","Version","Prio","Published","Branch","Article","Title","Link","LDROnlyKB","LDROnlyTitle","LDROnlyLink","Comment","RollupInfo"
"Clussvc.exe","Cluster_Core","6.2.14393.3750","0","2-Jun-20","GDR","4571694","August 11, 2020-KB4571694 (OS Build 14393.3866)","http://support.microsoft.com/kb/4571694","No LDR Only available","No LDR Only available","No LDR Only available","rEX","20-08Rollup"
"ClusWMI.dll","Cluster_Core","6.2.14393.3297","0","1-Oct-19","GDR","4571694","August 11, 2020-KB4571694 (OS Build 14393.3866)","http://support.microsoft.com/kb/4571694","No LDR Only available","No LDR Only available","No LDR Only available","rEX","20-08Rollup"
"Rhs.exe","Cluster_Core","6.2.14393.3659","0","11-Apr-20","GDR","4571694","August 11, 2020-KB4571694 (OS Build 14393.3866)","http://support.microsoft.com/kb/4571694","No LDR Only available","No LDR Only available","No LDR Only available","rEX","20-08Rollup"
"Clusres.dll","Cluster_Core","6.2.14393.3471","0","19-Dec-19","GDR","4571694","August 11, 2020-KB4571694 (OS Build 14393.3866)","http://support.microsoft.com/kb/4571694","No LDR Only available","No LDR Only available","No LDR Only available","rEX","20-08Rollup"
"Clusres2.dll","Cluster_Core","6.2.14393.3659","0","11-Apr-20","GDR","4571694","August 11, 2020-KB4571694 (OS Build 14393.3866)","http://support.microsoft.com/kb/4571694","No LDR Only available","No LDR Only available","No LDR Only available","rEX","20-08Rollup"
"Netft.sys","Cluster_Core","6.2.14393.2155","0","6-Mar-18","GDR","4571694","August 11, 2020-KB4571694 (OS Build 14393.3866)","http://support.microsoft.com/kb/4571694","No LDR Only available","No LDR Only available","No LDR Only available","rEX","20-08Rollup"
"Csvflt.sys","Cluster_CSV","6.2.14393.2999","0","21-May-19","GDR","4571694","August 11, 2020-KB4571694 (OS Build 14393.3866)","http://support.microsoft.com/kb/4571694","No LDR Only available","No LDR Only available","No LDR Only available","rEX","20-08Rollup"
"Csvfs.sys","Cluster_CSV","6.2.14393.3297","0","1-Oct-19","GDR","4571694","August 11, 2020-KB4571694 (OS Build 14393.3866)","http://support.microsoft.com/kb/4571694","No LDR Only available","No LDR Only available","No LDR Only available","rEX","20-08Rollup"
"Svhdxflt.sys","Cluster_CSV","6.2.14393.206","0","15-Sep-16","GDR","4571694","August 11, 2020-KB4571694 (OS Build 14393.3866)","http://support.microsoft.com/kb/4571694","No LDR Only available","No LDR Only available","No LDR Only available","rEX","20-08Rollup"
"Volsnap.sys","Cluster_Volsnap","6.2.14393.1794","0","9-Oct-17","GDR","4571694","August 11, 2020-KB4571694 (OS Build 14393.3866)","http://support.microsoft.com/kb/4571694","No LDR Only available","No LDR Only available","No LDR Only available","rEX","20-08Rollup"
"Cprepsrv.exe","Cluster_Validation","6.2.14393.3297","1","1-Oct-19","GDR","4571694","August 11, 2020-KB4571694 (OS Build 14393.3866)","http://support.microsoft.com/kb/4571694","No LDR Only available","No LDR Only available","No LDR Only available","rEX","20-08Rollup"
"Failoverclusters.agent.interop.dll","Cluster_Validation","6.2.14393.206","1","15-Sep-16","GDR","4571694","August 11, 2020-KB4571694 (OS Build 14393.3866)","http://support.microsoft.com/kb/4571694","No LDR Only available","No LDR Only available","No LDR Only available","rEX","20-08Rollup"
"Mpio.sys","Core_MPIO","6.2.14393.2999","0","21-May-19","GDR","4571694","August 11, 2020-KB4571694 (OS Build 14393.3866)","http://support.microsoft.com/kb/4571694","No LDR Only available","No LDR Only available","No LDR Only available","rEX","20-08Rollup"
"Msdsm.sys","Core_MPIO","6.2.14393.2395","0","15-Jul-18","GDR","4571694","August 11, 2020-KB4571694 (OS Build 14393.3866)","http://support.microsoft.com/kb/4571694","No LDR Only available","No LDR Only available","No LDR Only available","rEX","20-08Rollup"
"4565912","Win2016RS1_20_07_SSU_KB"," ","0","14-Jul-2020","GDR","4565912","Servicing stack update for Windows 10, version 1607: July 14, 2020","http://support.microsoft.com/kb/4565912","KB only","KB only","KB Only"," ","No Rollup"
"4571694","Win2016RS1_20-08_B_rollup_KB"," ","0","11-Aug-2020","GDR","4571694 (v1.0)","August 11, 2020-KB4571694 (OS Build 14393.3866)","http://support.microsoft.com/kb/4571694","KB only","KB only","KB only"," ","20-08Rollup"
