"Binary","Component","Version","Prio","Published","Branch","Article","Title","Link","LDROnlyKB","LDROnlyTitle","LDROnlyLink","Comment","RollupInfo"
"Rdsdwmdr.dll","RDS_remote_App","6.2.17134.1304","0","5-Feb-20","GDR","4586785","November 10, 2020-KB4586785 (OS Build 17134.1845)","http://support.microsoft.com/kb/4586785","No LDR Only available","No LDR Only available","No LDR Only available","rEX","20-11Rollup"
"Audiosrv.dll","RDS_devRdr","6.2.17134.1488","1","6-May-20","GDR","4586785","November 10, 2020-KB4586785 (OS Build 17134.1845)","http://support.microsoft.com/kb/4586785","No LDR Only available","No LDR Only available","No LDR Only available","rEX","20-11Rollup"
"4580398","Win2016RS4_20_10_SSU_KB"," ","0","13-Oct-2020","GDR","4580398","Servicing stack update for Windows 10, version 1803: October 13, 2020","http://support.microsoft.com/kb/4580398","KB only","KB only","KB Only"," ","No Rollup"
"4586785","Win2016RS4_20-11_B_rollup_KB"," ","0","10-Nov-2020","GDR","4586785 (v1.0)","November 10, 2020-KB4586785 (OS Build 17134.1845)","http://support.microsoft.com/kb/4586785","KB only","KB only","KB only"," ","20-11Rollup"
