"Binary","Component","Version","Prio","Published","Branch","Article","Title","Link","LDROnlyKB","LDROnlyTitle","LDROnlyLink","Comment","RollupInfo"
"Srvsvc.dll","Net_SMB_Server","6.2.15063.850","0","1-Jan-18","GDR","4580370","October 13, 2020-KB4580370 (OS Build 15063.2525)","http://support.microsoft.com/kb/4580370","No LDR Only available","No LDR Only available","No LDR Only available","rEX","20-10Rollup"
"Mrxsmb10.sys","Net_SMB_Client","6.2.15063.1689","0","6-Mar-19","GDR","4580370","October 13, 2020-KB4580370 (OS Build 15063.2525)","http://support.microsoft.com/kb/4580370","No LDR Only available","No LDR Only available","No LDR Only available","rEX","20-10Rollup"
"Rdbss.sys","Net_SMB_Client","6.2.15063.2106","0","30-Sep-19","GDR","4580370","October 13, 2020-KB4580370 (OS Build 15063.2525)","http://support.microsoft.com/kb/4580370","No LDR Only available","No LDR Only available","No LDR Only available","rEX","20-10Rollup"
"Netbt.sys","Net_SMB_Client","6.2.15063.2525","0","30-Sep-20","GDR","4580370","October 13, 2020-KB4580370 (OS Build 15063.2525)","http://support.microsoft.com/kb/4580370","No LDR Only available","No LDR Only available","No LDR Only available","rEX","20-10Rollup"
"Mup.sys","Net_SMB_Client","6.2.15063.850","0","1-Jan-18","GDR","4580370","October 13, 2020-KB4580370 (OS Build 15063.2525)","http://support.microsoft.com/kb/4580370","No LDR Only available","No LDR Only available","No LDR Only available","rEX","20-10Rollup"
"wkssvc.dll","Net_SMB_Client","6.2.15063.850","0","1-Jan-18","GDR","4580370","October 13, 2020-KB4580370 (OS Build 15063.2525)","http://support.microsoft.com/kb/4580370","No LDR Only available","No LDR Only available","No LDR Only available","rEX","20-10Rollup"
"Afd.sys","Net_Protocol","6.2.15063.2467","0","6-Aug-20","GDR","4580370","October 13, 2020-KB4580370 (OS Build 15063.2525)","http://support.microsoft.com/kb/4580370","No LDR Only available","No LDR Only available","No LDR Only available","rEX","20-10Rollup"
"Ndis.sys","Net_Protocol","6.2.15063.2283","0","23-Jan-20","GDR","4580370","October 13, 2020-KB4580370 (OS Build 15063.2525)","http://support.microsoft.com/kb/4580370","No LDR Only available","No LDR Only available","No LDR Only available","rEX","20-10Rollup"
"Tunnel.sys","Net_IPv6","6.2.15063.2161","1","17-Oct-19","GDR","4580370","October 13, 2020-KB4580370 (OS Build 15063.2525)","http://support.microsoft.com/kb/4580370","No LDR Only available","No LDR Only available","No LDR Only available","rEX","20-10Rollup"
"Dhcpcore6.dll","Net_IPv6","6.2.15063.2500","1","2-Sep-20","GDR","4580370","October 13, 2020-KB4580370 (OS Build 15063.2525)","http://support.microsoft.com/kb/4580370","No LDR Only available","No LDR Only available","No LDR Only available","rEX","20-10Rollup"
"Nlasvc.dll","Net_NLA","6.2.15063.2439","0","8-Jul-20","GDR","4580370","October 13, 2020-KB4580370 (OS Build 15063.2525)","http://support.microsoft.com/kb/4580370","No LDR Only available","No LDR Only available","No LDR Only available","rEX","20-10Rollup"
"Nlaapi.dll","Net_NLA","6.2.15063.994","0","2-Mar-18","GDR","4580370","October 13, 2020-KB4580370 (OS Build 15063.2525)","http://support.microsoft.com/kb/4580370","No LDR Only available","No LDR Only available","No LDR Only available","rEX","20-10Rollup"
"Dns.exe","Net_DNS_Srv","6.2.15063.1206","0","28-Jun-18","GDR","4580370","October 13, 2020-KB4580370 (OS Build 15063.2525)","http://support.microsoft.com/kb/4580370","No LDR Only available","No LDR Only available","No LDR Only available","rEX","20-10Rollup"
"rpcxdr.sys","Net_NFS_Srv","6.2.15063.1868","0","7-Jun-19","GDR","4580370","October 13, 2020-KB4580370 (OS Build 15063.2525)","http://support.microsoft.com/kb/4580370","No LDR Only available","No LDR Only available","No LDR Only available","rEX","20-10Rollup"
"Cscui.dll","Net_CSC_Offline","6.2.15063.1659","1","16-Feb-19","GDR","4580370","October 13, 2020-KB4580370 (OS Build 15063.2525)","http://support.microsoft.com/kb/4580370","No LDR Only available","No LDR Only available","No LDR Only available","rEX","20-10Rollup"
"Dfsc.sys","Net_DFS-N_Client","6.2.15063.1112","0","26-Apr-18","GDR","4580370","October 13, 2020-KB4580370 (OS Build 15063.2525)","http://support.microsoft.com/kb/4580370","No LDR Only available","No LDR Only available","No LDR Only available","rEX","20-10Rollup"
"Dhcpcore.dll","Net_DHCP_Client","6.2.15063.2500","1","2-Sep-20","GDR","4580370","October 13, 2020-KB4580370 (OS Build 15063.2525)","http://support.microsoft.com/kb/4580370","No LDR Only available","No LDR Only available","No LDR Only available","rEX","20-10Rollup"
"Rpcss.dll","Net_RPC","6.2.15063.1987","1","30-Jul-19","GDR","4580370","October 13, 2020-KB4580370 (OS Build 15063.2525)","http://support.microsoft.com/kb/4580370","No LDR Only available","No LDR Only available","No LDR Only available","rEX","20-10Rollup"
"Rpchttp.dll","Net_RPC","6.2.15063.994","1","2-Mar-18","GDR","4580370","October 13, 2020-KB4580370 (OS Build 15063.2525)","http://support.microsoft.com/kb/4580370","No LDR Only available","No LDR Only available","No LDR Only available","rEX","20-10Rollup"
"Rpcrt4.dll","Net_RPC","6.2.15063.2500","1","2-Sep-20","GDR","4580370","October 13, 2020-KB4580370 (OS Build 15063.2525)","http://support.microsoft.com/kb/4580370","No LDR Only available","No LDR Only available","No LDR Only available","rEX","20-10Rollup"
"dot3svc.dll","Net_IEEE802.1x","6.2.15063.850","1","1-Jan-18","GDR","4580370","October 13, 2020-KB4580370 (OS Build 15063.2525)","http://support.microsoft.com/kb/4580370","No LDR Only available","No LDR Only available","No LDR Only available","rEX","20-10Rollup"
"wlansvc.dll","Net_WLAN_Client","6.2.15063.2409","1","2-Jun-20","GDR","4580370","October 13, 2020-KB4580370 (OS Build 15063.2525)","http://support.microsoft.com/kb/4580370","No LDR Only available","No LDR Only available","No LDR Only available","rEX","20-10Rollup"
"wlanmsm.dll","Net_WLAN_Client","6.2.15063.966","1","5-Mar-18","GDR","4580370","October 13, 2020-KB4580370 (OS Build 15063.2525)","http://support.microsoft.com/kb/4580370","No LDR Only available","No LDR Only available","No LDR Only available","rEX","20-10Rollup"
"wlanapi.dll","Net_WLAN_Client","6.2.15063.2409","1","2-Jun-20","GDR","4580370","October 13, 2020-KB4580370 (OS Build 15063.2525)","http://support.microsoft.com/kb/4580370","No LDR Only available","No LDR Only available","No LDR Only available","rEX","20-10Rollup"
"wlansec.dll","Net_WLAN_Client","6.2.15063.966","1","5-Mar-18","GDR","4580370","October 13, 2020-KB4580370 (OS Build 15063.2525)","http://support.microsoft.com/kb/4580370","No LDR Only available","No LDR Only available","No LDR Only available","rEX","20-10Rollup"
"wlansvcpal.dll","Net_WLAN_Client","6.2.15063.966","1","5-Mar-18","GDR","4580370","October 13, 2020-KB4580370 (OS Build 15063.2525)","http://support.microsoft.com/kb/4580370","No LDR Only available","No LDR Only available","No LDR Only available","rEX","20-10Rollup"
"WorkFolders.exe","Net_WorkFolders","6.2.15063.0","1","18-Mar-17","GDR","4580370","October 13, 2020-KB4580370 (OS Build 15063.2525)","http://support.microsoft.com/kb/4580370","No LDR Only available","No LDR Only available","No LDR Only available","rEX","20-10Rollup"
"Mpsdrv.sys","Net_Firewall","6.2.15063.1324","1","28-Aug-18","GDR","4580370","October 13, 2020-KB4580370 (OS Build 15063.2525)","http://support.microsoft.com/kb/4580370","No LDR Only available","No LDR Only available","No LDR Only available","rEX","20-10Rollup"
"Winlogon.exe","Dom_WINLOGON","6.2.15063.2045","0","31-Aug-19","GDR","4580370","October 13, 2020-KB4580370 (OS Build 15063.2525)","http://support.microsoft.com/kb/4580370","No LDR Only available","No LDR Only available","No LDR Only available","rEX","20-10Rollup"
"Lsass.exe","Dom_LSA","6.2.15063.1418","0","10-Oct-18","GDR","4580370","October 13, 2020-KB4580370 (OS Build 15063.2525)","http://support.microsoft.com/kb/4580370","No LDR Only available","No LDR Only available","No LDR Only available","rEX","20-10Rollup"
"Ksecdd.sys","Dom_LSA","6.2.15063.1418","0","10-Oct-18","GDR","4580370","October 13, 2020-KB4580370 (OS Build 15063.2525)","http://support.microsoft.com/kb/4580370","No LDR Only available","No LDR Only available","No LDR Only available","rEX","20-10Rollup"
"Ksecpkg.sys","Dom_LSA","6.2.15063.2500","0","2-Sep-20","GDR","4580370","October 13, 2020-KB4580370 (OS Build 15063.2525)","http://support.microsoft.com/kb/4580370","No LDR Only available","No LDR Only available","No LDR Only available","rEX","20-10Rollup"
"Secur32.dll","Dom_LSA","6.2.15063.1112","0","26-Apr-18","GDR","4580370","October 13, 2020-KB4580370 (OS Build 15063.2525)","http://support.microsoft.com/kb/4580370","No LDR Only available","No LDR Only available","No LDR Only available","rEX","20-10Rollup"
"Basecsp.dll","Dom_SC_Provider","6.2.15063.1356","1","30-Aug-18","GDR","4580370","October 13, 2020-KB4580370 (OS Build 15063.2525)","http://support.microsoft.com/kb/4580370","No LDR Only available","No LDR Only available","No LDR Only available","rEX","20-10Rollup"
"Wintrust.dll","Dom_CRYPTO","6.2.15063.2525","1","30-Sep-20","GDR","4580370","October 13, 2020-KB4580370 (OS Build 15063.2525)","http://support.microsoft.com/kb/4580370","No LDR Only available","No LDR Only available","No LDR Only available","rEX","20-10Rollup"
"Cryptcatsvc.dll","Dom_CRYPTO","6.2.15063.2500","1","2-Sep-20","GDR","4580370","October 13, 2020-KB4580370 (OS Build 15063.2525)","http://support.microsoft.com/kb/4580370","No LDR Only available","No LDR Only available","No LDR Only available","rEX","20-10Rollup"
"Ntdsai.dll","Dom_NTDSAI","6.2.15063.483","0","7-Jul-17","GDR","4580370","October 13, 2020-KB4580370 (OS Build 15063.2525)","http://support.microsoft.com/kb/4580370","No LDR Only available","No LDR Only available","No LDR Only available","rEX","20-10Rollup"
"Clussvc.exe","Cluster_Core","6.2.15063.2409","0","2-Jun-20","GDR","4580370","October 13, 2020-KB4580370 (OS Build 15063.2525)","http://support.microsoft.com/kb/4580370","No LDR Only available","No LDR Only available","No LDR Only available","rEX","20-10Rollup"
"ClusWMI.dll","Cluster_Core","6.2.15063.1836","0","22-May-19","GDR","4580370","October 13, 2020-KB4580370 (OS Build 15063.2525)","http://support.microsoft.com/kb/4580370","No LDR Only available","No LDR Only available","No LDR Only available","rEX","20-10Rollup"
"Rhs.exe","Cluster_Core","6.2.15063.1836","0","22-May-19","GDR","4580370","October 13, 2020-KB4580370 (OS Build 15063.2525)","http://support.microsoft.com/kb/4580370","No LDR Only available","No LDR Only available","No LDR Only available","rEX","20-10Rollup"
"Clusres.dll","Cluster_Core","6.2.15063.1836","0","22-May-19","GDR","4580370","October 13, 2020-KB4580370 (OS Build 15063.2525)","http://support.microsoft.com/kb/4580370","No LDR Only available","No LDR Only available","No LDR Only available","rEX","20-10Rollup"
"Cprepsrv.exe","Cluster_Validation","6.2.15063.1836","1","22-May-19","GDR","4580370","October 13, 2020-KB4580370 (OS Build 15063.2525)","http://support.microsoft.com/kb/4580370","No LDR Only available","No LDR Only available","No LDR Only available","rEX","20-10Rollup"
"Hal.dll","Core_Kernel","6.2.15063.2161","0","17-Oct-19","GDR","4580370","October 13, 2020-KB4580370 (OS Build 15063.2525)","http://support.microsoft.com/kb/4580370","No LDR Only available","No LDR Only available","No LDR Only available","rEX","20-10Rollup"
"win32k.sys","Core_Kernel","6.2.15063.608","0","5-Sep-17","GDR","4580370","October 13, 2020-KB4580370 (OS Build 15063.2525)","http://support.microsoft.com/kb/4580370","No LDR Only available","No LDR Only available","No LDR Only available","rEX","20-10Rollup"
"Ntfs.sys","Core_FileSystem","6.2.15063.2500","0","2-Sep-20","GDR","4580370","October 13, 2020-KB4580370 (OS Build 15063.2525)","http://support.microsoft.com/kb/4580370","No LDR Only available","No LDR Only available","No LDR Only available","rEX","20-10Rollup"
"Storport.sys","Core_DiskSystem","6.2.15063.1897","0","13-Jun-19","GDR","4580370","October 13, 2020-KB4580370 (OS Build 15063.2525)","http://support.microsoft.com/kb/4580370","No LDR Only available","No LDR Only available","No LDR Only available","rEX","20-10Rollup"
"Repdrvfs.dll","Core_WMI","6.2.15063.994","0","2-Mar-18","GDR","4580370","October 13, 2020-KB4580370 (OS Build 15063.2525)","http://support.microsoft.com/kb/4580370","No LDR Only available","No LDR Only available","No LDR Only available","rEX","20-10Rollup"
"Msdsm.sys","Core_MPIO","6.2.15063.1235","0","18-Jul-18","GDR","4580370","October 13, 2020-KB4580370 (OS Build 15063.2525)","http://support.microsoft.com/kb/4580370","No LDR Only available","No LDR Only available","No LDR Only available","rEX","20-10Rollup"
"Advapi32.dll","Core_Apps","6.2.15063.1356","0","30-Aug-18","GDR","4580370","October 13, 2020-KB4580370 (OS Build 15063.2525)","http://support.microsoft.com/kb/4580370","No LDR Only available","No LDR Only available","No LDR Only available","rEX","20-10Rollup"
"wbengine.exe","Core_VSS","6.2.15063.2409","1","2-Jun-20","GDR","4580370","October 13, 2020-KB4580370 (OS Build 15063.2525)","http://support.microsoft.com/kb/4580370","No LDR Only available","No LDR Only available","No LDR Only available","rEX","20-10Rollup"
"Volmgr.sys","Core_Sys","6.2.15063.2525","1","30-Sep-20","GDR","4580370","October 13, 2020-KB4580370 (OS Build 15063.2525)","http://support.microsoft.com/kb/4580370","No LDR Only available","No LDR Only available","No LDR Only available","rEX","20-10Rollup"
"Vmswitch.sys","Hyper-V_Net","6.2.15063.2525","1","30-Sep-20","GDR","4580370","October 13, 2020-KB4580370 (OS Build 15063.2525)","http://support.microsoft.com/kb/4580370","No LDR Only available","No LDR Only available","No LDR Only available","rEX","20-10Rollup"
"Wnv.sys","Hyper-V_Net","6.2.15063.2525","1","30-Sep-20","GDR","4580370","October 13, 2020-KB4580370 (OS Build 15063.2525)","http://support.microsoft.com/kb/4580370","No LDR Only available","No LDR Only available","No LDR Only available","rEX","20-10Rollup"
"Ndisimplatform.sys","Hyper-V_Net","6.2.15063.994","1","2-Mar-18","GDR","4580370","October 13, 2020-KB4580370 (OS Build 15063.2525)","http://support.microsoft.com/kb/4580370","No LDR Only available","No LDR Only available","No LDR Only available","rEX","20-10Rollup"
"Vmms.exe","Hyper-V_Net","6.2.15063.2283","1","23-Jan-20","GDR","4580370","October 13, 2020-KB4580370 (OS Build 15063.2525)","http://support.microsoft.com/kb/4580370","No LDR Only available","No LDR Only available","No LDR Only available","rEX","20-10Rollup"
"pvhdparser.sys","Hyper-V_Net","6.2.15063.850","1","1-Jan-18","GDR","4580370","October 13, 2020-KB4580370 (OS Build 15063.2525)","http://support.microsoft.com/kb/4580370","No LDR Only available","No LDR Only available","No LDR Only available","rEX","20-10Rollup"
"Wmisvc.dll","Hyper-V_Net","6.2.15063.2467","1","6-Aug-20","GDR","4580370","October 13, 2020-KB4580370 (OS Build 15063.2525)","http://support.microsoft.com/kb/4580370","No LDR Only available","No LDR Only available","No LDR Only available","rEX","20-10Rollup"
"Vmbus.sys","Hyper-V_Net","6.2.15063.850","1","1-Jan-18","GDR","4580370","October 13, 2020-KB4580370 (OS Build 15063.2525)","http://support.microsoft.com/kb/4580370","No LDR Only available","No LDR Only available","No LDR Only available","rEX","20-10Rollup"
"Vmwp.exe","Hyper-V_app","6.2.15063.2525","1","30-Sep-20","GDR","4580370","October 13, 2020-KB4580370 (OS Build 15063.2525)","http://support.microsoft.com/kb/4580370","No LDR Only available","No LDR Only available","No LDR Only available","rEX","20-10Rollup"
"Rdsdwmdr.dll","RDS_remote_App","6.2.15063.2283","0","23-Jan-20","GDR","4580370","October 13, 2020-KB4580370 (OS Build 15063.2525)","http://support.microsoft.com/kb/4580370","No LDR Only available","No LDR Only available","No LDR Only available","rEX","20-10Rollup"
"sessenv.dll","RDS_host","6.2.15063.850","1","1-Jan-18","GDR","4580370","October 13, 2020-KB4580370 (OS Build 15063.2525)","http://support.microsoft.com/kb/4580370","No LDR Only available","No LDR Only available","No LDR Only available","rEX","20-10Rollup"
"Win32spl.dll","Print_Spool","6.2.15063.2525","0","30-Sep-20","GDR","4580370","October 13, 2020-KB4580370 (OS Build 15063.2525)","http://support.microsoft.com/kb/4580370","No LDR Only available","No LDR Only available","No LDR Only available","rEX","20-10Rollup"
"Ntprint.exe","Print_App","6.2.15063.608","0","5-Sep-17","GDR","4580370","October 13, 2020-KB4580370 (OS Build 15063.2525)","http://support.microsoft.com/kb/4580370","No LDR Only available","No LDR Only available","No LDR Only available","rEX","20-10Rollup"
"Printfilterpipelineprxy.dll","Print_App","6.2.15063.994","0","2-Mar-18","GDR","4580370","October 13, 2020-KB4580370 (OS Build 15063.2525)","http://support.microsoft.com/kb/4580370","No LDR Only available","No LDR Only available","No LDR Only available","rEX","20-10Rollup"
"Printbrm.exe","Print_App","6.2.15063.994","0","2-Mar-18","GDR","4580370","October 13, 2020-KB4580370 (OS Build 15063.2525)","http://support.microsoft.com/kb/4580370","No LDR Only available","No LDR Only available","No LDR Only available","rEX","20-10Rollup"
"splwow64.exe","Print_App","6.2.15063.2439","0","8-Jul-20","GDR","4580370","October 13, 2020-KB4580370 (OS Build 15063.2525)","http://support.microsoft.com/kb/4580370","No LDR Only available","No LDR Only available","No LDR Only available","rEX","20-10Rollup"
"Pscript5.dll","Print_Driver","0.3.15063.2375","1","5-May-20","GDR","4580370","October 13, 2020-KB4580370 (OS Build 15063.2525)","http://support.microsoft.com/kb/4580370","No LDR Only available","No LDR Only available","No LDR Only available","rEX","20-10Rollup"
"4565551","Win2016RS2_20_07_SSU_KB"," ","0","14-Jul-2020","GDR","4565551","Servicing stack update for Windows 10, version 1703: July 14, 2020","http://support.microsoft.com/kb/4565551","KB only","KB only","KB Only"," ","No Rollup"
"4580370","Win2016RS2_20-10_B_rollup_KB"," ","0","13-Oct-2020","GDR","4580370 (v1.0)","October 13, 2020-KB4580370 (OS Build 15063.2525)","http://support.microsoft.com/kb/4580370","KB only","KB only","KB only"," ","20-10Rollup"
