"Binary","Component","Version","Prio","Published","Branch","Article","Title","Link","LDROnlyKB","LDROnlyTitle","LDROnlyLink","Comment","RollupInfo"
"Volsnap.sys","Cluster_Volsnap","6.2.18362.693","0","7-Mar-20","GDR","4601315 (v1.0)","February 9, 2021-KB4601315 (OS Build 18363.1377)","http://support.microsoft.com/kb/4601315","KB only","KB only","KB only"," ","21-02Rollup"
"Csvflt.sys","Cluster_CSV","6.2.18362.267","0","23-Jan-20","GDR","4601315 (v1.0)","February 9, 2021-KB4601315 (OS Build 18363.1377)","http://support.microsoft.com/kb/4601315","KB only","KB only","KB only"," ","21-02Rollup"
"Csvfs.sys","Cluster_CSV","6.2.18362.628","0","22-Jan-20","GDR","4601315 (v1.0)","February 9, 2021-KB4601315 (OS Build 18363.1377)","http://support.microsoft.com/kb/4601315","KB only","KB only","KB only"," ","21-02Rollup"
"Vmswitch.sys","Hyper-V_Net","6.2.18362.1198","1","13-Oct-20","GDR","4601315 (v1.0)","February 9, 2021-KB4601315 (OS Build 18363.1377)","http://support.microsoft.com/kb/4601315","KB only","KB only","KB only"," ","21-02Rollup"
"Ndisimplatform.sys","Hyper-V_Net","6.2.18362.693","1","7-Mar-20","GDR","4601315 (v1.0)","February 9, 2021-KB4601315 (OS Build 18363.1377)","http://support.microsoft.com/kb/4601315","KB only","KB only","KB only"," ","21-02Rollup"
"Vmms.exe","Hyper-V_Net","6.2.18362.1110","1","16-Sep-20","GDR","4601315 (v1.0)","February 9, 2021-KB4601315 (OS Build 18363.1377)","http://support.microsoft.com/kb/4601315","KB only","KB only","KB only"," ","21-02Rollup"
"Winnat.sys","Hyper-V_Net","6.2.18362.1110","1","16-Sep-20","GDR","4601315 (v1.0)","February 9, 2021-KB4601315 (OS Build 18363.1377)","http://support.microsoft.com/kb/4601315","KB only","KB only","KB only"," ","21-02Rollup"
"Wmisvc.dll","Hyper-V_Net","6.2.18362.1171","1","20-Oct-20","GDR","4601315 (v1.0)","February 9, 2021-KB4601315 (OS Build 18363.1377)","http://support.microsoft.com/kb/4601315","KB only","KB only","KB only"," ","21-02Rollup"
"Vmbus.sys","Hyper-V_Net","6.2.18362.1350","1","27-Jan-21","GDR","4601315 (v1.0)","February 9, 2021-KB4601315 (OS Build 18363.1377)","http://support.microsoft.com/kb/4601315","KB only","KB only","KB only"," ","21-02Rollup"
"Rasapi32.dll","HNV_Net","6.2.18362.1316","1","20-Nov-20","GDR","4601315 (v1.0)","February 9, 2021-KB4601315 (OS Build 18363.1377)","http://support.microsoft.com/kb/4601315","KB only","KB only","KB only"," ","21-02Rollup"
"Vmwp.exe","Hyper-V_app","6.2.18362.1139","1","08-Sep-20","GDR","4601315 (v1.0)","February 9, 2021-KB4601315 (OS Build 18363.1377)","http://support.microsoft.com/kb/4601315","KB only","KB only","KB only"," ","21-02Rollup"
"4601395","Win2016_1909_21-02_SSU_KB"," ","0","09-Feb-2021","GDR","4601395","KB4601395: Servicing stack update for Windows 10, version 1909: February 9, 2021","http://support.microsoft.com/kb/4601395","KB only","KB only","KB Only"," ","No Rollup"
"4601315","Win201619H2_21-02_B_rollup_KB"," ","0","09-Feb-2021","GDR","4601315 (v1.0)","February 9, 2021-KB4601315 (OS Build 18363.1377)","http://support.microsoft.com/kb/4601315","KB only","KB only","KB only"," ","21-02Rollup"
