"Binary","Component","Version","Prio","Published","Branch","Article","Title","Link","LDROnlyKB","LDROnlyTitle","LDROnlyLink","Comment","RollupInfo"
"Netlogon.dll","Dom_NETLOGON","6.3.9600.19537","0","11-Oct-19","LDR","4530702","December 10, 2019-KB4530702 (Monthly Rollup)","http://support.microsoft.com/kb/4530702","No LDR Only available","No LDR Only available","No LDR Only available","rEX","19-12Rollup"
"logoncli.dll","Dom_NETLOGON","6.3.9600.17415","0","18.11.2014","GDR","3000850 (v1.8)","November 2014 update rollup for Windows RT 8.1, Windows 8.1, and Windows Server 2012 R","http://support.microsoft.com/kb/3000850","No LDR Only available","No LDR Only available","No LDR Only available"," ","14-11Rollup"
"Winlogon.exe","Dom_WINLOGON","6.3.9600.19447","0","31-Jul-19","LDR","4530702","December 10, 2019-KB4530702 (Monthly Rollup)","http://support.microsoft.com/kb/4530702","No LDR Only available","No LDR Only available","No LDR Only available","rEX","19-12Rollup"
"Kerberos.dll","Dom_KERBEROS","6.3.9600.19377","0","25-May-19","LDR","4530702","December 10, 2019-KB4530702 (Monthly Rollup)","http://support.microsoft.com/kb/4530702","No LDR Only available","No LDR Only available","No LDR Only available","rEX","19-12Rollup"
"Msv1_0.dll","Dom_NTLM","6.3.9600.19537","1","11-Oct-19","LDR","4530702","December 10, 2019-KB4530702 (Monthly Rollup)","http://support.microsoft.com/kb/4530702","No LDR Only available","No LDR Only available","No LDR Only available","rEX","19-12Rollup"
"Wldap32.dll","Dom_LDAPClient","6.3.9600.19028","0","5-May-18","LDR","4530702","December 10, 2019-KB4530702 (Monthly Rollup)","http://support.microsoft.com/kb/4530702","No LDR Only available","No LDR Only available","No LDR Only available","rEX","19-12Rollup"
"lsass.exe","Dom_LSA","6.3.9600.17415","0","30.10.2014","GDR","3000850 (v1.7)","November 2014 update rollup for Windows RT 8.1, Windows 8.1, and Windows Server 2012 R","http://support.microsoft.com/kb/3000850","No LDR Only available","No LDR Only available","No LDR Only available"," ","14-11Rollup"
"Lsasrv.dll","Dom_LSA","6.3.9600.19373","0","11-May-19","LDR","4530702","December 10, 2019-KB4530702 (Monthly Rollup)","http://support.microsoft.com/kb/4530702","No LDR Only available","No LDR Only available","No LDR Only available","rEX","19-12Rollup"
"ksecdd.sys","Dom_LSA","6.3.9600.18454","0","22-Aug-2016","GDR","3187754 (v1.0)","MS16-110: Description of the security update for Windows: September 13, 2016","http://support.microsoft.com/kb/3187754","No LDR Only available","No LDR Only available","No LDR Only available","rEX","No Rollup"
"Ksecpkg.sys","Dom_LSA","6.3.9600.19343","0","5-Apr-19","LDR","4530702","December 10, 2019-KB4530702 (Monthly Rollup)","http://support.microsoft.com/kb/4530702","No LDR Only available","No LDR Only available","No LDR Only available","rEX","19-12Rollup"
"Secur32.dll","Dom_LSA","6.3.9600.17415","0","10-Feb-17","LDR","4530702","December 10, 2019-KB4530702 (Monthly Rollup)","http://support.microsoft.com/kb/4530702","No LDR Only available","No LDR Only available","No LDR Only available","rEX","19-12Rollup"
"Schannel.dll","Dom_LSA","6.3.9600.19473","0","22-Aug-19","LDR","4530702","December 10, 2019-KB4530702 (Monthly Rollup)","http://support.microsoft.com/kb/4530702","No LDR Only available","No LDR Only available","No LDR Only available","rEX","19-12Rollup"
"Scesrv.dll","Dom_SecAuditAndConfig","6.3.9600.18911","1","12-Jan-18","LDR","4530702","December 10, 2019-KB4530702 (Monthly Rollup)","http://support.microsoft.com/kb/4530702","No LDR Only available","No LDR Only available","No LDR Only available","rEX","19-12Rollup"
"aclui.dll","Dom_SecAuditAndConfig","6.3.9600.17415","1","30.10.2014","GDR","3000850 (v1.7)","November 2014 update rollup for Windows RT 8.1, Windows 8.1, and Windows Server 2012 R2","http://support.microsoft.com/kb/3000850","No LDR Only available","No LDR Only available","No LDR Only available","rEX","14-11Rollup"
"Winscard.dll","Dom_SC_Provider","6.3.9600.18999","1","7-Apr-18","LDR","4530702","December 10, 2019-KB4530702 (Monthly Rollup)","http://support.microsoft.com/kb/4530702","No LDR Only available","No LDR Only available","No LDR Only available","rEX","19-12Rollup"
"Basecsp.dll","Dom_SC_Provider","6.3.9600.18964","1","7-Mar-18","LDR","4530702","December 10, 2019-KB4530702 (Monthly Rollup)","http://support.microsoft.com/kb/4530702","No LDR Only available","No LDR Only available","No LDR Only available","rEX","19-12Rollup"
"Scksp.dll","Dom_SC_Provider","6.3.9600.18964","1","3-Mar-18","LDR","4530702","December 10, 2019-KB4530702 (Monthly Rollup)","http://support.microsoft.com/kb/4530702","No LDR Only available","No LDR Only available","No LDR Only available","rEX","19-12Rollup"
"ScardSvr.dll","Dom_SC_Srv","6.3.9600.18878","1","5-Dec-17","LDR","4530702","December 10, 2019-KB4530702 (Monthly Rollup)","http://support.microsoft.com/kb/4530702","No LDR Only available","No LDR Only available","No LDR Only available","rEX","19-12Rollup"
"Scfilter.sys","Dom_SC_Srv","6.3.9600.18878","1","5-Dec-17","LDR","4530702","December 10, 2019-KB4530702 (Monthly Rollup)","http://support.microsoft.com/kb/4530702","No LDR Only available","No LDR Only available","No LDR Only available","rEX","19-12Rollup"
"Certprop.dll","Dom_SC_Srv","6.3.9600.18562","1","25-Dec-16","LDR","4530702","December 10, 2019-KB4530702 (Monthly Rollup)","http://support.microsoft.com/kb/4530702","No LDR Only available","No LDR Only available","No LDR Only available","rEX","19-12Rollup"
"Crypt32.dll","Dom_CRYPTO","6.3.9600.18653","1","31-Mar-17","LDR","4530702","December 10, 2019-KB4530702 (Monthly Rollup)","http://support.microsoft.com/kb/4530702","No LDR Only available","No LDR Only available","No LDR Only available","rEX","19-12Rollup"
"cryptsvc.dll","Dom_CRYPTO","6.3.9600.17415","1","30.10.2014","GDR","3000850 (v1.7)","November 2014 update rollup for Windows RT 8.1, Windows 8.1, and Windows Server 2012 R","http://support.microsoft.com/kb/3000850","No LDR Only available","No LDR Only available","No LDR Only available"," ","14-11Rollup"
"Cryptnet.dll","Dom_CRYPTO","6.3.9600.18878","1","5-Dec-17","LDR","4530702","December 10, 2019-KB4530702 (Monthly Rollup)","http://support.microsoft.com/kb/4530702","No LDR Only available","No LDR Only available","No LDR Only available","rEX","19-12Rollup"
"Wintrust.dll","Dom_CRYPTO","6.3.9600.18508","1","5-Oct-16","LDR","4530702","December 10, 2019-KB4530702 (Monthly Rollup)","http://support.microsoft.com/kb/4530702","No LDR Only available","No LDR Only available","No LDR Only available","rEX","19-12Rollup"
"Cryptdll.dll","Dom_CRYPTO","6.3.9600.19343","1","5-Apr-19","LDR","4530702","December 10, 2019-KB4530702 (Monthly Rollup)","http://support.microsoft.com/kb/4530702","No LDR Only available","No LDR Only available","No LDR Only available","rEX","19-12Rollup"
"cryptcatsvc.dll","Dom_CRYPTO","6.3.9600.17415","1","18.11.2014","GDR","3000850 (v1.8)","November 2014 update rollup for Windows RT 8.1, Windows 8.1, and Windows Server 2012 R","http://support.microsoft.com/kb/3000850","No LDR Only available","No LDR Only available","No LDR Only available"," ","14-11Rollup"
"dimsroam.dll","Dom_DIMS","6.3.9600.17415","0","18.11.2014","GDR","3000850 (v1.8)","November 2014 update rollup for Windows RT 8.1, Windows 8.1, and Windows Server 2012 R","http://support.microsoft.com/kb/3000850","No LDR Only available","No LDR Only available","No LDR Only available"," ","14-11Rollup"
"dimsjob.dll","Dom_DIMS","6.3.9600.17415","0","18.11.2014","GDR","3000850 (v1.8)","November 2014 update rollup for Windows RT 8.1, Windows 8.1, and Windows Server 2012 R","http://support.microsoft.com/kb/3000850","No LDR Only available","No LDR Only available","No LDR Only available"," ","14-11Rollup"
"adprovider.dll","Dom_DIMS","6.3.9600.17415","0","18.11.2014","GDR","3000850 (v1.8)","November 2014 update rollup for Windows RT 8.1, Windows 8.1, and Windows Server 2012 R","http://support.microsoft.com/kb/3000850","No LDR Only available","No LDR Only available","No LDR Only available"," ","14-11Rollup"
"capiprovider.dll","Dom_DIMS","6.3.9600.17415","0","18.11.2014","GDR","3000850 (v1.8)","November 2014 update rollup for Windows RT 8.1, Windows 8.1, and Windows Server 2012 R","http://support.microsoft.com/kb/3000850","No LDR Only available","No LDR Only available","No LDR Only available"," ","14-11Rollup"
"cngprovider.dll","Dom_DIMS","6.3.9600.17415","0","18.11.2014","GDR","3000850 (v1.8)","November 2014 update rollup for Windows RT 8.1, Windows 8.1, and Windows Server 2012 R","http://support.microsoft.com/kb/3000850","No LDR Only available","No LDR Only available","No LDR Only available"," ","14-11Rollup"
"dpapiprovider.dll","Dom_DIMS","6.3.9600.17415","0","18.11.2014","GDR","3000850 (v1.8)","November 2014 update rollup for Windows RT 8.1, Windows 8.1, and Windows Server 2012 R","http://support.microsoft.com/kb/3000850","No LDR Only available","No LDR Only available","No LDR Only available"," ","14-11Rollup"
"wincredprovider.dll","Dom_DIMS","6.3.9600.17415","0","18.11.2014","GDR","3000850 (v1.8)","November 2014 update rollup for Windows RT 8.1, Windows 8.1, and Windows Server 2012 R","http://support.microsoft.com/kb/3000850","No LDR Only available","No LDR Only available","No LDR Only available"," ","14-11Rollup"
"Gpapi.dll","Dom_GPSVC","6.3.9600.18339","0","12-May-16","LDR","4530702","December 10, 2019-KB4530702 (Monthly Rollup)","http://support.microsoft.com/kb/4530702","No LDR Only available","No LDR Only available","No LDR Only available","rEX","19-12Rollup"
"Gpsvc.dll","Dom_GPSVC","6.3.9600.18659","0","6-Apr-17","LDR","4530702","December 10, 2019-KB4530702 (Monthly Rollup)","http://support.microsoft.com/kb/4530702","No LDR Only available","No LDR Only available","No LDR Only available","rEX","19-12Rollup"
"Gpmgmt.dll","Dom_GPSVC","6.3.9600.18791","0","11-Aug-17","LDR","4530702","December 10, 2019-KB4530702 (Monthly Rollup)","http://support.microsoft.com/kb/4530702","No LDR Only available","No LDR Only available","No LDR Only available","rEX","19-12Rollup"
"Gprsop.dll","Dom_GPSVC","6.3.9600.18264","0","10-Mar-16","LDR","4530702","December 10, 2019-KB4530702 (Monthly Rollup)","http://support.microsoft.com/kb/4530702","No LDR Only available","No LDR Only available","No LDR Only available","rEX","19-12Rollup"
"Userenv.dll","Dom_GPSVC","6.3.9600.19543","0","28-Oct-19","LDR","4530702","December 10, 2019-KB4530702 (Monthly Rollup)","http://support.microsoft.com/kb/4530702","No LDR Only available","No LDR Only available","No LDR Only available","rEX","19-12Rollup"
"gpprnext.dll","Dom_GPExt","6.3.9600.17415","0","30.10.2014","GDR","3000850 (v1.7)","November 2014 update rollup for Windows RT 8.1, Windows 8.1, and Windows Server 2012 R","http://support.microsoft.com/kb/3000850","No LDR Only available","No LDR Only available","No LDR Only available"," ","14-11Rollup"
"appmgmts.dll","Dom_GPExt","6.3.9600.17415","0","18.11.2014","GDR","3000850 (v1.8)","November 2014 update rollup for Windows RT 8.1, Windows 8.1, and Windows Server 2012 R","http://support.microsoft.com/kb/3000850","No LDR Only available","No LDR Only available","No LDR Only available"," ","14-11Rollup"
"Gpprefcl.dll","Dom_GPP","6.3.9600.18731","0","15-Jun-17","LDR","4530702","December 10, 2019-KB4530702 (Monthly Rollup)","http://support.microsoft.com/kb/4530702","No LDR Only available","No LDR Only available","No LDR Only available","rEX","19-12Rollup"
"Gpme.dll","Dom_GPP","6.3.9600.18907","0","9-Jan-18","LDR","4530702","December 10, 2019-KB4530702 (Monthly Rollup)","http://support.microsoft.com/kb/4530702","No LDR Only available","No LDR Only available","No LDR Only available","rEX","19-12Rollup"
"Gppref.dll","Dom_GPP","6.3.9600.18907","0","9-Jan-18","LDR","4530702","December 10, 2019-KB4530702 (Monthly Rollup)","http://support.microsoft.com/kb/4530702","No LDR Only available","No LDR Only available","No LDR Only available","rEX","19-12Rollup"
"Gpprefbr.dll","Dom_GPP","6.3.9600.18907","0","9-Jan-18","LDR","4530702","December 10, 2019-KB4530702 (Monthly Rollup)","http://support.microsoft.com/kb/4530702","No LDR Only available","No LDR Only available","No LDR Only available","rEX","19-12Rollup"
"Gpprefcn.dll","Dom_GPP","6.3.9600.18907","0","9-Jan-18","LDR","4530702","December 10, 2019-KB4530702 (Monthly Rollup)","http://support.microsoft.com/kb/4530702","No LDR Only available","No LDR Only available","No LDR Only available","rEX","19-12Rollup"
"Gpregistrybrowser.dll","Dom_GPP","6.3.9600.18907","0","9-Jan-18","LDR","4530702","December 10, 2019-KB4530702 (Monthly Rollup)","http://support.microsoft.com/kb/4530702","No LDR Only available","No LDR Only available","No LDR Only available","rEX","19-12Rollup"
"Propshts.dll","Dom_GPP","6.3.9600.18907","0","9-Jan-18","LDR","4530702","December 10, 2019-KB4530702 (Monthly Rollup)","http://support.microsoft.com/kb/4530702","No LDR Only available","No LDR Only available","No LDR Only available","rEX","19-12Rollup"
"profprov.dll","Dom_ProfProc","6.3.9600.17415","0","18.11.2014","GDR","3000850 (v1.8)","November 2014 update rollup for Windows RT 8.1, Windows 8.1, and Windows Server 2012 R","http://support.microsoft.com/kb/3000850","No LDR Only available","No LDR Only available","No LDR Only available"," ","14-11Rollup"
"profsvc.dll","Dom_ProfProc","6.3.9600.17930","0","10.07.2015","GDR","3078676 (v1.0)","Event 1530 is logged and ProfSvc leaks paged pool memory and handles in Windows 8.1 or Windows Server 2012 R2","http://support.microsoft.com/kb/3078676","No LDR Only available","No LDR Only available","No LDR Only available","rKB","No Rollup"
"fdeploy.dll","Dom_FolderRedir","6.3.9600.17415","0","30.10.2014","GDR","3000850 (v1.7)","November 2014 update rollup for Windows RT 8.1, Windows 8.1, and Windows Server 2012 R","http://support.microsoft.com/kb/3000850","No LDR Only available","No LDR Only available","No LDR Only available"," ","14-11Rollup"
"Esent.dll","Dom_ESENT","6.3.9600.18429","0","30-Jul-16","LDR","4530702","December 10, 2019-KB4530702 (Monthly Rollup)","http://support.microsoft.com/kb/4530702","No LDR Only available","No LDR Only available","No LDR Only available","rEX","19-12Rollup"
"Ntdsai.dll","Dom_NTDSAI","6.3.9600.19130","0","23-Aug-18","LDR","4530702","December 10, 2019-KB4530702 (Monthly Rollup)","http://support.microsoft.com/kb/4530702","No LDR Only available","No LDR Only available","No LDR Only available","rEX","19-12Rollup"
"Samsrv.dll","Dom_SAMSRV","6.3.9600.19496","0","19-Sep-19","LDR","4530702","December 10, 2019-KB4530702 (Monthly Rollup)","http://support.microsoft.com/kb/4530702","No LDR Only available","No LDR Only available","No LDR Only available","rEX","19-12Rollup"
"Samlib.dll","Dom_SAMSRV","6.3.9600.18589","0","4-Feb-17","LDR","4530702","December 10, 2019-KB4530702 (Monthly Rollup)","http://support.microsoft.com/kb/4530702","No LDR Only available","No LDR Only available","No LDR Only available","rEX","19-12Rollup"
"Mrxsmb.sys","Net_SMB_Client","6.3.9600.19481","0","6-Sep-19","LDR","4530702","December 10, 2019-KB4530702 (Monthly Rollup)","http://support.microsoft.com/kb/4530702","No LDR Only available","No LDR Only available","No LDR Only available","rEX","19-12Rollup"
"Mrxsmb10.sys","Net_SMB_Client","6.3.9600.19293","0","9-Feb-19","LDR","4530702","December 10, 2019-KB4530702 (Monthly Rollup)","http://support.microsoft.com/kb/4530702","No LDR Only available","No LDR Only available","No LDR Only available","rEX","19-12Rollup"
"Mrxsmb20.sys","Net_SMB_Client","6.3.9600.18625","0","1-Feb-17","LDR","4530702","December 10, 2019-KB4530702 (Monthly Rollup)","http://support.microsoft.com/kb/4530702","No LDR Only available","No LDR Only available","No LDR Only available","rEX","19-12Rollup"
"Rdbss.sys","Net_SMB_Client","6.3.9600.19481","0","6-Sep-19","LDR","4530702","December 10, 2019-KB4530702 (Monthly Rollup)","http://support.microsoft.com/kb/4530702","No LDR Only available","No LDR Only available","No LDR Only available","rEX","19-12Rollup"
"Netbt.sys","Net_SMB_Client","6.3.9600.19309","0","21-Feb-19","LDR","4530702","December 10, 2019-KB4530702 (Monthly Rollup)","http://support.microsoft.com/kb/4530702","No LDR Only available","No LDR Only available","No LDR Only available","rEX","19-12Rollup"
"mup.sys","Net_SMB_Client","6.3.9600.18298","0","06.04.2016","GDR","3172614","July 2016 update rollup for Windows RT 8.1, Windows 8.1, and Windows Server 2012 R2","http://support.microsoft.com/kb/3172614","No LDR Only available","No LDR Only available","No LDR Only available","rEX","16-07Rollup"
"wkssvc.dll","Net_SMB_Client","6.3.9600.17415","0","18.11.2014","GDR","3000850 (v1.8)","November 2014 update rollup for Windows RT 8.1, Windows 8.1, and Windows Server 2012 R","http://support.microsoft.com/kb/3000850","No LDR Only available","No LDR Only available","No LDR Only available"," ","14-11Rollup"
"Tcpip.sys","Net_Protocol","6.3.9600.19425","0","11-Jul-19","LDR","4530702","December 10, 2019-KB4530702 (Monthly Rollup)","http://support.microsoft.com/kb/4530702","No LDR Only available","No LDR Only available","No LDR Only available","rEX","19-12Rollup"
"Afd.sys","Net_Protocol","6.3.9600.18930","0","10-Jan-18","LDR","4530702","December 10, 2019-KB4530702 (Monthly Rollup)","http://support.microsoft.com/kb/4530702","No LDR Only available","No LDR Only available","No LDR Only available","rEX","19-12Rollup"
"Netio.sys","Net_Protocol","6.3.9600.19535","0","9-Oct-19","LDR","4530702","December 10, 2019-KB4530702 (Monthly Rollup)","http://support.microsoft.com/kb/4530702","No LDR Only available","No LDR Only available","No LDR Only available","rEX","19-12Rollup"
"Ndis.sys","Net_Protocol","6.3.9600.19090","0","30-Jun-18","LDR","4530702","December 10, 2019-KB4530702 (Monthly Rollup)","http://support.microsoft.com/kb/4530702","No LDR Only available","No LDR Only available","No LDR Only available","rEX","19-12Rollup"
"netiohlp.dll","Net_Protocol","6.3.9600.18202","0","19.01.2016","GDR","3123245 (v1.0)","Update improves port exhaustion identification in Windows Server 2012 R2","http://support.microsoft.com/kb/3123245","No LDR Only available","No LDR Only available","No LDR Only available","rEX","No Rollup"
"Tdx.sys","Net_Protocol","6.3.9600.18939","0","2-Aug-17","LDR","4530702","December 10, 2019-KB4530702 (Monthly Rollup)","http://support.microsoft.com/kb/4530702","No LDR Only available","No LDR Only available","No LDR Only available","rEX","19-12Rollup"
"Dfsc.sys","Net_DFS-N_Client","6.3.9600.18895","0","2-Jan-18","LDR","4530702","December 10, 2019-KB4530702 (Monthly Rollup)","http://support.microsoft.com/kb/4530702","No LDR Only available","No LDR Only available","No LDR Only available","rEX","19-12Rollup"
"Csc.sys","Net_CSC_Offline","6.3.9600.19087","0","27-Jun-18","LDR","4530702","December 10, 2019-KB4530702 (Monthly Rollup)","http://support.microsoft.com/kb/4530702","No LDR Only available","No LDR Only available","No LDR Only available","rEX","19-12Rollup"
"cscapi.dll","Net_CSC_Offline","6.3.9600.17927","0","09.07.2015","GDR","3078627 (v1.0)","Offline Files network shares might not be available in Windows 8.1","http://support.microsoft.com/kb/3078627","No LDR Only available","No LDR Only available","No LDR Only available","rKB","No Rollup"
"cscdll.dll","Net_CSC_Offline","6.3.9600.17415","0","09.07.2015","GDR","3078627 (v1.7)","November 2014 update rollup for Windows RT 8.1, Windows 8.1, and Windows Server 2012 R","http://support.microsoft.com/kb/3078627","No LDR Only available","No LDR Only available","No LDR Only available","rKB","No Rollup"
"cscsvc.dll","Net_CSC_Offline","6.3.9600.17929","0","09.07.2015","GDR","3078627 (v1.0)","Offline Files network shares might not be available in Windows 8.1","http://support.microsoft.com/kb/3078627","No LDR Only available","No LDR Only available","No LDR Only available","rKB","No Rollup"
"Cscmig.dll","Net_CSC_Offline","6.3.9600.19087","0","27-Jun-18","LDR","4530702","December 10, 2019-KB4530702 (Monthly Rollup)","http://support.microsoft.com/kb/4530702","No LDR Only available","No LDR Only available","No LDR Only available","rEX","19-12Rollup"
"cscui.dll","Net_CSC_Offline","6.3.9600.17415","0","30.10.2014","GDR","3000850 (v1.7)","November 2014 update rollup for Windows RT 8.1, Windows 8.1, and Windows Server 2012 R2","http://support.microsoft.com/kb/3000850","No LDR Only available","No LDR Only available","No LDR Only available","rEX","14-11Rollup"
"Mrxdav.sys","Net_WebDAV","6.3.9600.18469","0","8-Sep-16","LDR","4530702","December 10, 2019-KB4530702 (Monthly Rollup)","http://support.microsoft.com/kb/4530702","No LDR Only available","No LDR Only available","No LDR Only available","rEX","19-12Rollup"
"Webclnt.dll","Net_WebDAV","6.3.9600.18376","0","09-Jun-2016","GDR","3172614","July 2016 update rollup for Windows RT 8.1, Windows 8.1, and Windows Server 2012 R2","http://support.microsoft.com/kb/3172614","No LDR Only available","No LDR Only available","No LDR Only available","rEX","16-07Rollup"
"davclnt.dll","Net_WebDAV","6.3.9600.17923","0","02.07.2015","GDR","3076949 (v1.0)","MS15-089: Vulnerability in WebDAV could allow security feature bypass: August 11, 2015","http://support.microsoft.com/kb/3076949","No LDR Only available","No LDR Only available","No LDR Only available","rKB","No Rollup"
"Shell32.dll","Net_WebDAV","6.3.9600.19377","0","10-Feb-17","LDR","4530702","December 10, 2019-KB4530702 (Monthly Rollup)","http://support.microsoft.com/kb/4530702","No LDR Only available","No LDR Only available","No LDR Only available","rEX","19-12Rollup"
"Winhttp.dll","Net_WebDAV","6.3.9600.19254","0","27-Dec-18","LDR","4530702","December 10, 2019-KB4530702 (Monthly Rollup)","http://support.microsoft.com/kb/4530702","No LDR Only available","No LDR Only available","No LDR Only available","rEX","19-12Rollup"
"Dhcpcore.dll","Net_DHCP_Client","6.3.9600.19423","0","9-Jul-19","LDR","4530702","December 10, 2019-KB4530702 (Monthly Rollup)","http://support.microsoft.com/kb/4530702","No LDR Only available","No LDR Only available","No LDR Only available","rEX","19-12Rollup"
"Dhcpcsvc.dll","Net_DHCP_Client","6.3.9600.19423","0","9-Jul-19","LDR","4530702","December 10, 2019-KB4530702 (Monthly Rollup)","http://support.microsoft.com/kb/4530702","No LDR Only available","No LDR Only available","No LDR Only available","rEX","19-12Rollup"
"dnsapi.dll","Net_DNS_Client","6.3.9600.19060","0","8-Jun-18","LDR","4530702","December 10, 2019-KB4530702 (Monthly Rollup)","http://support.microsoft.com/kb/4530702","No LDR Only available","No LDR Only available","No LDR Only available","rEX","19-12Rollup"
"dnsrslvr.dll","Net_DNS_Client","6.3.9600.19060","0","8-Jun-18","LDR","4530702","December 10, 2019-KB4530702 (Monthly Rollup)","http://support.microsoft.com/kb/4530702","No LDR Only available","No LDR Only available","No LDR Only available","rEX","19-12Rollup"
"dnscacheugc.exe","Net_DNS_Client","6.3.9600.17415","0","18.11.2014","GDR","3000850 (v1.8)","November 2014 update rollup for Windows RT 8.1, Windows 8.1, and Windows Server 2012 R","http://support.microsoft.com/kb/3000850","No LDR Only available","No LDR Only available","No LDR Only available"," ","14-11Rollup"
"Rpcss.dll","Net_RPC","6.3.9600.19425","1","11-Jul-19","LDR","4530702","December 10, 2019-KB4530702 (Monthly Rollup)","http://support.microsoft.com/kb/4530702","No LDR Only available","No LDR Only available","No LDR Only available","rEX","19-12Rollup"
"rpchttp.dll","Net_RPC","6.3.9600.17415","1","30.10.2014","GDR","3000850 (v1.7)","November 2014 update rollup for Windows RT 8.1, Windows 8.1, and Windows Server 2012 R","http://support.microsoft.com/kb/3000850","No LDR Only available","No LDR Only available","No LDR Only available"," ","14-11Rollup"
"Rpcrt4.dll","Net_RPC","6.3.9600.19538","1","15-Oct-19","LDR","4530702","December 10, 2019-KB4530702 (Monthly Rollup)","http://support.microsoft.com/kb/4530702","No LDR Only available","No LDR Only available","No LDR Only available","rEX","19-12Rollup"
"Bfe.dll","Net_Ipsec_BFE","6.3.9600.18895","1","2-Jan-18","LDR","4530702","December 10, 2019-KB4530702 (Monthly Rollup)","http://support.microsoft.com/kb/4530702","No LDR Only available","No LDR Only available","No LDR Only available","rEX","19-12Rollup"
"Ikeext.dll","Net_Ipsec_BFE","6.3.9600.19343","1","2-Dec-19","LDR","4530702","December 10, 2019-KB4530702 (Monthly Rollup)","http://support.microsoft.com/kb/4530702","No LDR Only available","No LDR Only available","No LDR Only available","rEX","19-12Rollup"
"Fwpuclnt.dll","Net_Ipsec_BFE","6.3.9600.18229","1","5-Feb-16","LDR","4530702","December 10, 2019-KB4530702 (Monthly Rollup)","http://support.microsoft.com/kb/4530702","No LDR Only available","No LDR Only available","No LDR Only available","rEX","19-12Rollup"
"Iphlpsvc.dll","Net_DirectAccess_Client","6.3.9600.19532","1","4-Oct-19","LDR","4530702","December 10, 2019-KB4530702 (Monthly Rollup)","http://support.microsoft.com/kb/4530702","No LDR Only available","No LDR Only available","No LDR Only available","rEX","19-12Rollup"
"Iphlpsvcmigplugin.dll","Net_DirectAccess_Client","6.3.9600.19532","1","4-Oct-19","LDR","4530702","December 10, 2019-KB4530702 (Monthly Rollup)","http://support.microsoft.com/kb/4530702","No LDR Only available","No LDR Only available","No LDR Only available","rEX","19-12Rollup"
"netcorehc.dll","Net_DirectAccess_Client","6.3.9600.17415","1","18.11.2014","GDR","3000850 (v1.8)","November 2014 update rollup for Windows RT 8.1, Windows 8.1, and Windows Server 2012 R","http://support.microsoft.com/kb/3000850","No LDR Only available","No LDR Only available","No LDR Only available"," ","14-11Rollup"
"daotpcredentialprovider.dll","Net_DirectAccess_Client","6.3.9600.17415","1","18.11.2014","GDR","3000850 (v1.8)","November 2014 update rollup for Windows RT 8.1, Windows 8.1, and Windows Server 2012 R","http://support.microsoft.com/kb/3000850","No LDR Only available","No LDR Only available","No LDR Only available"," ","14-11Rollup"
"Rdpcore.dll","Net_DirectAccess_Client","6.3.9600.19482","1","7-Sep-19","LDR","4530702","December 10, 2019-KB4530702 (Monthly Rollup)","http://support.microsoft.com/kb/4530702","No LDR Only available","No LDR Only available","No LDR Only available","rEX","19-12Rollup"
"dot3svc.dll","Net_IEEE802.1x","6.3.9600.17415","1","18.11.2014","GDR","3000850 (v1.8)","November 2014 update rollup for Windows RT 8.1, Windows 8.1, and Windows Server 2012 R","http://support.microsoft.com/kb/3000850","No LDR Only available","No LDR Only available","No LDR Only available"," ","14-11Rollup"
"Rastls.dll","Net_IEEE802.1x","6.3.9600.18785","1","6-Aug-17","LDR","4530702","December 10, 2019-KB4530702 (Monthly Rollup)","http://support.microsoft.com/kb/4530702","No LDR Only available","No LDR Only available","No LDR Only available","rEX","19-12Rollup"
"wlansvc.dll","Net_WLAN_Client","6.3.9600.19402","1","25-Jun-19","LDR","4530702","December 10, 2019-KB4530702 (Monthly Rollup)","http://support.microsoft.com/kb/4530702","No LDR Only available","No LDR Only available","No LDR Only available","rEX","19-12Rollup"
"wlanmsm.dll","Net_WLAN_Client","6.3.9600.18730","1","13-Jun-17","LDR","4530702","December 10, 2019-KB4530702 (Monthly Rollup)","http://support.microsoft.com/kb/4530702","No LDR Only available","No LDR Only available","No LDR Only available","rEX","19-12Rollup"
"wlanapi.dll","Net_WLAN_Client","6.3.9600.19402","1","25-Jun-19","LDR","4530702","December 10, 2019-KB4530702 (Monthly Rollup)","http://support.microsoft.com/kb/4530702","No LDR Only available","No LDR Only available","No LDR Only available","rEX","19-12Rollup"
"wlansec.dll","Net_WLAN_Client","6.3.9600.18820","1","13-Sep-17","LDR","4530702","December 10, 2019-KB4530702 (Monthly Rollup)","http://support.microsoft.com/kb/4530702","No LDR Only available","No LDR Only available","No LDR Only available","rEX","19-12Rollup"
"wlansvcpal.dll","Net_WLAN_Client","6.3.9600.17415","1","29-Oct-14","LDR","4530702","December 10, 2019-KB4530702 (Monthly Rollup)","http://support.microsoft.com/kb/4530702","No LDR Only available","No LDR Only available","No LDR Only available","rEX","19-12Rollup"
"wlanhlp.dll","Net_WLAN_Client","6.3.9600.17415","1","29-Oct-14","LDR","4530702","December 10, 2019-KB4530702 (Monthly Rollup)","http://support.microsoft.com/kb/4530702","No LDR Only available","No LDR Only available","No LDR Only available","rEX","19-12Rollup"
"netcfgx.dll","Net_Config","6.3.9600.17931","1","15.07.2015","GDR","3055343 (v2.0)","Stop error code 0xD1, 0x139, or 0x3B and random crashes in Windows Server 2012 R2","http://support.microsoft.com/kb/3055343","No LDR Only available","No LDR Only available","No LDR Only available","rKB","No Rollup"
"Rasapi32.dll","HNV_Net","6.3.9600.18404","1","7-Jul-16","LDR","4530702","December 10, 2019-KB4530702 (Monthly Rollup)","http://support.microsoft.com/kb/4530702","No LDR Only available","No LDR Only available","No LDR Only available","rEX","19-12Rollup"
"Mprapi.dll","HNV_Net","6.3.9600.18738","1","24-Jun-17","LDR","4530702","December 10, 2019-KB4530702 (Monthly Rollup)","http://support.microsoft.com/kb/4530702","No LDR Only available","No LDR Only available","No LDR Only available","rEX","19-12Rollup"
"tunnel.sys","Net_IPv6","6.3.9600.18048","1","05.09.2015","GDR","3078405 (v2.0)","""0x0000004A"" or ""0x0000009F"" Stop error occurs in Windows 8.1","http://support.microsoft.com/kb/3078405","No LDR Only available","No LDR Only available","No LDR Only available","rKB","No Rollup"
"Dhcpcore6.dll","Net_IPv6","6.3.9600.19423","1","9-Jul-19","LDR","4530702","December 10, 2019-KB4530702 (Monthly Rollup)","http://support.microsoft.com/kb/4530702","No LDR Only available","No LDR Only available","No LDR Only available","rEX","19-12Rollup"
"Dhcpcsvc6.dll","Net_IPv6","6.3.9600.19423","1","9-Jul-19","LDR","4530702","December 10, 2019-KB4530702 (Monthly Rollup)","http://support.microsoft.com/kb/4530702","No LDR Only available","No LDR Only available","No LDR Only available","rEX","19-12Rollup"
"WebIo.dll","Net_BranchCache","6.3.9600.18378","1","11-Jun-2016","GDR","3172614","July 2016 update rollup for Windows RT 8.1, Windows 8.1, and Windows Server 2012 R2","http://support.microsoft.com/kb/3172614","No LDR Only available","No LDR Only available","No LDR Only available","rEX","16-07Rollup"
"Pacer.sys","Net_QoS","6.3.9600.18895","1","2-Jan-18","LDR","4530702","December 10, 2019-KB4530702 (Monthly Rollup)","http://support.microsoft.com/kb/4530702","No LDR Only available","No LDR Only available","No LDR Only available","rEX","19-12Rollup"
"Mpsdrv.sys","Net_Firewall","6.3.9600.19122","1","9-Aug-18","LDR","4530702","December 10, 2019-KB4530702 (Monthly Rollup)","http://support.microsoft.com/kb/4530702","No LDR Only available","No LDR Only available","No LDR Only available","rEX","19-12Rollup"
"MpsSvc.dll","Net_Firewall","6.3.9600.18895","1","2-Jan-18","LDR","4530702","December 10, 2019-KB4530702 (Monthly Rollup)","http://support.microsoft.com/kb/4530702","No LDR Only available","No LDR Only available","No LDR Only available","rEX","19-12Rollup"
"Ntoskrnl.exe","Core_Kernel","6.3.9600.19538","0","15-Oct-19","LDR","4530702","December 10, 2019-KB4530702 (Monthly Rollup)","http://support.microsoft.com/kb/4530702","No LDR Only available","No LDR Only available","No LDR Only available","rEX","19-12Rollup"
"crashdmp.sys","Core_Kernel","6.3.9600.17622","0","20.12.2014","GDR","3027113 (v1.0)","Can't save a dump file when the system crashes and the Round Robin MPIO policy is used in Windows Server 201","http://support.microsoft.com/kb/3027113","No LDR Only available","No LDR Only available","No LDR Only available","rKB","No Rollup"
"Ntdll.dll","Core_Kernel","6.3.9600.19478","0","31-Aug-19","LDR","4530702","December 10, 2019-KB4530702 (Monthly Rollup)","http://support.microsoft.com/kb/4530702","No LDR Only available","No LDR Only available","No LDR Only available","rEX","19-12Rollup"
"Hal.dll","Core_Kernel","6.3.9600.19464","0","9-Mar-18","LDR","4530702","December 10, 2019-KB4530702 (Monthly Rollup)","http://support.microsoft.com/kb/4530702","No LDR Only available","No LDR Only available","No LDR Only available","rEX","19-12Rollup"
"Fltmgr.sys","Core_Kernel","6.3.9600.19482","0","10-Sep-19","LDR","4530702","December 10, 2019-KB4530702 (Monthly Rollup)","http://support.microsoft.com/kb/4530702","No LDR Only available","No LDR Only available","No LDR Only available","rEX","19-12Rollup"
"win32k.sys","Core_Kernel","6.3.9600.19574","0","28-Nov-19","LDR","4530702","December 10, 2019-KB4530702 (Monthly Rollup)","http://support.microsoft.com/kb/4530702","No LDR Only available","No LDR Only available","No LDR Only available","rEX","19-12Rollup"
"Ntfs.sys","Core_FileSystem","6.3.9600.19377","0","25-May-19","LDR","4530702","December 10, 2019-KB4530702 (Monthly Rollup)","http://support.microsoft.com/kb/4530702","No LDR Only available","No LDR Only available","No LDR Only available","rEX","19-12Rollup"
"dedup.sys","Core_FileSystem","6.3.9600.19242","0","22-Dec-18","LDR","4530702","December 10, 2019-KB4530702 (Monthly Rollup)","http://support.microsoft.com/kb/4530702","No LDR Only available","No LDR Only available","No LDR Only available","rEX","19-12Rollup"
"Msiscsi.sys","Core_DiskSystem","6.3.9600.18968","0","9-Mar-18","LDR","4530702","December 10, 2019-KB4530702 (Monthly Rollup)","http://support.microsoft.com/kb/4530702","No LDR Only available","No LDR Only available","No LDR Only available","rEX","19-12Rollup"
"iscsitgt.dll","Core_DiskSystem","6.3.9600.18258","0","03.03.2016","GDR","3146621 (v1.0)","iiSCSI target service crashes randomly in Windows Server 2012 R2","http://support.microsoft.com/kb/3146621","No LDR Only available","No LDR Only available","No LDR Only available","rEX","No Rollup"
"Storport.sys","Core_DiskSystem","6.3.9600.18833","0","5-Oct-17","LDR","4530702","December 10, 2019-KB4530702 (Monthly Rollup)","http://support.microsoft.com/kb/4530702","No LDR Only available","No LDR Only available","No LDR Only available","rEX","19-12Rollup"
"repdrvfs.dll","Core_WMI","6.3.9600.17475","0","29.10.2014","GDR","3173424 (v3.0)","Servicing stack update for Windows 8.1 and Windows Server 2012 R2: July 12, 2016","http://support.microsoft.com/kb/3173424","No LDR Only available","No LDR Only available","No LDR Only available","rEX","No Rollup"
"Advapi32.dll","Core_Apps","6.3.9600.18895","0","10-Feb-17","LDR","4530702","December 10, 2019-KB4530702 (Monthly Rollup)","http://support.microsoft.com/kb/4530702","No LDR Only available","No LDR Only available","No LDR Only available","rEX","19-12Rollup"
"Mshtml.dll","IE_Client","11.0.9600.19572","0","19-Nov-19","LDR","4530702","December 10, 2019-KB4530702 (Monthly Rollup)","http://support.microsoft.com/kb/4530702","No LDR Only available","No LDR Only available","No LDR Only available","rEX","19-12Rollup"
"4524445","Win2012R2_19_11_SSU_KB","KBOnlyVersion","0","12-Nov-2019","GDR","4524445","Servicing stack update for Windows 8.1, RT 8.1, and Server 2012 R2: November 12, 2019","http://support.microsoft.com/kb/4524445","KB only","KB only","KB only"," ","No Rollup"
"3123245","All_OS_2012R2_important_KB","KBOnlyVersion","0","14-Apr-2016","GDR","3123245 (v4.0)","Update improves port exhaustion identification in Windows Server 2012 R2","http://support.microsoft.com/kb/3123245","KB only","KB only","KB only"," ","No Rollup"
"2919355","Win2012R2_14_04_rollup_KB"," ","0","24.02.2014","GDR","2919355 (v1.14)","Windows RT 8.1, Windows 8.1, and Windows Server 2012 R2 Update: April 2014","http://support.microsoft.com/kb/2919355","KB only","KB only","KB Only"," ","14-04Rollup"
"3000850","Win2012R2_14_11_rollup_KB"," ","0","18.11.2014","GDR","3000850 (v2.0)","November 2014 update rollup for Windows RT 8.1, Windows 8.1, and Windows Server 2012 R2","http://support.microsoft.com/kb/3000850","KB only","KB only","KB Only"," ","14-11Rollup"
"3013769","Win2012R2_14_12_rollup_KB"," ","0","10.12.2014","GDR","3013769 (v2.0)","December 2014 update rollup for Windows RT 8.1, Windows 8.1, and Windows Server 2012 R2","http://support.microsoft.com/kb/3013769","KB only","KB only","KB Only"," ","14-12Rollup"
"3172614","Win2012R2_16_07_rollup_KB"," ","0","19.07.2016","GDR","3172614 (v1.0)","July 2016 update rollup for Windows RT 8.1, Windows 8.1, and Windows Server 2012 R2","http://support.microsoft.com/kb/3172614","KB only","KB only","KB Only"," ","16-07Rollup"
"3179574","Win2012R2_16_08_rollup_KB"," ","0","16.08.2016","GDR","3179574 (v1.0)","August 2016 update rollup for Windows RT 8.1, Windows 8.1, and Windows Server 2012 R2","http://support.microsoft.com/kb/3179574","KB only","KB only","KB Only"," ","16-08Rollup"
"4530702","Win2012R2_19-12_B_rollup_KB"," ","0","10-Dec-2019","GDR","4530702 (v1.0)","December 10, 2019-KB4530702 (Monthly Rollup)","http://support.microsoft.com/kb/4530702","KB only","KB only","KB only"," ","19-12Rollup"
