"Binary","Component","Version","Prio","Published","Branch","Article","Title","Link","LDROnlyKB","LDROnlyTitle","LDROnlyLink","Comment","RollupInfo"
"Ntoskrnl.exe","Core_Kernel","6.0.6003.20654","0","17-Sep-19","GDR","4520002","October 8, 2019-KB4520002 (Monthly Rollup)","http://support.microsoft.com/kb/4520002","No LDR Only available","No LDR Only available","No LDR Only available","rEX","19-10Rollup"
"ntkrnlpa.exe","Core_Kernel","6.0.6003.20654","0","17-Sep-19","GDR","4520002","October 8, 2019-KB4520002 (Monthly Rollup)","http://support.microsoft.com/kb/4520002","No LDR Only available","No LDR Only available","No LDR Only available","rEX","19-10Rollup"
"win32k.sys","Core_Kernel","6.0.6003.20653","0","10-Sep-19","GDR","4520002","October 8, 2019-KB4520002 (Monthly Rollup)","http://support.microsoft.com/kb/4520002","No LDR Only available","No LDR Only available","No LDR Only available","rEX","19-10Rollup"
"rdpshell.exe","RDS_remote_App","6.0.6002.22681","0","19.07.2011","LDR","2579055 (v1.0)","A started RemoteApp application is intermittently not visible in Windows Server 2008","http://support.microsoft.com/kb/2579055","2579055 (v1.0)","A started RemoteApp application is intermittently not visible in Windows Server 2008","http://support.microsoft.com/kb/2579055"," ","No Rollup"
"tscfgwmi.dll","RDS_remote_App","6.0.6002.22792","0","07.02.2012","LDR","971403 (v3.0)","The ""Win32_share"" WMI class cannot enumerate file shares or create file shares on a node in a Windows Server 2008 failover cluster","http://support.microsoft.com/kb/971403","971403 (v3.0)","The ""Win32_share"" WMI class cannot enumerate file shares or create file shares on a node in a Windows Server 2008 failover cluster","http://support.microsoft.com/kb/971403"," ","No Rollup"
"Audioeng.dll","RDS_devRdr","6.0.6003.20566","1","13-Jun-19","GDR","4520002","October 8, 2019-KB4520002 (Monthly Rollup)","http://support.microsoft.com/kb/4520002","No LDR Only available","No LDR Only available","No LDR Only available","rEX","19-10Rollup"
"Audiokse.dll","RDS_devRdr","6.0.6003.20566","1","13-Jun-19","GDR","4520002","October 8, 2019-KB4520002 (Monthly Rollup)","http://support.microsoft.com/kb/4520002","No LDR Only available","No LDR Only available","No LDR Only available","rEX","19-10Rollup"
"Audioses.dll","RDS_devRdr","6.0.6003.20566","1","13-Jun-19","GDR","4520002","October 8, 2019-KB4520002 (Monthly Rollup)","http://support.microsoft.com/kb/4520002","No LDR Only available","No LDR Only available","No LDR Only available","rEX","19-10Rollup"
"Audiosrv.dll","RDS_devRdr","6.0.6003.20566","1","13-Jun-19","GDR","4520002","October 8, 2019-KB4520002 (Monthly Rollup)","http://support.microsoft.com/kb/4520002","No LDR Only available","No LDR Only available","No LDR Only available","rEX","19-10Rollup"
"xpsgdiconverter.dll","RDS_msTsc","7.0.6002.22594","1","24.02.2011","LDRGDR","2505189 (v1.1)","An update is available for DirectWrite and XPS issues in Windows Vista SP2 and in Windows Server 2008 SP2","http://support.microsoft.com/kb/2505189","No LDR Only available","No LDR Only available","No LDR Only available"," ","No Rollup"
"tssdis.exe","RDS_vHost","6.0.6002.22615","0","18.03.2011","LDR","2522829 (v1.0)","Sessions are not correctly distributed after the Terminal Services Session Broker service runs for 25 or more days consecutively in Windows Server 2008","http://support.microsoft.com/kb/2522829","2522829 (v1.0)","Sessions are not correctly distributed after the Terminal Services Session Broker service runs for 25 or more days consecutively in Windows Server 2008","http://support.microsoft.com/kb/2522829"," ","No Rollup"
"aaedge.dll","RDS_gateway","6.0.6002.22719","1","21.09.2011","LDR","2620264 (v1.0)","You cannot start any RemoteApp applications through a Windows Server 2008-based or Windows Server 2008 R2-based TS gateway","http://support.microsoft.com/kb/2620264","2620264 (v1.0)","You cannot start any RemoteApp applications through a Windows Server 2008-based or Windows Server 2008 R2-based TS gateway","http://support.microsoft.com/kb/2620264"," ","No Rollup"
"lserver.dll","RDS_license","6.0.6002.22677","1","13.07.2011","LDR","2542272 (v1.0)","You receive a temporary TS CAL when the DN of a user account contains the forward slash-mark character in Windows Server 2008 if Per User licensing mode is used","http://support.microsoft.com/kb/2542272","2542272 (v1.0)","You receive a temporary TS CAL when the DN of a user account contains the forward slash-mark character in Windows Server 2008 if Per User licensing mode is used","http://support.microsoft.com/kb/2542272"," ","No Rollup"
"licmgr.exe","RDS_license","6.0.6002.23131","1","03.06.2013","LDRGDR","2855919 (v1.0)","New countries are added to the Activate Server wizard on a Windows Server 2012, Windows Server 2008 R2 SP1, or Windows Server 2008 SP2-based license server","http://support.microsoft.com/kb/2855919","983385 (v1.0)","Event ID 17 is logged in the System log on a TS Licensing server or on a RD Licensing server in Windows Server 2003 SP2, in Windows Server 2008, or in Windows Server 2008 R2","http://support.microsoft.com/kb/983385"," ","No Rollup"
"dxgkrnl.sys","RDS_host","7.0.6003.20617","1","12-Aug-19","GDR","4520002","October 8, 2019-KB4520002 (Monthly Rollup)","http://support.microsoft.com/kb/4520002","No LDR Only available","No LDR Only available","No LDR Only available","rEX","19-10Rollup"
"sessenv.dll","RDS_host","6.0.6002.23456","1","05.08.2014","LDR","2752618 (v1.0)","RDS client computer cannot connect to the RDS server by using a remote desktop connection in Windows 7 or in Windows Server 2008 R2","http://support.microsoft.com/kb/2752618","2752618 (v1.0)","RDS client computer cannot connect to the RDS server by using a remote desktop connection in Windows 7 or in Windows Server 2008 R2","http://support.microsoft.com/kb/2752618"," ","No Rollup"
"profprov.dll","Dom_ProfProc","6.0.6002.23557","1","06.12.2014","LDR","3021674 (v1.1)","MS15-003: Vulnerability in Windows User Profile service could allow elevation of privilege: January 13, 201","http://support.microsoft.com/kb/3021674","3021674 (v1.1)","MS15-003: Vulnerability in Windows User Profile service could allow elevation of privilege: January 13, 201","http://support.microsoft.com/kb/3021674"," ","No Rollup"
"profsvc.dll","Dom_ProfProc","6.0.6002.23557","1","06.12.2014","LDRGDR","3021674 (v1.1)","MS15-003: Vulnerability in Windows User Profile service could allow elevation of privilege: January 13, 201","http://support.microsoft.com/kb/3021674","2685893 (v1.0)","Error messages after you change the 2047 character limit in an environment variable on a computer that is running Windows 7 or Windows Server 2008 R2","http://support.microsoft.com/kb/2685893"," ","No Rollup"
"4517134","Win2008_19_09_SSU_KB"," ","0","10-Sep-2019","LDR","4517134","Servicing stack update for Windows Server 2008 SP2: September 10, 2019","http://support.microsoft.com/kb/4517134","KB only","KB only","KB Only"," ","No Rollup"
"3216520","Win2008_17_03_C_rollup_KB"," ","0","21-Mar-2017","LDR","3216520 (v1.0)","March 2017 Preview of the Quality Rollup for the .NET Framework 2.0 SP2, 4.5.2, and 4.6 on Windows Vista SP2 and Windows Server 2008 SP2 (KB 3216520): February 21, 2017","http://support.microsoft.com/kb/3216520","KB only","KB only","KB Only"," ","17-03Rollup"
"4520002","Win2008_19-10_B_rollup_KB"," ","0","08-Oct-2019","GDR","4520002 (v1.0)","October 8, 2019-KB4520002 (Monthly Rollup)","http://support.microsoft.com/kb/4520002","KB only","KB only","KB only"," ","19-10Rollup"
