"Binary","Component","Version","Prio","Published","Branch","Article","Title","Link","LDROnlyKB","LDROnlyTitle","LDROnlyLink","Comment","RollupInfo"
"Netlogon.dll","Dom_NETLOGON","6.2.17763.1397","0","11-Aug-20","GDR","4570333 (v1.0)","September 8, 2020-KB4570333 (OS Build 17763.1457)","http://support.microsoft.com/kb/4570333","KB only","KB only","KB only"," ","20-09Rollup"
"LogonCli.dll","Dom_NETLOGON","6.2.17763.1339","0","14-Jul-20","GDR","4570333 (v1.0)","September 8, 2020-KB4570333 (OS Build 17763.1457)","http://support.microsoft.com/kb/4570333","KB only","KB only","KB only"," ","20-09Rollup"
"Winlogon.exe","Dom_WINLOGON","6.2.17763.1075","0","23-Jan-20","GDR","4570333 (v1.0)","September 8, 2020-KB4570333 (OS Build 17763.1457)","http://support.microsoft.com/kb/4570333","KB only","KB only","KB only"," ","20-09Rollup"
"Kerberos.dll","Dom_KERBEROS","6.2.17763.1397","0","11-Aug-20","GDR","4570333 (v1.0)","September 8, 2020-KB4570333 (OS Build 17763.1457)","http://support.microsoft.com/kb/4570333","KB only","KB only","KB only"," ","20-09Rollup"
"Msv1_0.dll","Dom_NTLM","6.2.17763.1397","1","11-Aug-20","GDR","4570333 (v1.0)","September 8, 2020-KB4570333 (OS Build 17763.1457)","http://support.microsoft.com/kb/4570333","KB only","KB only","KB only"," ","20-09Rollup"
"Wldap32.dll","Dom_LDAPClient","6.2.17763.831","0","15-Oct-19","GDR","4570333 (v1.0)","September 8, 2020-KB4570333 (OS Build 17763.1457)","http://support.microsoft.com/kb/4570333","KB only","KB only","KB only"," ","20-09Rollup"
"Lsass.exe","Dom_LSA","6.2.17763.1","0","3-Jun-20","GDR","4570333 (v1.0)","September 8, 2020-KB4570333 (OS Build 17763.1457)","http://support.microsoft.com/kb/4570333","KB only","KB only","KB only"," ","20-09Rollup"
"Lsasrv.dll","Dom_LSA","6.2.17763.1457","0","08-Sep-20","GDR","4571748","August 20, 2020-KB4571748 (OS Build 17763.1432) Preview","http://support.microsoft.com/kb/4571748","KB only","KB only","KB only","rEX","20-08Rollup"
"Ksecdd.sys","Dom_LSA","6.2.17763.1432","0","20-Aug-20","GDR","4570333 (v1.0)","September 8, 2020-KB4570333 (OS Build 17763.1457)","http://support.microsoft.com/kb/4570333","KB only","KB only","KB only"," ","20-09Rollup"
"Ksecpkg.sys","Dom_LSA","6.2.17763.503","0","14-May-19","GDR","4570333 (v1.0)","September 8, 2020-KB4570333 (OS Build 17763.1457)","http://support.microsoft.com/kb/4570333","KB only","KB only","KB only"," ","20-09Rollup"
"Secur32.dll","Dom_LSA","6.2.17763.1","0","17-Jan-20","GDR","4570333 (v1.0)","September 8, 2020-KB4570333 (OS Build 17763.1457)","http://support.microsoft.com/kb/4570333","KB only","KB only","KB only"," ","20-09Rollup"
"Sspicli.dll","Dom_LSA","6.2.17763.1282","0","09-Jun-20","GDR","4570333 (v1.0)","September 8, 2020-KB4570333 (OS Build 17763.1457)","http://support.microsoft.com/kb/4570333","KB only","KB only","KB only"," ","20-09Rollup"
"Sspisrv.dll","Dom_LSA","6.2.17763.1","0","3-Jun-20","GDR","4570333 (v1.0)","September 8, 2020-KB4570333 (OS Build 17763.1457)","http://support.microsoft.com/kb/4570333","KB only","KB only","KB only"," ","20-09Rollup"
"Schannel.dll","Dom_LSA","6.2.17763.1457","0","08-Sep-20","GDR","4571748","August 20, 2020-KB4571748 (OS Build 17763.1432) Preview","http://support.microsoft.com/kb/4571748","KB only","KB only","KB only","rEX","20-08Rollup"
"Scesrv.dll","Dom_SecAuditAndConfig","6.2.17763.1192","1","12-May-20","GDR","4570333 (v1.0)","September 8, 2020-KB4570333 (OS Build 17763.1457)","http://support.microsoft.com/kb/4570333","KB only","KB only","KB only"," ","20-09Rollup"
"Crypt32.dll","Dom_CRYPTO","6.2.17763.973","1","10-Jan-20","GDR","4570333 (v1.0)","September 8, 2020-KB4570333 (OS Build 17763.1457)","http://support.microsoft.com/kb/4570333","KB only","KB only","KB only"," ","20-09Rollup"
"Wintrust.dll","Dom_CRYPTO","6.2.17763.1432","1","20-Aug-20","GDR","4570333 (v1.0)","September 8, 2020-KB4570333 (OS Build 17763.1457)","http://support.microsoft.com/kb/4570333","KB only","KB only","KB only"," ","20-09Rollup"
"Cryptdll.dll","Dom_CRYPTO","6.2.17763.503","1","14-May-19","GDR","4570333 (v1.0)","September 8, 2020-KB4570333 (OS Build 17763.1457)","http://support.microsoft.com/kb/4570333","KB only","KB only","KB only"," ","20-09Rollup"
"Cryptcatsvc.dll","Dom_CRYPTO","6.2.17763.1457","1","08-Sep-20","GDR","4571748","August 20, 2020-KB4571748 (OS Build 17763.1432) Preview","http://support.microsoft.com/kb/4571748","KB only","KB only","KB only","rEX","20-08Rollup"
"Gpapi.dll","Dom_GPSVC","6.2.17763.1","1","17-Jan-20","GDR","4570333 (v1.0)","September 8, 2020-KB4570333 (OS Build 17763.1457)","http://support.microsoft.com/kb/4570333","KB only","KB only","KB only"," ","20-09Rollup"
"Gpsvc.dll","Dom_GPSVC","6.2.17763.1282","1","09-Jun-20","GDR","4570333 (v1.0)","September 8, 2020-KB4570333 (OS Build 17763.1457)","http://support.microsoft.com/kb/4570333","KB only","KB only","KB only"," ","20-09Rollup"
"Gpmgmt.dll","Dom_GPSVC","6.2.17763.1432","1","08-Sep-20","GDR","4571748","August 20, 2020-KB4571748 (OS Build 17763.1432) Preview","http://support.microsoft.com/kb/4571748","KB only","KB only","KB only","rEX","20-08Rollup"
"Gprsop.dll","Dom_GPSVC","6.2.17763.1","1","19-Aug-20","GDR","4570333 (v1.0)","September 8, 2020-KB4570333 (OS Build 17763.1457)","http://support.microsoft.com/kb/4570333","KB only","KB only","KB only"," ","20-09Rollup"
"Userenv.dll","Dom_GPSVC","6.2.17763.831","1","15-Oct-19","GDR","4570333 (v1.0)","September 8, 2020-KB4570333 (OS Build 17763.1457)","http://support.microsoft.com/kb/4570333","KB only","KB only","KB only"," ","20-09Rollup"
"Gpprefcl.dll","Dom_GPP","6.2.17763.1339","1","14-Jul-20","GDR","4570333 (v1.0)","September 8, 2020-KB4570333 (OS Build 17763.1457)","http://support.microsoft.com/kb/4570333","KB only","KB only","KB only"," ","20-09Rollup"
"Gpme.dll","Dom_GPP","6.2.17763.1","1","17-Jan-20","GDR","4570333 (v1.0)","September 8, 2020-KB4570333 (OS Build 17763.1457)","http://support.microsoft.com/kb/4570333","KB only","KB only","KB only"," ","20-09Rollup"
"Gppref.dll","Dom_GPP","6.2.17763.831","1","15-Oct-19","GDR","4570333 (v1.0)","September 8, 2020-KB4570333 (OS Build 17763.1457)","http://support.microsoft.com/kb/4570333","KB only","KB only","KB only"," ","20-09Rollup"
"Gpprefbr.dll","Dom_GPP","6.2.17763.1282","1","09-Jun-20","GDR","4570333 (v1.0)","September 8, 2020-KB4570333 (OS Build 17763.1457)","http://support.microsoft.com/kb/4570333","KB only","KB only","KB only"," ","20-09Rollup"
"Gpprefcn.dll","Dom_GPP","6.2.17763.1","1","17-Jan-20","GDR","4570333 (v1.0)","September 8, 2020-KB4570333 (OS Build 17763.1457)","http://support.microsoft.com/kb/4570333","KB only","KB only","KB only"," ","20-09Rollup"
"Gpregistrybrowser.dll","Dom_GPP","6.2.17763.1282","1","09-Jun-20","GDR","4570333 (v1.0)","September 8, 2020-KB4570333 (OS Build 17763.1457)","http://support.microsoft.com/kb/4570333","KB only","KB only","KB only"," ","20-09Rollup"
"Propshts.dll","Dom_GPP","6.2.17763.1282","1","09-Jun-20","GDR","4570333 (v1.0)","September 8, 2020-KB4570333 (OS Build 17763.1457)","http://support.microsoft.com/kb/4570333","KB only","KB only","KB only"," ","20-09Rollup"
"Repdrvfs.dll","Core_WMI","6.2.17763.1","0","17-Jan-20","GDR","4570333 (v1.0)","September 8, 2020-KB4570333 (OS Build 17763.1457)","http://support.microsoft.com/kb/4570333","KB only","KB only","KB only"," ","20-09Rollup"
"Profsvc.dll","Dom_ProfProc","6.2.17763.1432","1","20-Aug-20","GDR","4570333 (v1.0)","September 8, 2020-KB4570333 (OS Build 17763.1457)","http://support.microsoft.com/kb/4570333","KB only","KB only","KB only"," ","20-09Rollup"
"Csc.sys","Net_CSC_Offline","6.2.17763.1131","1","17-Mar-20","GDR","4570333 (v1.0)","September 8, 2020-KB4570333 (OS Build 17763.1457)","http://support.microsoft.com/kb/4570333","KB only","KB only","KB only"," ","20-09Rollup"
"Cscapi.dll","Net_CSC_Offline","6.2.17763.404","1","2-Apr-19","GDR","4570333 (v1.0)","September 8, 2020-KB4570333 (OS Build 17763.1457)","http://support.microsoft.com/kb/4570333","KB only","KB only","KB only"," ","20-09Rollup"
"Cscdll.dll","Net_CSC_Offline","6.2.17763.404","1","2-Apr-19","GDR","4570333 (v1.0)","September 8, 2020-KB4570333 (OS Build 17763.1457)","http://support.microsoft.com/kb/4570333","KB only","KB only","KB only"," ","20-09Rollup"
"Cscsvc.dll","Net_CSC_Offline","6.2.17763.1397","1","11-Aug-20","GDR","4570333 (v1.0)","September 8, 2020-KB4570333 (OS Build 17763.1457)","http://support.microsoft.com/kb/4570333","KB only","KB only","KB only"," ","20-09Rollup"
"Cscmig.dll","Net_CSC_Offline","6.2.17763.1","1","25-Oct-18","GDR","4570333 (v1.0)","September 8, 2020-KB4570333 (OS Build 17763.1457)","http://support.microsoft.com/kb/4570333","KB only","KB only","KB only"," ","20-09Rollup"
"Cscui.dll","Net_CSC_Offline","6.2.17763.1075","1","23-Jan-20","GDR","4570333 (v1.0)","September 8, 2020-KB4570333 (OS Build 17763.1457)","http://support.microsoft.com/kb/4570333","KB only","KB only","KB only"," ","20-09Rollup"
"Esent.dll","Dom_ESENT","6.2.17763.1007","0","23-Jan-20","GDR","4570333 (v1.0)","September 8, 2020-KB4570333 (OS Build 17763.1457)","http://support.microsoft.com/kb/4570333","KB only","KB only","KB only"," ","20-09Rollup"
"Ntdsai.dll","Dom_NTDSAI","6.2.17763.1432","0","08-Sep-20","GDR","4571748","August 20, 2020-KB4571748 (OS Build 17763.1432) Preview","http://support.microsoft.com/kb/4571748","KB only","KB only","KB only","rEX","20-08Rollup"
"Ntdsutil.exe","Dom_NTDSAI","6.2.17763.1007","0","23-Jan-20","GDR","4570333 (v1.0)","September 8, 2020-KB4570333 (OS Build 17763.1457)","http://support.microsoft.com/kb/4570333","KB only","KB only","KB only"," ","20-09Rollup"
"Samsrv.dll","Dom_SAMSRV","6.2.17763.1432","0","20-Aug-20","GDR","4570333 (v1.0)","September 8, 2020-KB4570333 (OS Build 17763.1457)","http://support.microsoft.com/kb/4570333","KB only","KB only","KB only"," ","20-09Rollup"
"Samlib.dll","Dom_SAMSRV","6.2.17763.1","0","17-Jan-20","GDR","4570333 (v1.0)","September 8, 2020-KB4570333 (OS Build 17763.1457)","http://support.microsoft.com/kb/4570333","KB only","KB only","KB only"," ","20-09Rollup"
"Kdcsvc.dll","Dom_KDCSVC","6.2.17763.1339","0","11-Aug-20","GDR","4570333 (v1.0)","September 8, 2020-KB4570333 (OS Build 17763.1457)","http://support.microsoft.com/kb/4570333","KB only","KB only","KB only"," ","20-09Rollup"
"Dfsrs.exe","Dom_DFS-R","6.2.17763.1369","0","11-Aug-20","GDR","4570333 (v1.0)","September 8, 2020-KB4570333 (OS Build 17763.1457)","http://support.microsoft.com/kb/4570333","KB only","KB only","KB only"," ","20-09Rollup"
"Dfsrress.dll","Dom_DFS-R","6.2.17763.1","0","11-Jul-20","GDR","4570333 (v1.0)","September 8, 2020-KB4570333 (OS Build 17763.1457)","http://support.microsoft.com/kb/4570333","KB only","KB only","KB only"," ","20-09Rollup"
"Microsoft.identityserver.service.dll","Dom_ADFS","6.2.17763.1","0","17-Jan-20","GDR","4570333 (v1.0)","September 8, 2020-KB4570333 (OS Build 17763.1457)","http://support.microsoft.com/kb/4570333","KB only","KB only","KB only"," ","20-09Rollup"
"Microsoft.identityserver.webhost.dll","Dom_ADFS","6.2.17763.1","0","17-Jan-20","GDR","4570333 (v1.0)","September 8, 2020-KB4570333 (OS Build 17763.1457)","http://support.microsoft.com/kb/4570333","KB only","KB only","KB only"," ","20-09Rollup"
"Microsoft.identityserver.web.dll","Dom_ADFS","6.2.17763.1","0","17-Jan-20","GDR","4570333 (v1.0)","September 8, 2020-KB4570333 (OS Build 17763.1457)","http://support.microsoft.com/kb/4570333","KB only","KB only","KB only"," ","20-09Rollup"
"Microsoft.identityserver.dll","Dom_ADFS","6.2.17763.1","0","17-Jan-20","GDR","4570333 (v1.0)","September 8, 2020-KB4570333 (OS Build 17763.1457)","http://support.microsoft.com/kb/4570333","KB only","KB only","KB only"," ","20-09Rollup"
"4570332","Win2016RS5_20_09_SSU_KB"," ","0","08-Sep-2020","GDR","4570332","Servicing stack update for Windows 10, version 1809: September 8, 2020","http://support.microsoft.com/kb/4566424","KB only","KB only","KB Only"," ","No Rollup"
"4570333","Win2016RS5_20-09_B_rollup_KB"," ","0","08-Sep-2020","GDR","4570333 (v1.0)","September 8, 2020-KB4570333 (OS Build 17763.1457)","http://support.microsoft.com/kb/4570333","KB only","KB only","KB only"," ","20-09Rollup"
