"Binary","Component","Version","Prio","Published","Branch","Article","Title","Link","LDROnlyKB","LDROnlyTitle","LDROnlyLink","Comment","RollupInfo"
"Clussvc.exe","Cluster_Core","6.2.14393.3986","0","3-Oct-20","GDR","4593226","December 8, 2020-KB4593226 (OS Build 14393.4104)","http://support.microsoft.com/kb/4593226","No LDR Only available","No LDR Only available","No LDR Only available","rEX","20-12Rollup"
"ClusWMI.dll","Cluster_Core","6.2.14393.3297","0","1-Oct-19","GDR","4593226","December 8, 2020-KB4593226 (OS Build 14393.4104)","http://support.microsoft.com/kb/4593226","No LDR Only available","No LDR Only available","No LDR Only available","rEX","20-12Rollup"
"Clusres.dll","Cluster_Core","6.2.14393.3986","0","3-Oct-20","GDR","4593226","December 8, 2020-KB4593226 (OS Build 14393.4104)","http://support.microsoft.com/kb/4593226","No LDR Only available","No LDR Only available","No LDR Only available","rEX","20-12Rollup"
"Clusres2.dll","Cluster_Core","6.2.14393.3659","0","11-Apr-20","GDR","4593226","December 8, 2020-KB4593226 (OS Build 14393.4104)","http://support.microsoft.com/kb/4593226","No LDR Only available","No LDR Only available","No LDR Only available","rEX","20-12Rollup"
"Netft.sys","Cluster_Core","6.2.14393.2155","0","6-Mar-18","GDR","4593226","December 8, 2020-KB4593226 (OS Build 14393.4104)","http://support.microsoft.com/kb/4593226","No LDR Only available","No LDR Only available","No LDR Only available","rEX","20-12Rollup"
"Csvflt.sys","Cluster_CSV","6.2.14393.2999","0","21-May-19","GDR","4593226","December 8, 2020-KB4593226 (OS Build 14393.4104)","http://support.microsoft.com/kb/4593226","No LDR Only available","No LDR Only available","No LDR Only available","rEX","20-12Rollup"
"Csvfs.sys","Cluster_CSV","6.2.14393.3297","0","1-Oct-19","GDR","4593226","December 8, 2020-KB4593226 (OS Build 14393.4104)","http://support.microsoft.com/kb/4593226","No LDR Only available","No LDR Only available","No LDR Only available","rEX","20-12Rollup"
"Svhdxflt.sys","Cluster_CSV","6.2.14393.206","0","15-Sep-16","GDR","4593226","December 8, 2020-KB4593226 (OS Build 14393.4104)","http://support.microsoft.com/kb/4593226","No LDR Only available","No LDR Only available","No LDR Only available","rEX","20-12Rollup"
"Volsnap.sys","Cluster_Volsnap","6.2.14393.1794","0","9-Oct-17","GDR","4593226","December 8, 2020-KB4593226 (OS Build 14393.4104)","http://support.microsoft.com/kb/4593226","No LDR Only available","No LDR Only available","No LDR Only available","rEX","20-12Rollup"
"Cprepsrv.exe","Cluster_Validation","6.2.14393.3297","1","1-Oct-19","GDR","4593226","December 8, 2020-KB4593226 (OS Build 14393.4104)","http://support.microsoft.com/kb/4593226","No LDR Only available","No LDR Only available","No LDR Only available","rEX","20-12Rollup"
"Failoverclusters.agent.interop.dll","Cluster_Validation","6.2.14393.206","1","15-Sep-16","GDR","4593226","December 8, 2020-KB4593226 (OS Build 14393.4104)","http://support.microsoft.com/kb/4593226","No LDR Only available","No LDR Only available","No LDR Only available","rEX","20-12Rollup"
"Mpio.sys","Core_MPIO","6.2.14393.4046","0","29-Oct-20","GDR","4593226","December 8, 2020-KB4593226 (OS Build 14393.4104)","http://support.microsoft.com/kb/4593226","No LDR Only available","No LDR Only available","No LDR Only available","rEX","20-12Rollup"
"Msdsm.sys","Core_MPIO","6.2.14393.3986","0","3-Oct-20","GDR","4593226","December 8, 2020-KB4593226 (OS Build 14393.4104)","http://support.microsoft.com/kb/4593226","No LDR Only available","No LDR Only available","No LDR Only available","rEX","20-12Rollup"
"Storport.sys","Core_DiskSystem","6.2.14393.3659","0","11-Apr-20","GDR","4593226","December 8, 2020-KB4593226 (OS Build 14393.4104)","http://support.microsoft.com/kb/4593226","No LDR Only available","No LDR Only available","No LDR Only available","rEX","20-12Rollup"
"4576750","Win2016RS1_20_09_SSU_KB"," ","0","08-Sep-2020","GDR","4576750","Servicing stack update for Windows 10, version 1607: September 8, 2020","http://support.microsoft.com/kb/4565912","KB only","KB only","KB Only"," ","No Rollup"
"4593226","Win2016RS1_20-12_B_rollup_KB"," ","0","08-Dec-2020","GDR","4593226 (v1.0)","December 8, 2020-KB4593226 (OS Build 14393.4104)","http://support.microsoft.com/kb/4593226","KB only","KB only","KB only"," ","20-12Rollup"
