"Binary","Component","Version","Prio","Published","Branch","Article","Title","Link","LDROnlyKB","LDROnlyTitle","LDROnlyLink","Comment","RollupInfo"
"Netlogon.dll","Dom_NETLOGON","6.3.9600.19537","0","11-Oct-19","LDR","4530702","December 10, 2019-KB4530702 (Monthly Rollup)","http://support.microsoft.com/kb/4530702","No LDR Only available","No LDR Only available","No LDR Only available","rEX","19-12Rollup"
"logoncli.dll","Dom_NETLOGON","6.3.9600.17415","0","18.11.2014","GDR","3000850 (v1.8)","November 2014 update rollup for Windows RT 8.1, Windows 8.1, and Windows Server 2012 R","http://support.microsoft.com/kb/3000850","No LDR Only available","No LDR Only available","No LDR Only available"," ","14-11Rollup"
"Winlogon.exe","Dom_WINLOGON","6.3.9600.19447","0","31-Jul-19","LDR","4530702","December 10, 2019-KB4530702 (Monthly Rollup)","http://support.microsoft.com/kb/4530702","No LDR Only available","No LDR Only available","No LDR Only available","rEX","19-12Rollup"
"Kerberos.dll","Dom_KERBEROS","6.3.9600.19377","0","25-May-19","LDR","4530702","December 10, 2019-KB4530702 (Monthly Rollup)","http://support.microsoft.com/kb/4530702","No LDR Only available","No LDR Only available","No LDR Only available","rEX","19-12Rollup"
"Msv1_0.dll","Dom_NTLM","6.3.9600.19537","1","11-Oct-19","LDR","4530702","December 10, 2019-KB4530702 (Monthly Rollup)","http://support.microsoft.com/kb/4530702","No LDR Only available","No LDR Only available","No LDR Only available","rEX","19-12Rollup"
"Wldap32.dll","Dom_LDAPClient","6.3.9600.19028","0","5-May-18","LDR","4530702","December 10, 2019-KB4530702 (Monthly Rollup)","http://support.microsoft.com/kb/4530702","No LDR Only available","No LDR Only available","No LDR Only available","rEX","19-12Rollup"
"lsass.exe","Dom_LSA","6.3.9600.17415","0","30.10.2014","GDR","3000850 (v1.7)","November 2014 update rollup for Windows RT 8.1, Windows 8.1, and Windows Server 2012 R","http://support.microsoft.com/kb/3000850","No LDR Only available","No LDR Only available","No LDR Only available"," ","14-11Rollup"
"Lsasrv.dll","Dom_LSA","6.3.9600.19373","0","11-May-19","LDR","4530702","December 10, 2019-KB4530702 (Monthly Rollup)","http://support.microsoft.com/kb/4530702","No LDR Only available","No LDR Only available","No LDR Only available","rEX","19-12Rollup"
"ksecdd.sys","Dom_LSA","6.3.9600.18454","0","22-Aug-2016","GDR","3187754 (v1.0)","MS16-110: Description of the security update for Windows: September 13, 2016","http://support.microsoft.com/kb/3187754","No LDR Only available","No LDR Only available","No LDR Only available","rEX","No Rollup"
"Ksecpkg.sys","Dom_LSA","6.3.9600.19343","0","5-Apr-19","LDR","4530702","December 10, 2019-KB4530702 (Monthly Rollup)","http://support.microsoft.com/kb/4530702","No LDR Only available","No LDR Only available","No LDR Only available","rEX","19-12Rollup"
"Secur32.dll","Dom_LSA","6.3.9600.17415","0","10-Feb-17","LDR","4530702","December 10, 2019-KB4530702 (Monthly Rollup)","http://support.microsoft.com/kb/4530702","No LDR Only available","No LDR Only available","No LDR Only available","rEX","19-12Rollup"
"Schannel.dll","Dom_LSA","6.3.9600.19473","0","22-Aug-19","LDR","4530702","December 10, 2019-KB4530702 (Monthly Rollup)","http://support.microsoft.com/kb/4530702","No LDR Only available","No LDR Only available","No LDR Only available","rEX","19-12Rollup"
"Scesrv.dll","Dom_SecAuditAndConfig","6.3.9600.18911","1","12-Jan-18","LDR","4530702","December 10, 2019-KB4530702 (Monthly Rollup)","http://support.microsoft.com/kb/4530702","No LDR Only available","No LDR Only available","No LDR Only available","rEX","19-12Rollup"
"aclui.dll","Dom_SecAuditAndConfig","6.3.9600.17415","1","30.10.2014","GDR","3000850 (v1.7)","November 2014 update rollup for Windows RT 8.1, Windows 8.1, and Windows Server 2012 R2","http://support.microsoft.com/kb/3000850","No LDR Only available","No LDR Only available","No LDR Only available","rEX","14-11Rollup"
"Winscard.dll","Dom_SC_Provider","6.3.9600.18999","1","7-Apr-18","LDR","4530702","December 10, 2019-KB4530702 (Monthly Rollup)","http://support.microsoft.com/kb/4530702","No LDR Only available","No LDR Only available","No LDR Only available","rEX","19-12Rollup"
"Basecsp.dll","Dom_SC_Provider","6.3.9600.18964","1","7-Mar-18","LDR","4530702","December 10, 2019-KB4530702 (Monthly Rollup)","http://support.microsoft.com/kb/4530702","No LDR Only available","No LDR Only available","No LDR Only available","rEX","19-12Rollup"
"Scksp.dll","Dom_SC_Provider","6.3.9600.18964","1","3-Mar-18","LDR","4530702","December 10, 2019-KB4530702 (Monthly Rollup)","http://support.microsoft.com/kb/4530702","No LDR Only available","No LDR Only available","No LDR Only available","rEX","19-12Rollup"
"ScardSvr.dll","Dom_SC_Srv","6.3.9600.18878","1","5-Dec-17","LDR","4530702","December 10, 2019-KB4530702 (Monthly Rollup)","http://support.microsoft.com/kb/4530702","No LDR Only available","No LDR Only available","No LDR Only available","rEX","19-12Rollup"
"Scfilter.sys","Dom_SC_Srv","6.3.9600.18878","1","5-Dec-17","LDR","4530702","December 10, 2019-KB4530702 (Monthly Rollup)","http://support.microsoft.com/kb/4530702","No LDR Only available","No LDR Only available","No LDR Only available","rEX","19-12Rollup"
"Certprop.dll","Dom_SC_Srv","6.3.9600.18562","1","25-Dec-16","LDR","4530702","December 10, 2019-KB4530702 (Monthly Rollup)","http://support.microsoft.com/kb/4530702","No LDR Only available","No LDR Only available","No LDR Only available","rEX","19-12Rollup"
"Crypt32.dll","Dom_CRYPTO","6.3.9600.18653","1","31-Mar-17","LDR","4530702","December 10, 2019-KB4530702 (Monthly Rollup)","http://support.microsoft.com/kb/4530702","No LDR Only available","No LDR Only available","No LDR Only available","rEX","19-12Rollup"
"cryptsvc.dll","Dom_CRYPTO","6.3.9600.17415","1","30.10.2014","GDR","3000850 (v1.7)","November 2014 update rollup for Windows RT 8.1, Windows 8.1, and Windows Server 2012 R","http://support.microsoft.com/kb/3000850","No LDR Only available","No LDR Only available","No LDR Only available"," ","14-11Rollup"
"Cryptnet.dll","Dom_CRYPTO","6.3.9600.18878","1","5-Dec-17","LDR","4530702","December 10, 2019-KB4530702 (Monthly Rollup)","http://support.microsoft.com/kb/4530702","No LDR Only available","No LDR Only available","No LDR Only available","rEX","19-12Rollup"
"Wintrust.dll","Dom_CRYPTO","6.3.9600.18508","1","5-Oct-16","LDR","4530702","December 10, 2019-KB4530702 (Monthly Rollup)","http://support.microsoft.com/kb/4530702","No LDR Only available","No LDR Only available","No LDR Only available","rEX","19-12Rollup"
"Cryptdll.dll","Dom_CRYPTO","6.3.9600.19343","1","5-Apr-19","LDR","4530702","December 10, 2019-KB4530702 (Monthly Rollup)","http://support.microsoft.com/kb/4530702","No LDR Only available","No LDR Only available","No LDR Only available","rEX","19-12Rollup"
"cryptcatsvc.dll","Dom_CRYPTO","6.3.9600.17415","1","18.11.2014","GDR","3000850 (v1.8)","November 2014 update rollup for Windows RT 8.1, Windows 8.1, and Windows Server 2012 R","http://support.microsoft.com/kb/3000850","No LDR Only available","No LDR Only available","No LDR Only available"," ","14-11Rollup"
"dimsroam.dll","Dom_DIMS","6.3.9600.17415","1","18.11.2014","GDR","3000850 (v1.8)","November 2014 update rollup for Windows RT 8.1, Windows 8.1, and Windows Server 2012 R","http://support.microsoft.com/kb/3000850","No LDR Only available","No LDR Only available","No LDR Only available"," ","14-11Rollup"
"dimsjob.dll","Dom_DIMS","6.3.9600.17415","1","18.11.2014","GDR","3000850 (v1.8)","November 2014 update rollup for Windows RT 8.1, Windows 8.1, and Windows Server 2012 R","http://support.microsoft.com/kb/3000850","No LDR Only available","No LDR Only available","No LDR Only available"," ","14-11Rollup"
"adprovider.dll","Dom_DIMS","6.3.9600.17415","1","18.11.2014","GDR","3000850 (v1.8)","November 2014 update rollup for Windows RT 8.1, Windows 8.1, and Windows Server 2012 R","http://support.microsoft.com/kb/3000850","No LDR Only available","No LDR Only available","No LDR Only available"," ","14-11Rollup"
"capiprovider.dll","Dom_DIMS","6.3.9600.17415","1","18.11.2014","GDR","3000850 (v1.8)","November 2014 update rollup for Windows RT 8.1, Windows 8.1, and Windows Server 2012 R","http://support.microsoft.com/kb/3000850","No LDR Only available","No LDR Only available","No LDR Only available"," ","14-11Rollup"
"cngprovider.dll","Dom_DIMS","6.3.9600.17415","1","18.11.2014","GDR","3000850 (v1.8)","November 2014 update rollup for Windows RT 8.1, Windows 8.1, and Windows Server 2012 R","http://support.microsoft.com/kb/3000850","No LDR Only available","No LDR Only available","No LDR Only available"," ","14-11Rollup"
"dpapiprovider.dll","Dom_DIMS","6.3.9600.17415","1","18.11.2014","GDR","3000850 (v1.8)","November 2014 update rollup for Windows RT 8.1, Windows 8.1, and Windows Server 2012 R","http://support.microsoft.com/kb/3000850","No LDR Only available","No LDR Only available","No LDR Only available"," ","14-11Rollup"
"wincredprovider.dll","Dom_DIMS","6.3.9600.17415","1","18.11.2014","GDR","3000850 (v1.8)","November 2014 update rollup for Windows RT 8.1, Windows 8.1, and Windows Server 2012 R","http://support.microsoft.com/kb/3000850","No LDR Only available","No LDR Only available","No LDR Only available"," ","14-11Rollup"
"Gpapi.dll","Dom_GPSVC","6.3.9600.18339","1","12-May-16","LDR","4530702","December 10, 2019-KB4530702 (Monthly Rollup)","http://support.microsoft.com/kb/4530702","No LDR Only available","No LDR Only available","No LDR Only available","rEX","19-12Rollup"
"Gpsvc.dll","Dom_GPSVC","6.3.9600.18659","1","6-Apr-17","LDR","4530702","December 10, 2019-KB4530702 (Monthly Rollup)","http://support.microsoft.com/kb/4530702","No LDR Only available","No LDR Only available","No LDR Only available","rEX","19-12Rollup"
"Gpmgmt.dll","Dom_GPSVC","6.3.9600.18791","1","11-Aug-17","LDR","4530702","December 10, 2019-KB4530702 (Monthly Rollup)","http://support.microsoft.com/kb/4530702","No LDR Only available","No LDR Only available","No LDR Only available","rEX","19-12Rollup"
"Gprsop.dll","Dom_GPSVC","6.3.9600.18264","1","10-Mar-16","LDR","4530702","December 10, 2019-KB4530702 (Monthly Rollup)","http://support.microsoft.com/kb/4530702","No LDR Only available","No LDR Only available","No LDR Only available","rEX","19-12Rollup"
"Userenv.dll","Dom_GPSVC","6.3.9600.19543","1","28-Oct-19","LDR","4530702","December 10, 2019-KB4530702 (Monthly Rollup)","http://support.microsoft.com/kb/4530702","No LDR Only available","No LDR Only available","No LDR Only available","rEX","19-12Rollup"
"gpprnext.dll","Dom_GPExt","6.3.9600.17415","1","30.10.2014","GDR","3000850 (v1.7)","November 2014 update rollup for Windows RT 8.1, Windows 8.1, and Windows Server 2012 R","http://support.microsoft.com/kb/3000850","No LDR Only available","No LDR Only available","No LDR Only available"," ","14-11Rollup"
"appmgmts.dll","Dom_GPExt","6.3.9600.17415","1","18.11.2014","GDR","3000850 (v1.8)","November 2014 update rollup for Windows RT 8.1, Windows 8.1, and Windows Server 2012 R","http://support.microsoft.com/kb/3000850","No LDR Only available","No LDR Only available","No LDR Only available"," ","14-11Rollup"
"Gpprefcl.dll","Dom_GPP","6.3.9600.18731","1","15-Jun-17","LDR","4530702","December 10, 2019-KB4530702 (Monthly Rollup)","http://support.microsoft.com/kb/4530702","No LDR Only available","No LDR Only available","No LDR Only available","rEX","19-12Rollup"
"Gpme.dll","Dom_GPP","6.3.9600.18907","1","9-Jan-18","LDR","4530702","December 10, 2019-KB4530702 (Monthly Rollup)","http://support.microsoft.com/kb/4530702","No LDR Only available","No LDR Only available","No LDR Only available","rEX","19-12Rollup"
"Gppref.dll","Dom_GPP","6.3.9600.18907","1","9-Jan-18","LDR","4530702","December 10, 2019-KB4530702 (Monthly Rollup)","http://support.microsoft.com/kb/4530702","No LDR Only available","No LDR Only available","No LDR Only available","rEX","19-12Rollup"
"Gpprefbr.dll","Dom_GPP","6.3.9600.18907","1","9-Jan-18","LDR","4530702","December 10, 2019-KB4530702 (Monthly Rollup)","http://support.microsoft.com/kb/4530702","No LDR Only available","No LDR Only available","No LDR Only available","rEX","19-12Rollup"
"Gpprefcn.dll","Dom_GPP","6.3.9600.18907","1","9-Jan-18","LDR","4530702","December 10, 2019-KB4530702 (Monthly Rollup)","http://support.microsoft.com/kb/4530702","No LDR Only available","No LDR Only available","No LDR Only available","rEX","19-12Rollup"
"Gpregistrybrowser.dll","Dom_GPP","6.3.9600.18907","1","9-Jan-18","LDR","4530702","December 10, 2019-KB4530702 (Monthly Rollup)","http://support.microsoft.com/kb/4530702","No LDR Only available","No LDR Only available","No LDR Only available","rEX","19-12Rollup"
"Propshts.dll","Dom_GPP","6.3.9600.18907","1","9-Jan-18","LDR","4530702","December 10, 2019-KB4530702 (Monthly Rollup)","http://support.microsoft.com/kb/4530702","No LDR Only available","No LDR Only available","No LDR Only available","rEX","19-12Rollup"
"repdrvfs.dll","Core_WMI","6.3.9600.17475","0","29.10.2014","GDR","3173424 (v3.0)","Servicing stack update for Windows 8.1 and Windows Server 2012 R2: July 12, 2016","http://support.microsoft.com/kb/3173424","No LDR Only available","No LDR Only available","No LDR Only available","rEX","No Rollup"
"profprov.dll","Dom_ProfProc","6.3.9600.17415","1","18.11.2014","GDR","3000850 (v1.8)","November 2014 update rollup for Windows RT 8.1, Windows 8.1, and Windows Server 2012 R","http://support.microsoft.com/kb/3000850","No LDR Only available","No LDR Only available","No LDR Only available"," ","14-11Rollup"
"profsvc.dll","Dom_ProfProc","6.3.9600.17930","1","10.07.2015","GDR","3078676 (v1.0)","Event 1530 is logged and ProfSvc leaks paged pool memory and handles in Windows 8.1 or Windows Server 2012 R2","http://support.microsoft.com/kb/3078676","No LDR Only available","No LDR Only available","No LDR Only available","rKB","No Rollup"
"fdeploy.dll","Dom_FolderRedir","6.3.9600.17415","1","30.10.2014","GDR","3000850 (v1.7)","November 2014 update rollup for Windows RT 8.1, Windows 8.1, and Windows Server 2012 R","http://support.microsoft.com/kb/3000850","No LDR Only available","No LDR Only available","No LDR Only available"," ","14-11Rollup"
"Csc.sys","Net_CSC_Offline","6.3.9600.19087","1","27-Jun-18","LDR","4530702","December 10, 2019-KB4530702 (Monthly Rollup)","http://support.microsoft.com/kb/4530702","No LDR Only available","No LDR Only available","No LDR Only available","rEX","19-12Rollup"
"cscapi.dll","Net_CSC_Offline","6.3.9600.17927","1","09.07.2015","GDR","3078627 (v1.0)","Offline Files network shares might not be available in Windows 8.1","http://support.microsoft.com/kb/3078627","No LDR Only available","No LDR Only available","No LDR Only available","rKB","No Rollup"
"cscdll.dll","Net_CSC_Offline","6.3.9600.17415","1","09.07.2015","GDR","3078627 (v1.7)","November 2014 update rollup for Windows RT 8.1, Windows 8.1, and Windows Server 2012 R","http://support.microsoft.com/kb/3078627","No LDR Only available","No LDR Only available","No LDR Only available","rKB","No Rollup"
"cscsvc.dll","Net_CSC_Offline","6.3.9600.17929","1","09.07.2015","GDR","3078627 (v1.0)","Offline Files network shares might not be available in Windows 8.1","http://support.microsoft.com/kb/3078627","No LDR Only available","No LDR Only available","No LDR Only available","rKB","No Rollup"
"Cscmig.dll","Net_CSC_Offline","6.3.9600.19087","1","27-Jun-18","LDR","4530702","December 10, 2019-KB4530702 (Monthly Rollup)","http://support.microsoft.com/kb/4530702","No LDR Only available","No LDR Only available","No LDR Only available","rEX","19-12Rollup"
"cscui.dll","Net_CSC_Offline","6.3.9600.17415","1","30.10.2014","GDR","3000850 (v1.7)","November 2014 update rollup for Windows RT 8.1, Windows 8.1, and Windows Server 2012 R2","http://support.microsoft.com/kb/3000850","No LDR Only available","No LDR Only available","No LDR Only available","rEX","14-11Rollup"
"Esent.dll","Dom_ESENT","6.3.9600.18429","0","30-Jul-16","LDR","4530702","December 10, 2019-KB4530702 (Monthly Rollup)","http://support.microsoft.com/kb/4530702","No LDR Only available","No LDR Only available","No LDR Only available","rEX","19-12Rollup"
"Ntdsai.dll","Dom_NTDSAI","6.3.9600.19130","0","23-Aug-18","LDR","4530702","December 10, 2019-KB4530702 (Monthly Rollup)","http://support.microsoft.com/kb/4530702","No LDR Only available","No LDR Only available","No LDR Only available","rEX","19-12Rollup"
"Samsrv.dll","Dom_SAMSRV","6.3.9600.19496","0","19-Sep-19","LDR","4530702","December 10, 2019-KB4530702 (Monthly Rollup)","http://support.microsoft.com/kb/4530702","No LDR Only available","No LDR Only available","No LDR Only available","rEX","19-12Rollup"
"Samlib.dll","Dom_SAMSRV","6.3.9600.18589","0","4-Feb-17","LDR","4530702","December 10, 2019-KB4530702 (Monthly Rollup)","http://support.microsoft.com/kb/4530702","No LDR Only available","No LDR Only available","No LDR Only available","rEX","19-12Rollup"
"Kdcsvc.dll","Dom_KDCSVC","6.3.9600.19397","0","8-Jun-19","LDR","4530702","December 10, 2019-KB4530702 (Monthly Rollup)","http://support.microsoft.com/kb/4530702","No LDR Only available","No LDR Only available","No LDR Only available","rEX","19-12Rollup"
"Dfsrs.exe","Dom_DFS-R","6.3.9600.18776","0","20-Jul-17","LDR","4530702","December 10, 2019-KB4530702 (Monthly Rollup)","http://support.microsoft.com/kb/4530702","No LDR Only available","No LDR Only available","No LDR Only available","rEX","19-12Rollup"
"Dfsrress.dll","Dom_DFS-R","6.3.9600.16384","0","22-Aug-13","LDR","4530702","December 10, 2019-KB4530702 (Monthly Rollup)","http://support.microsoft.com/kb/4530702","No LDR Only available","No LDR Only available","No LDR Only available","rEX","19-12Rollup"
"microsoft.identityserver.service.dll","Dom_ADFS","6.3.9600.18818","0","09-Feb-2017","LDR","4530702","December 10, 2019-KB4530702 (Monthly Rollup)","http://support.microsoft.com/kb/4530702","No LDR Only available","No LDR Only available","No LDR Only available","rEX","19-12Rollup"
"microsoft.identityserver.webhost.dll","Dom_ADFS","6.3.9600.18591","0","13-Apr-2016","LDR","4530702","December 10, 2019-KB4530702 (Monthly Rollup)","http://support.microsoft.com/kb/4530702","No LDR Only available","No LDR Only available","No LDR Only available","rEX","19-12Rollup"
"microsoft.identityserver.web.dll","Dom_ADFS","6.3.9600.18818","0","14-Jul-2017","LDR","4530702","December 10, 2019-KB4530702 (Monthly Rollup)","http://support.microsoft.com/kb/4530702","No LDR Only available","No LDR Only available","No LDR Only available","rEX","19-12Rollup"
"microsoft.identityserver.dll","Dom_ADFS","6.3.9600.18818","0","09-Feb-2017","LDR","4530702","December 10, 2019-KB4530702 (Monthly Rollup)","http://support.microsoft.com/kb/4530702","No LDR Only available","No LDR Only available","No LDR Only available","rEX","19-12Rollup"
"microsoft.identityserver.proxyservice.exe","Dom_ADFS","6.3.9600.18591","0","09-Feb-2017","LDR","4530702","December 10, 2019-KB4530702 (Monthly Rollup)","http://support.microsoft.com/kb/4530702","No LDR Only available","No LDR Only available","No LDR Only available","rEX","19-12Rollup"
"4524445","Win2012R2_19_11_SSU_KB","KBOnlyVersion","0","12-Nov-2019","GDR","4524445","Servicing stack update for Windows 8.1, RT 8.1, and Server 2012 R2: November 12, 2019","http://support.microsoft.com/kb/4524445","KB only","KB only","KB only"," ","No Rollup"
"3123245","All_OS_2012R2_important_KB","KBOnlyVersion","0","14-Apr-2016","GDR","3123245 (v4.0)","Update improves port exhaustion identification in Windows Server 2012 R2","http://support.microsoft.com/kb/3123245","KB only","KB only","KB only"," ","No Rollup"
"2919355","Win2012R2_14_04_rollup_KB"," ","0","24.02.2014","GDR","2919355 (v1.14)","Windows RT 8.1, Windows 8.1, and Windows Server 2012 R2 Update: April 2014","http://support.microsoft.com/kb/2919355","KB only","KB only","KB Only"," ","14-04Rollup"
"3000850","Win2012R2_14_11_rollup_KB"," ","0","18.11.2014","GDR","3000850 (v2.0)","November 2014 update rollup for Windows RT 8.1, Windows 8.1, and Windows Server 2012 R2","http://support.microsoft.com/kb/3000850","KB only","KB only","KB Only"," ","14-11Rollup"
"3013769","Win2012R2_14_12_rollup_KB"," ","0","10.12.2014","GDR","3013769 (v2.0)","December 2014 update rollup for Windows RT 8.1, Windows 8.1, and Windows Server 2012 R2","http://support.microsoft.com/kb/3013769","KB only","KB only","KB Only"," ","14-12Rollup"
"3172614","Win2012R2_16_07_rollup_KB"," ","0","19.07.2016","GDR","3172614 (v1.0)","July 2016 update rollup for Windows RT 8.1, Windows 8.1, and Windows Server 2012 R2","http://support.microsoft.com/kb/3172614","KB only","KB only","KB Only"," ","16-07Rollup"
"3179574","Win2012R2_16_08_rollup_KB"," ","0","16.08.2016","GDR","3179574 (v1.0)","August 2016 update rollup for Windows RT 8.1, Windows 8.1, and Windows Server 2012 R2","http://support.microsoft.com/kb/3179574","KB only","KB only","KB Only"," ","16-08Rollup"
"4530702","Win2012R2_19-12_B_rollup_KB"," ","0","10-Dec-2019","GDR","4530702 (v1.0)","December 10, 2019-KB4530702 (Monthly Rollup)","http://support.microsoft.com/kb/4530702","KB only","KB only","KB only"," ","19-12Rollup"
