"Binary","Component","Version","Prio","Published","Branch","Article","Title","Link","LDROnlyKB","LDROnlyTitle","LDROnlyLink","Comment","RollupInfo"
"volsnap.sys","Cluster_Volsnap","6.1.7601.23033","0","11.04.2015","LDR","3056066 (v1.0)","Backups fail for VMs with pre-existing software snapshots that use shadow storage set to a different drive in Windows 7 and Windows Server 2008 R2","http://support.microsoft.com/kb/3056066","3056066 (v1.0)","Backups fail for VMs with pre-existing software snapshots that use shadow storage set to a different drive in Windows 7 and Windows Server 2008 R2","http://support.microsoft.com/kb/3056066"," ","16-04Rollup"
"Vmswitch.sys","Hyper-V_Net","6.1.7601.24535","1","5-Nov-19","LDR","4534310","January 14, 2020-KB4534310 (Monthly Rollup)","http://support.microsoft.com/kb/4534310","No LDR Only available","No LDR Only available","No LDR Only available","rEX","20-01Rollup"
"Vmsntfy.dll","Hyper-V_Net","6.1.7601.24535","1","5-Nov-19","LDR","4534310","January 14, 2020-KB4534310 (Monthly Rollup)","http://support.microsoft.com/kb/4534310","No LDR Only available","No LDR Only available","No LDR Only available","rEX","20-01Rollup"
"Vmms.exe","Hyper-V_Net","6.1.7601.24537","1","15-Nov-19","LDR","4534310","January 14, 2020-KB4534310 (Monthly Rollup)","http://support.microsoft.com/kb/4534310","No LDR Only available","No LDR Only available","No LDR Only available","rEX","20-01Rollup"
"rasapi32.dll","HNV_Net","6.1.7601.22276","1","11.03.2013","LDR","2826164 (v1.0)","The remote access connection status is connected after the connection times out in Windows 7 and Windows Server 2008 R2","http://support.microsoft.com/kb/2826164","2826164 (v1.0)","The remote access connection status is connected after the connection times out in Windows 7 and Windows Server 2008 R2","http://support.microsoft.com/kb/2826164"," ","16-04Rollup"
"Vmwp.exe","Hyper-V_app","6.1.7601.24537","1","15-Nov-19","LDR","4534310","January 14, 2020-KB4534310 (Monthly Rollup)","http://support.microsoft.com/kb/4534310","No LDR Only available","No LDR Only available","No LDR Only available","rEX","20-01Rollup"
"4523206","Win2008R2_19_11_SSU_KB"," ","0","12-Nov-2019","LDR","4523206","Servicing stack update for Windows 7 SP1 and Server 2008 R2 SP1: November 12, 2019","http://support.microsoft.com/kb/4523206","KB only","KB only","KB Only"," ","No Rollup"
"3125574","Win2008R2_16_04B_rollup_KB"," ","0","07-May-2016","LDR","3125574 (v1.0)","Convenience roll-up update for Windows 7 SP1 and Windows Server 2008 R2 SP1","http://support.microsoft.com/kb/3125574","KB only","KB only","KB Only"," ","No Rollup"
"4534310","Win2008R2_20-01_B_rollup_KB"," ","0","14-Jan-2020","GDR","4534310 (v1.0)","January 14, 2020-KB4534310 (Monthly Rollup)","http://support.microsoft.com/kb/4534310","KB only","KB only","KB only"," ","20-01Rollup"
