"Binary","Component","Version","Prio","Published","Branch","Article","Title","Link","LDROnlyKB","LDROnlyTitle","LDROnlyLink","Comment","RollupInfo"
"Localspl.dll","Print_Spool","6.2.9200.22693","0","8-Feb-19","LDR","4493451","April 9, 2019-KB4493451 (Monthly Rollup)","http://support.microsoft.com/kb/4493451","No LDR Only available","No LDR Only available","No LDR Only available","rEX","19-04Rollup"
"Win32spl.dll","Print_Spool","6.2.9200.22254","0","11-Aug-17","LDR","4493451","April 9, 2019-KB4493451 (Monthly Rollup)","http://support.microsoft.com/kb/4493451","No LDR Only available","No LDR Only available","No LDR Only available","rEX","19-04Rollup"
"Spoolsv.exe","Print_Spool","6.2.9200.22376","0","24-Feb-18","LDR","4493451","April 9, 2019-KB4493451 (Monthly Rollup)","http://support.microsoft.com/kb/4493451","No LDR Only available","No LDR Only available","No LDR Only available","rEX","19-04Rollup"
"winspool.drv","Print_Spool","6.2.9200.20665","0","22.03.2013","LDR","2831091 (v1.0)","""ERROR_SUCCESS"" error shows when you cancel a print job on a Windows 8-based or Windows Server 2012-based computer","http://support.microsoft.com/kb/2831091","2831091 (v1.0)","""ERROR_SUCCESS"" error shows when you cancel a print job on a Windows 8-based or Windows Server 2012-based computer","http://support.microsoft.com/kb/2831091","rKB","No Rollup"
"splwow64.exe","Print_App","6.2.9200.22376","0","24-Feb-18","LDR","4493451","April 9, 2019-KB4493451 (Monthly Rollup)","http://support.microsoft.com/kb/4493451","No LDR Only available","No LDR Only available","No LDR Only available","rEX","19-04Rollup"
"mxdwdrv.dll","Print_Driver","0.3.9600.17328","1","07.10.2014","LDR","2999802 (v5.0)","Solid lines instead of dotted lines are printed in Windows","http://support.microsoft.com/kb/2999802","2958997 (v2.0)","EUDC fonts cannot be printed correctly by using an XPS print driver in Windows","http://support.microsoft.com/kb/2958997","rEX","No Rollup"
"pscript5.dll","Print_Driver","0.3.9600.17388","1","03.05.2014","LDR","2958997 (v2.0)","EUDC fonts cannot be printed correctly by using an XPS print driver in Windows","http://support.microsoft.com/kb/2958997","2958997 (v2.0)","EUDC fonts cannot be printed correctly by using an XPS print driver in Windows","http://support.microsoft.com/kb/2958997","rEX","No Rollup"
"unidrv.dll","Print_Driver","0.3.9200.21035","1","03.05.2014","LDR","2958997 (v2.0)","EUDC fonts cannot be printed correctly by using an XPS print driver in Windows","http://support.microsoft.com/kb/2958997","2958997 (v2.0)","EUDC fonts cannot be printed correctly by using an XPS print driver in Windows","http://support.microsoft.com/kb/2958997","rKB","No Rollup"
"unires.dll","Print_Driver","0.3.9200.20554","1","05.11.2012","LDRGDR","2779768 (v1.0)","Windows 8 and Windows Server 2012 cumulative update: December 2012","http://support.microsoft.com/kb/2779768","No LDR Only available","No LDR Only available","No LDR Only available","rEX","12-12Rollup"
"xpssvcs.dll","Print_Driver","6.3.9600.16384","1","03.05.2014","LDR","2958997 (v2.0)","EUDC fonts cannot be printed correctly by using an XPS print driver in Windows","http://support.microsoft.com/kb/2958997","2958997 (v2.0)","EUDC fonts cannot be printed correctly by using an XPS print driver in Windows","http://support.microsoft.com/kb/2958997","rEX","No Rollup"
"3173426","Win2012_16_07_SvcStack_KB","KBOnlyVersion","0","12-Jul-2016","GDR","3173426 (v2.0)","Servicing stack update for Windows Server 2012: July 12, 2016","http://support.microsoft.com/kb/3173426","KB only","KB only","KB only"," ","No Rollup"
"2756872","Win2012_12_10_rollup_KB"," ","0","23.09.2012","GDR","2756872 (v1.0)","Windows 8 Client and Windows Server 2012 General Availability Update Rollup","http://support.microsoft.com/kb/2756872","KB only","KB only","KB Only"," ","12-10Rollup"
"2770917","Win2012_12_11_rollup_KB"," ","0","14.10.2012","GDR","2770917 (v1.0)","Windows 8 and Windows Server 2012 update rollup: November 2012","http://support.microsoft.com/kb/2770917","KB only","KB only","KB Only"," ","12-11Rollup"
"2779768","Win2012_12_12_rollup_KB"," ","0","09.11.2012","GDR","2779768 (v1.1)","Windows 8 and Windows Server 2012 update rollup: December 2012","http://support.microsoft.com/kb/2779768","KB only","KB only","KB Only"," ","12-12Rollup"
"2785094","Win2012_13_01_rollup_KB"," ","0","29.11.2012","GDR","2785094 (v1.2)","Windows 8 and Windows Server 2012 update rollup: January 2013","http://support.microsoft.com/kb/2785094","KB only","KB only","KB Only"," ","13-01Rollup"
"2795944","Win2012_13_02_rollup_KB"," ","0","11.01.2013","GDR","2795944 (v1.1)","Windows 8 and Windows Server 2012 update rollup: February 2013","http://support.microsoft.com/kb/2795944","KB only","KB only","KB Only"," ","13-02Rollup"
"2811660","Win2012_13_03_rollup_KB"," ","0","04.02.2013","GDR","2811660 (v1.0)","Windows 8 and Windows Server 2012 update rollup: March 2013","http://support.microsoft.com/kb/2811660","KB only","KB only","KB Only"," ","13-03Rollup"
"2822241","Win2012_13_04_rollup_KB"," ","0","05.03.2013","GDR","2822241 (v1.0)","Windows 8 and Windows Server 2012 update rollup: April 2013","http://support.microsoft.com/kb/2822241","KB only","KB only","KB Only"," ","13-04Rollup"
"2836988","Win2012_13_05_rollup_KB"," ","0","11.04.2013","GDR","2836988 (v1.0)","Windows 8 and Windows Server 2012 update rollup: May 2013","http://support.microsoft.com/kb/2836988","KB only","KB only","KB Only"," ","13-05Rollup"
"2845533","Win2012_13_06_rollup_KB"," ","0","07.05.2013","GDR","2845533 (v1.2)","Windows RT, Windows 8, and Windows Server 2012 update rollup: June 2013","http://support.microsoft.com/kb/2845533","KB only","KB only","KB Only"," ","13-06Rollup"
"2855336","Win2012_13_07_rollup_KB"," ","0","02.06.2013","GDR","2855336 (v1.0)","Windows RT, Windows 8, and Windows Server 2012 update rollup: July 2013","http://support.microsoft.com/kb/2855336","KB only","KB only","KB Only"," ","13-07Rollup"
"2862768","Win2012_13_08_rollup_KB"," ","0","02.07.2013","GDR","2862768 (v1.0)","Windows RT, Windows 8, and Windows Server 2012 update rollup: August 2013","http://support.microsoft.com/kb/2862768","KB only","KB only","KB Only"," ","13-08Rollup"
"2876415","Win2012_13_09_rollup_KB"," ","0","02.08.2013","GDR","2876415 (v1.0)","Windows RT, Windows 8, and Windows Server 2012 update rollup: September 2013","http://support.microsoft.com/kb/2876415","KB only","KB only","KB Only"," ","13-09Rollup"
"2883201","Win2012_13_10_rollup_KB"," ","0","02.09.2013","GDR","2883201 (v1.0)","Windows RT, Windows 8, and Windows Server 2012 update rollup: October 2013","http://support.microsoft.com/kb/2883201","KB only","KB only","KB Only"," ","13-10Rollup"
"2889784","Win2012_13_11_rollup_KB"," ","0","02.10.2013","GDR","2889784 (v1.0)","Windows RT, Windows 8, and Windows Server 2012 update rollup: November 2013","http://support.microsoft.com/kb/2889784","KB only","KB only","KB Only"," ","13-11Rollup"
"2903938","Win2012_13_12_rollup_KB"," ","0","02.11.2013","GDR","2903938 (v1.0)","Windows RT, Windows 8, and Windows Server 2012 update rollup: December 2013","http://support.microsoft.com/kb/2903938","KB only","KB only","KB Only"," ","13-12Rollup"
"2911101","Win2012_14_01_rollup_KB"," ","0","02.12.2013","GDR","2911101 (v1.0)","Windows RT, Windows 8, and Windows Server 2012 update rollup: January 2014","http://support.microsoft.com/kb/2911101","KB only","KB only","KB Only"," ","14-01Rollup"
"2919393","Win2012_14_02_rollup_KB"," ","0","02.01.2014","GDR","2919393 (v1.0)","Windows RT, Windows 8, and Windows Server 2012 update rollup: February 2014","http://support.microsoft.com/kb/2919393","KB only","KB only","KB Only"," ","14-02Rollup"
"2928678","Win2012_14_03_rollup_KB"," ","0","02.02.2014","GDR","2928678 (v1.0)","Windows RT, Windows 8, and Windows Server 2012 update rollup: March 2014","http://support.microsoft.com/kb/2928678","KB only","KB only","KB Only"," ","14-03Rollup"
"2934016","Win2012_14_04_rollup_KB"," ","0","02.03.2014","GDR","2934016 (v1.0)","Windows RT, Windows 8, and Windows Server 2012 update rollup: April 2014","http://support.microsoft.com/kb/2934016","KB only","KB only","KB Only"," ","14-04Rollup"
"2955163","Win2012_14_05_rollup_KB"," ","0","02.04.2014","GDR","2955163 (v1.0)","Windows RT, Windows 8, and Windows Server 2012 update rollup: May 2014","http://support.microsoft.com/kb/2955163","KB only","KB only","KB Only"," ","14-05Rollup"
"2962407","Win2012_14_06_rollup_KB"," ","0","02.05.2014","GDR","2962407 (v1.0)","Windows RT, Windows 8, and Windows Server 2012 update rollup: June 2014","http://support.microsoft.com/kb/2962407","KB only","KB only","KB Only"," ","14-06Rollup"
"2967916","Win2012_14_07_rollup_KB"," ","0","02.06.2014","GDR","2967916 (v1.0)","July 2014 update rollup for Windows RT, Windows 8, and Windows Server 2012","http://support.microsoft.com/kb/2967916","KB only","KB only","KB Only"," ","14-07Rollup"
"2975331","Win2012_14_08_rollup_KB"," ","0","12.08.2014","GDR","2975331 (v1.0)","August 2014 update rollup for Windows RT, Windows 8, and Windows Server 2012","http://support.microsoft.com/kb/2975331","KB only","KB only","KB Only"," ","14-08Rollup"
"2984005","Win2012_14_09_rollup_KB"," ","0","10.09.2014","GDR","2984005 (v2.0)","September 2014 update rollup for Windows RT, Windows 8, and Windows Server 2012","http://support.microsoft.com/kb/2984005","KB only","KB only","KB Only"," ","14-09Rollup"
"2995387","Win2012_14_10_rollup_KB"," ","0","15.10.2014","GDR","2995387 (v2.0)","October 2014 update rollup for Windows RT, Windows 8, and Windows Server 2012","http://support.microsoft.com/kb/2995387","KB only","KB only","KB Only"," ","14-10Rollup"
"3000853","Win2012_14_11_rollup_KB"," ","0","15.11.2014","GDR","3000853 (v2.0)","November 2014 update rollup for Windows RT, Windows 8, and Windows Server 2012","http://support.microsoft.com/kb/3000853","KB only","KB only","KB Only"," ","14-11Rollup"
"3013767","Win2012_14_12_rollup_KB"," ","0","10.12.2014","GDR","3013767 (v2.0)","December 2014 update rollup for Windows RT, Windows 8, and Windows Server 2012","http://support.microsoft.com/kb/3013767","KB only","KB only","KB Only"," ","14-12Rollup"
"3156416","Win2012_16_05_rollup_KB"," ","0","17.05.2016","GDR","3156416 (v1.0)","May 2016 update rollup for Windows Server 2012","http://support.microsoft.com/kb/3156416","KB only","KB only","KB Only"," ","16-05Rollup"
"3161609","Win2012_16_06_rollup_KB"," ","0","21.06.2016","GDR","3161609 (v1.0)","June 2016 update rollup for Windows Server 2012","http://support.microsoft.com/kb/3161609","KB only","KB only","KB Only"," ","16-06Rollup"
"3172615","Win2012_16_07_rollup_KB"," ","0","19.07.2016","GDR","3172615 (v1.0)","July 2016 update rollup for Windows Server 2012","http://support.microsoft.com/kb/3172615","KB only","KB only","KB Only"," ","16-07Rollup"
"3179575","Win2012_16_08_rollup_KB"," ","0","16.08.2016","GDR","3179575 (v1.0)","August 2016 update rollup for Windows Server 2012","http://support.microsoft.com/kb/3179575","KB only","KB only","KB Only"," ","16-08Rollup"
"4493451","Win2012_19_04_B_rollup_KB"," ","0","09-Apr-2019","GDR","4493451 (v1.0)","April 9, 2019-KB4493451 (Monthly Rollup)","http://support.microsoft.com/kb/4493451","KB only","KB only","KB Only"," ","19-04Rollup"
