"Binary","Component","Version","Prio","Published","Branch","Article","Title","Link","LDROnlyKB","LDROnlyTitle","LDROnlyLink","Comment","RollupInfo"
"Localspl.dll","Print_Spool","6.1.7601.24561","0","29-Aug-20","GDR","4586827 (v1.0)","November 10, 2020-KB4586827 (Monthly Rollup)","http://support.microsoft.com/kb/4586827","KB only","KB only","KB only"," ","20-11Rollup"
"Win32spl.dll","Print_Spool","6.1.7601.24555","0","15-May-20","GDR","4586827 (v1.0)","November 10, 2020-KB4586827 (Monthly Rollup)","http://support.microsoft.com/kb/4586827","KB only","KB only","KB only"," ","20-11Rollup"
"Spoolsv.exe","Print_Spool","6.1.7601.24000","0","1-Jan-18","GDR","4586827 (v1.0)","November 10, 2020-KB4586827 (Monthly Rollup)","http://support.microsoft.com/kb/4586827","KB only","KB only","KB only"," ","20-11Rollup"
"winspool.drv","Print_Spool","6.1.7601.24383","0","31.01.2014","LDR","2927901 (v1.0)","SetDefaultPrinter sets a wrong default printer in Windows 7 or Windows Server 2008 R2","http://support.microsoft.com/kb/2927901","2927901 (v1.0)","SetDefaultPrinter sets a wrong default printer in Windows 7 or Windows Server 2008 R2","http://support.microsoft.com/kb/2927901"," ","16-04Rollup"
"Ntprint.exe","Print_App","6.1.7601.23889","0","11-Aug-17","GDR","4586827 (v1.0)","November 10, 2020-KB4586827 (Monthly Rollup)","http://support.microsoft.com/kb/4586827","KB only","KB only","KB only"," ","20-11Rollup"
"printui.dll","Print_App","6.1.7601.22169","0","21.11.2012","LDR","2783429 (v1.0)","High CPU utilization when you use the Print Management snap-in to add a printer in Windows 7 or Windows Server 2008 R2","http://support.microsoft.com/kb/2783429","2783429 (v1.0)","High CPU utilization when you use the Print Management snap-in to add a printer in Windows 7 or Windows Server 2008 R2","http://support.microsoft.com/kb/2783429"," ","16-04Rollup"
"Printbrm.exe","Print_App","6.1.7601.24559","0","16-Jul-20","GDR","4586827 (v1.0)","November 10, 2020-KB4586827 (Monthly Rollup)","http://support.microsoft.com/kb/4586827","KB only","KB only","KB only"," ","20-11Rollup"
"splwow64.exe","Print_App","6.1.7601.22268","0","28.02.2013","LDR","2815716 (v2.0)","Splwow64.exe process doesn't end after a print job finishes in the 64-bit version of Windows 7 or Windows Server 2008 R2","http://support.microsoft.com/kb/2815716","2815716 (v2.0)","Splwow64.exe process doesn't end after a print job finishes in the 64-bit version of Windows 7 or Windows Server 2008 R2","http://support.microsoft.com/kb/2815716"," ","16-04Rollup"
"mxdwdrv.dll","Print_Driver","0.3.9600.18790","1","17.05.2016","LDR","3125574","Convenience roll-up update for Windows 7 SP1 and Windows Server 2008 R2 SP1","http://support.microsoft.com/kb/3125574","No LDR Only available","No LDR Only available","No LDR Only available","rEX","16-04Rollup"
"pcl4res.dll","Print_Driver","0.3.5479.0","1","17.05.2016","LDR","3125574","Convenience roll-up update for Windows 7 SP1 and Windows Server 2008 R2 SP1","http://support.microsoft.com/kb/3125574","No LDR Only available","No LDR Only available","No LDR Only available","rEX","16-04Rollup"
"Pscript5.dll","Print_Driver","0.3.9600.19697","1","22-Apr-20","GDR","4586827 (v1.0)","November 10, 2020-KB4586827 (Monthly Rollup)","http://support.microsoft.com/kb/4586827","KB only","KB only","KB only"," ","20-11Rollup"
"unidrv.dll","Print_Driver","0.3.9600.17246","1","17.05.2016","LDR","3125574","Convenience roll-up update for Windows 7 SP1 and Windows Server 2008 R2 SP1","http://support.microsoft.com/kb/3125574","No LDR Only available","No LDR Only available","No LDR Only available","rEX","16-04Rollup"
"unires.dll","Print_Driver","0.3.9600.17246","1","17.05.2016","LDR","3125574","Convenience roll-up update for Windows 7 SP1 and Windows Server 2008 R2 SP1","http://support.microsoft.com/kb/3125574","No LDR Only available","No LDR Only available","No LDR Only available","rEX","16-04Rollup"
"xpssvcs.dll","Print_Driver","6.3.9600.16384","1","17.05.2016","LDR","3125574","Convenience roll-up update for Windows 7 SP1 and Windows Server 2008 R2 SP1","http://support.microsoft.com/kb/3125574","No LDR Only available","No LDR Only available","No LDR Only available","rEX","16-04Rollup"
"4490628","Win2008R2_19_03_SSU_KB"," ","0","12-Mar-2020","LDR","4490628","Servicing stack update for Windows 7 SP1 and Windows Server 2008 R2 SP1: March 12, 2019","http://support.microsoft.com/kb/4490628","KB only","KB only","KB Only"," ","No Rollup"
"4474419","Win2008R2_19_09_SHA_KB"," ","0","23-Sep-2019","LDR","4474419","SHA-2 code signing support update for Windows Server 2008 R2, Windows 7, and Windows Server 2008: September 23, 2019","http://support.microsoft.com/kb/4474419","KB only","KB only","KB Only"," ","No Rollup"
"4580970","Win2008R2_20_10_SSU_KB"," ","0","13-Oct-2020","LDR","4580970","Servicing stack update for Windows 7 SP1 and Server 2008 R2 SP1: October 13, 2020","http://support.microsoft.com/kb/4580970","KB only","KB only","KB Only"," ","No Rollup"
"4538483","Win2008R2_20_02_ESU_KB"," ","0","11-Feb-2020","LDR","4538483","Extended Security Updates (ESU) Licensing Preparation Package for Windows 7 SP1 and Windows Server 2008 R2 SP1","http://support.microsoft.com/kb/4538483","KB only","KB only","KB Only"," ","No Rollup"
"3125574","Win2008R2_16_04B_rollup_KB"," ","0","07-May-2016","LDR","3125574 (v1.0)","Convenience roll-up update for Windows 7 SP1 and Windows Server 2008 R2 SP1","http://support.microsoft.com/kb/3125574","KB only","KB only","KB Only"," ","No Rollup"
"4586827","Win2008R2_20-11_B_rollup_KB"," ","0","10-Nov-2020","GDR","4586827 (v1.0)","November 10, 2020-KB4586827 (Monthly Rollup)","http://support.microsoft.com/kb/4586827","KB only","KB only","KB only"," ","20-11Rollup"
