"Binary","Component","Version","Prio","Published","Branch","Article","Title","Link","LDROnlyKB","LDROnlyTitle","LDROnlyLink","Comment","RollupInfo"
"Netlogon.dll","Dom_NETLOGON","6.2.15063.2161","0","17-Oct-19","GDR","4592473","December 8, 2020-KB4592473 (OS Build 15063.2584)","http://support.microsoft.com/kb/4592473","No LDR Only available","No LDR Only available","No LDR Only available","rEX","20-12Rollup"
"Winlogon.exe","Dom_WINLOGON","6.2.15063.2045","0","31-Aug-19","GDR","4592473","December 8, 2020-KB4592473 (OS Build 15063.2584)","http://support.microsoft.com/kb/4592473","No LDR Only available","No LDR Only available","No LDR Only available","rEX","20-12Rollup"
"Msv1_0.dll","Dom_NTLM","6.2.15063.2525","1","30-Sep-20","GDR","4592473","December 8, 2020-KB4592473 (OS Build 15063.2584)","http://support.microsoft.com/kb/4592473","No LDR Only available","No LDR Only available","No LDR Only available","rEX","20-12Rollup"
"Wldap32.dll","Dom_LDAPClient","6.2.15063.1779","0","6-Apr-19","GDR","4592473","December 8, 2020-KB4592473 (OS Build 15063.2584)","http://support.microsoft.com/kb/4592473","No LDR Only available","No LDR Only available","No LDR Only available","rEX","20-12Rollup"
"Lsasrv.dll","Dom_LSA","6.2.15063.2554","0","29-Oct-20","GDR","4592473","December 8, 2020-KB4592473 (OS Build 15063.2584)","http://support.microsoft.com/kb/4592473","No LDR Only available","No LDR Only available","No LDR Only available","rEX","20-12Rollup"
"Ksecpkg.sys","Dom_LSA","6.2.15063.2554","0","29-Oct-20","GDR","4592473","December 8, 2020-KB4592473 (OS Build 15063.2584)","http://support.microsoft.com/kb/4592473","No LDR Only available","No LDR Only available","No LDR Only available","rEX","20-12Rollup"
"AclUI.dll","Dom_SecAuditAndConfig","6.2.15063.1356","1","30-Aug-18","GDR","4592473","December 8, 2020-KB4592473 (OS Build 15063.2584)","http://support.microsoft.com/kb/4592473","No LDR Only available","No LDR Only available","No LDR Only available","rEX","20-12Rollup"
"ScardSvr.dll","Dom_SC_Srv","6.2.15063.994","1","2-Mar-18","GDR","4592473","December 8, 2020-KB4592473 (OS Build 15063.2584)","http://support.microsoft.com/kb/4592473","No LDR Only available","No LDR Only available","No LDR Only available","rEX","20-12Rollup"
"Certprop.dll","Dom_SC_Srv","6.2.15063.1155","1","8-Jun-18","GDR","4592473","December 8, 2020-KB4592473 (OS Build 15063.2584)","http://support.microsoft.com/kb/4592473","No LDR Only available","No LDR Only available","No LDR Only available","rEX","20-12Rollup"
"Gpsvc.dll","Dom_GPSVC","6.2.15063.2525","0","30-Sep-20","GDR","4592473","December 8, 2020-KB4592473 (OS Build 15063.2584)","http://support.microsoft.com/kb/4592473","No LDR Only available","No LDR Only available","No LDR Only available","rEX","20-12Rollup"
"Userenv.dll","Dom_GPSVC","6.2.15063.2525","0","30-Sep-20","GDR","4592473","December 8, 2020-KB4592473 (OS Build 15063.2584)","http://support.microsoft.com/kb/4592473","No LDR Only available","No LDR Only available","No LDR Only available","rEX","20-12Rollup"
"Profsvc.dll","Dom_ProfProc","6.2.15063.2525","0","30-Sep-20","GDR","4592473","December 8, 2020-KB4592473 (OS Build 15063.2584)","http://support.microsoft.com/kb/4592473","No LDR Only available","No LDR Only available","No LDR Only available","rEX","20-12Rollup"
"Fdeploy.dll","Dom_FolderRedir","6.2.15063.540","0","1-Aug-17","GDR","4592473","December 8, 2020-KB4592473 (OS Build 15063.2584)","http://support.microsoft.com/kb/4592473","No LDR Only available","No LDR Only available","No LDR Only available","rEX","20-12Rollup"
"Mrxsmb.sys","Net_SMB_Client","6.2.15063.2045","0","31-Aug-19","GDR","4592473","December 8, 2020-KB4592473 (OS Build 15063.2584)","http://support.microsoft.com/kb/4592473","No LDR Only available","No LDR Only available","No LDR Only available","rEX","20-12Rollup"
"Mrxsmb10.sys","Net_SMB_Client","6.2.15063.1689","0","6-Mar-19","GDR","4592473","December 8, 2020-KB4592473 (OS Build 15063.2584)","http://support.microsoft.com/kb/4592473","No LDR Only available","No LDR Only available","No LDR Only available","rEX","20-12Rollup"
"Mrxsmb20.sys","Net_SMB_Client","6.2.15063.1596","0","5-Jan-19","GDR","4592473","December 8, 2020-KB4592473 (OS Build 15063.2584)","http://support.microsoft.com/kb/4592473","No LDR Only available","No LDR Only available","No LDR Only available","rEX","20-12Rollup"
"Rdbss.sys","Net_SMB_Client","6.2.15063.2106","0","30-Sep-19","GDR","4592473","December 8, 2020-KB4592473 (OS Build 15063.2584)","http://support.microsoft.com/kb/4592473","No LDR Only available","No LDR Only available","No LDR Only available","rEX","20-12Rollup"
"Netbt.sys","Net_SMB_Client","6.2.15063.2525","0","30-Sep-20","GDR","4592473","December 8, 2020-KB4592473 (OS Build 15063.2584)","http://support.microsoft.com/kb/4592473","No LDR Only available","No LDR Only available","No LDR Only available","rEX","20-12Rollup"
"Mup.sys","Net_SMB_Client","6.2.15063.850","0","1-Jan-18","GDR","4592473","December 8, 2020-KB4592473 (OS Build 15063.2584)","http://support.microsoft.com/kb/4592473","No LDR Only available","No LDR Only available","No LDR Only available","rEX","20-12Rollup"
"Netio.sys","Net_Protocol","6.2.15063.909","0","10-Feb-18","GDR","4592473","December 8, 2020-KB4592473 (OS Build 15063.2584)","http://support.microsoft.com/kb/4592473","No LDR Only available","No LDR Only available","No LDR Only available","rEX","20-12Rollup"
"Dfsc.sys","Net_DFS-N_Client","6.2.15063.1112","0","26-Apr-18","GDR","4592473","December 8, 2020-KB4592473 (OS Build 15063.2584)","http://support.microsoft.com/kb/4592473","No LDR Only available","No LDR Only available","No LDR Only available","rEX","20-12Rollup"
"Csc.sys","Net_CSC_Offline","6.2.15063.1266","0","31-Jul-18","GDR","4592473","December 8, 2020-KB4592473 (OS Build 15063.2584)","http://support.microsoft.com/kb/4592473","No LDR Only available","No LDR Only available","No LDR Only available","rEX","20-12Rollup"
"Cscsvc.dll","Net_CSC_Offline","6.2.15063.2467","0","6-Aug-20","GDR","4592473","December 8, 2020-KB4592473 (OS Build 15063.2584)","http://support.microsoft.com/kb/4592473","No LDR Only available","No LDR Only available","No LDR Only available","rEX","20-12Rollup"
"Cscmig.dll","Net_CSC_Offline","6.2.15063.994","0","2-Mar-18","GDR","4592473","December 8, 2020-KB4592473 (OS Build 15063.2584)","http://support.microsoft.com/kb/4592473","No LDR Only available","No LDR Only available","No LDR Only available","rEX","20-12Rollup"
"Cscui.dll","Net_CSC_Offline","6.2.15063.1659","0","16-Feb-19","GDR","4592473","December 8, 2020-KB4592473 (OS Build 15063.2584)","http://support.microsoft.com/kb/4592473","No LDR Only available","No LDR Only available","No LDR Only available","rEX","20-12Rollup"
"Shell32.dll","Net_WebDAV","6.2.15063.2439","0","8-Jul-20","GDR","4592473","December 8, 2020-KB4592473 (OS Build 15063.2584)","http://support.microsoft.com/kb/4592473","No LDR Only available","No LDR Only available","No LDR Only available","rEX","20-12Rollup"
"Winhttp.dll","Net_WebDAV","6.2.15063.1631","0","6-Feb-19","GDR","4592473","December 8, 2020-KB4592473 (OS Build 15063.2584)","http://support.microsoft.com/kb/4592473","No LDR Only available","No LDR Only available","No LDR Only available","rEX","20-12Rollup"
"dnsrslvr.dll","Net_DNS_Client","6.2.15063.2500","0","2-Sep-20","GDR","4592473","December 8, 2020-KB4592473 (OS Build 15063.2584)","http://support.microsoft.com/kb/4592473","No LDR Only available","No LDR Only available","No LDR Only available","rEX","20-12Rollup"
"Rpcss.dll","Net_RPC","6.2.15063.1987","1","30-Jul-19","GDR","4592473","December 8, 2020-KB4592473 (OS Build 15063.2584)","http://support.microsoft.com/kb/4592473","No LDR Only available","No LDR Only available","No LDR Only available","rEX","20-12Rollup"
"Rdpcore.dll","Net_DirectAccess_Client","6.2.15063.2554","1","29-Oct-20","GDR","4592473","December 8, 2020-KB4592473 (OS Build 15063.2584)","http://support.microsoft.com/kb/4592473","No LDR Only available","No LDR Only available","No LDR Only available","rEX","20-12Rollup"
"dot3svc.dll","Net_IEEE802.1x","6.2.15063.850","1","1-Jan-18","GDR","4592473","December 8, 2020-KB4592473 (OS Build 15063.2584)","http://support.microsoft.com/kb/4592473","No LDR Only available","No LDR Only available","No LDR Only available","rEX","20-12Rollup"
"wlansvc.dll","Net_WLAN_Client","6.2.15063.2409","1","2-Jun-20","GDR","4592473","December 8, 2020-KB4592473 (OS Build 15063.2584)","http://support.microsoft.com/kb/4592473","No LDR Only available","No LDR Only available","No LDR Only available","rEX","20-12Rollup"
"wlanmsm.dll","Net_WLAN_Client","6.2.15063.966","1","5-Mar-18","GDR","4592473","December 8, 2020-KB4592473 (OS Build 15063.2584)","http://support.microsoft.com/kb/4592473","No LDR Only available","No LDR Only available","No LDR Only available","rEX","20-12Rollup"
"wlanhlp.dll","Net_WLAN_Client","6.2.15063.0","1","18-Mar-17","GDR","4592473","December 8, 2020-KB4592473 (OS Build 15063.2584)","http://support.microsoft.com/kb/4592473","No LDR Only available","No LDR Only available","No LDR Only available","rEX","20-12Rollup"
"Rasapi32.dll","HNV_Net","6.2.15063.2554","1","29-Oct-20","GDR","4592473","December 8, 2020-KB4592473 (OS Build 15063.2584)","http://support.microsoft.com/kb/4592473","No LDR Only available","No LDR Only available","No LDR Only available","rEX","20-12Rollup"
"Dhcpcsvc6.dll","Net_IPv6","6.2.15063.2500","1","2-Sep-20","GDR","4592473","December 8, 2020-KB4592473 (OS Build 15063.2584)","http://support.microsoft.com/kb/4592473","No LDR Only available","No LDR Only available","No LDR Only available","rEX","20-12Rollup"
"Mpsdrv.sys","Net_Firewall","6.2.15063.1324","1","28-Aug-18","GDR","4592473","December 8, 2020-KB4592473 (OS Build 15063.2584)","http://support.microsoft.com/kb/4592473","No LDR Only available","No LDR Only available","No LDR Only available","rEX","20-12Rollup"
"Ntfs.sys","Core_FileSystem","6.2.15063.2584","0","3-Dec-20","GDR","4592473","December 8, 2020-KB4592473 (OS Build 15063.2584)","http://support.microsoft.com/kb/4592473","No LDR Only available","No LDR Only available","No LDR Only available","rEX","20-12Rollup"
"Storport.sys","Core_DiskSystem","6.2.15063.1897","0","13-Jun-19","GDR","4592473","December 8, 2020-KB4592473 (OS Build 15063.2584)","http://support.microsoft.com/kb/4592473","No LDR Only available","No LDR Only available","No LDR Only available","rEX","20-12Rollup"
"Repdrvfs.dll","Core_WMI","6.2.15063.994","0","2-Mar-18","GDR","4592473","December 8, 2020-KB4592473 (OS Build 15063.2584)","http://support.microsoft.com/kb/4592473","No LDR Only available","No LDR Only available","No LDR Only available","rEX","20-12Rollup"
"Mshtml.dll","IE_Client","11.0.15063.2554","0","29-Oct-20","GDR","4592473","December 8, 2020-KB4592473 (OS Build 15063.2584)","http://support.microsoft.com/kb/4592473","No LDR Only available","No LDR Only available","No LDR Only available","rEX","20-12Rollup"
"4565551","Win2016RS2_20_07_SSU_KB"," ","0","14-Jul-2020","GDR","4565551","Servicing stack update for Windows 10, version 1703: July 14, 2020","http://support.microsoft.com/kb/4565551","KB only","KB only","KB Only"," ","No Rollup"
"4592473","Win2016RS2_20-12_B_rollup_KB"," ","0","08-Dec-2020","GDR","4592473 (v1.0)","December 8, 2020-KB4592473 (OS Build 15063.2584)","http://support.microsoft.com/kb/4592473","KB only","KB only","KB only"," ","20-12Rollup"
