"Binary","Component","Version","Prio","Published","Branch","Article","Title","Link","LDROnlyKB","LDROnlyTitle","LDROnlyLink","Comment","RollupInfo"
"Volsnap.sys","Cluster_Volsnap","6.2.19041.488","0","06-May-20","GDR","4571756 (v1.0)","September 8, 2020-KB4571756 (OS Build 19041.508)","http://support.microsoft.com/kb/4571756","KB only","KB only","KB only","rEX","20-09Rollup"
"Csvflt.sys","Cluster_CSV","6.2.19041.1","0","06-May-20","GDR","4571756","September 8, 2020-KB4571756 (OS Build 19041.508)","http://support.microsoft.com/kb/4571756","No LDR Only available","No LDR Only available","No LDR Only available","rEX","20-09Rollup"
"Csvfs.sys","Cluster_CSV","6.2.19041.1","0","06-May-20","GDR","4571756","September 8, 2020-KB4571756 (OS Build 19041.508)","http://support.microsoft.com/kb/4571756","No LDR Only available","No LDR Only available","No LDR Only available","rEX","20-09Rollup"
"Vmswitch.sys","Hyper-V_Net","6.2.19041.450","1","11-Aug-20","GDR","4571756","September 8, 2020-KB4571756 (OS Build 19041.508)","http://support.microsoft.com/kb/4571756","No LDR Only available","No LDR Only available","No LDR Only available","rEX","20-09Rollup"
"Mslbfoprovider.sys","Hyper-V_Net","6.2.19041.1","1","06-May-20","GDR","4571756","September 8, 2020-KB4571756 (OS Build 19041.508)","http://support.microsoft.com/kb/4571756","No LDR Only available","No LDR Only available","No LDR Only available","rEX","20-09Rollup"
"Wnv.sys","Hyper-V_Net","6.2.19041.1","1","06-May-20","GDR","4571756","September 8, 2020-KB4571756 (OS Build 19041.508)","http://support.microsoft.com/kb/4571756","No LDR Only available","No LDR Only available","No LDR Only available","rEX","20-09Rollup"
"Vmsntfy.dll","Hyper-V_Net","6.2.19041.1","1","06-May-20","GDR","4571756","September 8, 2020-KB4571756 (OS Build 19041.508)","http://support.microsoft.com/kb/4571756","No LDR Only available","No LDR Only available","No LDR Only available","rEX","20-09Rollup"
"Ndisimplatform.sys","Hyper-V_Net","6.2.19041.1","1","06-May-20","GDR","4571756","September 8, 2020-KB4571756 (OS Build 19041.508)","http://support.microsoft.com/kb/4571756","No LDR Only available","No LDR Only available","No LDR Only available","rEX","20-09Rollup"
"Vmms.exe","Hyper-V_Net","6.2.19041.423","1","14-Jul-20","GDR","4571756","September 8, 2020-KB4571756 (OS Build 19041.508)","http://support.microsoft.com/kb/4571756","No LDR Only available","No LDR Only available","No LDR Only available","rEX","20-09Rollup"
"Winnat.sys","Hyper-V_Net","6.2.19041.488","1","06-May-20","GDR","4571756 (v1.0)","September 8, 2020-KB4571756 (OS Build 19041.508)","http://support.microsoft.com/kb/4571756","KB only","KB only","KB only","rEX","20-09Rollup"
"pvhdparser.sys","Hyper-V_Net","6.2.19041.1","1","06-May-20","GDR","4571756","September 8, 2020-KB4571756 (OS Build 19041.508)","http://support.microsoft.com/kb/4571756","No LDR Only available","No LDR Only available","No LDR Only available","rEX","20-09Rollup"
"Wmisvc.dll","Hyper-V_Net","6.2.19041.450","1","11-Aug-20","GDR","4571756","September 8, 2020-KB4571756 (OS Build 19041.508)","http://support.microsoft.com/kb/4571756","No LDR Only available","No LDR Only available","No LDR Only available","rEX","20-09Rollup"
"Vmbus.sys","Hyper-V_Net","6.2.19041.488","1","06-May-20","GDR","4571756 (v1.0)","September 8, 2020-KB4571756 (OS Build 19041.508)","http://support.microsoft.com/kb/4571756","KB only","KB only","KB only","rEX","20-09Rollup"
"Rasapi32.dll","HNV_Net","6.2.19041.450","1","11-Aug-20","GDR","4571756","September 8, 2020-KB4571756 (OS Build 19041.508)","http://support.microsoft.com/kb/4571756","No LDR Only available","No LDR Only available","No LDR Only available","rEX","20-09Rollup"
"Mprapi.dll","HNV_Net","6.2.19041.1","1","06-May-20","GDR","4571756","September 8, 2020-KB4571756 (OS Build 19041.508)","http://support.microsoft.com/kb/4571756","No LDR Only available","No LDR Only available","No LDR Only available","rEX","20-09Rollup"
"Vmwp.exe","Hyper-V_app","6.2.19041.423","1","14-Jul-20","GDR","4571756","September 8, 2020-KB4571756 (OS Build 19041.508)","http://support.microsoft.com/kb/4571756","No LDR Only available","No LDR Only available","No LDR Only available","rEX","20-09Rollup"
"4577266","Win2016_2004_20-09_SSU_KB"," ","0","08-Sep-2020","GDR","4577266","Servicing stack update for Windows 10, version 2004: September 8, 2020","http://support.microsoft.com/kb/4570334","KB only","KB only","KB Only"," ","No Rollup"
"4571756","Win20162004_20-09_B_rollup_KB"," ","0","08-Sep-2020","GDR","4571756 (v1.0)","September 8, 2020-KB4571756 (OS Build 19041.508)","http://support.microsoft.com/kb/4571756","KB only","KB only","KB only"," ","20-09Rollup"
