"Binary","Component","Version","Prio","Published","Branch","Article","Title","Link","LDROnlyKB","LDROnlyTitle","LDROnlyLink","Comment","RollupInfo"
"Vmswitch.sys","Hyper-V_Net","6.2.15063.2161","1","17-Oct-19","GDR","4577021","September 8, 2020-KB4577021 (OS Build 15063.2500)","http://support.microsoft.com/kb/4577021","No LDR Only available","No LDR Only available","No LDR Only available","rEX","20-09Rollup"
"Wnv.sys","Hyper-V_Net","6.2.15063.2375","1","5-May-20","GDR","4577021","September 8, 2020-KB4577021 (OS Build 15063.2500)","http://support.microsoft.com/kb/4577021","No LDR Only available","No LDR Only available","No LDR Only available","rEX","20-09Rollup"
"Ndisimplatform.sys","Hyper-V_Net","6.2.15063.994","1","2-Mar-18","GDR","4577021","September 8, 2020-KB4577021 (OS Build 15063.2500)","http://support.microsoft.com/kb/4577021","No LDR Only available","No LDR Only available","No LDR Only available","rEX","20-09Rollup"
"Vmms.exe","Hyper-V_Net","6.2.15063.2283","1","23-Jan-20","GDR","4577021","September 8, 2020-KB4577021 (OS Build 15063.2500)","http://support.microsoft.com/kb/4577021","No LDR Only available","No LDR Only available","No LDR Only available","rEX","20-09Rollup"
"pvhdparser.sys","Hyper-V_Net","6.2.15063.850","1","1-Jan-18","GDR","4577021","September 8, 2020-KB4577021 (OS Build 15063.2500)","http://support.microsoft.com/kb/4577021","No LDR Only available","No LDR Only available","No LDR Only available","rEX","20-09Rollup"
"Wmisvc.dll","Hyper-V_Net","6.2.15063.2467","1","6-Aug-20","GDR","4577021","September 8, 2020-KB4577021 (OS Build 15063.2500)","http://support.microsoft.com/kb/4577021","No LDR Only available","No LDR Only available","No LDR Only available","rEX","20-09Rollup"
"Rasapi32.dll","HNV_Net","6.2.15063.2467","1","6-Aug-20","GDR","4577021","September 8, 2020-KB4577021 (OS Build 15063.2500)","http://support.microsoft.com/kb/4577021","No LDR Only available","No LDR Only available","No LDR Only available","rEX","20-09Rollup"
"Vmwp.exe","Hyper-V_app","6.2.15063.2283","1","23-Jan-20","GDR","4577021","September 8, 2020-KB4577021 (OS Build 15063.2500)","http://support.microsoft.com/kb/4577021","No LDR Only available","No LDR Only available","No LDR Only available","rEX","20-09Rollup"
"4565551","Win2016RS2_20_07_SSU_KB"," ","0","14-Jul-2020","GDR","4565551","Servicing stack update for Windows 10, version 1703: July 14, 2020","http://support.microsoft.com/kb/4565551","KB only","KB only","KB Only"," ","No Rollup"
"4577021","Win2016RS2_20-09_B_rollup_KB"," ","0","08-Sep-2020","GDR","4577021 (v1.0)","September 8, 2020-KB4577021 (OS Build 15063.2500)","http://support.microsoft.com/kb/4577021","KB only","KB only","KB only"," ","20-09Rollup"
