"Binary","Component","Version","Prio","Published","Branch","Article","Title","Link","LDROnlyKB","LDROnlyTitle","LDROnlyLink","Comment","RollupInfo"
"Ntoskrnl.exe","Core_Kernel","6.2.18362.815","0","21-Apr-20","GDR","4550945","April 21, 2020-KB4550945 (OS Builds 18362.815 and 18363.815)","http://support.microsoft.com/kb/4550945","KB only","KB only","KB only"," ","20-04Rollup"
"Crashdmp.sys","Core_Kernel","6.2.18362.693","0","7-Mar-20","GDR","4550945","April 21, 2020-KB4550945 (OS Builds 18362.815 and 18363.815)","http://support.microsoft.com/kb/4550945","KB only","KB only","KB only"," ","20-04Rollup"
"Ntfs.sys","Core_FileSystem","6.2.18362.719","0","10-Mar-20","GDR","4550945","April 21, 2020-KB4550945 (OS Builds 18362.815 and 18363.815)","http://support.microsoft.com/kb/4550945","KB only","KB only","KB only"," ","20-04Rollup"
"dedup.sys","Core_FileSystem","6.2.18362.1","0","23-Jan-20","GDR","4550945","April 21, 2020-KB4550945 (OS Builds 18362.815 and 18363.815)","http://support.microsoft.com/kb/4550945","KB only","KB only","KB only"," ","20-04Rollup"
"srv.sys","Net_SMB_Server","6.2.18362.628","0","11-Feb-20","GDR","4550945","April 21, 2020-KB4550945 (OS Builds 18362.815 and 18363.815)","http://support.microsoft.com/kb/4550945","KB only","KB only","KB only"," ","20-04Rollup"
"srv2.sys","Net_SMB_Server","6.2.18362.753","0","30-Mar-20","GDR","4550945","April 21, 2020-KB4550945 (OS Builds 18362.815 and 18363.815)","http://support.microsoft.com/kb/4550945","KB only","KB only","KB only"," ","20-04Rollup"
"srvnet.sys","Net_SMB_Server","6.2.18362.693","0","7-Mar-20","GDR","4550945","April 21, 2020-KB4550945 (OS Builds 18362.815 and 18363.815)","http://support.microsoft.com/kb/4550945","KB only","KB only","KB only"," ","20-04Rollup"
"Mrxsmb.sys","Net_SMB_Client","6.2.18362.753","0","30-Mar-20","GDR","4550945","April 21, 2020-KB4550945 (OS Builds 18362.815 and 18363.815)","http://support.microsoft.com/kb/4550945","KB only","KB only","KB only"," ","20-04Rollup"
"Mrxsmb20.sys","Net_SMB_Client","6.2.18362.693","0","7-Mar-20","GDR","4550945","April 21, 2020-KB4550945 (OS Builds 18362.815 and 18363.815)","http://support.microsoft.com/kb/4550945","KB only","KB only","KB only"," ","20-04Rollup"
"Rdbss.sys","Net_SMB_Client","6.2.18362.752","0","24-Mar-20","GDR","4550945","April 21, 2020-KB4550945 (OS Builds 18362.815 and 18363.815)","http://support.microsoft.com/kb/4550945","KB only","KB only","KB only"," ","20-04Rollup"
"Netbt.sys","Net_SMB_Client","6.2.18362.145","0","29-May-19","GDR","4550945","April 21, 2020-KB4550945 (OS Builds 18362.815 and 18363.815)","http://support.microsoft.com/kb/4550945","KB only","KB only","KB only"," ","20-04Rollup"
"Mup.sys","Net_SMB_Client","6.2.18362.207","0","27-Jun-19","GDR","4550945","April 21, 2020-KB4550945 (OS Builds 18362.815 and 18363.815)","http://support.microsoft.com/kb/4550945","KB only","KB only","KB only"," ","20-04Rollup"
"wkssvc.dll","Net_SMB_Client","6.2.18362.267","0","26-Jul-19","GDR","4550945","April 21, 2020-KB4550945 (OS Builds 18362.815 and 18363.815)","http://support.microsoft.com/kb/4550945","KB only","KB only","KB only"," ","20-04Rollup"
"Tcpip.sys","Net_Protocol","6.2.18362.752","0","24-Mar-20","GDR","4550945","April 21, 2020-KB4550945 (OS Builds 18362.815 and 18363.815)","http://support.microsoft.com/kb/4550945","KB only","KB only","KB only"," ","20-04Rollup"
"Afd.sys","Net_Protocol","6.2.18362.815","0","21-Apr-20","GDR","4550945","April 21, 2020-KB4550945 (OS Builds 18362.815 and 18363.815)","http://support.microsoft.com/kb/4550945","KB only","KB only","KB only"," ","20-04Rollup"
"Netio.sys","Net_Protocol","6.2.18362.449","0","24-Oct-19","GDR","4550945","April 21, 2020-KB4550945 (OS Builds 18362.815 and 18363.815)","http://support.microsoft.com/kb/4550945","KB only","KB only","KB only"," ","20-04Rollup"
"Ndis.sys","Net_Protocol","6.2.18362.693","0","7-Mar-20","GDR","4550945","April 21, 2020-KB4550945 (OS Builds 18362.815 and 18363.815)","http://support.microsoft.com/kb/4550945","KB only","KB only","KB only"," ","20-04Rollup"
"Tunnel.sys","Net_IPv6","6.2.18362.476","1","11-Feb-20","GDR","4550945","April 21, 2020-KB4550945 (OS Builds 18362.815 and 18363.815)","http://support.microsoft.com/kb/4550945","KB only","KB only","KB only"," ","20-04Rollup"
"Dhcpcore6.dll","Net_IPv6","6.2.18362.815","1","21-Apr-20","GDR","4550945","April 21, 2020-KB4550945 (OS Builds 18362.815 and 18363.815)","http://support.microsoft.com/kb/4550945","KB only","KB only","KB only"," ","20-04Rollup"
"Dhcpcsvc6.dll","Net_IPv6","6.2.18362.815","1","21-Apr-20","GDR","4550945","April 21, 2020-KB4550945 (OS Builds 18362.815 and 18363.815)","http://support.microsoft.com/kb/4550945","KB only","KB only","KB only"," ","20-04Rollup"
"Nlasvc.dll","Net_NLA","6.2.18362.693","0","7-Mar-20","GDR","4550945","April 21, 2020-KB4550945 (OS Builds 18362.815 and 18363.815)","http://support.microsoft.com/kb/4550945","KB only","KB only","KB only"," ","20-04Rollup"
"Ncsi.dll","Net_NLA","6.2.18362.693","0","7-Mar-20","GDR","4550945","April 21, 2020-KB4550945 (OS Builds 18362.815 and 18363.815)","http://support.microsoft.com/kb/4550945","KB only","KB only","KB only"," ","20-04Rollup"
"Nlaapi.dll","Net_NLA","6.2.18362.693","0","7-Mar-20","GDR","4550945","April 21, 2020-KB4550945 (OS Builds 18362.815 and 18363.815)","http://support.microsoft.com/kb/4550945","KB only","KB only","KB only"," ","20-04Rollup"
"Msv1_0.dll","Dom_NTLM","6.2.18362.476","1","12-Nov-19","GDR","4550945","April 21, 2020-KB4550945 (OS Builds 18362.815 and 18363.815)","http://support.microsoft.com/kb/4550945","KB only","KB only","KB only"," ","20-04Rollup"
"Dns.exe","Net_DNS_Srv","6.2.18362.1","0","23-Jan-20","GDR","4550945","April 21, 2020-KB4550945 (OS Builds 18362.815 and 18363.815)","http://support.microsoft.com/kb/4550945","KB only","KB only","KB only"," ","20-04Rollup"
"Dhcpssvc.dll","Net_DHCP_Srv","6.2.18362.1","0","23-Jan-20","GDR","4550945","April 21, 2020-KB4550945 (OS Builds 18362.815 and 18363.815)","http://support.microsoft.com/kb/4550945","KB only","KB only","KB only"," ","20-04Rollup"
"Nfssvc.exe","Net_NFS_Srv","6.2.18362.1","0","22-Jan-20","GDR","4550945","April 21, 2020-KB4550945 (OS Builds 18362.815 and 18363.815)","http://support.microsoft.com/kb/4550945","KB only","KB only","KB only"," ","20-04Rollup"
"Nfssvr.sys","Net_NFS_Srv","6.2.18362.1","0","22-Jan-20","GDR","4550945","April 21, 2020-KB4550945 (OS Builds 18362.815 and 18363.815)","http://support.microsoft.com/kb/4550945","KB only","KB only","KB only"," ","20-04Rollup"
"Msnfsflt.sys","Net_NFS_Srv","6.2.18362.1","0","23-Jan-20","GDR","4550945","April 21, 2020-KB4550945 (OS Builds 18362.815 and 18363.815)","http://support.microsoft.com/kb/4550945","KB only","KB only","KB only"," ","20-04Rollup"
"Csc.sys","Net_CSC_Offline","6.2.18362.693","1","7-Mar-20","GDR","4550945","April 21, 2020-KB4550945 (OS Builds 18362.815 and 18363.815)","http://support.microsoft.com/kb/4550945","KB only","KB only","KB only"," ","20-04Rollup"
"Cscsvc.dll","Net_CSC_Offline","6.2.18362.719","1","10-Mar-20","GDR","4550945","April 21, 2020-KB4550945 (OS Builds 18362.815 and 18363.815)","http://support.microsoft.com/kb/4550945","KB only","KB only","KB only"," ","20-04Rollup"
"Cscmig.dll","Net_CSC_Offline","6.2.18362.693","1","7-Mar-20","GDR","4550945","April 21, 2020-KB4550945 (OS Builds 18362.815 and 18363.815)","http://support.microsoft.com/kb/4550945","KB only","KB only","KB only"," ","20-04Rollup"
"Cscui.dll","Net_CSC_Offline","6.2.18362.628","1","28-Jan-20","GDR","4550945","April 21, 2020-KB4550945 (OS Builds 18362.815 and 18363.815)","http://support.microsoft.com/kb/4550945","KB only","KB only","KB only"," ","20-04Rollup"
"Mrxdav.sys","Net_WebDAV","6.2.18362.387","1","26-Sep-19","GDR","4550945","April 21, 2020-KB4550945 (OS Builds 18362.815 and 18363.815)","http://support.microsoft.com/kb/4550945","KB only","KB only","KB only"," ","20-04Rollup"
"Shell32.dll","Net_WebDAV","6.2.18362.815","1","21-Apr-20","GDR","4550945","April 21, 2020-KB4550945 (OS Builds 18362.815 and 18363.815)","http://support.microsoft.com/kb/4550945","KB only","KB only","KB only"," ","20-04Rollup"
"Winhttp.dll","Net_WebDAV","6.2.18362.778","1","14-Apr-20","GDR","4550945","April 21, 2020-KB4550945 (OS Builds 18362.815 and 18363.815)","http://support.microsoft.com/kb/4550945","KB only","KB only","KB only"," ","20-04Rollup"
"Dhcpcore.dll","Net_DHCP_Client","6.2.18362.815","1","21-Apr-20","GDR","4550945","April 21, 2020-KB4550945 (OS Builds 18362.815 and 18363.815)","http://support.microsoft.com/kb/4550945","KB only","KB only","KB only"," ","20-04Rollup"
"Dhcpcsvc.dll","Net_DHCP_Client","6.2.18362.815","1","21-Apr-20","GDR","4550945","April 21, 2020-KB4550945 (OS Builds 18362.815 and 18363.815)","http://support.microsoft.com/kb/4550945","KB only","KB only","KB only"," ","20-04Rollup"
"Gpme.dll","Dom_GPP","6.2.18362.449","1","21-Oct-19","GDR","4550945","April 21, 2020-KB4550945 (OS Builds 18362.815 and 18363.815)","http://support.microsoft.com/kb/4550945","KB only","KB only","KB only"," ","20-04Rollup"
"Gppref.dll","Dom_GPP","6.2.18362.449","1","21-Oct-19","GDR","4550945","April 21, 2020-KB4550945 (OS Builds 18362.815 and 18363.815)","http://support.microsoft.com/kb/4550945","KB only","KB only","KB only"," ","20-04Rollup"
"Gpprefbr.dll","Dom_GPP","6.2.18362.449","1","21-Oct-19","GDR","4550945","April 21, 2020-KB4550945 (OS Builds 18362.815 and 18363.815)","http://support.microsoft.com/kb/4550945","KB only","KB only","KB only"," ","20-04Rollup"
"Gpprefcn.dll","Dom_GPP","6.2.18362.449","1","21-Oct-19","GDR","4550945","April 21, 2020-KB4550945 (OS Builds 18362.815 and 18363.815)","http://support.microsoft.com/kb/4550945","KB only","KB only","KB only"," ","20-04Rollup"
"Gpregistrybrowser.dll","Dom_GPP","6.2.18362.449","1","21-Oct-19","GDR","4550945","April 21, 2020-KB4550945 (OS Builds 18362.815 and 18363.815)","http://support.microsoft.com/kb/4550945","KB only","KB only","KB only"," ","20-04Rollup"
"Propshts.dll","Dom_GPP","6.2.18362.449","1","21-Oct-19","GDR","4550945","April 21, 2020-KB4550945 (OS Builds 18362.815 and 18363.815)","http://support.microsoft.com/kb/4550945","KB only","KB only","KB only"," ","20-04Rollup"
"Profsvc.dll","Dom_ProfProc","6.2.18362.693","1","7-Mar-20","GDR","4550945","April 21, 2020-KB4550945 (OS Builds 18362.815 and 18363.815)","http://support.microsoft.com/kb/4550945","KB only","KB only","KB only"," ","20-04Rollup"
"Kerberos.dll","Dom_KERBEROS","6.2.18362.815","0","21-Apr-20","GDR","4550945","April 21, 2020-KB4550945 (OS Builds 18362.815 and 18363.815)","http://support.microsoft.com/kb/4550945","KB only","KB only","KB only"," ","20-04Rollup"
"dnsapi.dll","Net_DNS_Client","6.2.18362.815","1","21-Apr-20","GDR","4550945","April 21, 2020-KB4550945 (OS Builds 18362.815 and 18363.815)","http://support.microsoft.com/kb/4550945","KB only","KB only","KB only"," ","20-04Rollup"
"dnsrslvr.dll","Net_DNS_Client","6.2.18362.815","1","21-Apr-20","GDR","4550945","April 21, 2020-KB4550945 (OS Builds 18362.815 and 18363.815)","http://support.microsoft.com/kb/4550945","KB only","KB only","KB only"," ","20-04Rollup"
"Rpcss.dll","Net_RPC","6.2.18362.752","1","24-Mar-20","GDR","4550945","April 21, 2020-KB4550945 (OS Builds 18362.815 and 18363.815)","http://support.microsoft.com/kb/4550945","KB only","KB only","KB only"," ","20-04Rollup"
"Rpcrt4.dll","Net_RPC","6.2.18362.628","1","28-Jan-20","GDR","4550945","April 21, 2020-KB4550945 (OS Builds 18362.815 and 18363.815)","http://support.microsoft.com/kb/4550945","KB only","KB only","KB only"," ","20-04Rollup"
"Bfe.dll","Net_Ipsec_BFE","6.2.18362.207","1","27-Jun-19","GDR","4550945","April 21, 2020-KB4550945 (OS Builds 18362.815 and 18363.815)","http://support.microsoft.com/kb/4550945","KB only","KB only","KB only"," ","20-04Rollup"
"Ikeext.dll","Net_Ipsec_BFE","6.2.18362.207","1","27-Jun-19","GDR","4550945","April 21, 2020-KB4550945 (OS Builds 18362.815 and 18363.815)","http://support.microsoft.com/kb/4550945","KB only","KB only","KB only"," ","20-04Rollup"
"Fwpuclnt.dll","Net_Ipsec_BFE","6.2.18362.207","1","27-Jun-19","GDR","4550945","April 21, 2020-KB4550945 (OS Builds 18362.815 and 18363.815)","http://support.microsoft.com/kb/4550945","KB only","KB only","KB only"," ","20-04Rollup"
"Iphlpsvc.dll","Net_DirectAccess_Client","6.2.18362.476","1","12-Nov-19","GDR","4550945","April 21, 2020-KB4550945 (OS Builds 18362.815 and 18363.815)","http://support.microsoft.com/kb/4550945","KB only","KB only","KB only"," ","20-04Rollup"
"Rdpcore.dll","Net_DirectAccess_Client","6.2.18362.693","1","7-Mar-20","GDR","4550945","April 21, 2020-KB4550945 (OS Builds 18362.815 and 18363.815)","http://support.microsoft.com/kb/4550945","KB only","KB only","KB only"," ","20-04Rollup"
"dot3svc.dll","Net_IEEE802.1x","6.2.18362.778","1","14-Apr-20","GDR","4550945","April 21, 2020-KB4550945 (OS Builds 18362.815 and 18363.815)","http://support.microsoft.com/kb/4550945","KB only","KB only","KB only"," ","20-04Rollup"
"Rastls.dll","Net_IEEE802.1x","6.2.18362.207","1","27-Jun-19","GDR","4550945","April 21, 2020-KB4550945 (OS Builds 18362.815 and 18363.815)","http://support.microsoft.com/kb/4550945","KB only","KB only","KB only"," ","20-04Rollup"
"wlansvc.dll","Net_WLAN_Client","6.2.18362.239","1","09-Jul-19","GDR","4550945","April 21, 2020-KB4550945 (OS Builds 18362.815 and 18363.815)","http://support.microsoft.com/kb/4550945","KB only","KB only","KB only"," ","20-04Rollup"
"wlanmsm.dll","Net_WLAN_Client","6.2.18362.239","1","09-Jul-19","GDR","4550945","April 21, 2020-KB4550945 (OS Builds 18362.815 and 18363.815)","http://support.microsoft.com/kb/4550945","KB only","KB only","KB only"," ","20-04Rollup"
"wlanapi.dll","Net_WLAN_Client","6.2.18362.239","1","09-Jul-19","GDR","4550945","April 21, 2020-KB4550945 (OS Builds 18362.815 and 18363.815)","http://support.microsoft.com/kb/4550945","KB only","KB only","KB only"," ","20-04Rollup"
"wlansec.dll","Net_WLAN_Client","6.2.18362.239","1","09-Jul-19","GDR","4550945","April 21, 2020-KB4550945 (OS Builds 18362.815 and 18363.815)","http://support.microsoft.com/kb/4550945","KB only","KB only","KB only"," ","20-04Rollup"
"wlansvcpal.dll","Net_WLAN_Client","6.2.18362.239","1","09-Jul-19","GDR","4550945","April 21, 2020-KB4550945 (OS Builds 18362.815 and 18363.815)","http://support.microsoft.com/kb/4550945","KB only","KB only","KB only"," ","20-04Rollup"
"wlanhlp.dll","Net_WLAN_Client","6.2.18362.239","1","09-Jul-19","GDR","4550945","April 21, 2020-KB4550945 (OS Builds 18362.815 and 18363.815)","http://support.microsoft.com/kb/4550945","KB only","KB only","KB only"," ","20-04Rollup"
"Rasapi32.dll","HNV_Net","6.2.18362.387","1","26-Sep-19","GDR","4550945","April 21, 2020-KB4550945 (OS Builds 18362.815 and 18363.815)","http://support.microsoft.com/kb/4550945","KB only","KB only","KB only"," ","20-04Rollup"
"WebIo.dll","Net_BranchCache","6.2.18362.628","1","28-Jan-20","GDR","4550945","April 21, 2020-KB4550945 (OS Builds 18362.815 and 18363.815)","http://support.microsoft.com/kb/4550945","KB only","KB only","KB only"," ","20-04Rollup"
"MpsSvc.dll","Net_Firewall","6.2.18362.449","1","24-Oct-19","GDR","4550945","April 21, 2020-KB4550945 (OS Builds 18362.815 and 18363.815)","http://support.microsoft.com/kb/4550945","KB only","KB only","KB only"," ","20-04Rollup"
"qmgr.dll","Net_BiTS","7.8.18362.719","1","10-Mar-20","GDR","4550945","April 21, 2020-KB4550945 (OS Builds 18362.815 and 18363.815)","http://support.microsoft.com/kb/4550945","KB only","KB only","KB only"," ","20-04Rollup"
"Vmswitch.sys","Hyper-V_Net","6.2.18362.752","1","7-Mar-20","GDR","4550945","April 21, 2020-KB4550945 (OS Builds 18362.815 and 18363.815)","http://support.microsoft.com/kb/4550945","KB only","KB only","KB only"," ","20-04Rollup"
"Ndisimplatform.sys","Hyper-V_Net","6.2.18362.693","1","7-Mar-20","GDR","4550945","April 21, 2020-KB4550945 (OS Builds 18362.815 and 18363.815)","http://support.microsoft.com/kb/4550945","KB only","KB only","KB only"," ","20-04Rollup"
"Vmms.exe","Hyper-V_Net","6.2.18362.449","1","24-Oct-19","GDR","4550945","April 21, 2020-KB4550945 (OS Builds 18362.815 and 18363.815)","http://support.microsoft.com/kb/4550945","KB only","KB only","KB only"," ","20-04Rollup"
"Winnat.sys","Hyper-V_Net","6.2.18362.815","1","21-Apr-20","GDR","4550945","April 21, 2020-KB4550945 (OS Builds 18362.815 and 18363.815)","http://support.microsoft.com/kb/4550945","KB only","KB only","KB only"," ","20-04Rollup"
"Vmbus.sys","Hyper-V_Net","6.2.18362.693","1","7-Mar-20","GDR","4550945","April 21, 2020-KB4550945 (OS Builds 18362.815 and 18363.815)","http://support.microsoft.com/kb/4550945","KB only","KB only","KB only"," ","20-04Rollup"
"WorkFolders.exe","Net_WorkFolders","6.2.18362.778","1","14-Apr-20","GDR","4550945","April 21, 2020-KB4550945 (OS Builds 18362.815 and 18363.815)","http://support.microsoft.com/kb/4550945","KB only","KB only","KB only"," ","20-04Rollup"
"WorkFoldersshell.dll","Net_WorkFolders","6.2.18362.778","1","14-Apr-20","GDR","4550945","April 21, 2020-KB4550945 (OS Builds 18362.815 and 18363.815)","http://support.microsoft.com/kb/4550945","KB only","KB only","KB only"," ","20-04Rollup"
"WorkFolderssvc.dll","Net_WorkFolders","6.2.18362.778","1","14-Apr-20","GDR","4550945","April 21, 2020-KB4550945 (OS Builds 18362.815 and 18363.815)","http://support.microsoft.com/kb/4550945","KB only","KB only","KB only"," ","20-04Rollup"
"WorkFolderscontrol.dll","Net_WorkFolders","6.2.18362.778","1","14-Apr-20","GDR","4550945","April 21, 2020-KB4550945 (OS Builds 18362.815 and 18363.815)","http://support.microsoft.com/kb/4550945","KB only","KB only","KB only"," ","20-04Rollup"
"Syncsharesrv.dll","Net_WorkFolders","6.2.18362.1","1","23-Jan-20","GDR","4550945","April 21, 2020-KB4550945 (OS Builds 18362.815 and 18363.815)","http://support.microsoft.com/kb/4550945","KB only","KB only","KB only"," ","20-04Rollup"
"4552152","Win2016_1903_20_04_SSU_KB"," ","0","14-Apr-2020","GDR","4552152","Servicing stack update for Windows 10, version 1903 and 1909: April 14, 2020","http://support.microsoft.com/kb/4552152","KB only","KB only","KB Only"," ","No Rollup"
"4550945","Win201619H1_20-04_C_rollup_KB"," ","0","21-Apr-2020","GDR","4550945 (v1.0)","April 21, 2020-KB4550945 (OS Builds 18362.815 and 18363.815)","http://support.microsoft.com/kb/4550945","KB only","KB only","KB only"," ","20-04Rollup"
