"Binary","Component","Version","Prio","Published","Branch","Article","Title","Link","LDROnlyKB","LDROnlyTitle","LDROnlyLink","Comment","RollupInfo"
"clussvc.exe","Cluster_Core","6.1.7601.22882","0","19.11.2014","LDR","2972254 (v1.0)","Hyper-V virtual machines cannot be connected to sometimes when TCP connections reconnect in Windows Server 2012 R2","http://support.microsoft.com/kb/2972254","2972254 (v1.0)","Hyper-V virtual machines cannot be connected to sometimes when TCP connections reconnect in Windows Server 2012 R2","http://support.microsoft.com/kb/2972254"," ","16-04Rollup"
"cluswmi.dll","Cluster_Core","6.1.7601.22882","0","19.11.2014","LDR","2972254 (v1.0)","Hyper-V virtual machines cannot be connected to sometimes when TCP connections reconnect in Windows Server 2012 R2","http://support.microsoft.com/kb/2972254","2972254 (v1.0)","Hyper-V virtual machines cannot be connected to sometimes when TCP connections reconnect in Windows Server 2012 R2","http://support.microsoft.com/kb/2972254"," ","16-04Rollup"
"rhs.exe","Cluster_Core","6.1.7601.22500","0","03.11.2013","LDR","2907244 (v1.0)","Spurious RHS deadlocks occur when the system time is adjusted forward in Windows Server 2008 R2 SP1","http://support.microsoft.com/kb/2907244","2907244 (v1.0)","Spurious RHS deadlocks occur when the system time is adjusted forward in Windows Server 2008 R2 SP1","http://support.microsoft.com/kb/2907244"," ","16-04Rollup"
"clusres.dll","Cluster_Core","6.1.7601.23120","0","10.07.2015","LDR","3078412 (v1.0)","Rhs.exe process crashes during offline of IP address resource in Windows Server 2008 R2 SP1","http://support.microsoft.com/kb/3078412","3078412 (v1.0)","Rhs.exe process crashes during offline of IP address resource in Windows Server 2008 R2 SP1","http://support.microsoft.com/kb/3078412"," ","16-04Rollup"
"Netft.sys","Cluster_Core","6.1.7601.23887","0","9-Aug-17","LDR","4556836","May 12, 2020-KB4556836 (Monthly Rollup)","http://support.microsoft.com/kb/4556836","No LDR Only available","No LDR Only available","No LDR Only available","rEX","20-05Rollup"
"clusauthmgr.dll","Cluster_Core","6.1.7601.22400","0","24.07.2013","LDR","2871803 (v1.0)","""0x0000007E"" Stop error when you log off from a Windows Server 2008 R2 SP1-based failover cluster","http://support.microsoft.com/kb/2871803","2871803 (v1.0)","""0x0000007E"" Stop error when you log off from a Windows Server 2008 R2 SP1-based failover cluster","http://support.microsoft.com/kb/2871803"," ","16-04Rollup"
"csvfilter.sys","Cluster_CSV","6.1.7601.22400","0","24.07.2013","LDR","2871803 (v1.0)","""0x0000007E"" Stop error when you log off from a Windows Server 2008 R2 SP1-based failover cluster","http://support.microsoft.com/kb/2871803","2871803 (v1.0)","""0x0000007E"" Stop error when you log off from a Windows Server 2008 R2 SP1-based failover cluster","http://support.microsoft.com/kb/2871803"," ","16-04Rollup"
"vhdmp.sys","Cluster_CSV","6.1.7601.21891","0","05.01.2012","LDRGDR","2662288 (v1.0)","A differencing VHD file that is created by using Microsoft iSCSI Software Target 3.3 becomes corrupted when you mount or attach it in Windows Server 2008 R2 or in Windows 7","http://support.microsoft.com/kb/2662288","2614122 (v1.0)","Windows Server 2008 R2-based computer may stop responding when dynamic VHDs that are created on the computer experience high I/O activity","http://support.microsoft.com/kb/2614122"," ","16-04Rollup"
"clusdisk.sys","Cluster_Disk","6.1.7601.22173","0","24.11.2012","LDR","2786667 (v1.0)","Validate simultaneous failover test fails when you run cluster validation tests on a multi-node failover cluster that is running Windows Server 2008 R2 SP1","http://support.microsoft.com/kb/2786667","2786667 (v1.0)","Validate simultaneous failover test fails when you run cluster validation tests on a multi-node failover cluster that is running Windows Server 2008 R2 SP1","http://support.microsoft.com/kb/2786667"," ","16-04Rollup"
"volsnap.sys","Cluster_Volsnap","6.1.7601.23033","0","11.04.2015","LDR","3056066 (v1.0)","Backups fail for VMs with pre-existing software snapshots that use shadow storage set to a different drive in Windows 7 and Windows Server 2008 R2","http://support.microsoft.com/kb/3056066","3056066 (v1.0)","Backups fail for VMs with pre-existing software snapshots that use shadow storage set to a different drive in Windows 7 and Windows Server 2008 R2","http://support.microsoft.com/kb/3056066"," ","16-04Rollup"
"cprepsrv.exe","Cluster_Validation","6.1.7601.22212","1","08.01.2013","LDR","2795696 (v1.0)","The Validate Multiple Arbitration test fails when you run the Failover Cluster Validation Wizard in Windows Server 2008 R2","http://support.microsoft.com/kb/2795696","2795696 (v1.0)","The Validate Multiple Arbitration test fails when you run the Failover Cluster Validation Wizard in Windows Server 2008 R2","http://support.microsoft.com/kb/2795696"," ","16-04Rollup"
"Failoverclusters.agent.interop.dll","Cluster_Validation","6.1.7601.23403","1","25-Mar-2016","LDR","3125574","Convenience roll-up update for Windows 7 SP1 and Windows Server 2008 R2 SP1","http://support.microsoft.com/kb/3125574","No LDR Only available","No LDR Only available","No LDR Only available","rEX","16-04Rollup"
"mpio.sys","Core_MPIO","6.1.7601.23103","0","20.06.2015","LDR","3070714 (v3.0)","I/O failure during MPIO path failover in Windows Server 2008 R2 SP1","http://support.microsoft.com/kb/3070714","3070714 (v3.0)","I/O failure during MPIO path failover in Windows Server 2008 R2 SP1","http://support.microsoft.com/kb/3070714"," ","16-04Rollup"
"msdsm.sys","Core_MPIO","6.1.7601.23103","0","20.06.2015","LDR","3070714 (v3.0)","I/O failure during MPIO path failover in Windows Server 2008 R2 SP1","http://support.microsoft.com/kb/3070714","3070714 (v3.0)","I/O failure during MPIO path failover in Windows Server 2008 R2 SP1","http://support.microsoft.com/kb/3070714"," ","16-04Rollup"
"storport.sys","Core_DiskSystem","6.1.7601.23172","0","14.08.2015","LDRGDR","3087873 (v2.0)","""0x0000007E"" Stop error after you install hotfix 2990941 in Windows 7 SP1 or Windows Server 2008 R2 SP1","http://support.microsoft.com/kb/3087873","2769701 (v1.0)","Slow disk write performance when you use a back-end SAN on a computer that is running Windows Server 2008 R2","http://support.microsoft.com/kb/2769701","rEX","16-04Rollup"
"4490628","Win2008R2_19_03_SSU_KB"," ","0","12-Mar-2020","LDR","4490628","Servicing stack update for Windows 7 SP1 and Windows Server 2008 R2 SP1: March 12, 2019","http://support.microsoft.com/kb/4490628","KB only","KB only","KB Only"," ","No Rollup"
"4474419","Win2008R2_19_09_SHA_KB"," ","0","23-Sep-2019","LDR","4474419","SHA-2 code signing support update for Windows Server 2008 R2, Windows 7, and Windows Server 2008: September 23, 2019","http://support.microsoft.com/kb/4474419","KB only","KB only","KB Only"," ","No Rollup"
"4550738","Win2008R2_20_04_SSU_KB"," ","0","12-Mar-2020","LDR","4550738","Servicing stack update for Windows 7 SP1 and Server 2008 R2 SP1: April 14, 2020","http://support.microsoft.com/kb/4550738","KB only","KB only","KB Only"," ","No Rollup"
"4538483","Win2008R2_20_02_ESU_KB"," ","0","11-Feb-2020","LDR","4538483","Extended Security Updates (ESU) Licensing Preparation Package for Windows 7 SP1 and Windows Server 2008 R2 SP1","http://support.microsoft.com/kb/4538483","KB only","KB only","KB Only"," ","No Rollup"
"3125574","Win2008R2_16_04B_rollup_KB"," ","0","07-May-2016","LDR","3125574 (v1.0)","Convenience roll-up update for Windows 7 SP1 and Windows Server 2008 R2 SP1","http://support.microsoft.com/kb/3125574","KB only","KB only","KB Only"," ","No Rollup"
"4556836","Win2008R2_20-05_B_rollup_KB"," ","0","12-May-2020","GDR","4556836 (v1.0)","May 12, 2020-KB4556836 (Monthly Rollup)","http://support.microsoft.com/kb/4556836","KB only","KB only","KB only"," ","20-05Rollup"
