"Binary","Component","Version","Prio","Published","Branch","Article","Title","Link","LDROnlyKB","LDROnlyTitle","LDROnlyLink","Comment","RollupInfo"
"Ntoskrnl.exe","Core_Kernel","6.2.17763.1554","0","20-Oct-20","GDR","4586793 (v1.0)","November 10, 2020-KB4586793 (OS Build 17763.1577)","http://support.microsoft.com/kb/4586793","KB only","KB only","KB only"," ","20-11Rollup"
"Crashdmp.sys","Core_Kernel","6.2.17763.771","0","8-Oct-19","GDR","4586793 (v1.0)","November 10, 2020-KB4586793 (OS Build 17763.1577)","http://support.microsoft.com/kb/4586793","KB only","KB only","KB only"," ","20-11Rollup"
"Ntfs.sys","Core_FileSystem","6.2.17763.1554","0","20-Oct-20","GDR","4586793 (v1.0)","November 10, 2020-KB4586793 (OS Build 17763.1577)","http://support.microsoft.com/kb/4586793","KB only","KB only","KB only"," ","20-11Rollup"
"dedup.sys","Core_FileSystem","6.2.17763.1554","0","13-Oct-20","GDR","4586793 (v1.0)","November 10, 2020-KB4586793 (OS Build 17763.1577)","http://support.microsoft.com/kb/4586793","KB only","KB only","KB only"," ","20-11Rollup"
"Robocopy.exe","Net_Applications","6.2.17763.1490","1","16-Sep-20","GDR","4586793 (v1.0)","November 10, 2020-KB4586793 (OS Build 17763.1577)","http://support.microsoft.com/kb/4586793","KB only","KB only","KB only"," ","20-11Rollup"
"srv.sys","Net_SMB_Server","6.2.17763.1282","0","09-Jun-20","GDR","4586793 (v1.0)","November 10, 2020-KB4586793 (OS Build 17763.1577)","http://support.microsoft.com/kb/4586793","KB only","KB only","KB only"," ","20-11Rollup"
"srv2.sys","Net_SMB_Server","6.2.17763.1554","0","20-Oct-20","GDR","4586793 (v1.0)","November 10, 2020-KB4586793 (OS Build 17763.1577)","http://support.microsoft.com/kb/4586793","KB only","KB only","KB only"," ","20-11Rollup"
"srvnet.sys","Net_SMB_Server","6.2.17763.1075","0","23-Jan-20","GDR","4586793 (v1.0)","November 10, 2020-KB4586793 (OS Build 17763.1577)","http://support.microsoft.com/kb/4586793","KB only","KB only","KB only"," ","20-11Rollup"
"Srvsvc.dll","Net_SMB_Server","6.2.17763.529","0","21-May-19","GDR","4586793 (v1.0)","November 10, 2020-KB4586793 (OS Build 17763.1577)","http://support.microsoft.com/kb/4586793","KB only","KB only","KB only"," ","20-11Rollup"
"Mrxsmb.sys","Net_SMB_Client","6.2.17763.1369","0","21-Jul-20","GDR","4586793 (v1.0)","November 10, 2020-KB4586793 (OS Build 17763.1577)","http://support.microsoft.com/kb/4586793","KB only","KB only","KB only"," ","20-11Rollup"
"Mrxsmb10.sys","Net_SMB_Client","6.2.17763.379","0","12-Mar-19","GDR","4586793 (v1.0)","November 10, 2020-KB4586793 (OS Build 17763.1577)","http://support.microsoft.com/kb/4586793","KB only","KB only","KB only"," ","20-11Rollup"
"Mrxsmb20.sys","Net_SMB_Client","6.2.17763.1432","0","20-Aug-20","GDR","4586793 (v1.0)","November 10, 2020-KB4586793 (OS Build 17763.1577)","http://support.microsoft.com/kb/4586793","KB only","KB only","KB only"," ","20-11Rollup"
"Rdbss.sys","Net_SMB_Client","6.2.17763.1369","0","21-Jul-20","GDR","4586793 (v1.0)","November 10, 2020-KB4586793 (OS Build 17763.1577)","http://support.microsoft.com/kb/4586793","KB only","KB only","KB only"," ","20-11Rollup"
"Netbt.sys","Net_SMB_Client","6.2.17763.1518","0","13-Oct-20","GDR","4586793 (v1.0)","November 10, 2020-KB4586793 (OS Build 17763.1577)","http://support.microsoft.com/kb/4586793","KB only","KB only","KB only"," ","20-11Rollup"
"Mup.sys","Net_SMB_Client","6.2.17763.1","0","17-Jan-20","GDR","4586793 (v1.0)","November 10, 2020-KB4586793 (OS Build 17763.1577)","http://support.microsoft.com/kb/4586793","KB only","KB only","KB only"," ","20-11Rollup"
"wkssvc.dll","Net_SMB_Client","6.2.17763.592","0","18-Jun-19","GDR","4586793 (v1.0)","November 10, 2020-KB4586793 (OS Build 17763.1577)","http://support.microsoft.com/kb/4586793","KB only","KB only","KB only"," ","20-11Rollup"
"Tcpip.sys","Net_Protocol","6.2.17763.1554","0","20-Oct-20","GDR","4586793 (v1.0)","November 10, 2020-KB4586793 (OS Build 17763.1577)","http://support.microsoft.com/kb/4586793","KB only","KB only","KB only"," ","20-11Rollup"
"Afd.sys","Net_Protocol","6.2.17763.1432","0","20-Aug-20","GDR","4586793 (v1.0)","November 10, 2020-KB4586793 (OS Build 17763.1577)","http://support.microsoft.com/kb/4586793","KB only","KB only","KB only"," ","20-11Rollup"
"Netio.sys","Net_Protocol","6.2.17763.1554","0","20-Oct-20","GDR","4586793 (v1.0)","November 10, 2020-KB4586793 (OS Build 17763.1577)","http://support.microsoft.com/kb/4586793","KB only","KB only","KB only"," ","20-11Rollup"
"Ndis.sys","Net_Protocol","6.2.17763.1432","0","20-Aug-20","GDR","4586793 (v1.0)","November 10, 2020-KB4586793 (OS Build 17763.1577)","http://support.microsoft.com/kb/4586793","KB only","KB only","KB only"," ","20-11Rollup"
"Netiohlp.dll","Net_Protocol","6.2.17763.292","0","12-Feb-19","GDR","4586793 (v1.0)","November 10, 2020-KB4586793 (OS Build 17763.1577)","http://support.microsoft.com/kb/4586793","KB only","KB only","KB only"," ","20-11Rollup"
"Iphlpapi.dll","Net_Protocol","6.2.17763.615","0","9-Jul-19","GDR","4586793 (v1.0)","November 10, 2020-KB4586793 (OS Build 17763.1577)","http://support.microsoft.com/kb/4586793","KB only","KB only","KB only"," ","20-11Rollup"
"Tunnel.sys","Net_IPv6","6.2.17763.864","1","10-Jan-20","GDR","4586793 (v1.0)","November 10, 2020-KB4586793 (OS Build 17763.1577)","http://support.microsoft.com/kb/4586793","KB only","KB only","KB only"," ","20-11Rollup"
"Dhcpcore6.dll","Net_IPv6","6.2.17763.1457","1","08-Sep-20","GDR","4586793 (v1.0)","November 10, 2020-KB4586793 (OS Build 17763.1577)","http://support.microsoft.com/kb/4586793","KB only","KB only","KB only"," ","20-11Rollup"
"Dhcpcsvc6.dll","Net_IPv6","6.2.17763.1457","1","08-Sep-20","GDR","4586793 (v1.0)","November 10, 2020-KB4586793 (OS Build 17763.1577)","http://support.microsoft.com/kb/4586793","KB only","KB only","KB only"," ","20-11Rollup"
"Nlasvc.dll","Net_NLA","6.2.17763.1339","0","14-Jul-20","GDR","4586793 (v1.0)","November 10, 2020-KB4586793 (OS Build 17763.1577)","http://support.microsoft.com/kb/4586793","KB only","KB only","KB only"," ","20-11Rollup"
"Ncsi.dll","Net_NLA","6.2.17763.1339","0","14-Jul-20","GDR","4586793 (v1.0)","November 10, 2020-KB4586793 (OS Build 17763.1577)","http://support.microsoft.com/kb/4586793","KB only","KB only","KB only"," ","20-11Rollup"
"Nlaapi.dll","Net_NLA","6.2.17763.134","0","13-Nov-18","GDR","4586793 (v1.0)","November 10, 2020-KB4586793 (OS Build 17763.1577)","http://support.microsoft.com/kb/4586793","KB only","KB only","KB only"," ","20-11Rollup"
"Msv1_0.dll","Dom_NTLM","6.2.17763.1397","1","11-Aug-20","GDR","4586793 (v1.0)","November 10, 2020-KB4586793 (OS Build 17763.1577)","http://support.microsoft.com/kb/4586793","KB only","KB only","KB only"," ","20-11Rollup"
"Dns.exe","Net_DNS_Srv","6.2.17763.1457","0","08-Sep-20","GDR","4586793 (v1.0)","November 10, 2020-KB4586793 (OS Build 17763.1577)","http://support.microsoft.com/kb/4586793","KB only","KB only","KB only"," ","20-11Rollup"
"Dhcpssvc.dll","Net_DHCP_Srv","6.2.17763.678","0","13-Aug-19","GDR","4586793 (v1.0)","November 10, 2020-KB4586793 (OS Build 17763.1577)","http://support.microsoft.com/kb/4586793","KB only","KB only","KB only"," ","20-11Rollup"
"Nfssvc.exe","Net_NFS_Srv","6.2.17763.1","0","17-Jan-20","GDR","4586793 (v1.0)","November 10, 2020-KB4586793 (OS Build 17763.1577)","http://support.microsoft.com/kb/4586793","KB only","KB only","KB only"," ","20-11Rollup"
"Nfssvr.sys","Net_NFS_Srv","6.2.17763.1490","0","16-Sep-20","GDR","4586793 (v1.0)","November 10, 2020-KB4586793 (OS Build 17763.1577)","http://support.microsoft.com/kb/4586793","KB only","KB only","KB only"," ","20-11Rollup"
"Msnfsflt.sys","Net_NFS_Srv","6.2.17763.1","0","17-Jan-20","GDR","4586793 (v1.0)","November 10, 2020-KB4586793 (OS Build 17763.1577)","http://support.microsoft.com/kb/4586793","KB only","KB only","KB only"," ","20-11Rollup"
"rpcxdr.sys","Net_NFS_Srv","6.2.17763.1","0","2-Nov-20","GDR","4586793","November 10, 2020-KB4586793 (OS Build 17763.1577)","http://support.microsoft.com/kb/4586793","KB only","KB only","KB only"," ","20-11Rollup"
"Csc.sys","Net_CSC_Offline","6.2.17763.1490","1","16-Sep-20","GDR","4586793 (v1.0)","November 10, 2020-KB4586793 (OS Build 17763.1577)","http://support.microsoft.com/kb/4586793","KB only","KB only","KB only"," ","20-11Rollup"
"Cscapi.dll","Net_CSC_Offline","6.2.17763.404","1","2-Apr-19","GDR","4586793 (v1.0)","November 10, 2020-KB4586793 (OS Build 17763.1577)","http://support.microsoft.com/kb/4586793","KB only","KB only","KB only"," ","20-11Rollup"
"Cscdll.dll","Net_CSC_Offline","6.2.17763.404","1","2-Apr-19","GDR","4586793 (v1.0)","November 10, 2020-KB4586793 (OS Build 17763.1577)","http://support.microsoft.com/kb/4586793","KB only","KB only","KB only"," ","20-11Rollup"
"Cscsvc.dll","Net_CSC_Offline","6.2.17763.1397","1","11-Aug-20","GDR","4586793 (v1.0)","November 10, 2020-KB4586793 (OS Build 17763.1577)","http://support.microsoft.com/kb/4586793","KB only","KB only","KB only"," ","20-11Rollup"
"Cscmig.dll","Net_CSC_Offline","6.2.17763.1","1","25-Oct-18","GDR","4586793 (v1.0)","November 10, 2020-KB4586793 (OS Build 17763.1577)","http://support.microsoft.com/kb/4586793","KB only","KB only","KB only"," ","20-11Rollup"
"Cscui.dll","Net_CSC_Offline","6.2.17763.1075","1","23-Jan-20","GDR","4586793 (v1.0)","November 10, 2020-KB4586793 (OS Build 17763.1577)","http://support.microsoft.com/kb/4586793","KB only","KB only","KB only"," ","20-11Rollup"
"Mrxdav.sys","Net_WebDAV","6.2.17763.771","1","24-Sep-19","GDR","4586793 (v1.0)","November 10, 2020-KB4586793 (OS Build 17763.1577)","http://support.microsoft.com/kb/4586793","KB only","KB only","KB only"," ","20-11Rollup"
"Shell32.dll","Net_WebDAV","6.2.17763.1554","1","20-Oct-20","GDR","4586793 (v1.0)","November 10, 2020-KB4586793 (OS Build 17763.1577)","http://support.microsoft.com/kb/4586793","KB only","KB only","KB only"," ","20-11Rollup"
"Winhttp.dll","Net_WebDAV","6.2.17763.1554","1","20-Oct-20","GDR","4586793 (v1.0)","November 10, 2020-KB4586793 (OS Build 17763.1577)","http://support.microsoft.com/kb/4586793","KB only","KB only","KB only"," ","20-11Rollup"
"Dhcpcore.dll","Net_DHCP_Client","6.2.17763.1457","1","08-Sep-20","GDR","4586793 (v1.0)","November 10, 2020-KB4586793 (OS Build 17763.1577)","http://support.microsoft.com/kb/4586793","KB only","KB only","KB only"," ","20-11Rollup"
"Dhcpcsvc.dll","Net_DHCP_Client","6.2.17763.1457","1","08-Sep-20","GDR","4586793 (v1.0)","November 10, 2020-KB4586793 (OS Build 17763.1577)","http://support.microsoft.com/kb/4586793","KB only","KB only","KB only"," ","20-11Rollup"
"Gpprefcl.dll","Dom_GPP","6.2.17763.1339","1","14-Jul-20","GDR","4586793 (v1.0)","November 10, 2020-KB4586793 (OS Build 17763.1577)","http://support.microsoft.com/kb/4586793","KB only","KB only","KB only"," ","20-11Rollup"
"Gpme.dll","Dom_GPP","6.2.17763.1518","1","30-Sep-20","GDR","4586793 (v1.0)","November 10, 2020-KB4586793 (OS Build 17763.1577)","http://support.microsoft.com/kb/4586793","KB only","KB only","KB only"," ","20-11Rollup"
"Gppref.dll","Dom_GPP","6.2.17763.1518","1","30-Sep-20","GDR","4586793 (v1.0)","November 10, 2020-KB4586793 (OS Build 17763.1577)","http://support.microsoft.com/kb/4586793","KB only","KB only","KB only"," ","20-11Rollup"
"Gpprefbr.dll","Dom_GPP","6.2.17763.1518","1","30-Sep-20","GDR","4586793 (v1.0)","November 10, 2020-KB4586793 (OS Build 17763.1577)","http://support.microsoft.com/kb/4586793","KB only","KB only","KB only"," ","20-11Rollup"
"Gpprefcn.dll","Dom_GPP","6.2.17763.1","1","17-Jan-20","GDR","4586793 (v1.0)","November 10, 2020-KB4586793 (OS Build 17763.1577)","http://support.microsoft.com/kb/4586793","KB only","KB only","KB only"," ","20-11Rollup"
"Gpregistrybrowser.dll","Dom_GPP","6.2.17763.1518","1","30-Sep-20","GDR","4586793 (v1.0)","November 10, 2020-KB4586793 (OS Build 17763.1577)","http://support.microsoft.com/kb/4586793","KB only","KB only","KB only"," ","20-11Rollup"
"Propshts.dll","Dom_GPP","6.2.17763.1518","1","30-Sep-20","GDR","4586793 (v1.0)","November 10, 2020-KB4586793 (OS Build 17763.1577)","http://support.microsoft.com/kb/4586793","KB only","KB only","KB only"," ","20-11Rollup"
"Profsvc.dll","Dom_ProfProc","6.2.17763.1554","1","20-Oct-20","GDR","4586793 (v1.0)","November 10, 2020-KB4586793 (OS Build 17763.1577)","http://support.microsoft.com/kb/4586793","KB only","KB only","KB only"," ","20-11Rollup"
"Kerberos.dll","Dom_KERBEROS","6.2.17763.1490","0","16-Sep-20","GDR","4586793 (v1.0)","November 10, 2020-KB4586793 (OS Build 17763.1577)","http://support.microsoft.com/kb/4586793","KB only","KB only","KB only"," ","20-11Rollup"
"Nfsclnt.exe","Net_NFS_Client","6.2.17763.1","1","12-Sep-20","GDR","4586793 (v1.0)","November 10, 2020-KB4586793 (OS Build 17763.1577)","http://support.microsoft.com/kb/4586793","KB only","KB only","KB only"," ","20-11Rollup"
"Nfsrdr.sys","Net_NFS_Client","6.2.17763.1","1","12-Sep-20","GDR","4586793 (v1.0)","November 10, 2020-KB4586793 (OS Build 17763.1577)","http://support.microsoft.com/kb/4586793","KB only","KB only","KB only"," ","20-11Rollup"
"dnsapi.dll","Net_DNS_Client","6.2.17763.1554","1","20-Oct-20","GDR","4586793 (v1.0)","November 10, 2020-KB4586793 (OS Build 17763.1577)","http://support.microsoft.com/kb/4586793","KB only","KB only","KB only"," ","20-11Rollup"
"dnsrslvr.dll","Net_DNS_Client","6.2.17763.1554","1","20-Oct-20","GDR","4586793 (v1.0)","November 10, 2020-KB4586793 (OS Build 17763.1577)","http://support.microsoft.com/kb/4586793","KB only","KB only","KB only"," ","20-11Rollup"
"Rpcss.dll","Net_RPC","6.2.17763.1131","1","17-Mar-20","GDR","4586793 (v1.0)","November 10, 2020-KB4586793 (OS Build 17763.1577)","http://support.microsoft.com/kb/4586793","KB only","KB only","KB only"," ","20-11Rollup"
"Rpcrt4.dll","Net_RPC","6.2.17763.1554","1","20-Oct-20","GDR","4586793 (v1.0)","November 10, 2020-KB4586793 (OS Build 17763.1577)","http://support.microsoft.com/kb/4586793","KB only","KB only","KB only"," ","20-11Rollup"
"Bfe.dll","Net_Ipsec_BFE","6.2.17763.1554","1","20-Oct-20","GDR","4586793 (v1.0)","November 10, 2020-KB4586793 (OS Build 17763.1577)","http://support.microsoft.com/kb/4586793","KB only","KB only","KB only"," ","20-11Rollup"
"Ikeext.dll","Net_Ipsec_BFE","6.2.17763.1554","1","20-Oct-20","GDR","4586793 (v1.0)","November 10, 2020-KB4586793 (OS Build 17763.1577)","http://support.microsoft.com/kb/4586793","KB only","KB only","KB only"," ","20-11Rollup"
"Fwpuclnt.dll","Net_Ipsec_BFE","6.2.17763.1554","1","20-Oct-20","GDR","4586793 (v1.0)","November 10, 2020-KB4586793 (OS Build 17763.1577)","http://support.microsoft.com/kb/4586793","KB only","KB only","KB only"," ","20-11Rollup"
"Iphlpsvc.dll","Net_DirectAccess_Client","6.2.17763.864","1","13-Aug-19","GDR","4586793 (v1.0)","November 10, 2020-KB4586793 (OS Build 17763.1577)","http://support.microsoft.com/kb/4586793","KB only","KB only","KB only"," ","20-11Rollup"
"Rdpcore.dll","Net_DirectAccess_Client","6.2.17763.1554","1","20-Oct-20","GDR","4586793 (v1.0)","November 10, 2020-KB4586793 (OS Build 17763.1577)","http://support.microsoft.com/kb/4586793","KB only","KB only","KB only"," ","20-11Rollup"
"dot3svc.dll","Net_IEEE802.1x","6.2.17763.1369","1","21-Jul-20","GDR","4586793 (v1.0)","November 10, 2020-KB4586793 (OS Build 17763.1577)","http://support.microsoft.com/kb/4586793","KB only","KB only","KB only"," ","20-11Rollup"
"Rastls.dll","Net_IEEE802.1x","6.2.17763.592","1","18-Jun-19","GDR","4586793 (v1.0)","November 10, 2020-KB4586793 (OS Build 17763.1577)","http://support.microsoft.com/kb/4586793","KB only","KB only","KB only"," ","20-11Rollup"
"wlansvc.dll","Net_WLAN_Client","6.2.17763.1282","1","09-Jun-20","GDR","4586793 (v1.0)","November 10, 2020-KB4586793 (OS Build 17763.1577)","http://support.microsoft.com/kb/4586793","KB only","KB only","KB only"," ","20-11Rollup"
"wlanmsm.dll","Net_WLAN_Client","6.2.17763.592","1","18-Jun-19","GDR","4586793 (v1.0)","November 10, 2020-KB4586793 (OS Build 17763.1577)","http://support.microsoft.com/kb/4586793","KB only","KB only","KB only"," ","20-11Rollup"
"wlanapi.dll","Net_WLAN_Client","6.2.17763.615","1","9-Jul-19","GDR","4586793 (v1.0)","November 10, 2020-KB4586793 (OS Build 17763.1577)","http://support.microsoft.com/kb/4586793","KB only","KB only","KB only"," ","20-11Rollup"
"wlansec.dll","Net_WLAN_Client","6.2.17763.1","1","17-Jan-20","GDR","4586793 (v1.0)","November 10, 2020-KB4586793 (OS Build 17763.1577)","http://support.microsoft.com/kb/4586793","KB only","KB only","KB only"," ","20-11Rollup"
"wlansvcpal.dll","Net_WLAN_Client","6.2.17763.1","1","17-Jan-20","GDR","4586793 (v1.0)","November 10, 2020-KB4586793 (OS Build 17763.1577)","http://support.microsoft.com/kb/4586793","KB only","KB only","KB only"," ","20-11Rollup"
"wlanhlp.dll","Net_WLAN_Client","6.2.17763.1","1","17-Jan-20","GDR","4586793 (v1.0)","November 10, 2020-KB4586793 (OS Build 17763.1577)","http://support.microsoft.com/kb/4586793","KB only","KB only","KB only"," ","20-11Rollup"
"Rasapi32.dll","HNV_Net","6.2.17763.1397","1","11-Aug-20","GDR","4586793 (v1.0)","November 10, 2020-KB4586793 (OS Build 17763.1577)","http://support.microsoft.com/kb/4586793","KB only","KB only","KB only"," ","20-11Rollup"
"WebIo.dll","Net_BranchCache","6.2.17763.1554","1","20-Oct-20","GDR","4586793 (v1.0)","November 10, 2020-KB4586793 (OS Build 17763.1577)","http://support.microsoft.com/kb/4586793","KB only","KB only","KB only"," ","20-11Rollup"
"Pacer.sys","Net_QoS","6.2.17763.1397","1","11-Aug-20","GDR","4586793 (v1.0)","November 10, 2020-KB4586793 (OS Build 17763.1577)","http://support.microsoft.com/kb/4586793","KB only","KB only","KB only"," ","20-11Rollup"
"Mpsdrv.sys","Net_Firewall","6.2.17763.404","1","2-Apr-19","GDR","4586793 (v1.0)","November 10, 2020-KB4586793 (OS Build 17763.1577)","http://support.microsoft.com/kb/4586793","KB only","KB only","KB only"," ","20-11Rollup"
"MpsSvc.dll","Net_Firewall","6.2.17763.1282","1","09-Jun-20","GDR","4586793 (v1.0)","November 10, 2020-KB4586793 (OS Build 17763.1577)","http://support.microsoft.com/kb/4586793","KB only","KB only","KB only"," ","20-11Rollup"
"qmgr.dll","Net_BiTS","7.8.17763.1554","1","20-Oct-20","GDR","4586793 (v1.0)","November 10, 2020-KB4586793 (OS Build 17763.1577)","http://support.microsoft.com/kb/4586793","KB only","KB only","KB only"," ","20-11Rollup"
"Vmswitch.sys","Hyper-V_Net","6.2.17763.1518","1","13-Oct-20","GDR","4586793 (v1.0)","November 10, 2020-KB4586793 (OS Build 17763.1577)","http://support.microsoft.com/kb/4586793","KB only","KB only","KB only"," ","20-11Rollup"
"Wnv.sys","Hyper-V_Net","6.2.17763.1518","1","13-Oct-20","GDR","4586793 (v1.0)","November 10, 2020-KB4586793 (OS Build 17763.1577)","http://support.microsoft.com/kb/4586793","KB only","KB only","KB only"," ","20-11Rollup"
"Ndisimplatform.sys","Hyper-V_Net","6.2.17763.1","1","17-Jan-20","GDR","4586793 (v1.0)","November 10, 2020-KB4586793 (OS Build 17763.1577)","http://support.microsoft.com/kb/4586793","KB only","KB only","KB only"," ","20-11Rollup"
"Vmms.exe","Hyper-V_Net","6.2.17763.1490","1","16-Sep-20","GDR","4586793 (v1.0)","November 10, 2020-KB4586793 (OS Build 17763.1577)","http://support.microsoft.com/kb/4586793","KB only","KB only","KB only"," ","20-11Rollup"
"Winnat.sys","Hyper-V_Net","6.2.17763.1490","1","16-Sep-20","GDR","4586793 (v1.0)","November 10, 2020-KB4586793 (OS Build 17763.1577)","http://support.microsoft.com/kb/4586793","KB only","KB only","KB only"," ","20-11Rollup"
"pvhdparser.sys","Hyper-V_Net","6.2.17763.1554","1","2-Nov-20","GDR","4586793","November 10, 2020-KB4586793 (OS Build 17763.1577)","http://support.microsoft.com/kb/4586793","KB only","KB only","KB only"," ","20-11Rollup"
"Wmisvc.dll","Hyper-V_Net","6.2.17763.1554","1","20-Oct-20","GDR","4586793 (v1.0)","November 10, 2020-KB4586793 (OS Build 17763.1577)","http://support.microsoft.com/kb/4586793","KB only","KB only","KB only"," ","20-11Rollup"
"Vmbus.sys","Hyper-V_Net","6.2.17763.771","1","8-Oct-19","GDR","4586793 (v1.0)","November 10, 2020-KB4586793 (OS Build 17763.1577)","http://support.microsoft.com/kb/4586793","KB only","KB only","KB only"," ","20-11Rollup"
"WorkFolders.exe","Net_WorkFolders","6.2.17763.1","1","17-Jan-20","GDR","4586793 (v1.0)","November 10, 2020-KB4586793 (OS Build 17763.1577)","http://support.microsoft.com/kb/4586793","KB only","KB only","KB only"," ","20-11Rollup"
"WorkFoldersshell.dll","Net_WorkFolders","6.2.17763.1","1","17-Jan-20","GDR","4586793 (v1.0)","November 10, 2020-KB4586793 (OS Build 17763.1577)","http://support.microsoft.com/kb/4586793","KB only","KB only","KB only"," ","20-11Rollup"
"WorkFolderssvc.dll","Net_WorkFolders","6.2.17763.1282","1","09-Jun-20","GDR","4586793 (v1.0)","November 10, 2020-KB4586793 (OS Build 17763.1577)","http://support.microsoft.com/kb/4586793","KB only","KB only","KB only"," ","20-11Rollup"
"WorkFolderscontrol.dll","Net_WorkFolders","6.2.17763.1282","1","09-Jun-20","GDR","4586793 (v1.0)","November 10, 2020-KB4586793 (OS Build 17763.1577)","http://support.microsoft.com/kb/4586793","KB only","KB only","KB only"," ","20-11Rollup"
"Syncsharesvc.dll","Net_WorkFolders","6.2.17763.652","1","17-Jan-20","GDR","4586793 (v1.0)","November 10, 2020-KB4586793 (OS Build 17763.1577)","http://support.microsoft.com/kb/4586793","KB only","KB only","KB only"," ","20-11Rollup"
"Syncsharesrv.dll","Net_WorkFolders","6.2.17763.652","1","17-Jan-20","GDR","4586793 (v1.0)","November 10, 2020-KB4586793 (OS Build 17763.1577)","http://support.microsoft.com/kb/4586793","KB only","KB only","KB only"," ","20-11Rollup"
"Syncsharettlib.dll","Net_WorkFolders","6.2.17763.1","1","17-Jan-20","GDR","4586793 (v1.0)","November 10, 2020-KB4586793 (OS Build 17763.1577)","http://support.microsoft.com/kb/4586793","KB only","KB only","KB only"," ","20-11Rollup"
"Syncsharettsvc.exe","Net_WorkFolders","6.2.17763.1","1","17-Jan-20","GDR","4586793 (v1.0)","November 10, 2020-KB4586793 (OS Build 17763.1577)","http://support.microsoft.com/kb/4586793","KB only","KB only","KB only"," ","20-11Rollup"
"4587735","Win2016RS5_20_11_SSU_KB"," ","0","10-Nov-2020","GDR","4587735","Servicing stack update for Windows 10, version 1809: November 10, 2020","http://support.microsoft.com/kb/4587735","KB only","KB only","KB Only"," ","No Rollup"
"4586793","Win2016RS5_20-11_B_rollup_KB"," ","0","10-Nov-2020","GDR","4586793 (v1.0)","November 10, 2020-KB4586793 (OS Build 17763.1577)","http://support.microsoft.com/kb/4586793","KB only","KB only","KB only"," ","20-11Rollup"
