"Binary","Component","Version","Prio","Published","Branch","Article","Title","Link","LDROnlyKB","LDROnlyTitle","LDROnlyLink","Comment","RollupInfo"
"Ntoskrnl.exe","Core_Kernel","6.2.18362.719","0","10-Mar-20","GDR","4540673","March 10, 2020-KB4540673 (OS Builds 18362.719 and 18363.719)","http://support.microsoft.com/kb/4540673","KB only","KB only","KB only"," ","20-03Rollup"
"Crashdmp.sys","Core_Kernel","6.2.18362.693","0","7-Mar-20","GDR","4540673","March 10, 2020-KB4540673 (OS Builds 18362.719 and 18363.719)","http://support.microsoft.com/kb/4540673","KB only","KB only","KB only"," ","20-03Rollup"
"win32k.sys","Core_Kernel","6.2.18362.719","0","10-Mar-20","GDR","4540673","March 10, 2020-KB4540673 (OS Builds 18362.719 and 18363.719)","http://support.microsoft.com/kb/4540673","KB only","KB only","KB only"," ","20-03Rollup"
"Rdpshell.exe","RDS_remote_App","6.2.18362.387","0","26-Sep-19","GDR","4540673 (v1.0)","March 10, 2020-KB4540673 (OS Builds 18362.719 and 18363.719)","http://support.microsoft.com/kb/4540673","KB only","KB only","KB only"," ","20-03Rollup"
"Rdsdwmdr.dll","RDS_remote_App","6.2.18362.657","0","8-Feb-20","GDR","4540673","March 10, 2020-KB4540673 (OS Builds 18362.719 and 18363.719)","http://support.microsoft.com/kb/4540673","KB only","KB only","KB only"," ","20-03Rollup"
"Audioeng.dll","RDS_devRdr","6.2.18362.628","1","28-Jan-20","GDR","4540673 (v1.0)","March 10, 2020-KB4540673 (OS Builds 18362.719 and 18363.719)","http://support.microsoft.com/kb/4540673","KB only","KB only","KB only"," ","20-03Rollup"
"Audiokse.dll","RDS_devRdr","6.2.18362.628","1","28-Jan-20","GDR","4540673 (v1.0)","March 10, 2020-KB4540673 (OS Builds 18362.719 and 18363.719)","http://support.microsoft.com/kb/4540673","KB only","KB only","KB only"," ","20-03Rollup"
"Audioses.dll","RDS_devRdr","6.2.18362.628","1","28-Jan-20","GDR","4540673 (v1.0)","March 10, 2020-KB4540673 (OS Builds 18362.719 and 18363.719)","http://support.microsoft.com/kb/4540673","KB only","KB only","KB only"," ","20-03Rollup"
"Audiosrv.dll","RDS_devRdr","6.2.18362.628","1","28-Jan-20","GDR","4540673 (v1.0)","March 10, 2020-KB4540673 (OS Builds 18362.719 and 18363.719)","http://support.microsoft.com/kb/4540673","KB only","KB only","KB only"," ","20-03Rollup"
"Tsvmhasvc.dll","RDS_vHost","6.2.18362.1","0","23-Jan-20","GDR","4540673 (v1.0)","March 10, 2020-KB4540673 (OS Builds 18362.719 and 18363.719)","http://support.microsoft.com/kb/4540673","KB only","KB only","KB only"," ","20-03Rollup"
"aaedge.dll","RDS_gateway","6.2.18362.1","1","23-Jan-20","GDR","4540673 (v1.0)","March 10, 2020-KB4540673 (OS Builds 18362.719 and 18363.719)","http://support.microsoft.com/kb/4540673","KB only","KB only","KB only"," ","20-03Rollup"
"dxgkrnl.sys","RDS_host","6.2.18362.719","1","10-Mar-20","GDR","4540673","March 10, 2020-KB4540673 (OS Builds 18362.719 and 18363.719)","http://support.microsoft.com/kb/4540673","KB only","KB only","KB only"," ","20-03Rollup"
"sessenv.dll","RDS_host","6.2.18362.387","1","26-Sep-19","GDR","4540673 (v1.0)","March 10, 2020-KB4540673 (OS Builds 18362.719 and 18363.719)","http://support.microsoft.com/kb/4540673","KB only","KB only","KB only"," ","20-03Rollup"
"Profsvc.dll","Dom_ProfProc","6.2.18362.693","1","7-Mar-20","GDR","4540673","March 10, 2020-KB4540673 (OS Builds 18362.719 and 18363.719)","http://support.microsoft.com/kb/4540673","KB only","KB only","KB only"," ","20-03Rollup"
"4541338","Win2016_1909_20_03_SSU_KB"," ","0","10-Mar-2020","GDR","4541338","Servicing stack update for Windows 10, version 1903 and 1909: March 10, 2020","http://support.microsoft.com/kb/4541338","KB only","KB only","KB Only"," ","No Rollup"
"4540673","Win201619H2_20-03_B_rollup_KB"," ","0","10-Mar-2020","GDR","4540673 (v1.0)","March 10, 2020-KB4540673 (OS Builds 18362.719 and 18363.719)","http://support.microsoft.com/kb/4540673","KB only","KB only","KB only"," ","20-03Rollup"
