"Binary","Component","Version","Prio","Published","Branch","Article","Title","Link","LDROnlyKB","LDROnlyTitle","LDROnlyLink","Comment","RollupInfo"
"Localspl.dll","Print_Spool","6.2.18362.175","0","11-Jun-19","GDR","4530684 (v1.0)","December 10, 2019-KB4530684 (OS Builds 18362.535 and 18363.535)","http://support.microsoft.com/kb/4530684","KB only","KB only","KB only"," ","19-12Rollup"
"Spoolsv.exe","Print_Spool","6.2.18362.476","0","26-Sep-19","GDR","4530684","December 10, 2019-KB4530684 (OS Builds 18362.535 and 18363.535)","http://support.microsoft.com/kb/4530684","KB only","KB only","KB only","rEX","19-12Rollup"
"Winspool.drv","Print_Spool","6.2.18362.267","0","26-Jul-19","GDR","4530684 (v1.0)","December 10, 2019-KB4530684 (OS Builds 18362.535 and 18363.535)","http://support.microsoft.com/kb/4530684","KB only","KB only","KB only"," ","19-12Rollup"
"Printfilterpipelineprxy.dll","Print_App","6.2.18362.535","0","4-Dec-19","GDR","4530684","December 10, 2019-KB4530684 (OS Builds 18362.535 and 18363.535)","http://support.microsoft.com/kb/4530684","No LDR Only available","No LDR Only available","No LDR Only available","rEX","19-12Rollup"
"Printfilterpipelinesvc.exe","Print_App","6.2.18362.535","0","4-Dec-19","GDR","4530684","December 10, 2019-KB4530684 (OS Builds 18362.535 and 18363.535)","http://support.microsoft.com/kb/4530684","No LDR Only available","No LDR Only available","No LDR Only available","rEX","19-12Rollup"
"splwow64.exe","Print_App","6.2.18362.239","0","09-Jul-19","GDR","4530684 (v1.0)","December 10, 2019-KB4530684 (OS Builds 18362.535 and 18363.535)","http://support.microsoft.com/kb/4530684","KB only","KB only","KB only"," ","19-12Rollup"
"Mxdwdrv.dll","Print_Driver","6.2.18362.145","1","29-May-19","GDR","4530684 (v1.0)","December 10, 2019-KB4530684 (OS Builds 18362.535 and 18363.535)","http://support.microsoft.com/kb/4530684","KB only","KB only","KB only"," ","19-12Rollup"
"Pcl4res.dll","Print_Driver","6.2.18362.1","1","4-Dec-19","GDR","4530684","December 10, 2019-KB4530684 (OS Builds 18362.535 and 18363.535)","http://support.microsoft.com/kb/4530684","No LDR Only available","No LDR Only available","No LDR Only available","rEX","19-12Rollup"
"Pscript5.dll","Print_Driver","6.2.18362.145","1","29-May-19","GDR","4530684 (v1.0)","December 10, 2019-KB4530684 (OS Builds 18362.535 and 18363.535)","http://support.microsoft.com/kb/4530684","KB only","KB only","KB only"," ","19-12Rollup"
"Unidrv.dll","Print_Driver","6.2.18362.1","1","4-Dec-19","GDR","4530684","December 10, 2019-KB4530684 (OS Builds 18362.535 and 18363.535)","http://support.microsoft.com/kb/4530684","No LDR Only available","No LDR Only available","No LDR Only available","rEX","19-12Rollup"
"Unires.dll","Print_Driver","6.2.18362.1","1","4-Dec-19","GDR","4530684","December 10, 2019-KB4530684 (OS Builds 18362.535 and 18363.535)","http://support.microsoft.com/kb/4530684","No LDR Only available","No LDR Only available","No LDR Only available","rEX","19-12Rollup"
"4524569","Win2016_1903_19_11_SSU_KB"," ","0","12-Nov-2019","GDR","4524569","Servicing stack update for Windows 10, version 1903: November 12, 2019","http://support.microsoft.com/kb/4524569","KB only","KB only","KB Only"," ","No Rollup"
"4530684","Win201619H1_19-12_B_rollup_KB"," ","0","10-Dec-2019","GDR","4530684 (v1.0)","December 10, 2019-KB4530684 (OS Builds 18362.535 and 18363.535)","http://support.microsoft.com/kb/4530684","KB only","KB only","KB only"," ","19-12Rollup"
