"Binary","Component","Version","Prio","Published","Branch","Article","Title","Link","LDROnlyKB","LDROnlyTitle","LDROnlyLink","Comment","RollupInfo"
"Ntoskrnl.exe","Core_Kernel","6.2.10240.18485","0","28-Jan-20","GDR","4537776","February 11, 2020-KB4537776 (OS Build 10240.18486)","http://support.microsoft.com/kb/4537776","No LDR Only available","No LDR Only available","No LDR Only available","rEX","20-02Rollup"
"win32k.sys","Core_Kernel","6.2.10240.16384","0","10-Jul-15","GDR","4537776","February 11, 2020-KB4537776 (OS Build 10240.18486)","http://support.microsoft.com/kb/4537776","No LDR Only available","No LDR Only available","No LDR Only available","rEX","20-02Rollup"
"Rdpshell.exe","RDS_remote_App","6.2.10240.18036","0","25-Oct-18","GDR","4537776","February 11, 2020-KB4537776 (OS Build 10240.18486)","http://support.microsoft.com/kb/4537776","No LDR Only available","No LDR Only available","No LDR Only available","rEX","20-02Rollup"
"Rdsdwmdr.dll","RDS_remote_App","6.2.10240.18485","0","28-Jan-20","GDR","4537776","February 11, 2020-KB4537776 (OS Build 10240.18486)","http://support.microsoft.com/kb/4537776","No LDR Only available","No LDR Only available","No LDR Only available","rEX","20-02Rollup"
"Audioeng.dll","RDS_devRdr","6.2.10240.18036","1","25-Oct-18","GDR","4537776","February 11, 2020-KB4537776 (OS Build 10240.18486)","http://support.microsoft.com/kb/4537776","No LDR Only available","No LDR Only available","No LDR Only available","rEX","20-02Rollup"
"Audiokse.dll","RDS_devRdr","6.2.10240.18036","1","25-Oct-18","GDR","4537776","February 11, 2020-KB4537776 (OS Build 10240.18486)","http://support.microsoft.com/kb/4537776","No LDR Only available","No LDR Only available","No LDR Only available","rEX","20-02Rollup"
"Audioses.dll","RDS_devRdr","6.2.10240.18036","1","25-Oct-18","GDR","4537776","February 11, 2020-KB4537776 (OS Build 10240.18486)","http://support.microsoft.com/kb/4537776","No LDR Only available","No LDR Only available","No LDR Only available","rEX","20-02Rollup"
"Audiosrv.dll","RDS_devRdr","6.2.10240.18275","1","4-Jul-19","GDR","4537776","February 11, 2020-KB4537776 (OS Build 10240.18486)","http://support.microsoft.com/kb/4537776","No LDR Only available","No LDR Only available","No LDR Only available","rEX","20-02Rollup"
"Vmrdvcore.dll","RDS_vHost","6.2.10240.18036","0","25-Oct-18","GDR","4537776","February 11, 2020-KB4537776 (OS Build 10240.18486)","http://support.microsoft.com/kb/4537776","No LDR Only available","No LDR Only available","No LDR Only available","rEX","20-02Rollup"
"dxgkrnl.sys","RDS_host","6.2.10240.18485","1","28-Jan-20","GDR","4537776","February 11, 2020-KB4537776 (OS Build 10240.18486)","http://support.microsoft.com/kb/4537776","No LDR Only available","No LDR Only available","No LDR Only available","rEX","20-02Rollup"
"sessenv.dll","RDS_host","6.2.10240.17738","1","2-Jan-18","GDR","4537776","February 11, 2020-KB4537776 (OS Build 10240.18486)","http://support.microsoft.com/kb/4537776","No LDR Only available","No LDR Only available","No LDR Only available","rEX","20-02Rollup"
"Profsvc.dll","Dom_ProfProc","6.2.10240.18485","1","28-Jan-20","GDR","4537776","February 11, 2020-KB4537776 (OS Build 10240.18486)","http://support.microsoft.com/kb/4537776","No LDR Only available","No LDR Only available","No LDR Only available","rEX","20-02Rollup"
"4523200","Win2016_19_11_SSU_KB"," ","0","12-Nov-2019","GDR","4523200","Servicing stack update for Windows 10, version 1507: November 12, 2019","http://support.microsoft.com/kb/4523200","KB only","KB only","KB Only"," ","No Rollup"
"4537776","Win2016_20-02_B_rollup_KB"," ","0","11-Feb-2020","GDR","4537776 (v1.0)","February 11, 2020-KB4537776 (OS Build 10240.18486)","http://support.microsoft.com/kb/4537776","KB only","KB only","KB only"," ","20-02Rollup"
