"Binary","Component","Version","Prio","Published","Branch","Article","Title","Link","LDROnlyKB","LDROnlyTitle","LDROnlyLink","Comment","RollupInfo"
"Ntoskrnl.exe","Core_Kernel","6.2.18362.1377","0","09-Feb-21","GDR","4601315 (v1.0)","February 9, 2021-KB4601315 (OS Build 18363.1377)","http://support.microsoft.com/kb/4601315","KB only","KB only","KB only"," ","21-02Rollup"
"Crashdmp.sys","Core_Kernel","6.2.18362.693","0","7-Mar-20","GDR","4601315 (v1.0)","February 9, 2021-KB4601315 (OS Build 18363.1377)","http://support.microsoft.com/kb/4601315","KB only","KB only","KB only"," ","21-02Rollup"
"Vssapi.dll","Core_VSS","6.2.18362.1316","1","27-Jan-21","GDR","4601315 (v1.0)","February 9, 2021-KB4601315 (OS Build 18363.1377)","http://support.microsoft.com/kb/4601315","KB only","KB only","KB only"," ","21-02Rollup"
"Swprv.dll","Core_VSS","6.2.18362.1316","1","5-Jun-20","GDR","4601315 (v1.0)","February 9, 2021-KB4601315 (OS Build 18363.1377)","http://support.microsoft.com/kb/4601315","KB only","KB only","KB only"," ","21-02Rollup"
"spp.dll","Core_VSS","6.2.18362.1316","1","27-Jan-21","GDR","4601315 (v1.0)","February 9, 2021-KB4601315 (OS Build 18363.1377)","http://support.microsoft.com/kb/4601315","KB only","KB only","KB only"," ","21-02Rollup"
"wbengine.exe","Core_VSS","6.2.18362.1316","1","21-Jul-20","GDR","4601315 (v1.0)","February 9, 2021-KB4601315 (OS Build 18363.1377)","http://support.microsoft.com/kb/4601315","KB only","KB only","KB only"," ","21-02Rollup"
"blbsrv.dll","Core_VSS","6.2.18362.1","1","6-May-20","GDR","4601315 (v1.0)","February 9, 2021-KB4601315 (OS Build 18363.1377)","http://support.microsoft.com/kb/4601315","KB only","KB only","KB only"," ","21-02Rollup"
"Volsnap.sys","Cluster_Volsnap","6.2.18362.693","0","7-Mar-20","GDR","4601315 (v1.0)","February 9, 2021-KB4601315 (OS Build 18363.1377)","http://support.microsoft.com/kb/4601315","KB only","KB only","KB only"," ","21-02Rollup"
"pci.sys","Core_Sys","6.2.18362.1350","1","27-Jan-21","GDR","4601315 (v1.0)","February 9, 2021-KB4601315 (OS Build 18363.1377)","http://support.microsoft.com/kb/4601315","KB only","KB only","KB only"," ","21-02Rollup"
"Volmgr.sys","Core_Sys","6.2.18362.1139","1","13-Oct-20","GDR","4601315 (v1.0)","February 9, 2021-KB4601315 (OS Build 18363.1377)","http://support.microsoft.com/kb/4601315","KB only","KB only","KB only"," ","21-02Rollup"
"Crypt32.dll","Dom_CRYPTO","6.2.18362.1377","1","09-Feb-21","GDR","4601315 (v1.0)","February 9, 2021-KB4601315 (OS Build 18363.1377)","http://support.microsoft.com/kb/4601315","KB only","KB only","KB only"," ","21-02Rollup"
"Wintrust.dll","Dom_CRYPTO","6.2.18362.1377","1","09-Feb-21","GDR","4601315 (v1.0)","February 9, 2021-KB4601315 (OS Build 18363.1377)","http://support.microsoft.com/kb/4601315","KB only","KB only","KB only"," ","21-02Rollup"
"Cryptdll.dll","Dom_CRYPTO","6.2.18362.113","1","29-Jun-19","GDR","4601315 (v1.0)","February 9, 2021-KB4601315 (OS Build 18363.1377)","http://support.microsoft.com/kb/4601315","KB only","KB only","KB only"," ","21-02Rollup"
"Cryptcatsvc.dll","Dom_CRYPTO","6.2.18362.1082","1","08-Sep-20","GDR","4601315 (v1.0)","February 9, 2021-KB4601315 (OS Build 18363.1377)","http://support.microsoft.com/kb/4601315","KB only","KB only","KB only"," ","21-02Rollup"
"4601395","Win2016_1909_21-02_SSU_KB"," ","0","09-Feb-2021","GDR","4601395","KB4601395: Servicing stack update for Windows 10, version 1909: February 9, 2021","http://support.microsoft.com/kb/4601395","KB only","KB only","KB Only"," ","No Rollup"
"4601315","Win201619H2_21-02_B_rollup_KB"," ","0","09-Feb-2021","GDR","4601315 (v1.0)","February 9, 2021-KB4601315 (OS Build 18363.1377)","http://support.microsoft.com/kb/4601315","KB only","KB only","KB only"," ","21-02Rollup"
