"Binary","Component","Version","Prio","Published","Branch","Article","Title","Link","LDROnlyKB","LDROnlyTitle","LDROnlyLink","Comment","RollupInfo"
"Ntoskrnl.exe","Core_Kernel","6.3.9600.19846","0","8-Sep-20","GDR","4586845 (v1.0)","November 10, 2020-KB4586845 (Monthly Rollup)","http://support.microsoft.com/kb/4586845","KB only","KB only","KB only"," ","20-11Rollup"
"crashdmp.sys","Core_Kernel","6.3.9600.17622","0","20.12.2014","GDR","3027113 (v1.0)","Can't save a dump file when the system crashes and the Round Robin MPIO policy is used in Windows Server 201","http://support.microsoft.com/kb/3027113","No LDR Only available","No LDR Only available","No LDR Only available","rKB","No Rollup"
"Ntdll.dll","Core_Kernel","6.3.9600.19697","0","11-Aug-20","GDR","4586845 (v1.0)","November 10, 2020-KB4586845 (Monthly Rollup)","http://support.microsoft.com/kb/4586845","KB only","KB only","KB only"," ","20-11Rollup"
"Hal.dll","Core_Kernel","6.3.9600.19478","0","9-Mar-18","GDR","4586845 (v1.0)","November 10, 2020-KB4586845 (Monthly Rollup)","http://support.microsoft.com/kb/4586845","KB only","KB only","KB only"," ","20-11Rollup"
"Fltmgr.sys","Core_Kernel","6.3.9600.19482","0","10-Sep-19","GDR","4586845 (v1.0)","November 10, 2020-KB4586845 (Monthly Rollup)","http://support.microsoft.com/kb/4586845","KB only","KB only","KB only"," ","20-11Rollup"
"win32k.sys","Core_Kernel","6.3.9600.19815","0","8-Sep-20","GDR","4586845 (v1.0)","November 10, 2020-KB4586845 (Monthly Rollup)","http://support.microsoft.com/kb/4586845","KB only","KB only","KB only"," ","20-11Rollup"
"Ntfs.sys","Core_FileSystem","6.3.9600.19812","0","8-Sep-20","GDR","4586845 (v1.0)","November 10, 2020-KB4586845 (Monthly Rollup)","http://support.microsoft.com/kb/4586845","KB only","KB only","KB only"," ","20-11Rollup"
"dedup.sys","Core_FileSystem","6.3.9600.19242","0","22-Dec-18","GDR","4586845 (v1.0)","November 10, 2020-KB4586845 (Monthly Rollup)","http://support.microsoft.com/kb/4586845","KB only","KB only","KB only"," ","20-11Rollup"
"Msiscsi.sys","Core_DiskSystem","6.3.9600.18968","0","9-Mar-18","GDR","4586845 (v1.0)","November 10, 2020-KB4586845 (Monthly Rollup)","http://support.microsoft.com/kb/4586845","KB only","KB only","KB only"," ","20-11Rollup"
"Iscsitgt.dll","Core_DiskSystem","6.3.9600.19749","0","9-Jun-20","GDR","4586845 (v1.0)","November 10, 2020-KB4586845 (Monthly Rollup)","http://support.microsoft.com/kb/4586845","KB only","KB only","KB only"," ","20-11Rollup"
"Storport.sys","Core_DiskSystem","6.3.9600.18833","0","5-Oct-17","GDR","4586845 (v1.0)","November 10, 2020-KB4586845 (Monthly Rollup)","http://support.microsoft.com/kb/4586845","KB only","KB only","KB only"," ","20-11Rollup"
"repdrvfs.dll","Core_WMI","6.3.9600.17475","0","29.10.2014","GDR","3173424 (v3.0)","Servicing stack update for Windows 8.1 and Windows Server 2012 R2: July 12, 2016","http://support.microsoft.com/kb/3173424","No LDR Only available","No LDR Only available","No LDR Only available","rEX","No Rollup"
"Mpio.sys","Core_MPIO","6.3.9600.19343","0","8-Apr-19","GDR","4586845 (v1.0)","November 10, 2020-KB4586845 (Monthly Rollup)","http://support.microsoft.com/kb/4586845","KB only","KB only","KB only"," ","20-11Rollup"
"Msdsm.sys","Core_MPIO","6.3.9600.18592","0","11-Feb-17","GDR","4586845 (v1.0)","November 10, 2020-KB4586845 (Monthly Rollup)","http://support.microsoft.com/kb/4586845","KB only","KB only","KB only"," ","20-11Rollup"
"Advapi32.dll","Core_Apps","6.3.9600.18895","0","10-Feb-17","GDR","4586845 (v1.0)","November 10, 2020-KB4586845 (Monthly Rollup)","http://support.microsoft.com/kb/4586845","KB only","KB only","KB only"," ","20-11Rollup"
"vssapi.dll","Core_VSS","6.3.9600.17466","1","22.10.2014","GDR","2996928 (v1.1)","Backup task fails with a time-out error in Window","http://support.microsoft.com/kb/2996928","No LDR Only available","No LDR Only available","No LDR Only available","rEX","14-12Rollup"
"vsstrace.dll","Core_VSS","6.3.9600.17466","1","22.10.2014","GDR","2996928 (v1.1)","Backup task fails with a time-out error in Window","http://support.microsoft.com/kb/2996928","No LDR Only available","No LDR Only available","No LDR Only available","rEX","14-12Rollup"
"swprv.dll","Core_VSS","6.3.9600.17415","1","30.10.2014","GDR","3000850 (v1.7)","November 2014 update rollup for Windows RT 8.1, Windows 8.1, and Windows Server 2012 R","http://support.microsoft.com/kb/3000850","No LDR Only available","No LDR Only available","No LDR Only available"," ","14-11Rollup"
"spp.dll","Core_VSS","6.3.9600.17415","1","18.11.2014","GDR","3000850 (v1.8)","November 2014 update rollup for Windows RT 8.1, Windows 8.1, and Windows Server 2012 R","http://support.microsoft.com/kb/3000850","No LDR Only available","No LDR Only available","No LDR Only available"," ","14-11Rollup"
"wbengine.exe","Core_VSS","6.3.9600.19692","1","4-Apr-20","GDR","4586845 (v1.0)","November 10, 2020-KB4586845 (Monthly Rollup)","http://support.microsoft.com/kb/4586845","KB only","KB only","KB only"," ","20-11Rollup"
"blbsrv.dll","Core_VSS","6.3.9600.18192","1","10.01.2016","GDR","3134813 (v1.0)","Windows Server Backup may hit process freeze and backup operation fails in Windows Server 2012 R2","http://support.microsoft.com/kb/3134813","No LDR Only available","No LDR Only available","No LDR Only available","rEX","No Rollup"
"volsnap.sys","Cluster_Volsnap","6.3.9600.18265","0","14.03.2016","GDR","3145384 (v1.0)","MinDiffAreaFileSize registry value limit is increased from 3 GB to 50 GB in Windows 8.1 or Windows Server 2012 R2","http://support.microsoft.com/kb/3145384","No LDR Only available","No LDR Only available","No LDR Only available","rEX","No Rollup"
"pci.sys","Core_Sys","6.3.9600.18939","1","10-Feb-18","GDR","4586845 (v1.0)","November 10, 2020-KB4586845 (Monthly Rollup)","http://support.microsoft.com/kb/4586845","KB only","KB only","KB only"," ","20-11Rollup"
"Crypt32.dll","Dom_CRYPTO","6.3.9600.18653","1","31-Mar-17","GDR","4586845 (v1.0)","November 10, 2020-KB4586845 (Monthly Rollup)","http://support.microsoft.com/kb/4586845","KB only","KB only","KB only"," ","20-11Rollup"
"cryptsvc.dll","Dom_CRYPTO","6.3.9600.17415","1","30.10.2014","GDR","3000850 (v1.7)","November 2014 update rollup for Windows RT 8.1, Windows 8.1, and Windows Server 2012 R","http://support.microsoft.com/kb/3000850","No LDR Only available","No LDR Only available","No LDR Only available"," ","14-11Rollup"
"Cryptnet.dll","Dom_CRYPTO","6.3.9600.18878","1","5-Dec-17","GDR","4586845 (v1.0)","November 10, 2020-KB4586845 (Monthly Rollup)","http://support.microsoft.com/kb/4586845","KB only","KB only","KB only"," ","20-11Rollup"
"Wintrust.dll","Dom_CRYPTO","6.3.9600.19843","1","5-Oct-16","GDR","4586845 (v1.0)","November 10, 2020-KB4586845 (Monthly Rollup)","http://support.microsoft.com/kb/4586845","KB only","KB only","KB only"," ","20-11Rollup"
"Cryptdll.dll","Dom_CRYPTO","6.3.9600.19343","1","5-Apr-19","GDR","4586845 (v1.0)","November 10, 2020-KB4586845 (Monthly Rollup)","http://support.microsoft.com/kb/4586845","KB only","KB only","KB only"," ","20-11Rollup"
"Cryptcatsvc.dll","Dom_CRYPTO","6.3.9600.19812","1","8-Sep-20","GDR","4586845 (v1.0)","November 10, 2020-KB4586845 (Monthly Rollup)","http://support.microsoft.com/kb/4586845","KB only","KB only","KB only"," ","20-11Rollup"
"Tzres.dll","Core_TimeZone","6.3.9600.16384","1","22-Aug-13","GDR","4586845 (v1.0)","November 10, 2020-KB4586845 (Monthly Rollup)","http://support.microsoft.com/kb/4586845","KB only","KB only","KB only"," ","20-11Rollup"
"4566425","Win2012R2_20_07_SSU_KB","KBOnlyVersion","0","14-Jul-2020","GDR","4566425","Servicing stack update for Windows 8.1, RT 8.1, and Server 2012 R2: July 14, 2020","http://support.microsoft.com/kb/4566425","KB only","KB only","KB only"," ","No Rollup"
"3123245","All_OS_2012R2_important_KB","KBOnlyVersion","0","14-Apr-2016","GDR","3123245 (v4.0)","Update improves port exhaustion identification in Windows Server 2012 R2","http://support.microsoft.com/kb/3123245","KB only","KB only","KB only"," ","No Rollup"
"2919355","Win2012R2_14_04_rollup_KB"," ","0","24.02.2014","GDR","2919355 (v1.14)","Windows RT 8.1, Windows 8.1, and Windows Server 2012 R2 Update: April 2014","http://support.microsoft.com/kb/2919355","KB only","KB only","KB Only"," ","14-04Rollup"
"3000850","Win2012R2_14_11_rollup_KB"," ","0","18.11.2014","GDR","3000850 (v2.0)","November 2014 update rollup for Windows RT 8.1, Windows 8.1, and Windows Server 2012 R2","http://support.microsoft.com/kb/3000850","KB only","KB only","KB Only"," ","14-11Rollup"
"3013769","Win2012R2_14_12_rollup_KB"," ","0","10.12.2014","GDR","3013769 (v2.0)","December 2014 update rollup for Windows RT 8.1, Windows 8.1, and Windows Server 2012 R2","http://support.microsoft.com/kb/3013769","KB only","KB only","KB Only"," ","14-12Rollup"
"3172614","Win2012R2_16_07_rollup_KB"," ","0","19.07.2016","GDR","3172614 (v1.0)","July 2016 update rollup for Windows RT 8.1, Windows 8.1, and Windows Server 2012 R2","http://support.microsoft.com/kb/3172614","KB only","KB only","KB Only"," ","16-07Rollup"
"3179574","Win2012R2_16_08_rollup_KB"," ","0","16.08.2016","GDR","3179574 (v1.0)","August 2016 update rollup for Windows RT 8.1, Windows 8.1, and Windows Server 2012 R2","http://support.microsoft.com/kb/3179574","KB only","KB only","KB Only"," ","16-08Rollup"
"4586845","Win2012R2_20-11_B_rollup_KB"," ","0","10-Nov-2020","GDR","4586845 (v1.0)","November 10, 2020-KB4586845 (Monthly Rollup)","http://support.microsoft.com/kb/4586845","KB only","KB only","KB only"," ","20-11Rollup"
