"Binary","Component","Version","Prio","Published","Branch","Article","Title","Link","LDROnlyKB","LDROnlyTitle","LDROnlyLink","Comment","RollupInfo"
"Netlogon.dll","Dom_NETLOGON","6.2.9200.23149","0","4-Aug-20","GDR","4598278 (v1.0)","January 12, 2021-KB4598278 (Monthly Rollup)","http://support.microsoft.com/kb/4598278","KB only","KB only","KB only"," ","21-01Rollup"
"Winlogon.exe","Dom_WINLOGON","6.2.9200.22978","0","28-Jan-20","GDR","4598278 (v1.0)","January 12, 2021-KB4598278 (Monthly Rollup)","http://support.microsoft.com/kb/4598278","KB only","KB only","KB only"," ","21-01Rollup"
"Kerberos.dll","Dom_KERBEROS","6.2.9200.23209","0","08-Dec-20","GDR","4598278 (v1.0)","January 12, 2021-KB4598278 (Monthly Rollup)","http://support.microsoft.com/kb/4598278","KB only","KB only","KB only"," ","21-01Rollup"
"Msv1_0.dll","Dom_NTLM","6.2.9200.23149","1","2-Sep-20","GDR","4598278 (v1.0)","January 12, 2021-KB4598278 (Monthly Rollup)","http://support.microsoft.com/kb/4598278","KB only","KB only","KB only"," ","21-01Rollup"
"Wldap32.dll","Dom_LDAPClient","6.2.9200.22199","0","15-Jun-17","GDR","4598278 (v1.0)","January 12, 2021-KB4598278 (Monthly Rollup)","http://support.microsoft.com/kb/4598278","KB only","KB only","KB only"," ","21-01Rollup"
"Lsass.exe","Dom_LSA","6.2.9200.20521","0","20-Sep-12","GDR","4598278 (v1.0)","January 12, 2021-KB4598278 (Monthly Rollup)","http://support.microsoft.com/kb/4598278","KB only","KB only","KB only"," ","21-01Rollup"
"Lsasrv.dll","Dom_LSA","6.2.9200.23149","0","2-Sep-20","GDR","4598278 (v1.0)","January 12, 2021-KB4598278 (Monthly Rollup)","http://support.microsoft.com/kb/4598278","KB only","KB only","KB only"," ","21-01Rollup"
"Ksecdd.sys","Dom_LSA","6.2.9200.21473","0","2-May-15","GDR","4598278 (v1.0)","January 12, 2021-KB4598278 (Monthly Rollup)","http://support.microsoft.com/kb/4598278","KB only","KB only","KB only"," ","21-01Rollup"
"Ksecpkg.sys","Dom_LSA","6.2.9200.22978","0","28-Jan-20","GDR","4598278 (v1.0)","January 12, 2021-KB4598278 (Monthly Rollup)","http://support.microsoft.com/kb/4598278","KB only","KB only","KB only"," ","21-01Rollup"
"Sspicli.dll","Dom_LSA","6.2.9200.22402","0","10-Mar-18","GDR","4598278 (v1.0)","January 12, 2021-KB4598278 (Monthly Rollup)","http://support.microsoft.com/kb/4598278","KB only","KB only","KB only"," ","21-01Rollup"
"Sspisrv.dll","Dom_LSA","6.2.9200.20521","0","20-Sep-12","GDR","4598278 (v1.0)","January 12, 2021-KB4598278 (Monthly Rollup)","http://support.microsoft.com/kb/4598278","KB only","KB only","KB only"," ","21-01Rollup"
"Schannel.dll","Dom_LSA","6.2.9200.23138","0","5-Jun-20","GDR","4598278 (v1.0)","January 12, 2021-KB4598278 (Monthly Rollup)","http://support.microsoft.com/kb/4598278","KB only","KB only","KB only"," ","21-01Rollup"
"Scesrv.dll","Dom_SecAuditAndConfig","6.2.9200.22348","1","12-Jan-18","GDR","4598278 (v1.0)","January 12, 2021-KB4598278 (Monthly Rollup)","http://support.microsoft.com/kb/4598278","KB only","KB only","KB only"," ","21-01Rollup"
"aclui.dll","Dom_SecAuditAndConfig","6.2.9200.21142","1","13.06.2014","LDRGDR","2967456 (v2.0)","You cannot sort the group lists by principal name in ADUC in Windows","http://support.microsoft.com/kb/2967456","No LDR Only available","No LDR Only available","No LDR Only available","rKB","No Rollup"
"Winscard.dll","Dom_SC_Provider","6.2.9200.22396","1","3-Mar-18","GDR","4598278 (v1.0)","January 12, 2021-KB4598278 (Monthly Rollup)","http://support.microsoft.com/kb/4598278","KB only","KB only","KB only"," ","21-01Rollup"
"crypt32.dll","Dom_CRYPTO","6.2.9200.21279","1","12.11.2014","LDR","3013767 (v1.1)","December 2014 update rollup for Windows RT, Windows 8, and Windows Server 201","http://support.microsoft.com/kb/3013767","No LDR Only available","No LDR Only available","No LDR Only available","rKB","No Rollup"
"cryptsvc.dll","Dom_CRYPTO","6.2.9200.20774","1","15.07.2013","LDRGDR","2862966 (v1.2)","An update is available that improves management of weak certificate cryptographic algorithms in Windows","http://support.microsoft.com/kb/2862966","No LDR Only available","No LDR Only available","No LDR Only available","rKB","No Rollup"
"cryptnet.dll","Dom_CRYPTO","6.2.9200.20711","1","09.05.2013","LDRGDR","2827759 (v1.0)","A CA does not replace space characters in URL paths for CRL distribution points and authority information access extensions on a computer that is running Windows Server 2012","http://support.microsoft.com/kb/2827759","No LDR Only available","No LDR Only available","No LDR Only available","rKB","No Rollup"
"wintrust.dll","Dom_CRYPTO","6.2.9200.23195","1","13-Oct-20","GDR","4598278 (v1.0)","January 12, 2021-KB4598278 (Monthly Rollup)","http://support.microsoft.com/kb/4598278","KB only","KB only","KB only"," ","21-01Rollup"
"Cryptcatsvc.dll","Dom_CRYPTO","6.2.9200.23144","1","15-Aug-20","GDR","4598278 (v1.0)","January 12, 2021-KB4598278 (Monthly Rollup)","http://support.microsoft.com/kb/4598278","KB only","KB only","KB only"," ","21-01Rollup"
"dimsroam.dll","Dom_DIMS","6.2.9200.20984","1","13.04.2014","LDRGDR","2871997 (v6.2)","Microsoft Security Advisory: Update to improve credentials protection and management: May 13, 2014","http://support.microsoft.com/kb/2871997","No LDR Only available","No LDR Only available","No LDR Only available","rKB","No Rollup"
"gpapi.dll","Dom_GPSVC","6.2.9200.23176","1","13-Oct-20","GDR","4598278 (v1.0)","January 12, 2021-KB4598278 (Monthly Rollup)","http://support.microsoft.com/kb/4598278","KB only","KB only","KB only"," ","21-01Rollup"
"Gpsvc.dll","Dom_GPSVC","6.2.9200.23176","1","13-Oct-20","GDR","4598278 (v1.0)","January 12, 2021-KB4598278 (Monthly Rollup)","http://support.microsoft.com/kb/4598278","KB only","KB only","KB only"," ","21-01Rollup"
"gpmgmt.dll","Dom_GPSVC","6.2.9200.21005","1","03.04.2014","LDR","2954031 (v1.0)","The Group Policy Management Console does not generate a status report for a domain","http://support.microsoft.com/kb/2954031","2954031 (v1.0)","The Group Policy Management Console does not generate a status report for a domain","http://support.microsoft.com/kb/2954031","rKB","No Rollup"
"Gpprefcl.dll","Dom_GPP","6.2.9200.23088","1","19-Jun-20","GDR","4598278 (v1.0)","January 12, 2021-KB4598278 (Monthly Rollup)","http://support.microsoft.com/kb/4598278","KB only","KB only","KB only"," ","21-01Rollup"
"gppref.dll","Dom_GPP","6.2.9200.23176","1","13-Oct-20","GDR","4598278 (v1.0)","January 12, 2021-KB4598278 (Monthly Rollup)","http://support.microsoft.com/kb/4598278","KB only","KB only","KB only"," ","21-01Rollup"
"gpprefbr.dll","Dom_GPP","6.2.9200.23176","1","13-Oct-20","GDR","4598278 (v1.0)","January 12, 2021-KB4598278 (Monthly Rollup)","http://support.microsoft.com/kb/4598278","KB only","KB only","KB only"," ","21-01Rollup"
"gpprefcn.dll","Dom_GPP","6.2.9200.23176","1","13-Oct-20","GDR","4598278 (v1.0)","January 12, 2021-KB4598278 (Monthly Rollup)","http://support.microsoft.com/kb/4598278","KB only","KB only","KB only"," ","21-01Rollup"
"propshts.dll","Dom_GPP","6.2.9200.23176","1","13-Oct-20","GDR","4598278 (v1.0)","January 12, 2021-KB4598278 (Monthly Rollup)","http://support.microsoft.com/kb/4598278","KB only","KB only","KB only"," ","21-01Rollup"
"Profsvc.dll","Dom_ProfProc","6.2.9200.23176","1","13-Oct-20","GDR","4598278 (v1.0)","January 12, 2021-KB4598278 (Monthly Rollup)","http://support.microsoft.com/kb/4598278","KB only","KB only","KB only"," ","21-01Rollup"
"Csc.sys","Net_CSC_Offline","6.2.9200.22508","1","28-Jun-18","GDR","4598278 (v1.0)","January 12, 2021-KB4598278 (Monthly Rollup)","http://support.microsoft.com/kb/4598278","KB only","KB only","KB only"," ","21-01Rollup"
"Cscmig.dll","Net_CSC_Offline","6.2.9200.20521","1","20-Sep-12","GDR","4598278 (v1.0)","January 12, 2021-KB4598278 (Monthly Rollup)","http://support.microsoft.com/kb/4598278","KB only","KB only","KB only"," ","21-01Rollup"
"cscui.dll","Net_CSC_Offline","6.2.9200.20623","1","04.02.2013","LDR","2810203 (v1.0)","High CPU utilization by the Wmiprvse.exe process on a client computer that is running Windows 8","http://support.microsoft.com/kb/2810203","2810203 (v1.0)","High CPU utilization by the Wmiprvse.exe process on a client computer that is running Windows 8","http://support.microsoft.com/kb/2810203","rKB","No Rollup"
"Esent.dll","Dom_ESENT","6.2.9200.21919","0","06-Jul-2016","LDR","3179575 (v1.0)","August 2016 update rollup for Windows Server 2012","http://support.microsoft.com/kb/3179575","No LDR Only available","No LDR Only available","No LDR Only available"," ","16-08Rollup"
"Ntdsai.dll","Dom_NTDSAI","6.2.9200.23010","0","5-Mar-20","GDR","4598278 (v1.0)","January 12, 2021-KB4598278 (Monthly Rollup)","http://support.microsoft.com/kb/4598278","KB only","KB only","KB only"," ","21-01Rollup"
"Samsrv.dll","Dom_SAMSRV","6.2.9200.22082","0","8-Feb-17","GDR","4598278 (v1.0)","January 12, 2021-KB4598278 (Monthly Rollup)","http://support.microsoft.com/kb/4598278","KB only","KB only","KB only"," ","21-01Rollup"
"Samlib.dll","Dom_SAMSRV","6.2.9200.22082","0","8-Feb-17","GDR","4598278 (v1.0)","January 12, 2021-KB4598278 (Monthly Rollup)","http://support.microsoft.com/kb/4598278","KB only","KB only","KB only"," ","21-01Rollup"
"Kdcsvc.dll","Dom_KDCSVC","6.2.9200.23220","0","13-Oct-20","GDR","4598278 (v1.0)","January 12, 2021-KB4598278 (Monthly Rollup)","http://support.microsoft.com/kb/4598278","KB only","KB only","KB only"," ","21-01Rollup"
"dfsrs.exe","Dom_DFS-R","6.2.9200.21394","0","14.02.2015","LDR","2884176 (v1.0)","Large backlogs on Windows Server 2008 R2 SP1-based DFSR servers","http://support.microsoft.com/kb/2884176","2884176 (v1.0)","Large backlogs on Windows Server 2008 R2 SP1-based DFSR servers","http://support.microsoft.com/kb/2884176","rKB","No Rollup"
"microsoft.identityserver.service.dll","Dom_ADFS","6.2.9200.21629","0","11.09.2015","LDR","3094446 (v1.0)","Authentication through proxy fails in Windows Server 2012 or Windows Server 2008 R2 SP1","http://support.microsoft.com/kb/3094446","3094446 (v1.0)","Authentication through proxy fails in Windows Server 2012 or Windows Server 2008 R2 SP1","http://support.microsoft.com/kb/3094446","rKB","No Rollup"
"microsoft.identityserver.dll","Dom_ADFS","6.2.9200.21629","0","11.09.2015","LDR","3094446 (v1.0)","Authentication through proxy fails in Windows Server 2012 or Windows Server 2008 R2 SP1","http://support.microsoft.com/kb/3094446","3094446 (v1.0)","Authentication through proxy fails in Windows Server 2012 or Windows Server 2008 R2 SP1","http://support.microsoft.com/kb/3094446","rKB","No Rollup"
"4566426","Win2012_20_07_SSU_KB","KBOnlyVersion","0","14-Jul-2020","GDR","4566426","Servicing stack update for Windows Server 2012: July 14, 2020","http://support.microsoft.com/kb/4566426","KB only","KB only","KB only"," ","No Rollup"
"2756872","Win2012_12_10_rollup_KB"," ","0","23.09.2012","GDR","2756872 (v1.0)","Windows 8 Client and Windows Server 2012 General Availability Update Rollup","http://support.microsoft.com/kb/2756872","KB only","KB only","KB Only"," ","12-10Rollup"
"2770917","Win2012_12_11_rollup_KB"," ","0","14.10.2012","GDR","2770917 (v1.0)","Windows 8 and Windows Server 2012 update rollup: November 2012","http://support.microsoft.com/kb/2770917","KB only","KB only","KB Only"," ","12-11Rollup"
"2779768","Win2012_12_12_rollup_KB"," ","0","09.11.2012","GDR","2779768 (v1.1)","Windows 8 and Windows Server 2012 update rollup: December 2012","http://support.microsoft.com/kb/2779768","KB only","KB only","KB Only"," ","12-12Rollup"
"2785094","Win2012_13_01_rollup_KB"," ","0","29.11.2012","GDR","2785094 (v1.2)","Windows 8 and Windows Server 2012 update rollup: January 2013","http://support.microsoft.com/kb/2785094","KB only","KB only","KB Only"," ","13-01Rollup"
"2795944","Win2012_13_02_rollup_KB"," ","0","11.01.2013","GDR","2795944 (v1.1)","Windows 8 and Windows Server 2012 update rollup: February 2013","http://support.microsoft.com/kb/2795944","KB only","KB only","KB Only"," ","13-02Rollup"
"2811660","Win2012_13_03_rollup_KB"," ","0","04.02.2013","GDR","2811660 (v1.0)","Windows 8 and Windows Server 2012 update rollup: March 2013","http://support.microsoft.com/kb/2811660","KB only","KB only","KB Only"," ","13-03Rollup"
"2822241","Win2012_13_04_rollup_KB"," ","0","05.03.2013","GDR","2822241 (v1.0)","Windows 8 and Windows Server 2012 update rollup: April 2013","http://support.microsoft.com/kb/2822241","KB only","KB only","KB Only"," ","13-04Rollup"
"2836988","Win2012_13_05_rollup_KB"," ","0","11.04.2013","GDR","2836988 (v1.0)","Windows 8 and Windows Server 2012 update rollup: May 2013","http://support.microsoft.com/kb/2836988","KB only","KB only","KB Only"," ","13-05Rollup"
"2845533","Win2012_13_06_rollup_KB"," ","0","07.05.2013","GDR","2845533 (v1.2)","Windows RT, Windows 8, and Windows Server 2012 update rollup: June 2013","http://support.microsoft.com/kb/2845533","KB only","KB only","KB Only"," ","13-06Rollup"
"2855336","Win2012_13_07_rollup_KB"," ","0","02.06.2013","GDR","2855336 (v1.0)","Windows RT, Windows 8, and Windows Server 2012 update rollup: July 2013","http://support.microsoft.com/kb/2855336","KB only","KB only","KB Only"," ","13-07Rollup"
"2862768","Win2012_13_08_rollup_KB"," ","0","02.07.2013","GDR","2862768 (v1.0)","Windows RT, Windows 8, and Windows Server 2012 update rollup: August 2013","http://support.microsoft.com/kb/2862768","KB only","KB only","KB Only"," ","13-08Rollup"
"2876415","Win2012_13_09_rollup_KB"," ","0","02.08.2013","GDR","2876415 (v1.0)","Windows RT, Windows 8, and Windows Server 2012 update rollup: September 2013","http://support.microsoft.com/kb/2876415","KB only","KB only","KB Only"," ","13-09Rollup"
"2883201","Win2012_13_10_rollup_KB"," ","0","02.09.2013","GDR","2883201 (v1.0)","Windows RT, Windows 8, and Windows Server 2012 update rollup: October 2013","http://support.microsoft.com/kb/2883201","KB only","KB only","KB Only"," ","13-10Rollup"
"2889784","Win2012_13_11_rollup_KB"," ","0","02.10.2013","GDR","2889784 (v1.0)","Windows RT, Windows 8, and Windows Server 2012 update rollup: November 2013","http://support.microsoft.com/kb/2889784","KB only","KB only","KB Only"," ","13-11Rollup"
"2903938","Win2012_13_12_rollup_KB"," ","0","02.11.2013","GDR","2903938 (v1.0)","Windows RT, Windows 8, and Windows Server 2012 update rollup: December 2013","http://support.microsoft.com/kb/2903938","KB only","KB only","KB Only"," ","13-12Rollup"
"2911101","Win2012_14_01_rollup_KB"," ","0","02.12.2013","GDR","2911101 (v1.0)","Windows RT, Windows 8, and Windows Server 2012 update rollup: January 2014","http://support.microsoft.com/kb/2911101","KB only","KB only","KB Only"," ","14-01Rollup"
"2919393","Win2012_14_02_rollup_KB"," ","0","02.01.2014","GDR","2919393 (v1.0)","Windows RT, Windows 8, and Windows Server 2012 update rollup: February 2014","http://support.microsoft.com/kb/2919393","KB only","KB only","KB Only"," ","14-02Rollup"
"2928678","Win2012_14_03_rollup_KB"," ","0","02.02.2014","GDR","2928678 (v1.0)","Windows RT, Windows 8, and Windows Server 2012 update rollup: March 2014","http://support.microsoft.com/kb/2928678","KB only","KB only","KB Only"," ","14-03Rollup"
"2934016","Win2012_14_04_rollup_KB"," ","0","02.03.2014","GDR","2934016 (v1.0)","Windows RT, Windows 8, and Windows Server 2012 update rollup: April 2014","http://support.microsoft.com/kb/2934016","KB only","KB only","KB Only"," ","14-04Rollup"
"2955163","Win2012_14_05_rollup_KB"," ","0","02.04.2014","GDR","2955163 (v1.0)","Windows RT, Windows 8, and Windows Server 2012 update rollup: May 2014","http://support.microsoft.com/kb/2955163","KB only","KB only","KB Only"," ","14-05Rollup"
"2962407","Win2012_14_06_rollup_KB"," ","0","02.05.2014","GDR","2962407 (v1.0)","Windows RT, Windows 8, and Windows Server 2012 update rollup: June 2014","http://support.microsoft.com/kb/2962407","KB only","KB only","KB Only"," ","14-06Rollup"
"2967916","Win2012_14_07_rollup_KB"," ","0","02.06.2014","GDR","2967916 (v1.0)","July 2014 update rollup for Windows RT, Windows 8, and Windows Server 2012","http://support.microsoft.com/kb/2967916","KB only","KB only","KB Only"," ","14-07Rollup"
"2975331","Win2012_14_08_rollup_KB"," ","0","12.08.2014","GDR","2975331 (v1.0)","August 2014 update rollup for Windows RT, Windows 8, and Windows Server 2012","http://support.microsoft.com/kb/2975331","KB only","KB only","KB Only"," ","14-08Rollup"
"2984005","Win2012_14_09_rollup_KB"," ","0","10.09.2014","GDR","2984005 (v2.0)","September 2014 update rollup for Windows RT, Windows 8, and Windows Server 2012","http://support.microsoft.com/kb/2984005","KB only","KB only","KB Only"," ","14-09Rollup"
"2995387","Win2012_14_10_rollup_KB"," ","0","15.10.2014","GDR","2995387 (v2.0)","October 2014 update rollup for Windows RT, Windows 8, and Windows Server 2012","http://support.microsoft.com/kb/2995387","KB only","KB only","KB Only"," ","14-10Rollup"
"3000853","Win2012_14_11_rollup_KB"," ","0","15.11.2014","GDR","3000853 (v2.0)","November 2014 update rollup for Windows RT, Windows 8, and Windows Server 2012","http://support.microsoft.com/kb/3000853","KB only","KB only","KB Only"," ","14-11Rollup"
"3013767","Win2012_14_12_rollup_KB"," ","0","10.12.2014","GDR","3013767 (v2.0)","December 2014 update rollup for Windows RT, Windows 8, and Windows Server 2012","http://support.microsoft.com/kb/3013767","KB only","KB only","KB Only"," ","14-12Rollup"
"3156416","Win2012_16_05_rollup_KB"," ","0","17.05.2016","GDR","3156416 (v1.0)","May 2016 update rollup for Windows Server 2012","http://support.microsoft.com/kb/3156416","KB only","KB only","KB Only"," ","16-05Rollup"
"3161609","Win2012_16_06_rollup_KB"," ","0","21.06.2016","GDR","3161609 (v1.0)","June 2016 update rollup for Windows Server 2012","http://support.microsoft.com/kb/3161609","KB only","KB only","KB Only"," ","16-06Rollup"
"3172615","Win2012_16_07_rollup_KB"," ","0","19.07.2016","GDR","3172615 (v1.0)","July 2016 update rollup for Windows Server 2012","http://support.microsoft.com/kb/3172615","KB only","KB only","KB Only"," ","16-07Rollup"
"3179575","Win2012_16_08_rollup_KB"," ","0","16.08.2016","GDR","3179575 (v1.0)","August 2016 update rollup for Windows Server 2012","http://support.microsoft.com/kb/3179575","KB only","KB only","KB Only"," ","16-08Rollup"
"4598278","Win2012_21-01_B_rollup_KB"," ","0","12-Jan-2021","GDR","4598278 (v1.0)","January 12, 2021-KB4598278 (Monthly Rollup)","http://support.microsoft.com/kb/4598278","KB only","KB only","KB only"," ","21-01Rollup"
