"Binary","Component","Version","Prio","Published","Branch","Article","Title","Link","LDROnlyKB","LDROnlyTitle","LDROnlyLink","Comment","RollupInfo"
"volsnap.sys","Cluster_Volsnap","6.1.7601.23033","0","11.04.2015","LDR","3056066 (v1.0)","Backups fail for VMs with pre-existing software snapshots that use shadow storage set to a different drive in Windows 7 and Windows Server 2008 R2","http://support.microsoft.com/kb/3056066","3056066 (v1.0)","Backups fail for VMs with pre-existing software snapshots that use shadow storage set to a different drive in Windows 7 and Windows Server 2008 R2","http://support.microsoft.com/kb/3056066"," ","16-04Rollup"
"Vmswitch.sys","Hyper-V_Net","6.1.7601.24512","1","7-Aug-19","LDR","4512486","August 13, 2019-KB4512486 (Security-only update)","http://support.microsoft.com/kb/4512486","No LDR Only available","No LDR Only available","No LDR Only available","rEX","19-08Rollup"
"Vmsntfy.dll","Hyper-V_Net","6.1.7601.24512","1","7-Aug-19","LDR","4512486","August 13, 2019-KB4512486 (Security-only update)","http://support.microsoft.com/kb/4512486","No LDR Only available","No LDR Only available","No LDR Only available","rEX","19-08Rollup"
"Vmms.exe","Hyper-V_Net","6.1.7601.24463","1","13-May-19","LDR","4507437","July 16, 2019-KB4507437 (Preview of Monthly Rollup)","http://support.microsoft.com/kb/4507437","No LDR Only available","No LDR Only available","No LDR Only available","rEX","19-07Rollup"
"rasapi32.dll","HNV_Net","6.1.7601.22276","1","11.03.2013","LDR","2826164 (v1.0)","The remote access connection status is connected after the connection times out in Windows 7 and Windows Server 2008 R2","http://support.microsoft.com/kb/2826164","2826164 (v1.0)","The remote access connection status is connected after the connection times out in Windows 7 and Windows Server 2008 R2","http://support.microsoft.com/kb/2826164"," ","16-04Rollup"
"Vmwp.exe","Hyper-V_app","6.1.7601.24463","1","13-May-19","LDR","4507437","July 16, 2019-KB4507437 (Preview of Monthly Rollup)","http://support.microsoft.com/kb/4507437","No LDR Only available","No LDR Only available","No LDR Only available","rEX","19-07Rollup"
"4490628","Win2008R2_19_03_SSU_KB"," ","0","12-Mar-2019","LDR","4490628","Servicing stack update for Windows 7 SP1 and Windows Server 2008 R2 SP1: March 12, 2019","http://support.microsoft.com/kb/4490628","KB only","KB only","KB Only"," ","No Rollup"
"3125574","Win2008R2_16_04B_rollup_KB"," ","0","07-May-2016","LDR","3125574 (v1.0)","Convenience roll-up update for Windows 7 SP1 and Windows Server 2008 R2 SP1","http://support.microsoft.com/kb/3125574","KB only","KB only","KB Only"," ","No Rollup"
"4516065","Win2008R2_19-09_B_rollup_KB"," ","0","10-Sep-2019","GDR","4516065 (v1.0)","September 10, 2019-KB4516065 (Monthly Rollup)","http://support.microsoft.com/kb/4516065","KB only","KB only","KB only"," ","19-09Rollup"
