"Binary","Component","Version","Prio","Published","Branch","Article","Title","Link","LDROnlyKB","LDROnlyTitle","LDROnlyLink","Comment","RollupInfo"
"Netlogon.dll","Dom_NETLOGON","6.2.14393.3866","0","6-Aug-20","GDR","4577015","September 8, 2020-KB4577015 (OS Build 14393.3930)","http://support.microsoft.com/kb/4577015","No LDR Only available","No LDR Only available","No LDR Only available","rEX","20-09Rollup"
"Kerberos.dll","Dom_KERBEROS","6.2.14393.3866","0","6-Aug-20","GDR","4577015","September 8, 2020-KB4577015 (OS Build 14393.3930)","http://support.microsoft.com/kb/4577015","No LDR Only available","No LDR Only available","No LDR Only available","rEX","20-09Rollup"
"Lsass.exe","Dom_LSA","6.2.14393.2580","0","10-Oct-18","GDR","4577015","September 8, 2020-KB4577015 (OS Build 14393.3930)","http://support.microsoft.com/kb/4577015","No LDR Only available","No LDR Only available","No LDR Only available","rEX","20-09Rollup"
"Ksecdd.sys","Dom_LSA","6.2.14393.2580","0","10-Oct-18","GDR","4577015","September 8, 2020-KB4577015 (OS Build 14393.3930)","http://support.microsoft.com/kb/4577015","No LDR Only available","No LDR Only available","No LDR Only available","rEX","20-09Rollup"
"Ksecpkg.sys","Dom_LSA","6.2.14393.3930","0","2-Sep-20","GDR","4577015","September 8, 2020-KB4577015 (OS Build 14393.3930)","http://support.microsoft.com/kb/4577015","No LDR Only available","No LDR Only available","No LDR Only available","rEX","20-09Rollup"
"Secur32.dll","Dom_LSA","6.2.14393.2273","0","28-Apr-18","GDR","4577015","September 8, 2020-KB4577015 (OS Build 14393.3930)","http://support.microsoft.com/kb/4577015","No LDR Only available","No LDR Only available","No LDR Only available","rEX","20-09Rollup"
"Schannel.dll","Dom_LSA","6.2.14393.3930","0","2-Sep-20","GDR","4577015","September 8, 2020-KB4577015 (OS Build 14393.3930)","http://support.microsoft.com/kb/4577015","No LDR Only available","No LDR Only available","No LDR Only available","rEX","20-09Rollup"
"Basecsp.dll","Dom_SC_Provider","6.2.14393.2608","1","25-Oct-18","GDR","4577015","September 8, 2020-KB4577015 (OS Build 14393.3930)","http://support.microsoft.com/kb/4577015","No LDR Only available","No LDR Only available","No LDR Only available","rEX","20-09Rollup"
"Cryptdll.dll","Dom_CRYPTO","6.2.14393.2969","1","4-May-19","GDR","4577015","September 8, 2020-KB4577015 (OS Build 14393.3930)","http://support.microsoft.com/kb/4577015","No LDR Only available","No LDR Only available","No LDR Only available","rEX","20-09Rollup"
"Cryptcatsvc.dll","Dom_CRYPTO","6.2.14393.3930","1","2-Sep-20","GDR","4577015","September 8, 2020-KB4577015 (OS Build 14393.3930)","http://support.microsoft.com/kb/4577015","No LDR Only available","No LDR Only available","No LDR Only available","rEX","20-09Rollup"
"Gpmgmt.dll","Dom_GPSVC","6.2.14393.2879","0","14-Mar-19","GDR","4577015","September 8, 2020-KB4577015 (OS Build 14393.3930)","http://support.microsoft.com/kb/4577015","No LDR Only available","No LDR Only available","No LDR Only available","rEX","20-09Rollup"
"Userenv.dll","Dom_GPSVC","6.2.14393.3297","0","1-Oct-19","GDR","4577015","September 8, 2020-KB4577015 (OS Build 14393.3930)","http://support.microsoft.com/kb/4577015","No LDR Only available","No LDR Only available","No LDR Only available","rEX","20-09Rollup"
"Appmgmts.dll","Dom_GPExt","6.2.14393.2457","0","23-Aug-18","GDR","4577015","September 8, 2020-KB4577015 (OS Build 14393.3930)","http://support.microsoft.com/kb/4577015","No LDR Only available","No LDR Only available","No LDR Only available","rEX","20-09Rollup"
"Gpprefcl.dll","Dom_GPP","6.2.14393.3808","0","8-Jul-20","GDR","4577015","September 8, 2020-KB4577015 (OS Build 14393.3930)","http://support.microsoft.com/kb/4577015","No LDR Only available","No LDR Only available","No LDR Only available","rEX","20-09Rollup"
"Gpme.dll","Dom_GPP","6.2.14393.3750","0","2-Jun-20","GDR","4577015","September 8, 2020-KB4577015 (OS Build 14393.3930)","http://support.microsoft.com/kb/4577015","No LDR Only available","No LDR Only available","No LDR Only available","rEX","20-09Rollup"
"Gpprefbr.dll","Dom_GPP","6.2.14393.3750","0","2-Jun-20","GDR","4577015","September 8, 2020-KB4577015 (OS Build 14393.3930)","http://support.microsoft.com/kb/4577015","No LDR Only available","No LDR Only available","No LDR Only available","rEX","20-09Rollup"
"Propshts.dll","Dom_GPP","6.2.14393.3866","0","6-Aug-20","GDR","4577015","September 8, 2020-KB4577015 (OS Build 14393.3930)","http://support.microsoft.com/kb/4577015","No LDR Only available","No LDR Only available","No LDR Only available","rEX","20-09Rollup"
"Esent.dll","Dom_ESENT","6.2.14393.3686","0","5-May-20","GDR","4577015","September 8, 2020-KB4577015 (OS Build 14393.3930)","http://support.microsoft.com/kb/4577015","No LDR Only available","No LDR Only available","No LDR Only available","rEX","20-09Rollup"
"Samsrv.dll","Dom_SAMSRV","6.2.14393.3930","0","2-Sep-20","GDR","4577015","September 8, 2020-KB4577015 (OS Build 14393.3930)","http://support.microsoft.com/kb/4577015","No LDR Only available","No LDR Only available","No LDR Only available","rEX","20-09Rollup"
"Samlib.dll","Dom_SAMSRV","6.2.14393.82","0","6-Aug-16","GDR","4577015","September 8, 2020-KB4577015 (OS Build 14393.3930)","http://support.microsoft.com/kb/4577015","No LDR Only available","No LDR Only available","No LDR Only available","rEX","20-09Rollup"
"Mrxsmb.sys","Net_SMB_Client","6.2.14393.3595","0","13-Mar-20","GDR","4577015","September 8, 2020-KB4577015 (OS Build 14393.3930)","http://support.microsoft.com/kb/4577015","No LDR Only available","No LDR Only available","No LDR Only available","rEX","20-09Rollup"
"Mrxsmb10.sys","Net_SMB_Client","6.2.14393.2848","0","6-Mar-19","GDR","4577015","September 8, 2020-KB4577015 (OS Build 14393.3930)","http://support.microsoft.com/kb/4577015","No LDR Only available","No LDR Only available","No LDR Only available","rEX","20-09Rollup"
"Rdbss.sys","Net_SMB_Client","6.2.14393.3866","0","6-Aug-20","GDR","4577015","September 8, 2020-KB4577015 (OS Build 14393.3930)","http://support.microsoft.com/kb/4577015","No LDR Only available","No LDR Only available","No LDR Only available","rEX","20-09Rollup"
"Tdx.sys","Net_Protocol","6.2.14393.2339","0","12-Jun-18","GDR","4577015","September 8, 2020-KB4577015 (OS Build 14393.3930)","http://support.microsoft.com/kb/4577015","No LDR Only available","No LDR Only available","No LDR Only available","rEX","20-09Rollup"
"Dfsc.sys","Net_DFS-N_Client","6.2.14393.2273","0","28-Apr-18","GDR","4577015","September 8, 2020-KB4577015 (OS Build 14393.3930)","http://support.microsoft.com/kb/4577015","No LDR Only available","No LDR Only available","No LDR Only available","rEX","20-09Rollup"
"Csc.sys","Net_CSC_Offline","6.2.14393.3595","0","13-Mar-20","GDR","4577015","September 8, 2020-KB4577015 (OS Build 14393.3930)","http://support.microsoft.com/kb/4577015","No LDR Only available","No LDR Only available","No LDR Only available","rEX","20-09Rollup"
"Cscsvc.dll","Net_CSC_Offline","6.2.14393.3866","0","6-Aug-20","GDR","4577015","September 8, 2020-KB4577015 (OS Build 14393.3930)","http://support.microsoft.com/kb/4577015","No LDR Only available","No LDR Only available","No LDR Only available","rEX","20-09Rollup"
"Cscmig.dll","Net_CSC_Offline","6.2.14393.3595","0","13-Mar-20","GDR","4577015","September 8, 2020-KB4577015 (OS Build 14393.3930)","http://support.microsoft.com/kb/4577015","No LDR Only available","No LDR Only available","No LDR Only available","rEX","20-09Rollup"
"Cscui.dll","Net_CSC_Offline","6.2.14393.2879","0","14-Mar-19","GDR","4577015","September 8, 2020-KB4577015 (OS Build 14393.3930)","http://support.microsoft.com/kb/4577015","No LDR Only available","No LDR Only available","No LDR Only available","rEX","20-09Rollup"
"Mrxdav.sys","Net_WebDAV","6.2.14393.321","0","5-Oct-16","GDR","4577015","September 8, 2020-KB4577015 (OS Build 14393.3930)","http://support.microsoft.com/kb/4577015","No LDR Only available","No LDR Only available","No LDR Only available","rEX","20-09Rollup"
"Shell32.dll","Net_WebDAV","6.2.14393.3866","0","6-Aug-20","GDR","4577015","September 8, 2020-KB4577015 (OS Build 14393.3930)","http://support.microsoft.com/kb/4577015","No LDR Only available","No LDR Only available","No LDR Only available","rEX","20-09Rollup"
"Dhcpcore.dll","Net_DHCP_Client","6.2.14393.3930","0","2-Sep-20","GDR","4577015","September 8, 2020-KB4577015 (OS Build 14393.3930)","http://support.microsoft.com/kb/4577015","No LDR Only available","No LDR Only available","No LDR Only available","rEX","20-09Rollup"
"dnsrslvr.dll","Net_DNS_Client","6.2.14393.3930","0","2-Sep-20","GDR","4577015","September 8, 2020-KB4577015 (OS Build 14393.3930)","http://support.microsoft.com/kb/4577015","No LDR Only available","No LDR Only available","No LDR Only available","rEX","20-09Rollup"
"Rpcss.dll","Net_RPC","6.2.14393.3143","1","26-Jul-19","GDR","4577015","September 8, 2020-KB4577015 (OS Build 14393.3930)","http://support.microsoft.com/kb/4577015","No LDR Only available","No LDR Only available","No LDR Only available","rEX","20-09Rollup"
"Netcorehc.dll","Net_DirectAccess_Client","6.2.14393.2097","1","12-Feb-18","GDR","4577015","September 8, 2020-KB4577015 (OS Build 14393.3930)","http://support.microsoft.com/kb/4577015","No LDR Only available","No LDR Only available","No LDR Only available","rEX","20-09Rollup"
"Rdpcore.dll","Net_DirectAccess_Client","6.2.14393.3930","1","2-Sep-20","GDR","4577015","September 8, 2020-KB4577015 (OS Build 14393.3930)","http://support.microsoft.com/kb/4577015","No LDR Only available","No LDR Only available","No LDR Only available","rEX","20-09Rollup"
"dot3svc.dll","Net_IEEE802.1x","6.2.14393.2007","1","1-Jan-18","GDR","4577015","September 8, 2020-KB4577015 (OS Build 14393.3930)","http://support.microsoft.com/kb/4577015","No LDR Only available","No LDR Only available","No LDR Only available","rEX","20-09Rollup"
"wlansvc.dll","Net_WLAN_Client","6.2.14393.3750","1","2-Jun-20","GDR","4577015","September 8, 2020-KB4577015 (OS Build 14393.3930)","http://support.microsoft.com/kb/4577015","No LDR Only available","No LDR Only available","No LDR Only available","rEX","20-09Rollup"
"wlanapi.dll","Net_WLAN_Client","6.2.14393.3750","1","2-Jun-20","GDR","4577015","September 8, 2020-KB4577015 (OS Build 14393.3930)","http://support.microsoft.com/kb/4577015","No LDR Only available","No LDR Only available","No LDR Only available","rEX","20-09Rollup"
"wlansec.dll","Net_WLAN_Client","6.2.14393.3750","1","2-Jun-20","GDR","4577015","September 8, 2020-KB4577015 (OS Build 14393.3930)","http://support.microsoft.com/kb/4577015","No LDR Only available","No LDR Only available","No LDR Only available","rEX","20-09Rollup"
"Rasapi32.dll","HNV_Net","6.2.14393.3866","1","6-Aug-20","GDR","4577015","September 8, 2020-KB4577015 (OS Build 14393.3930)","http://support.microsoft.com/kb/4577015","No LDR Only available","No LDR Only available","No LDR Only available","rEX","20-09Rollup"
"Pacer.sys","Net_QoS","6.2.14393.3241","1","11-Sep-19","GDR","4577015","September 8, 2020-KB4577015 (OS Build 14393.3930)","http://support.microsoft.com/kb/4577015","No LDR Only available","No LDR Only available","No LDR Only available","rEX","20-09Rollup"
"MpsSvc.dll","Net_Firewall","6.2.14393.3750","1","2-Jun-20","GDR","4577015","September 8, 2020-KB4577015 (OS Build 14393.3930)","http://support.microsoft.com/kb/4577015","No LDR Only available","No LDR Only available","No LDR Only available","rEX","20-09Rollup"
"Ntoskrnl.exe","Core_Kernel","6.2.14393.3930","0","2-Sep-20","GDR","4577015","September 8, 2020-KB4577015 (OS Build 14393.3930)","http://support.microsoft.com/kb/4577015","No LDR Only available","No LDR Only available","No LDR Only available","rEX","20-09Rollup"
"Crashdmp.sys","Core_Kernel","6.2.14393.351","0","15-Oct-16","GDR","4577015","September 8, 2020-KB4577015 (OS Build 14393.3930)","http://support.microsoft.com/kb/4577015","No LDR Only available","No LDR Only available","No LDR Only available","rEX","20-09Rollup"
"Hal.dll","Core_Kernel","6.2.14393.3297","0","1-Oct-19","GDR","4577015","September 8, 2020-KB4577015 (OS Build 14393.3930)","http://support.microsoft.com/kb/4577015","No LDR Only available","No LDR Only available","No LDR Only available","rEX","20-09Rollup"
"Fltmgr.sys","Core_Kernel","6.2.14393.3659","0","11-Apr-20","GDR","4577015","September 8, 2020-KB4577015 (OS Build 14393.3930)","http://support.microsoft.com/kb/4577015","No LDR Only available","No LDR Only available","No LDR Only available","rEX","20-09Rollup"
"dedup.sys","Core_FileSystem","6.2.14393.2828","0","17-Feb-19","GDR","4577015","September 8, 2020-KB4577015 (OS Build 14393.3930)","http://support.microsoft.com/kb/4577015","No LDR Only available","No LDR Only available","No LDR Only available","rEX","20-09Rollup"
"Msiscsi.sys","Core_DiskSystem","6.2.14393.3055","0","21-Jun-19","GDR","4577015","September 8, 2020-KB4577015 (OS Build 14393.3930)","http://support.microsoft.com/kb/4577015","No LDR Only available","No LDR Only available","No LDR Only available","rEX","20-09Rollup"
"Iscsitgt.dll","Core_DiskSystem","6.2.14393.3808","0","8-Jul-20","GDR","4577015","September 8, 2020-KB4577015 (OS Build 14393.3930)","http://support.microsoft.com/kb/4577015","No LDR Only available","No LDR Only available","No LDR Only available","rEX","20-09Rollup"
"Storport.sys","Core_DiskSystem","6.2.14393.3659","0","11-Apr-20","GDR","4577015","September 8, 2020-KB4577015 (OS Build 14393.3930)","http://support.microsoft.com/kb/4577015","No LDR Only available","No LDR Only available","No LDR Only available","rEX","20-09Rollup"
"Advapi32.dll","Core_Apps","6.2.14393.2969","0","4-May-19","GDR","4577015","September 8, 2020-KB4577015 (OS Build 14393.3930)","http://support.microsoft.com/kb/4577015","No LDR Only available","No LDR Only available","No LDR Only available","rEX","20-09Rollup"
"4576750","Win2016RS1_20_09_SSU_KB"," ","0","08-Sep-2020","GDR","4576750","Servicing stack update for Windows 10, version 1607: September 8, 2020","http://support.microsoft.com/kb/4565912","KB only","KB only","KB Only"," ","No Rollup"
"4577015","Win2016RS1_20-09_B_rollup_KB"," ","0","08-Sep-2020","GDR","4577015 (v1.0)","September 8, 2020-KB4577015 (OS Build 14393.3930)","http://support.microsoft.com/kb/4577015","KB only","KB only","KB only"," ","20-09Rollup"
