"Binary","Component","Version","Prio","Published","Branch","Article","Title","Link","LDROnlyKB","LDROnlyTitle","LDROnlyLink","Comment","RollupInfo"
"Netlogon.dll","Dom_NETLOGON","6.1.7601.24535","0","5-Nov-19","LDR","4537820","February 11, 2020-KB4537820 (Monthly Rollup)","http://support.microsoft.com/kb/4537820","No LDR Only available","No LDR Only available","No LDR Only available","rEX","20-02Rollup"
"logoncli.dll","Dom_NETLOGON","6.1.7601.21934","0","02.03.2012","LDR","2684982 (v1.0)","The Lsass.exe process crashes on Windows Server 2008 R2-based domain controllers","http://support.microsoft.com/kb/2684982","2684982 (v1.0)","The Lsass.exe process crashes on Windows Server 2008 R2-based domain controllers","http://support.microsoft.com/kb/2684982"," ","16-04Rollup"
"Winlogon.exe","Dom_WINLOGON","6.1.7601.24514","0","14-Aug-19","LDR","4537820","February 11, 2020-KB4537820 (Monthly Rollup)","http://support.microsoft.com/kb/4537820","No LDR Only available","No LDR Only available","No LDR Only available","rEX","20-02Rollup"
"Kerberos.dll","Dom_KERBEROS","6.1.7601.24548","0","5-Feb-20","LDR","4537820","February 11, 2020-KB4537820 (Monthly Rollup)","http://support.microsoft.com/kb/4537820","No LDR Only available","No LDR Only available","No LDR Only available","rEX","20-02Rollup"
"Msv1_0.dll","Dom_NTLM","6.1.7601.24548","1","5-Feb-20","LDR","4537820","February 11, 2020-KB4537820 (Monthly Rollup)","http://support.microsoft.com/kb/4537820","No LDR Only available","No LDR Only available","No LDR Only available","rEX","20-02Rollup"
"Wldap32.dll","Dom_LDAPClient","6.1.7601.23889","0","11-Aug-17","LDR","4537820","February 11, 2020-KB4537820 (Monthly Rollup)","http://support.microsoft.com/kb/4537820","No LDR Only available","No LDR Only available","No LDR Only available","rEX","20-02Rollup"
"Lsass.exe","Dom_LSA","6.1.7601.24548","0","5-Feb-20","LDR","4537820","February 11, 2020-KB4537820 (Monthly Rollup)","http://support.microsoft.com/kb/4537820","No LDR Only available","No LDR Only available","No LDR Only available","rEX","20-02Rollup"
"Lsasrv.dll","Dom_LSA","6.1.7601.24548","0","5-Feb-20","LDR","4537820","February 11, 2020-KB4537820 (Monthly Rollup)","http://support.microsoft.com/kb/4537820","No LDR Only available","No LDR Only available","No LDR Only available","rEX","20-02Rollup"
"Ksecdd.sys","Dom_LSA","6.1.7601.24548","0","5-Feb-20","LDR","4537820","February 11, 2020-KB4537820 (Monthly Rollup)","http://support.microsoft.com/kb/4537820","No LDR Only available","No LDR Only available","No LDR Only available","rEX","20-02Rollup"
"Ksecpkg.sys","Dom_LSA","6.1.7601.24548","0","5-Feb-20","LDR","4537820","February 11, 2020-KB4537820 (Monthly Rollup)","http://support.microsoft.com/kb/4537820","No LDR Only available","No LDR Only available","No LDR Only available","rEX","20-02Rollup"
"Secur32.dll","Dom_LSA","6.1.7601.24548","0","5-Feb-20","LDR","4537820","February 11, 2020-KB4537820 (Monthly Rollup)","http://support.microsoft.com/kb/4537820","No LDR Only available","No LDR Only available","No LDR Only available","rEX","20-02Rollup"
"Sspicli.dll","Dom_LSA","6.1.7601.24548","0","5-Feb-20","LDR","4537820","February 11, 2020-KB4537820 (Monthly Rollup)","http://support.microsoft.com/kb/4537820","No LDR Only available","No LDR Only available","No LDR Only available","rEX","20-02Rollup"
"Sspisrv.dll","Dom_LSA","6.1.7601.24548","0","5-Feb-20","LDR","4537820","February 11, 2020-KB4537820 (Monthly Rollup)","http://support.microsoft.com/kb/4537820","No LDR Only available","No LDR Only available","No LDR Only available","rEX","20-02Rollup"
"Schannel.dll","Dom_LSA","6.1.7601.24548","0","5-Feb-20","LDR","4537820","February 11, 2020-KB4537820 (Monthly Rollup)","http://support.microsoft.com/kb/4537820","No LDR Only available","No LDR Only available","No LDR Only available","rEX","20-02Rollup"
"Scesrv.dll","Dom_SecAuditAndConfig","6.1.7601.24024","1","12-Jan-18","LDR","4537820","February 11, 2020-KB4537820 (Monthly Rollup)","http://support.microsoft.com/kb/4537820","No LDR Only available","No LDR Only available","No LDR Only available","rEX","20-02Rollup"
"aclui.dll","Dom_SecAuditAndConfig","6.1.7601.22587","1","01.02.2014","LDR","2928800 (v1.0)","Incorrect group name is displayed in folder permission list in Windows 7 or Windows Server 2008 R2","http://support.microsoft.com/kb/2928800","2928800 (v1.0)","Incorrect group name is displayed in folder permission list in Windows 7 or Windows Server 2008 R2","http://support.microsoft.com/kb/2928800"," ","16-04Rollup"
"Winscard.dll","Dom_SC_Provider","6.1.7601.24059","1","22-Feb-18","LDR","4537820","February 11, 2020-KB4537820 (Monthly Rollup)","http://support.microsoft.com/kb/4537820","No LDR Only available","No LDR Only available","No LDR Only available","rEX","20-02Rollup"
"Basecsp.dll","Dom_SC_Provider","6.1.7601.24080","1","6-Mar-18","LDR","4537820","February 11, 2020-KB4537820 (Monthly Rollup)","http://support.microsoft.com/kb/4537820","No LDR Only available","No LDR Only available","No LDR Only available","rEX","20-02Rollup"
"Scksp.dll","Dom_SC_Provider","6.1.7601.24080","1","6-Mar-18","LDR","4537820","February 11, 2020-KB4537820 (Monthly Rollup)","http://support.microsoft.com/kb/4537820","No LDR Only available","No LDR Only available","No LDR Only available","rEX","20-02Rollup"
"scardsvr.dll","Dom_SC_Srv","6.1.7601.22310","1","26.04.2013","LDR","2833914 (v2.0)","""Interactive Logon: Smart card removal behavior"" Group Policy setting doesn't work as expected in Windows 7 SP1 or Windows Server 2008 R2 SP1","http://support.microsoft.com/kb/2833914","2833914 (v2.0)","""Interactive Logon: Smart card removal behavior"" Group Policy setting doesn't work as expected in Windows 7 SP1 or Windows Server 2008 R2 SP1","http://support.microsoft.com/kb/2833914"," ","16-04Rollup"
"scfilter.sys","Dom_SC_Srv","6.1.7601.22310","1","26.04.2013","LDR","2833914 (v2.0)","""Interactive Logon: Smart card removal behavior"" Group Policy setting doesn't work as expected in Windows 7 SP1 or Windows Server 2008 R2 SP1","http://support.microsoft.com/kb/2833914","2833914 (v2.0)","""Interactive Logon: Smart card removal behavior"" Group Policy setting doesn't work as expected in Windows 7 SP1 or Windows Server 2008 R2 SP1","http://support.microsoft.com/kb/2833914"," ","16-04Rollup"
"certprop.dll","Dom_SC_Srv","6.1.7601.22310","1","26.04.2013","LDR","2833914 (v2.0)","""Interactive Logon: Smart card removal behavior"" Group Policy setting doesn't work as expected in Windows 7 SP1 or Windows Server 2008 R2 SP1","http://support.microsoft.com/kb/2833914","2833914 (v2.0)","""Interactive Logon: Smart card removal behavior"" Group Policy setting doesn't work as expected in Windows 7 SP1 or Windows Server 2008 R2 SP1","http://support.microsoft.com/kb/2833914"," ","16-04Rollup"
"Crypt32.dll","Dom_CRYPTO","6.1.7601.24542","1","10-Dec-19","LDR","4537820","February 11, 2020-KB4537820 (Monthly Rollup)","http://support.microsoft.com/kb/4537820","No LDR Only available","No LDR Only available","No LDR Only available","rEX","20-02Rollup"
"Cryptsvc.dll","Dom_CRYPTO","6.1.7601.24542","1","10-Dec-19","LDR","4537820","February 11, 2020-KB4537820 (Monthly Rollup)","http://support.microsoft.com/kb/4537820","No LDR Only available","No LDR Only available","No LDR Only available","rEX","20-02Rollup"
"Cryptnet.dll","Dom_CRYPTO","6.1.7601.24542","1","10-Dec-19","LDR","4537820","February 11, 2020-KB4537820 (Monthly Rollup)","http://support.microsoft.com/kb/4537820","No LDR Only available","No LDR Only available","No LDR Only available","rEX","20-02Rollup"
"Wintrust.dll","Dom_CRYPTO","6.1.7601.24542","1","10-Dec-19","LDR","4537820","February 11, 2020-KB4537820 (Monthly Rollup)","http://support.microsoft.com/kb/4537820","No LDR Only available","No LDR Only available","No LDR Only available","rEX","20-02Rollup"
"Cryptdll.dll","Dom_CRYPTO","6.1.7601.24432","1","5-Apr-19","LDR","4537820","February 11, 2020-KB4537820 (Monthly Rollup)","http://support.microsoft.com/kb/4537820","No LDR Only available","No LDR Only available","No LDR Only available","rEX","20-02Rollup"
"dimsroam.dll","Dom_DIMS","6.1.7601.22616","1","05.03.2014","LDRGDR","2871997 (v2.2)","Microsoft Security Advisory: Update to improve credentials protection and management: May 13, 2014","http://support.microsoft.com/kb/2871997","2520487 (v1.0)","AD DS database size increases significantly when the Credential Roaming feature is enabled in Windows 7 or in Windows Server 2008 R2","http://support.microsoft.com/kb/2520487","rEX","16-04Rollup"
"dimsjob.dll","Dom_DIMS","6.1.7601.22751","1","24.07.2014","LDR","2987452 (v1.0)","Performance issues when you use credential roaming on RD Session Host servers in Windows 7 or Windows Server 2008 R2","http://support.microsoft.com/kb/2987452","2987452 (v1.0)","Performance issues when you use credential roaming on RD Session Host servers in Windows 7 or Windows Server 2008 R2","http://support.microsoft.com/kb/2987452"," ","16-04Rollup"
"adprovider.dll","Dom_DIMS","6.1.7601.22616","1","05.03.2014","LDRGDR","2871997 (v2.2)","Microsoft Security Advisory: Update to improve credentials protection and management: May 13, 2014","http://support.microsoft.com/kb/2871997","2520487 (v1.0)","AD DS database size increases significantly when the Credential Roaming feature is enabled in Windows 7 or in Windows Server 2008 R2","http://support.microsoft.com/kb/2520487","rEX","16-04Rollup"
"capiprovider.dll","Dom_DIMS","6.1.7601.22616","1","05.03.2014","LDRGDR","2871997 (v2.2)","Microsoft Security Advisory: Update to improve credentials protection and management: May 13, 2014","http://support.microsoft.com/kb/2871997","2520487 (v1.0)","AD DS database size increases significantly when the Credential Roaming feature is enabled in Windows 7 or in Windows Server 2008 R2","http://support.microsoft.com/kb/2520487","rEX","16-04Rollup"
"cngprovider.dll","Dom_DIMS","6.1.7601.22616","1","05.03.2014","LDRGDR","2871997 (v2.2)","Microsoft Security Advisory: Update to improve credentials protection and management: May 13, 2014","http://support.microsoft.com/kb/2871997","2520487 (v1.0)","AD DS database size increases significantly when the Credential Roaming feature is enabled in Windows 7 or in Windows Server 2008 R2","http://support.microsoft.com/kb/2520487","rEX","16-04Rollup"
"dpapiprovider.dll","Dom_DIMS","6.1.7601.22616","1","05.03.2014","LDRGDR","2871997 (v2.2)","Microsoft Security Advisory: Update to improve credentials protection and management: May 13, 2014","http://support.microsoft.com/kb/2871997","2520487 (v1.0)","AD DS database size increases significantly when the Credential Roaming feature is enabled in Windows 7 or in Windows Server 2008 R2","http://support.microsoft.com/kb/2520487","rEX","16-04Rollup"
"wincredprovider.dll","Dom_DIMS","6.1.7601.22616","1","05.03.2014","LDRGDR","2871997 (v2.2)","Microsoft Security Advisory: Update to improve credentials protection and management: May 13, 2014","http://support.microsoft.com/kb/2871997","2520487 (v1.0)","AD DS database size increases significantly when the Credential Roaming feature is enabled in Windows 7 or in Windows Server 2008 R2","http://support.microsoft.com/kb/2520487","rEX","16-04Rollup"
"gpapi.dll","Dom_GPSVC","6.1.7601.23452","1","12.05.2016","LDR","3159398 (v1.0)","MS16-072: Description of the security update for Group Policy: June 14, 2016","http://support.microsoft.com/kb/3159398","3159398 (v1.0)","MS16-072: Description of the security update for Group Policy: June 14, 2016","http://support.microsoft.com/kb/3159398","rEX","No Rollup"
"gpsvc.dll","Dom_GPSVC","6.1.7601.23452","1","12.05.2016","LDR","3159398 (v1.0)","MS16-072: Description of the security update for Group Policy: June 14, 2016","http://support.microsoft.com/kb/3159398","3159398 (v1.0)","MS16-072: Description of the security update for Group Policy: June 14, 2016","http://support.microsoft.com/kb/3159398","rEX","No Rollup"
"gpmgmt.dll","Dom_GPSVC","6.1.7601.22814","1","20.09.2014","LDR","3001265 (v1.0)","""Access Denied"" error occurs but all child objects under protected OU are deleted in Windows 7 or Windows Server 2008 R","http://support.microsoft.com/kb/3001265","3001265 (v1.0)","""Access Denied"" error occurs but all child objects under protected OU are deleted in Windows 7 or Windows Server 2008 R","http://support.microsoft.com/kb/3001265"," ","16-04Rollup"
"Gprsop.dll","Dom_GPSVC","6.1.7601.23403","1","25-Mar-2016","LDR","3125574","Convenience roll-up update for Windows 7 SP1 and Windows Server 2008 R2 SP1","http://support.microsoft.com/kb/3125574","No LDR Only available","No LDR Only available","No LDR Only available","rEX","16-04Rollup"
"Userenv.dll","Dom_GPSVC","6.1.7601.24535","1","5-Nov-19","LDR","4537820","February 11, 2020-KB4537820 (Monthly Rollup)","http://support.microsoft.com/kb/4537820","No LDR Only available","No LDR Only available","No LDR Only available","rEX","20-02Rollup"
"gpprnext.dll","Dom_GPExt","6.1.7601.22137","0","13.08.2014","LDR","2775511 (v1.0)","An enterprise hotfix rollup is available for Windows 7 SP1 and Windows Server 2008 R2 SP1","http://support.microsoft.com/kb/2775511","2537549 (v1.0)","Cannot deploy a printer by using a GPO if read-only domain controllers are exclusively used in the domain environment in Windows 7 or in Windows Server 2008 R2","http://support.microsoft.com/kb/2537549","rEX","16-04Rollup"
"appmgmts.dll","Dom_GPExt","6.1.7601.22137","1","13.08.2014","LDR","2775511 (v1.0)","An enterprise hotfix rollup is available for Windows 7 SP1 and Windows Server 2008 R2 SP1","http://support.microsoft.com/kb/2775511","2537556 (v1.0)","When you use a GPO for application deployment in Windows 7 or in Windows Server 2008 R2, the deployment fails","http://support.microsoft.com/kb/2537556","rEX","16-04Rollup"
"gpprefcl.dll","Dom_GPP","6.1.7601.23452","1","12.05.2016","LDR","3159398 (v1.0)","MS16-072: Description of the security update for Group Policy: June 14, 2016","http://support.microsoft.com/kb/3159398","3159398 (v1.0)","MS16-072: Description of the security update for Group Policy: June 14, 2016","http://support.microsoft.com/kb/3159398","rEX","No Rollup"
"gpme.dll","Dom_GPP","6.1.7601.22605","1","19.02.2014","LDR","2928120 (v1.2)","MS14-025: Description of the security update for Group Policy Preferences for systems that have update 2919355 installed: May 13, 2014","http://support.microsoft.com/kb/2928120","No LDR Only available","No LDR Only available","No LDR Only available","rEX","16-04Rollup"
"gppref.dll","Dom_GPP","6.1.7601.22605","1","19.02.2014","LDRGDR","2928120 (v1.2)","MS14-025: Description of the security update for Group Policy Preferences for systems that have update 2919355 installed: May 13, 2014","http://support.microsoft.com/kb/2928120","2798787 (v1.0)","Name of Group Policy preferences for Internet Explorer are displayed incorrectly in Windows 7 or Windows Server 2008 R2","http://support.microsoft.com/kb/2798787","rEX","16-04Rollup"
"gpprefbr.dll","Dom_GPP","6.1.7601.22605","1","19.02.2014","LDR","2928120 (v1.2)","MS14-025: Description of the security update for Group Policy Preferences for systems that have update 2919355 installed: May 13, 2014","http://support.microsoft.com/kb/2928120","2928120 (v1.2)","MS14-025: Description of the security update for Group Policy Preferences for systems that have update 2919355 installed: May 13, 2014","http://support.microsoft.com/kb/2928120","rEX","16-04Rollup"
"gpprefcn.dll","Dom_GPP","6.1.7601.22605","1","19.02.2014","LDR","2928120 (v1.2)","MS14-025: Description of the security update for Group Policy Preferences for systems that have update 2919355 installed: May 13, 2014","http://support.microsoft.com/kb/2928120","2928120 (v1.2)","MS14-025: Description of the security update for Group Policy Preferences for systems that have update 2919355 installed: May 13, 2014","http://support.microsoft.com/kb/2928120","rEX","16-04Rollup"
"Gpregistrybrowser.dll","Dom_GPP","6.1.7601.23403","1","25-Mar-2016","LDR","3125574","Convenience roll-up update for Windows 7 SP1 and Windows Server 2008 R2 SP1","http://support.microsoft.com/kb/3125574","No LDR Only available","No LDR Only available","No LDR Only available","rEX","16-04Rollup"
"propshts.dll","Dom_GPP","6.1.7601.22605","1","19.02.2014","LDRGDR","2928120 (v1.2)","MS14-025: Description of the security update for Group Policy Preferences for systems that have update 2919355 installed: May 13, 2014","http://support.microsoft.com/kb/2928120","2798787 (v1.0)","Name of Group Policy preferences for Internet Explorer are displayed incorrectly in Windows 7 or Windows Server 2008 R2","http://support.microsoft.com/kb/2798787","rEX","16-04Rollup"
"repdrvfs.dll","Core_DiskSystem","6.1.7601.22137","0","13.08.2014","LDR","2775511 (v1.0)","An enterprise hotfix rollup is available for Windows 7 SP1 and Windows Server 2008 R2 SP1","http://support.microsoft.com/kb/2775511","2617858 (v1.0)","Unexpectedly slow startup or logon process in Windows Server 2008 R2 or in Windows 7","http://support.microsoft.com/kb/2617858","rEX","16-04Rollup"
"Profprov.dll","Dom_ProfProc","6.1.7601.24548","1","5-Feb-20","LDR","4537820","February 11, 2020-KB4537820 (Monthly Rollup)","http://support.microsoft.com/kb/4537820","No LDR Only available","No LDR Only available","No LDR Only available","rEX","20-02Rollup"
"Profsvc.dll","Dom_ProfProc","6.1.7601.24548","1","5-Feb-20","LDR","4537820","February 11, 2020-KB4537820 (Monthly Rollup)","http://support.microsoft.com/kb/4537820","No LDR Only available","No LDR Only available","No LDR Only available","rEX","20-02Rollup"
"Csc.sys","Net_CSC_Offline","6.1.7601.24197","1","29-Jun-18","LDR","4537820","February 11, 2020-KB4537820 (Monthly Rollup)","http://support.microsoft.com/kb/4537820","No LDR Only available","No LDR Only available","No LDR Only available","rEX","20-02Rollup"
"Cscapi.dll","Net_CSC_Offline","6.1.7601.24197","1","29-Jun-18","LDR","4537820","February 11, 2020-KB4537820 (Monthly Rollup)","http://support.microsoft.com/kb/4537820","No LDR Only available","No LDR Only available","No LDR Only available","rEX","20-02Rollup"
"Cscdll.dll","Net_CSC_Offline","6.1.7601.24197","1","29-Jun-18","LDR","4537820","February 11, 2020-KB4537820 (Monthly Rollup)","http://support.microsoft.com/kb/4537820","No LDR Only available","No LDR Only available","No LDR Only available","rEX","20-02Rollup"
"Cscsvc.dll","Net_CSC_Offline","6.1.7601.24197","1","29-Jun-18","LDR","4537820","February 11, 2020-KB4537820 (Monthly Rollup)","http://support.microsoft.com/kb/4537820","No LDR Only available","No LDR Only available","No LDR Only available","rEX","20-02Rollup"
"Cscmig.dll","Net_CSC_Offline","6.1.7601.24197","1","29-Jun-18","LDR","4537820","February 11, 2020-KB4537820 (Monthly Rollup)","http://support.microsoft.com/kb/4537820","No LDR Only available","No LDR Only available","No LDR Only available","rEX","20-02Rollup"
"cscui.dll","Net_CSC_Offline","6.1.7601.22699","1","23.05.2014","LDR","2967567 (v1.0)","Cannot access DFS root when the DFS path is offline and you log on to a Windows-based computer for the first time","http://support.microsoft.com/kb/2967567","2967567 (v1.0)","Cannot access DFS root when the DFS path is offline and you log on to a Windows-based computer for the first time","http://support.microsoft.com/kb/2967567"," ","16-04Rollup"
"esent.dll","Dom_ESENT","6.1.7601.22448","0","11.09.2013","LDR","2878563 (v1.0)","Applications experience up to three seconds of AD DS or AD LDS query latency in Windows Server 2008 R2 SP1","http://support.microsoft.com/kb/2878563","2878563 (v1.0)","Applications experience up to three seconds of AD DS or AD LDS query latency in Windows Server 2008 R2 SP1","http://support.microsoft.com/kb/2878563"," ","16-04Rollup"
"Ntdsai.dll","Dom_NTDSAI","6.1.7601.23840","0","10-Jun-17","LDR","4537820","February 11, 2020-KB4537820 (Monthly Rollup)","http://support.microsoft.com/kb/4537820","No LDR Only available","No LDR Only available","No LDR Only available","rEX","20-02Rollup"
"Ntdsutil.exe","Dom_NTDSAI","6.1.7601.21931","1","28.02.2012","LDR","2642658 (v2.0)","You cannot create users, computers, or groups on a domain controller that is running Windows Server 2008 R2","http://support.microsoft.com/kb/2642658","2642658 (v2.0)","You cannot create users, computers, or groups on a domain controller that is running Windows Server 2008 R2","http://support.microsoft.com/kb/2642658","rEX","16-04Rollup"
"Samsrv.dll","Dom_SAMSRV","6.1.7601.23677","0","9-Feb-17","LDR","4537820","February 11, 2020-KB4537820 (Monthly Rollup)","http://support.microsoft.com/kb/4537820","No LDR Only available","No LDR Only available","No LDR Only available","rEX","20-02Rollup"
"Samlib.dll","Dom_SAMSRV","6.1.7601.23677","0","9-Feb-17","LDR","4537820","February 11, 2020-KB4537820 (Monthly Rollup)","http://support.microsoft.com/kb/4537820","No LDR Only available","No LDR Only available","No LDR Only available","rEX","20-02Rollup"
"Kdcsvc.dll","Dom_KDCSVC","6.1.7601.24499","0","12-Jun-19","LDR","4537820","February 11, 2020-KB4537820 (Monthly Rollup)","http://support.microsoft.com/kb/4537820","No LDR Only available","No LDR Only available","No LDR Only available","rEX","20-02Rollup"
"dfsrs.exe","Dom_DFS-R","6.1.7601.22842","0","13.10.2014","LDR","3002288 (v2.0)","DFSR service freezes when it calls a method on a Windows-based serve","http://support.microsoft.com/kb/3002288","3002288 (v2.0)","DFSR service freezes when it calls a method on a Windows-based serve","http://support.microsoft.com/kb/3002288"," ","16-04Rollup"
"Dfsrress.dll","Dom_DFS-R","6.1.7601.23403","0","25-Mar-2016","LDR","3125574","Convenience roll-up update for Windows 7 SP1 and Windows Server 2008 R2 SP1","http://support.microsoft.com/kb/3125574","No LDR Only available","No LDR Only available","No LDR Only available","rEX","16-04Rollup"
"dfsrro.sys","Dom_DFS-R","6.1.7601.22335","0","22.05.2013","LDR","2851868 (v1.0)","""0x0000003B"" Stop error when you use the DFSR service on a Windows Server 2008 R2-based computer","http://support.microsoft.com/kb/2851868","2851868 (v1.0)","""0x0000003B"" Stop error when you use the DFSR service on a Windows Server 2008 R2-based computer","http://support.microsoft.com/kb/2851868"," ","16-04Rollup"
"microsoft.identityserver.service.dll","Dom_ADFS","6.1.7601.23675","0","10-Feb-2017","LDR","4537820","February 11, 2020-KB4537820 (Monthly Rollup)","http://support.microsoft.com/kb/4537820","No LDR Only available","No LDR Only available","No LDR Only available","rEX","20-02Rollup"
"microsoft.identityserver.dll","Dom_ADFS","6.1.7601.23675","0","10-Feb-2017","LDR","4537820","February 11, 2020-KB4537820 (Monthly Rollup)","http://support.microsoft.com/kb/4537820","No LDR Only available","No LDR Only available","No LDR Only available","rEX","20-02Rollup"
"4523206","Win2008R2_19_11_SSU_KB"," ","0","12-Nov-2019","LDR","4523206","Servicing stack update for Windows 7 SP1 and Server 2008 R2 SP1: November 12, 2019","http://support.microsoft.com/kb/4523206","KB only","KB only","KB Only"," ","No Rollup"
"3125574","Win2008R2_16_04B_rollup_KB"," ","0","07-May-2016","LDR","3125574 (v1.0)","Convenience roll-up update for Windows 7 SP1 and Windows Server 2008 R2 SP1","http://support.microsoft.com/kb/3125574","KB only","KB only","KB Only"," ","No Rollup"
"4537820","Win2008R2_20-02_B_rollup_KB"," ","0","11-Feb-2020","GDR","4537820 (v1.0)","February 11, 2020-KB4537820 (Monthly Rollup)","http://support.microsoft.com/kb/4537820","KB only","KB only","KB only"," ","20-02Rollup"
