"Binary","Component","Version","Prio","Published","Branch","Article","Title","Link","LDROnlyKB","LDROnlyTitle","LDROnlyLink","Comment","RollupInfo"
"Lsass.exe","Dom_LSA","6.2.10240.17643","0","19-Sep-17","GDR","4580327","October 13, 2020-KB4580327 (OS Build 10240.18725)","http://support.microsoft.com/kb/4580327","No LDR Only available","No LDR Only available","No LDR Only available","rEX","20-10Rollup"
"AclUI.dll","Dom_SecAuditAndConfig","6.2.10240.18036","1","25-Oct-18","GDR","4580327","October 13, 2020-KB4580327 (OS Build 10240.18725)","http://support.microsoft.com/kb/4580327","No LDR Only available","No LDR Only available","No LDR Only available","rEX","20-10Rollup"
"Basecsp.dll","Dom_SC_Provider","6.2.10240.17831","1","24-Mar-18","GDR","4580327","October 13, 2020-KB4580327 (OS Build 10240.18725)","http://support.microsoft.com/kb/4580327","No LDR Only available","No LDR Only available","No LDR Only available","rEX","20-10Rollup"
"Scksp.dll","Dom_SC_Provider","6.2.10240.17831","1","24-Mar-18","GDR","4580327","October 13, 2020-KB4580327 (OS Build 10240.18725)","http://support.microsoft.com/kb/4580327","No LDR Only available","No LDR Only available","No LDR Only available","rEX","20-10Rollup"
"Scfilter.sys","Dom_SC_Srv","6.2.10240.18725","1","30-Sep-20","GDR","4580327","October 13, 2020-KB4580327 (OS Build 10240.18725)","http://support.microsoft.com/kb/4580327","No LDR Only available","No LDR Only available","No LDR Only available","rEX","20-10Rollup"
"Cryptdll.dll","Dom_CRYPTO","6.2.10240.18215","1","3-May-19","GDR","4580327","October 13, 2020-KB4580327 (OS Build 10240.18725)","http://support.microsoft.com/kb/4580327","No LDR Only available","No LDR Only available","No LDR Only available","rEX","20-10Rollup"
"Userenv.dll","Dom_GPSVC","6.2.10240.18725","0","30-Sep-20","GDR","4580327","October 13, 2020-KB4580327 (OS Build 10240.18725)","http://support.microsoft.com/kb/4580327","No LDR Only available","No LDR Only available","No LDR Only available","rEX","20-10Rollup"
"Gpprefcl.dll","Dom_GPP","6.2.10240.18638","0","8-Jul-20","GDR","4580327","October 13, 2020-KB4580327 (OS Build 10240.18725)","http://support.microsoft.com/kb/4580327","No LDR Only available","No LDR Only available","No LDR Only available","rEX","20-10Rollup"
"Profsvc.dll","Dom_ProfProc","6.2.10240.18725","0","30-Sep-20","GDR","4580327","October 13, 2020-KB4580327 (OS Build 10240.18725)","http://support.microsoft.com/kb/4580327","No LDR Only available","No LDR Only available","No LDR Only available","rEX","20-10Rollup"
"Ntdsai.dll","Dom_NTDSAI","6.2.10240.17609","0","5-Sep-17","GDR","4580327","October 13, 2020-KB4580327 (OS Build 10240.18725)","http://support.microsoft.com/kb/4580327","No LDR Only available","No LDR Only available","No LDR Only available","rEX","20-10Rollup"
"Samsrv.dll","Dom_SAMSRV","6.2.10240.17319","0","4-Mar-17","GDR","4580327","October 13, 2020-KB4580327 (OS Build 10240.18725)","http://support.microsoft.com/kb/4580327","No LDR Only available","No LDR Only available","No LDR Only available","rEX","20-10Rollup"
"Mrxsmb.sys","Net_SMB_Client","6.2.10240.18333","0","29-Aug-19","GDR","4580327","October 13, 2020-KB4580327 (OS Build 10240.18725)","http://support.microsoft.com/kb/4580327","No LDR Only available","No LDR Only available","No LDR Only available","rEX","20-10Rollup"
"Rdbss.sys","Net_SMB_Client","6.2.10240.18366","0","30-Sep-19","GDR","4580327","October 13, 2020-KB4580327 (OS Build 10240.18725)","http://support.microsoft.com/kb/4580327","No LDR Only available","No LDR Only available","No LDR Only available","rEX","20-10Rollup"
"Tcpip.sys","Net_Protocol","6.2.10240.18725","0","30-Sep-20","GDR","4580327","October 13, 2020-KB4580327 (OS Build 10240.18725)","http://support.microsoft.com/kb/4580327","No LDR Only available","No LDR Only available","No LDR Only available","rEX","20-10Rollup"
"Netio.sys","Net_Protocol","6.2.10240.18394","0","24-Oct-19","GDR","4580327","October 13, 2020-KB4580327 (OS Build 10240.18725)","http://support.microsoft.com/kb/4580327","No LDR Only available","No LDR Only available","No LDR Only available","rEX","20-10Rollup"
"Ndis.sys","Net_Protocol","6.2.10240.18485","0","28-Jan-20","GDR","4580327","October 13, 2020-KB4580327 (OS Build 10240.18725)","http://support.microsoft.com/kb/4580327","No LDR Only available","No LDR Only available","No LDR Only available","rEX","20-10Rollup"
"Tdx.sys","Net_Protocol","6.2.10240.17533","0","2-Aug-17","GDR","4580327","October 13, 2020-KB4580327 (OS Build 10240.18725)","http://support.microsoft.com/kb/4580327","No LDR Only available","No LDR Only available","No LDR Only available","rEX","20-10Rollup"
"Cscmig.dll","Net_CSC_Offline","6.2.10240.17946","0","7-Aug-18","GDR","4580327","October 13, 2020-KB4580327 (OS Build 10240.18725)","http://support.microsoft.com/kb/4580327","No LDR Only available","No LDR Only available","No LDR Only available","rEX","20-10Rollup"
"Dhcpcore.dll","Net_DHCP_Client","6.2.10240.18696","0","2-Sep-20","GDR","4580327","October 13, 2020-KB4580327 (OS Build 10240.18725)","http://support.microsoft.com/kb/4580327","No LDR Only available","No LDR Only available","No LDR Only available","rEX","20-10Rollup"
"Dhcpcsvc.dll","Net_DHCP_Client","6.2.10240.18696","0","2-Sep-20","GDR","4580327","October 13, 2020-KB4580327 (OS Build 10240.18725)","http://support.microsoft.com/kb/4580327","No LDR Only available","No LDR Only available","No LDR Only available","rEX","20-10Rollup"
"Rpcss.dll","Net_RPC","6.2.10240.18303","1","30-Jul-19","GDR","4580327","October 13, 2020-KB4580327 (OS Build 10240.18725)","http://support.microsoft.com/kb/4580327","No LDR Only available","No LDR Only available","No LDR Only available","rEX","20-10Rollup"
"Rpchttp.dll","Net_RPC","6.2.10240.17643","1","19-Sep-17","GDR","4580327","October 13, 2020-KB4580327 (OS Build 10240.18725)","http://support.microsoft.com/kb/4580327","No LDR Only available","No LDR Only available","No LDR Only available","rEX","20-10Rollup"
"Rpcrt4.dll","Net_RPC","6.2.10240.18696","1","2-Sep-20","GDR","4580327","October 13, 2020-KB4580327 (OS Build 10240.18725)","http://support.microsoft.com/kb/4580327","No LDR Only available","No LDR Only available","No LDR Only available","rEX","20-10Rollup"
"Fwpuclnt.dll","Net_Ipsec_BFE","6.2.10240.18394","1","24-Oct-19","GDR","4580327","October 13, 2020-KB4580327 (OS Build 10240.18725)","http://support.microsoft.com/kb/4580327","No LDR Only available","No LDR Only available","No LDR Only available","rEX","20-10Rollup"
"Daotpcredentialprovider.dll","Net_DirectAccess_Client","6.2.10240.17394","1","28-Apr-17","GDR","4580327","October 13, 2020-KB4580327 (OS Build 10240.18725)","http://support.microsoft.com/kb/4580327","No LDR Only available","No LDR Only available","No LDR Only available","rEX","20-10Rollup"
"Rdpcore.dll","Net_DirectAccess_Client","6.2.10240.18725","1","30-Sep-20","GDR","4580327","October 13, 2020-KB4580327 (OS Build 10240.18725)","http://support.microsoft.com/kb/4580327","No LDR Only available","No LDR Only available","No LDR Only available","rEX","20-10Rollup"
"dot3svc.dll","Net_IEEE802.1x","6.2.10240.17738","1","2-Jan-18","GDR","4580327","October 13, 2020-KB4580327 (OS Build 10240.18725)","http://support.microsoft.com/kb/4580327","No LDR Only available","No LDR Only available","No LDR Only available","rEX","20-10Rollup"
"wlansvc.dll","Net_WLAN_Client","6.2.10240.18608","1","2-Jun-20","GDR","4580327","October 13, 2020-KB4580327 (OS Build 10240.18725)","http://support.microsoft.com/kb/4580327","No LDR Only available","No LDR Only available","No LDR Only available","rEX","20-10Rollup"
"wlansec.dll","Net_WLAN_Client","6.2.10240.17643","1","19-Sep-17","GDR","4580327","October 13, 2020-KB4580327 (OS Build 10240.18725)","http://support.microsoft.com/kb/4580327","No LDR Only available","No LDR Only available","No LDR Only available","rEX","20-10Rollup"
"wlansvcpal.dll","Net_WLAN_Client","6.2.10240.16384","1","10-Jul-15","GDR","4580327","October 13, 2020-KB4580327 (OS Build 10240.18725)","http://support.microsoft.com/kb/4580327","No LDR Only available","No LDR Only available","No LDR Only available","rEX","20-10Rollup"
"Tunnel.sys","Net_IPv6","6.2.10240.16412","1","30-Jul-15","GDR","4580327","October 13, 2020-KB4580327 (OS Build 10240.18725)","http://support.microsoft.com/kb/4580327","No LDR Only available","No LDR Only available","No LDR Only available","rEX","20-10Rollup"
"MpsSvc.dll","Net_Firewall","6.2.10240.18275","1","4-Jul-19","GDR","4580327","October 13, 2020-KB4580327 (OS Build 10240.18725)","http://support.microsoft.com/kb/4580327","No LDR Only available","No LDR Only available","No LDR Only available","rEX","20-10Rollup"
"Ntoskrnl.exe","Core_Kernel","6.2.10240.18725","0","30-Sep-20","GDR","4580327","October 13, 2020-KB4580327 (OS Build 10240.18725)","http://support.microsoft.com/kb/4580327","No LDR Only available","No LDR Only available","No LDR Only available","rEX","20-10Rollup"
"Hal.dll","Core_Kernel","6.2.10240.18366","0","30-Sep-19","GDR","4580327","October 13, 2020-KB4580327 (OS Build 10240.18725)","http://support.microsoft.com/kb/4580327","No LDR Only available","No LDR Only available","No LDR Only available","rEX","20-10Rollup"
"win32k.sys","Core_Kernel","6.2.10240.16384","0","10-Jul-15","GDR","4580327","October 13, 2020-KB4580327 (OS Build 10240.18725)","http://support.microsoft.com/kb/4580327","No LDR Only available","No LDR Only available","No LDR Only available","rEX","20-10Rollup"
"Storport.sys","Core_DiskSystem","6.2.10240.17738","0","2-Jan-18","GDR","4580327","October 13, 2020-KB4580327 (OS Build 10240.18725)","http://support.microsoft.com/kb/4580327","No LDR Only available","No LDR Only available","No LDR Only available","rEX","20-10Rollup"
"Repdrvfs.dll","Core_WMI","6.2.10240.18545","0","31-Mar-20","GDR","4580327","October 13, 2020-KB4580327 (OS Build 10240.18725)","http://support.microsoft.com/kb/4580327","No LDR Only available","No LDR Only available","No LDR Only available","rEX","20-10Rollup"
"4565911","Win2016_20_07_SSU_KB"," ","0","14-Jul-2020","GDR","4565911","Servicing stack update for Windows 10: July 14, 2020","http://support.microsoft.com/kb/4565911","KB only","KB only","KB Only"," ","No Rollup"
"4580327","Win2016_20-10_B_rollup_KB"," ","0","13-Oct-2020","GDR","4580327 (v1.0)","October 13, 2020-KB4580327 (OS Build 10240.18725)","http://support.microsoft.com/kb/4580327","KB only","KB only","KB only"," ","20-10Rollup"
