"Binary","Component","Version","Prio","Published","Branch","Article","Title","Link","LDROnlyKB","LDROnlyTitle","LDROnlyLink","Comment","RollupInfo"
"Localspl.dll","Print_Spool","6.2.14393.2999","0","21-May-19","GDR","4534271","January 14, 2020-KB4534271 (OS Build 14393.3443)","http://support.microsoft.com/kb/4534271","No LDR Only available","No LDR Only available","No LDR Only available","rEX","20-01Rollup"
"Win32spl.dll","Print_Spool","6.2.14393.2879","0","14-Mar-19","GDR","4534271","January 14, 2020-KB4534271 (OS Build 14393.3443)","http://support.microsoft.com/kb/4534271","No LDR Only available","No LDR Only available","No LDR Only available","rEX","20-01Rollup"
"Spoolsv.exe","Print_Spool","6.2.14393.3321","0","17-Oct-19","GDR","4534271","January 14, 2020-KB4534271 (OS Build 14393.3443)","http://support.microsoft.com/kb/4534271","No LDR Only available","No LDR Only available","No LDR Only available","rEX","20-01Rollup"
"Ntprint.exe","Print_App","6.2.14393.1715","0","7-Sep-17","GDR","4534271","January 14, 2020-KB4534271 (OS Build 14393.3443)","http://support.microsoft.com/kb/4534271","No LDR Only available","No LDR Only available","No LDR Only available","rEX","20-01Rollup"
"Printui.dll","Print_App","6.2.14393.2457","0","23-Aug-18","GDR","4534271","January 14, 2020-KB4534271 (OS Build 14393.3443)","http://support.microsoft.com/kb/4534271","No LDR Only available","No LDR Only available","No LDR Only available","rEX","20-01Rollup"
"Printfilterpipelineprxy.dll","Print_App","6.2.14393.2608","0","25-Oct-18","GDR","4534271","January 14, 2020-KB4534271 (OS Build 14393.3443)","http://support.microsoft.com/kb/4534271","No LDR Only available","No LDR Only available","No LDR Only available","rEX","20-01Rollup"
"Printfilterpipelinesvc.exe","Print_App","6.2.14393.3383","0","26-Nov-19","GDR","4534271","January 14, 2020-KB4534271 (OS Build 14393.3443)","http://support.microsoft.com/kb/4534271","No LDR Only available","No LDR Only available","No LDR Only available","rEX","20-01Rollup"
"Printbrm.exe","Print_App","6.2.14393.1378","0","21-Jun-17","GDR","4534271","January 14, 2020-KB4534271 (OS Build 14393.3443)","http://support.microsoft.com/kb/4534271","No LDR Only available","No LDR Only available","No LDR Only available","rEX","20-01Rollup"
"splwow64.exe","Print_App","6.2.14393.3321","0","17-Oct-19","GDR","4534271","January 14, 2020-KB4534271 (OS Build 14393.3443)","http://support.microsoft.com/kb/4534271","No LDR Only available","No LDR Only available","No LDR Only available","rEX","20-01Rollup"
"Mxdwdrv.dll","Print_Driver","0.3.14393.2938","1","6-Apr-19","GDR","4534271","January 14, 2020-KB4534271 (OS Build 14393.3443)","http://support.microsoft.com/kb/4534271","No LDR Only available","No LDR Only available","No LDR Only available","rEX","20-01Rollup"
"Pcl4res.dll","Print_Driver","0.3.5479.0","1","6-Apr-19","GDR","4534271","January 14, 2020-KB4534271 (OS Build 14393.3443)","http://support.microsoft.com/kb/4534271","No LDR Only available","No LDR Only available","No LDR Only available","rEX","20-01Rollup"
"Pscript5.dll","Print_Driver","0.3.14393.2938","1","6-Apr-19","GDR","4534271","January 14, 2020-KB4534271 (OS Build 14393.3443)","http://support.microsoft.com/kb/4534271","No LDR Only available","No LDR Only available","No LDR Only available","rEX","20-01Rollup"
"Unidrv.dll","Print_Driver","0.3.14393.2938","1","6-Apr-19","GDR","4534271","January 14, 2020-KB4534271 (OS Build 14393.3443)","http://support.microsoft.com/kb/4534271","No LDR Only available","No LDR Only available","No LDR Only available","rEX","20-01Rollup"
"Unires.dll","Print_Driver","0.3.14393.2938","1","6-Apr-19","GDR","4534271","January 14, 2020-KB4534271 (OS Build 14393.3443)","http://support.microsoft.com/kb/4534271","No LDR Only available","No LDR Only available","No LDR Only available","rEX","20-01Rollup"
"4520724","Win2016RS1_19_11_SSU_KB"," ","0","12-Nov-2019","GDR","4520724","Servicing stack update for Windows 10, version 1607: November 12, 2019","http://support.microsoft.com/kb/4520724","KB only","KB only","KB Only"," ","No Rollup"
"4534271","Win2016RS1_20-01_B_rollup_KB"," ","0","14-Jan-2020","GDR","4534271 (v1.0)","January 14, 2020-KB4534271 (OS Build 14393.3443)","http://support.microsoft.com/kb/4534271","KB only","KB only","KB only"," ","20-01Rollup"
