"Binary","Component","Version","Prio","Published","Branch","Article","Title","Link","LDROnlyKB","LDROnlyTitle","LDROnlyLink","Comment","RollupInfo"
"Ntoskrnl.exe","Core_Kernel","6.2.18362.1171","0","20-Oct-20","GDR","4580386 (v1.0)","October 20, 2020-KB4580386 (OS Builds 18362.1171 and 18363.1171) Preview","http://support.microsoft.com/kb/4580386","KB only","KB only","KB only"," ","20-10Rollup"
"Crashdmp.sys","Core_Kernel","6.2.18362.693","0","7-Mar-20","GDR","4580386 (v1.0)","October 20, 2020-KB4580386 (OS Builds 18362.1171 and 18363.1171) Preview","http://support.microsoft.com/kb/4580386","KB only","KB only","KB only"," ","20-10Rollup"
"win32k.sys","Core_Kernel","6.2.18362.1171","0","20-Oct-20","GDR","4580386 (v1.0)","October 20, 2020-KB4580386 (OS Builds 18362.1171 and 18363.1171) Preview","http://support.microsoft.com/kb/4580386","KB only","KB only","KB only"," ","20-10Rollup"
"Rdpshell.exe","RDS_remote_App","6.2.18362.836","0","21-Jul-20","GDR","4580386 (v1.0)","October 20, 2020-KB4580386 (OS Builds 18362.1171 and 18363.1171) Preview","http://support.microsoft.com/kb/4580386","KB only","KB only","KB only"," ","20-10Rollup"
"Rdsdwmdr.dll","RDS_remote_App","6.2.18362.836","0","21-Jul-20","GDR","4580386 (v1.0)","October 20, 2020-KB4580386 (OS Builds 18362.1171 and 18363.1171) Preview","http://support.microsoft.com/kb/4580386","KB only","KB only","KB only"," ","20-10Rollup"
"Audioeng.dll","RDS_devRdr","6.2.18362.1110","1","16-Sep-20","GDR","4580386 (v1.0)","October 20, 2020-KB4580386 (OS Builds 18362.1171 and 18363.1171) Preview","http://support.microsoft.com/kb/4580386","KB only","KB only","KB only"," ","20-10Rollup"
"Audiokse.dll","RDS_devRdr","6.2.18362.1110","1","16-Sep-20","GDR","4580386 (v1.0)","October 20, 2020-KB4580386 (OS Builds 18362.1171 and 18363.1171) Preview","http://support.microsoft.com/kb/4580386","KB only","KB only","KB only"," ","20-10Rollup"
"Audioses.dll","RDS_devRdr","6.2.18362.1110","1","16-Sep-20","GDR","4580386 (v1.0)","October 20, 2020-KB4580386 (OS Builds 18362.1171 and 18363.1171) Preview","http://support.microsoft.com/kb/4580386","KB only","KB only","KB only"," ","20-10Rollup"
"Audiosrv.dll","RDS_devRdr","6.2.18362.1110","1","16-Sep-20","GDR","4580386 (v1.0)","October 20, 2020-KB4580386 (OS Builds 18362.1171 and 18363.1171) Preview","http://support.microsoft.com/kb/4580386","KB only","KB only","KB only"," ","20-10Rollup"
"Tsvmhasvc.dll","RDS_vHost","6.2.18362.1","0","23-Jan-20","GDR","4580386 (v1.0)","October 20, 2020-KB4580386 (OS Builds 18362.1171 and 18363.1171) Preview","http://support.microsoft.com/kb/4580386","KB only","KB only","KB only"," ","20-10Rollup"
"Tssdis.exe","RDS_vHost","6.2.18362.1","0","6-May-20","GDR","4580386 (v1.0)","October 20, 2020-KB4580386 (OS Builds 18362.1171 and 18363.1171) Preview","http://support.microsoft.com/kb/4580386","KB only","KB only","KB only"," ","20-10Rollup"
"aaedge.dll","RDS_gateway","6.2.18362.1","1","23-Jan-20","GDR","4580386 (v1.0)","October 20, 2020-KB4580386 (OS Builds 18362.1171 and 18363.1171) Preview","http://support.microsoft.com/kb/4580386","KB only","KB only","KB only"," ","20-10Rollup"
"lserver.dll","RDS_license","6.2.18362.1","1","6-May-20","GDR","4580386 (v1.0)","October 20, 2020-KB4580386 (OS Builds 18362.1171 and 18363.1171) Preview","http://support.microsoft.com/kb/4580386","KB only","KB only","KB only"," ","20-10Rollup"
"dxgkrnl.sys","RDS_host","6.2.18362.1110","1","16-Sep-20","GDR","4580386 (v1.0)","October 20, 2020-KB4580386 (OS Builds 18362.1171 and 18363.1171) Preview","http://support.microsoft.com/kb/4580386","KB only","KB only","KB only"," ","20-10Rollup"
"sessenv.dll","RDS_host","6.2.18362.387","1","26-Sep-19","GDR","4580386 (v1.0)","October 20, 2020-KB4580386 (OS Builds 18362.1171 and 18363.1171) Preview","http://support.microsoft.com/kb/4580386","KB only","KB only","KB only"," ","20-10Rollup"
"Profsvc.dll","Dom_ProfProc","6.2.18362.1171","1","20-Oct-20","GDR","4580386 (v1.0)","October 20, 2020-KB4580386 (OS Builds 18362.1171 and 18363.1171) Preview","http://support.microsoft.com/kb/4580386","KB only","KB only","KB only"," ","20-10Rollup"
"4577670","Win2016_1903_20-10_SSU_KB"," ","0","13-Oct-2020","GDR","4577670","Servicing stack update for Windows 10, version 1903 and 1909: October 13, 2020","http://support.microsoft.com/kb/4577670","KB only","KB only","KB Only"," ","No Rollup"
"4580386","Win201619H2_20-10_C_rollup_KB"," ","0","20-Oct-2020","GDR","4580386 (v1.0)","October 20, 2020-KB4580386 (OS Builds 18362.1171 and 18363.1171) Preview","http://support.microsoft.com/kb/4580386","KB only","KB only","KB only"," ","20-10Rollup"
