"Binary","Component","Version","Prio","Published","Branch","Article","Title","Link","LDROnlyKB","LDROnlyTitle","LDROnlyLink","Comment","RollupInfo"
"Clussvc.exe","Cluster_Core","6.2.18362.1","0","22-Jan-20","GDR","4532693 (v1.0)","February 11, 2020-KB4532693 (OS Builds 18362.657 and 18363.657)","http://support.microsoft.com/kb/4532693","KB only","KB only","KB only"," ","20-02Rollup"
"ClusWMI.dll","Cluster_Core","6.2.18362.1","0","22-Jan-20","GDR","4532693 (v1.0)","February 11, 2020-KB4532693 (OS Builds 18362.657 and 18363.657)","http://support.microsoft.com/kb/4532693","KB only","KB only","KB only"," ","20-02Rollup"
"Rhs.exe","Cluster_Core","6.2.18362.1","0","23-Jan-20","GDR","4532693 (v1.0)","February 11, 2020-KB4532693 (OS Builds 18362.657 and 18363.657)","http://support.microsoft.com/kb/4532693","KB only","KB only","KB only"," ","20-02Rollup"
"Clusres.dll","Cluster_Core","6.2.18362.1","0","23-Jan-20","GDR","4532693 (v1.0)","February 11, 2020-KB4532693 (OS Builds 18362.657 and 18363.657)","http://support.microsoft.com/kb/4532693","KB only","KB only","KB only"," ","20-02Rollup"
"Clusres2.dll","Cluster_Core","6.2.18362.1","0","23-Jan-20","GDR","4532693 (v1.0)","February 11, 2020-KB4532693 (OS Builds 18362.657 and 18363.657)","http://support.microsoft.com/kb/4532693","KB only","KB only","KB only"," ","20-02Rollup"
"Csvflt.sys","Cluster_CSV","6.2.18362.1","0","23-Jan-20","GDR","4532693 (v1.0)","February 11, 2020-KB4532693 (OS Builds 18362.657 and 18363.657)","http://support.microsoft.com/kb/4532693","KB only","KB only","KB only"," ","20-02Rollup"
"Csvfs.sys","Cluster_CSV","6.2.18362.1","0","22-Jan-20","GDR","4532693 (v1.0)","February 11, 2020-KB4532693 (OS Builds 18362.657 and 18363.657)","http://support.microsoft.com/kb/4532693","KB only","KB only","KB only"," ","20-02Rollup"
"Vhdmp.sys","Cluster_CSV","6.2.18362.657","0","11-Feb-20","GDR","4532693 (v1.0)","February 11, 2020-KB4532693 (OS Builds 18362.657 and 18363.657)","http://support.microsoft.com/kb/4532693","KB only","KB only","KB only"," ","20-02Rollup"
"Cprepsrv.exe","Cluster_Validation","6.2.18362.1","1","22-Jan-20","GDR","4532693 (v1.0)","February 11, 2020-KB4532693 (OS Builds 18362.657 and 18363.657)","http://support.microsoft.com/kb/4532693","KB only","KB only","KB only"," ","20-02Rollup"
"Storport.sys","Core_DiskSystem","6.2.18362.628","0","11-Feb-20","GDR","4532693 (v1.0)","February 11, 2020-KB4532693 (OS Builds 18362.657 and 18363.657)","http://support.microsoft.com/kb/4532693","KB only","KB only","KB only"," ","20-02Rollup"
"4528759","Win2016_1903_20_01_SSU_KB"," ","0","12-Nov-2019","GDR","4528759","Servicing stack update for Windows 10, version 1903 and 1909: January 14, 2020","http://support.microsoft.com/kb/4528759","KB only","KB only","KB Only"," ","No Rollup"
"4532693","Win201619H2_20-02_B_rollup_KB"," ","0","11-Feb-2020","GDR","4532693 (v1.0)","February 11, 2020-KB4532693 (OS Builds 18362.657 and 18363.657)","http://support.microsoft.com/kb/4532693","KB only","KB only","KB only"," ","20-02Rollup"
