"Binary","Component","Version","Prio","Published","Branch","Article","Title","Link","LDROnlyKB","LDROnlyTitle","LDROnlyLink","Comment","RollupInfo"
"Ntoskrnl.exe","Core_Kernel","6.3.9600.19538","0","15-Oct-19","LDR","4534297","January 14, 2020-KB4534297 (Monthly Rollup)","http://support.microsoft.com/kb/4534297","No LDR Only available","No LDR Only available","No LDR Only available","rEX","20-01Rollup"
"crashdmp.sys","Core_Kernel","6.3.9600.17622","0","20.12.2014","GDR","3027113 (v1.0)","Can't save a dump file when the system crashes and the Round Robin MPIO policy is used in Windows Server 201","http://support.microsoft.com/kb/3027113","No LDR Only available","No LDR Only available","No LDR Only available","rKB","No Rollup"
"vssapi.dll","Core_VSS","6.3.9600.17466","1","22.10.2014","GDR","2996928 (v1.1)","Backup task fails with a time-out error in Window","http://support.microsoft.com/kb/2996928","No LDR Only available","No LDR Only available","No LDR Only available","rEX","14-12Rollup"
"vsstrace.dll","Core_VSS","6.3.9600.17466","1","22.10.2014","GDR","2996928 (v1.1)","Backup task fails with a time-out error in Window","http://support.microsoft.com/kb/2996928","No LDR Only available","No LDR Only available","No LDR Only available","rEX","14-12Rollup"
"swprv.dll","Core_VSS","6.3.9600.17415","1","30.10.2014","GDR","3000850 (v1.7)","November 2014 update rollup for Windows RT 8.1, Windows 8.1, and Windows Server 2012 R","http://support.microsoft.com/kb/3000850","No LDR Only available","No LDR Only available","No LDR Only available"," ","14-11Rollup"
"spp.dll","Core_VSS","6.3.9600.17415","1","18.11.2014","GDR","3000850 (v1.8)","November 2014 update rollup for Windows RT 8.1, Windows 8.1, and Windows Server 2012 R","http://support.microsoft.com/kb/3000850","No LDR Only available","No LDR Only available","No LDR Only available"," ","14-11Rollup"
"wbengine.exe","Core_VSS","6.3.9600.18437","1","11-Aug-16","LDR","4534297","January 14, 2020-KB4534297 (Monthly Rollup)","http://support.microsoft.com/kb/4534297","No LDR Only available","No LDR Only available","No LDR Only available","rEX","20-01Rollup"
"blbsrv.dll","Core_VSS","6.3.9600.18192","1","10.01.2016","GDR","3134813 (v1.0)","Windows Server Backup may hit process freeze and backup operation fails in Windows Server 2012 R2","http://support.microsoft.com/kb/3134813","No LDR Only available","No LDR Only available","No LDR Only available","rEX","No Rollup"
"volsnap.sys","Cluster_Volsnap","6.3.9600.18265","0","14.03.2016","GDR","3145384 (v1.0)","MinDiffAreaFileSize registry value limit is increased from 3 GB to 50 GB in Windows 8.1 or Windows Server 2012 R2","http://support.microsoft.com/kb/3145384","No LDR Only available","No LDR Only available","No LDR Only available","rEX","No Rollup"
"pci.sys","Core_Sys","6.3.9600.18939","1","10-Feb-18","LDR","4534297","January 14, 2020-KB4534297 (Monthly Rollup)","http://support.microsoft.com/kb/4534297","No LDR Only available","No LDR Only available","No LDR Only available","rEX","20-01Rollup"
"Crypt32.dll","Dom_CRYPTO","6.3.9600.18653","1","31-Mar-17","LDR","4534297","January 14, 2020-KB4534297 (Monthly Rollup)","http://support.microsoft.com/kb/4534297","No LDR Only available","No LDR Only available","No LDR Only available","rEX","20-01Rollup"
"cryptsvc.dll","Dom_CRYPTO","6.3.9600.17415","1","30.10.2014","GDR","3000850 (v1.7)","November 2014 update rollup for Windows RT 8.1, Windows 8.1, and Windows Server 2012 R","http://support.microsoft.com/kb/3000850","No LDR Only available","No LDR Only available","No LDR Only available"," ","14-11Rollup"
"Cryptnet.dll","Dom_CRYPTO","6.3.9600.18878","1","5-Dec-17","LDR","4534297","January 14, 2020-KB4534297 (Monthly Rollup)","http://support.microsoft.com/kb/4534297","No LDR Only available","No LDR Only available","No LDR Only available","rEX","20-01Rollup"
"Wintrust.dll","Dom_CRYPTO","6.3.9600.18508","1","5-Oct-16","LDR","4534297","January 14, 2020-KB4534297 (Monthly Rollup)","http://support.microsoft.com/kb/4534297","No LDR Only available","No LDR Only available","No LDR Only available","rEX","20-01Rollup"
"Cryptdll.dll","Dom_CRYPTO","6.3.9600.19343","1","5-Apr-19","LDR","4534297","January 14, 2020-KB4534297 (Monthly Rollup)","http://support.microsoft.com/kb/4534297","No LDR Only available","No LDR Only available","No LDR Only available","rEX","20-01Rollup"
"Cryptcatsvc.dll","Dom_CRYPTO","6.3.9600.19596","1","13-Dec-19","LDR","4534297","January 14, 2020-KB4534297 (Monthly Rollup)","http://support.microsoft.com/kb/4534297","No LDR Only available","No LDR Only available","No LDR Only available","rEX","20-01Rollup"
"4524445","Win2012R2_19_11_SSU_KB","KBOnlyVersion","0","12-Nov-2019","GDR","4524445","Servicing stack update for Windows 8.1, RT 8.1, and Server 2012 R2: November 12, 2019","http://support.microsoft.com/kb/4524445","KB only","KB only","KB only"," ","No Rollup"
"3123245","All_OS_2012R2_important_KB","KBOnlyVersion","0","14-Apr-2016","GDR","3123245 (v4.0)","Update improves port exhaustion identification in Windows Server 2012 R2","http://support.microsoft.com/kb/3123245","KB only","KB only","KB only"," ","No Rollup"
"2919355","Win2012R2_14_04_rollup_KB"," ","0","24.02.2014","GDR","2919355 (v1.14)","Windows RT 8.1, Windows 8.1, and Windows Server 2012 R2 Update: April 2014","http://support.microsoft.com/kb/2919355","KB only","KB only","KB Only"," ","14-04Rollup"
"3000850","Win2012R2_14_11_rollup_KB"," ","0","18.11.2014","GDR","3000850 (v2.0)","November 2014 update rollup for Windows RT 8.1, Windows 8.1, and Windows Server 2012 R2","http://support.microsoft.com/kb/3000850","KB only","KB only","KB Only"," ","14-11Rollup"
"3013769","Win2012R2_14_12_rollup_KB"," ","0","10.12.2014","GDR","3013769 (v2.0)","December 2014 update rollup for Windows RT 8.1, Windows 8.1, and Windows Server 2012 R2","http://support.microsoft.com/kb/3013769","KB only","KB only","KB Only"," ","14-12Rollup"
"3172614","Win2012R2_16_07_rollup_KB"," ","0","19.07.2016","GDR","3172614 (v1.0)","July 2016 update rollup for Windows RT 8.1, Windows 8.1, and Windows Server 2012 R2","http://support.microsoft.com/kb/3172614","KB only","KB only","KB Only"," ","16-07Rollup"
"3179574","Win2012R2_16_08_rollup_KB"," ","0","16.08.2016","GDR","3179574 (v1.0)","August 2016 update rollup for Windows RT 8.1, Windows 8.1, and Windows Server 2012 R2","http://support.microsoft.com/kb/3179574","KB only","KB only","KB Only"," ","16-08Rollup"
"4534297","Win2012R2_20-01_B_rollup_KB"," ","0","14-Jan-2020","GDR","4534297 (v1.0)","anuary 14, 2020-KB4534297 (Monthly Rollup)","http://support.microsoft.com/kb/4534297","KB only","KB only","KB only"," ","20-01Rollup"
