"Binary","Component","Version","Prio","Published","Branch","Article","Title","Link","LDROnlyKB","LDROnlyTitle","LDROnlyLink","Comment","RollupInfo"
"Ndisimplatform.sys","Hyper-V_Net","6.2.17134.1","1","11-Apr-18","GDR","4577032","September 8, 2020-KB4577032 (OS Build 17134.1726)","http://support.microsoft.com/kb/4577032","No LDR Only available","No LDR Only available","No LDR Only available","rEX","20-09Rollup"
"Vmms.exe","Hyper-V_Net","6.2.17134.1276","1","7-Jan-20","GDR","4577032","September 8, 2020-KB4577032 (OS Build 17134.1726)","http://support.microsoft.com/kb/4577032","No LDR Only available","No LDR Only available","No LDR Only available","rEX","20-09Rollup"
"Winnat.sys","Hyper-V_Net","6.2.17134.1345","1","21-Feb-20","GDR","4577032","September 8, 2020-KB4577032 (OS Build 17134.1726)","http://support.microsoft.com/kb/4577032","No LDR Only available","No LDR Only available","No LDR Only available","rEX","20-09Rollup"
"Wmisvc.dll","Hyper-V_Net","6.2.17134.1667","1","5-Aug-20","GDR","4577032","September 8, 2020-KB4577032 (OS Build 17134.1726)","http://support.microsoft.com/kb/4577032","No LDR Only available","No LDR Only available","No LDR Only available","rEX","20-09Rollup"
"Vmwp.exe","Hyper-V_app","6.2.17134.1304","1","5-Feb-20","GDR","4577032","September 8, 2020-KB4577032 (OS Build 17134.1726)","http://support.microsoft.com/kb/4577032","No LDR Only available","No LDR Only available","No LDR Only available","rEX","20-09Rollup"
"4565552","Win2016RS4_20_07_SSU_KB"," ","0","14-Jul-2020","GDR","4565552","Servicing stack update for Windows 10, version 1803: July 14, 2020","http://support.microsoft.com/kb/4565552","KB only","KB only","KB Only"," ","No Rollup"
"4577032","Win2016RS4_20-09_B_rollup_KB"," ","0","08-Sep-2020","GDR","4577032 (v1.0)","September 8, 2020-KB4577032 (OS Build 17134.1726)","http://support.microsoft.com/kb/4577032","KB only","KB only","KB only"," ","20-09Rollup"
