"Binary","Component","Version","Prio","Published","Branch","Article","Title","Link","LDROnlyKB","LDROnlyTitle","LDROnlyLink","Comment","RollupInfo"
"Ntoskrnl.exe","Core_Kernel","6.2.16299.1448","0","2-Oct-19","GDR","4520004","October 8, 2019-KB4520004 (OS Build 16299.1451)","http://support.microsoft.com/kb/4520004","No LDR Only available","No LDR Only available","No LDR Only available","rEX","19-10Rollup"
"Ntfs.sys","Core_FileSystem","6.2.16299.1296","0","9-Jul-19","GDR","4520004","October 8, 2019-KB4520004 (OS Build 16299.1451)","http://support.microsoft.com/kb/4520004","No LDR Only available","No LDR Only available","No LDR Only available","rEX","19-10Rollup"
"dedup.sys","Core_FileSystem","6.2.16299.1059","0","14-Mar-19","GDR","4520004","October 8, 2019-KB4520004 (OS Build 16299.1451)","http://support.microsoft.com/kb/4520004","No LDR Only available","No LDR Only available","No LDR Only available","rEX","19-10Rollup"
"srv.sys","Net_SMB_Server","6.2.16299.1029","0","6-Mar-19","GDR","4520004","October 8, 2019-KB4520004 (OS Build 16299.1451)","http://support.microsoft.com/kb/4520004","No LDR Only available","No LDR Only available","No LDR Only available","rEX","19-10Rollup"
"srv2.sys","Net_SMB_Server","6.2.16299.1059","0","14-Mar-19","GDR","4520004","October 8, 2019-KB4520004 (OS Build 16299.1451)","http://support.microsoft.com/kb/4520004","No LDR Only available","No LDR Only available","No LDR Only available","rEX","19-10Rollup"
"srvnet.sys","Net_SMB_Server","6.2.16299.1029","0","6-Mar-19","GDR","4520004","October 8, 2019-KB4520004 (OS Build 16299.1451)","http://support.microsoft.com/kb/4520004","No LDR Only available","No LDR Only available","No LDR Only available","rEX","19-10Rollup"
"Srvsvc.dll","Net_SMB_Server","6.2.16299.371","0","30-Mar-18","GDR","4520004","October 8, 2019-KB4520004 (OS Build 16299.1451)","http://support.microsoft.com/kb/4520004","No LDR Only available","No LDR Only available","No LDR Only available","rEX","19-10Rollup"
"Mrxsmb.sys","Net_SMB_Client","6.2.16299.1387","0","4-Sep-19","GDR","4520004","October 8, 2019-KB4520004 (OS Build 16299.1451)","http://support.microsoft.com/kb/4520004","No LDR Only available","No LDR Only available","No LDR Only available","rEX","19-10Rollup"
"Mrxsmb10.sys","Net_SMB_Client","6.2.16299.1029","0","6-Mar-19","GDR","4520004","October 8, 2019-KB4520004 (OS Build 16299.1451)","http://support.microsoft.com/kb/4520004","No LDR Only available","No LDR Only available","No LDR Only available","rEX","19-10Rollup"
"Mrxsmb20.sys","Net_SMB_Client","6.2.16299.936","0","5-Jan-19","GDR","4520004","October 8, 2019-KB4520004 (OS Build 16299.1451)","http://support.microsoft.com/kb/4520004","No LDR Only available","No LDR Only available","No LDR Only available","rEX","19-10Rollup"
"Rdbss.sys","Net_SMB_Client","6.2.16299.1448","0","2-Oct-19","GDR","4520004","October 8, 2019-KB4520004 (OS Build 16299.1451)","http://support.microsoft.com/kb/4520004","No LDR Only available","No LDR Only available","No LDR Only available","rEX","19-10Rollup"
"Netbt.sys","Net_SMB_Client","6.2.16299.1087","0","2-Apr-19","GDR","4520004","October 8, 2019-KB4520004 (OS Build 16299.1451)","http://support.microsoft.com/kb/4520004","No LDR Only available","No LDR Only available","No LDR Only available","rEX","19-10Rollup"
"Mup.sys","Net_SMB_Client","6.2.16299.371","0","30-Mar-18","GDR","4520004","October 8, 2019-KB4520004 (OS Build 16299.1451)","http://support.microsoft.com/kb/4520004","No LDR Only available","No LDR Only available","No LDR Only available","rEX","19-10Rollup"
"wkssvc.dll","Net_SMB_Client","6.2.16299.371","0","30-Mar-18","GDR","4520004","October 8, 2019-KB4520004 (OS Build 16299.1451)","http://support.microsoft.com/kb/4520004","No LDR Only available","No LDR Only available","No LDR Only available","rEX","19-10Rollup"
"Tcpip.sys","Net_Protocol","6.2.16299.1364","0","8-Aug-19","GDR","4520004","October 8, 2019-KB4520004 (OS Build 16299.1451)","http://support.microsoft.com/kb/4520004","No LDR Only available","No LDR Only available","No LDR Only available","rEX","19-10Rollup"
"Afd.sys","Net_Protocol","6.2.16299.1029","0","6-Mar-19","GDR","4520004","October 8, 2019-KB4520004 (OS Build 16299.1451)","http://support.microsoft.com/kb/4520004","No LDR Only available","No LDR Only available","No LDR Only available","rEX","19-10Rollup"
"Netio.sys","Net_Protocol","6.2.16299.820","0","7-Nov-18","GDR","4520004","October 8, 2019-KB4520004 (OS Build 16299.1451)","http://support.microsoft.com/kb/4520004","No LDR Only available","No LDR Only available","No LDR Only available","rEX","19-10Rollup"
"Ndis.sys","Net_Protocol","6.2.16299.1004","0","17-Feb-19","GDR","4520004","October 8, 2019-KB4520004 (OS Build 16299.1451)","http://support.microsoft.com/kb/4520004","No LDR Only available","No LDR Only available","No LDR Only available","rEX","19-10Rollup"
"Tdx.sys","Net_Protocol","6.2.16299.371","0","30-Mar-18","GDR","4520004","October 8, 2019-KB4520004 (OS Build 16299.1451)","http://support.microsoft.com/kb/4520004","No LDR Only available","No LDR Only available","No LDR Only available","rEX","19-10Rollup"
"Dhcpcore6.dll","Net_IPv6","6.2.16299.1331","1","7-Aug-19","GDR","4520004","October 8, 2019-KB4520004 (OS Build 16299.1451)","http://support.microsoft.com/kb/4520004","No LDR Only available","No LDR Only available","No LDR Only available","rEX","19-10Rollup"
"Dhcpcsvc6.dll","Net_IPv6","6.2.16299.15","1","29-Sep-17","GDR","4520004","October 8, 2019-KB4520004 (OS Build 16299.1451)","http://support.microsoft.com/kb/4520004","No LDR Only available","No LDR Only available","No LDR Only available","rEX","19-10Rollup"
"Nlasvc.dll","Net_NLA","6.2.16299.1331","0","7-Aug-19","GDR","4520004","October 8, 2019-KB4520004 (OS Build 16299.1451)","http://support.microsoft.com/kb/4520004","No LDR Only available","No LDR Only available","No LDR Only available","rEX","19-10Rollup"
"Ncsi.dll","Net_NLA","6.2.16299.248","0","10-Feb-18","GDR","4520004","October 8, 2019-KB4520004 (OS Build 16299.1451)","http://support.microsoft.com/kb/4520004","No LDR Only available","No LDR Only available","No LDR Only available","rEX","19-10Rollup"
"Nlaapi.dll","Net_NLA","6.2.16299.248","0","10-Feb-18","GDR","4520004","October 8, 2019-KB4520004 (OS Build 16299.1451)","http://support.microsoft.com/kb/4520004","No LDR Only available","No LDR Only available","No LDR Only available","rEX","19-10Rollup"
"Msv1_0.dll","Dom_NTLM","6.2.16299.1448","1","2-Oct-19","GDR","4520004","October 8, 2019-KB4520004 (OS Build 16299.1451)","http://support.microsoft.com/kb/4520004","No LDR Only available","No LDR Only available","No LDR Only available","rEX","19-10Rollup"
"Dns.exe","Net_DNS_Srv","6.2.16299.1419","0","13-Sep-19","GDR","4520004","October 8, 2019-KB4520004 (OS Build 16299.1451)","http://support.microsoft.com/kb/4520004","No LDR Only available","No LDR Only available","No LDR Only available","rEX","19-10Rollup"
"rpcxdr.sys","Net_NFS_Srv","6.2.16299.1217","0","7-Jun-19","GDR","4520004","October 8, 2019-KB4520004 (OS Build 16299.1451)","http://support.microsoft.com/kb/4520004","No LDR Only available","No LDR Only available","No LDR Only available","rEX","19-10Rollup"
"Csc.sys","Net_CSC_Offline","6.2.16299.611","1","7-Aug-18","GDR","4520004","October 8, 2019-KB4520004 (OS Build 16299.1451)","http://support.microsoft.com/kb/4520004","No LDR Only available","No LDR Only available","No LDR Only available","rEX","19-10Rollup"
"Cscsvc.dll","Net_CSC_Offline","6.2.16299.1059","1","14-Mar-19","GDR","4520004","October 8, 2019-KB4520004 (OS Build 16299.1451)","http://support.microsoft.com/kb/4520004","No LDR Only available","No LDR Only available","No LDR Only available","rEX","19-10Rollup"
"Cscmig.dll","Net_CSC_Offline","6.2.16299.611","1","7-Aug-18","GDR","4520004","October 8, 2019-KB4520004 (OS Build 16299.1451)","http://support.microsoft.com/kb/4520004","No LDR Only available","No LDR Only available","No LDR Only available","rEX","19-10Rollup"
"Cscui.dll","Net_CSC_Offline","6.2.16299.248","1","10-Feb-18","GDR","4520004","October 8, 2019-KB4520004 (OS Build 16299.1451)","http://support.microsoft.com/kb/4520004","No LDR Only available","No LDR Only available","No LDR Only available","rEX","19-10Rollup"
"Mrxdav.sys","Net_WebDAV","6.2.16299.492","1","8-Jun-18","GDR","4520004","October 8, 2019-KB4520004 (OS Build 16299.1451)","http://support.microsoft.com/kb/4520004","No LDR Only available","No LDR Only available","No LDR Only available","rEX","19-10Rollup"
"Webclnt.dll","Net_WebDAV","6.2.16299.334","1","13-Mar-18","GDR","4520004","October 8, 2019-KB4520004 (OS Build 16299.1451)","http://support.microsoft.com/kb/4520004","No LDR Only available","No LDR Only available","No LDR Only available","rEX","19-10Rollup"
"Davclnt.dll","Net_WebDAV","6.2.16299.334","1","13-Mar-18","GDR","4520004","October 8, 2019-KB4520004 (OS Build 16299.1451)","http://support.microsoft.com/kb/4520004","No LDR Only available","No LDR Only available","No LDR Only available","rEX","19-10Rollup"
"Shell32.dll","Net_WebDAV","6.2.16299.1448","1","2-Oct-19","GDR","4520004","October 8, 2019-KB4520004 (OS Build 16299.1451)","http://support.microsoft.com/kb/4520004","No LDR Only available","No LDR Only available","No LDR Only available","rEX","19-10Rollup"
"Winhttp.dll","Net_WebDAV","6.2.16299.1004","1","17-Feb-19","GDR","4520004","October 8, 2019-KB4520004 (OS Build 16299.1451)","http://support.microsoft.com/kb/4520004","No LDR Only available","No LDR Only available","No LDR Only available","rEX","19-10Rollup"
"Dfsc.sys","Net_DFS-N_Client","6.2.16299.461","0","11-May-18","GDR","4520004","October 8, 2019-KB4520004 (OS Build 16299.1451)","http://support.microsoft.com/kb/4520004","No LDR Only available","No LDR Only available","No LDR Only available","rEX","19-10Rollup"
"Dhcpcore.dll","Net_DHCP_Client","6.2.16299.1331","1","7-Aug-19","GDR","4520004","October 8, 2019-KB4520004 (OS Build 16299.1451)","http://support.microsoft.com/kb/4520004","No LDR Only available","No LDR Only available","No LDR Only available","rEX","19-10Rollup"
"Dhcpcsvc.dll","Net_DHCP_Client","6.2.16299.15","1","29-Sep-17","GDR","4520004","October 8, 2019-KB4520004 (OS Build 16299.1451)","http://support.microsoft.com/kb/4520004","No LDR Only available","No LDR Only available","No LDR Only available","rEX","19-10Rollup"
"Gpprefcl.dll","Dom_GPP","6.2.16299.522","1","13-Jun-18","GDR","4520004","October 8, 2019-KB4520004 (OS Build 16299.1451)","http://support.microsoft.com/kb/4520004","No LDR Only available","No LDR Only available","No LDR Only available","rEX","19-10Rollup"
"Profsvc.dll","Dom_ProfProc","6.2.16299.1120","1","6-Apr-19","GDR","4520004","October 8, 2019-KB4520004 (OS Build 16299.1451)","http://support.microsoft.com/kb/4520004","No LDR Only available","No LDR Only available","No LDR Only available","rEX","19-10Rollup"
"Kerberos.dll","Dom_KERBEROS","6.2.16299.1419","0","13-Sep-19","GDR","4520004","October 8, 2019-KB4520004 (OS Build 16299.1451)","http://support.microsoft.com/kb/4520004","No LDR Only available","No LDR Only available","No LDR Only available","rEX","19-10Rollup"
"dnsapi.dll","Net_DNS_Client","6.2.16299.1237","1","13-Jun-19","GDR","4520004","October 8, 2019-KB4520004 (OS Build 16299.1451)","http://support.microsoft.com/kb/4520004","No LDR Only available","No LDR Only available","No LDR Only available","rEX","19-10Rollup"
"dnsrslvr.dll","Net_DNS_Client","6.2.16299.1237","1","13-Jun-19","GDR","4520004","October 8, 2019-KB4520004 (OS Build 16299.1451)","http://support.microsoft.com/kb/4520004","No LDR Only available","No LDR Only available","No LDR Only available","rEX","19-10Rollup"
"Rpcss.dll","Net_RPC","6.2.16299.1331","1","7-Aug-19","GDR","4520004","October 8, 2019-KB4520004 (OS Build 16299.1451)","http://support.microsoft.com/kb/4520004","No LDR Only available","No LDR Only available","No LDR Only available","rEX","19-10Rollup"
"Rpcrt4.dll","Net_RPC","6.2.16299.1029","1","6-Mar-19","GDR","4520004","October 8, 2019-KB4520004 (OS Build 16299.1451)","http://support.microsoft.com/kb/4520004","No LDR Only available","No LDR Only available","No LDR Only available","rEX","19-10Rollup"
"Bfe.dll","Net_Ipsec_BFE","6.2.16299.402","1","15-Apr-18","GDR","4520004","October 8, 2019-KB4520004 (OS Build 16299.1451)","http://support.microsoft.com/kb/4520004","No LDR Only available","No LDR Only available","No LDR Only available","rEX","19-10Rollup"
"Ikeext.dll","Net_Ipsec_BFE","6.2.16299.1237","1","13-Jun-19","GDR","4520004","October 8, 2019-KB4520004 (OS Build 16299.1451)","http://support.microsoft.com/kb/4520004","No LDR Only available","No LDR Only available","No LDR Only available","rEX","19-10Rollup"
"Fwpuclnt.dll","Net_Ipsec_BFE","6.2.16299.15","1","29-Sep-17","GDR","4520004","October 8, 2019-KB4520004 (OS Build 16299.1451)","http://support.microsoft.com/kb/4520004","No LDR Only available","No LDR Only available","No LDR Only available","rEX","19-10Rollup"
"Iphlpsvc.dll","Net_DirectAccess_Client","6.2.16299.1331","1","7-Aug-19","GDR","4520004","October 8, 2019-KB4520004 (OS Build 16299.1451)","http://support.microsoft.com/kb/4520004","No LDR Only available","No LDR Only available","No LDR Only available","rEX","19-10Rollup"
"Rdpcore.dll","Net_DirectAccess_Client","6.2.16299.1268","1","5-Jul-19","GDR","4520004","October 8, 2019-KB4520004 (OS Build 16299.1451)","http://support.microsoft.com/kb/4520004","No LDR Only available","No LDR Only available","No LDR Only available","rEX","19-10Rollup"
"dot3svc.dll","Net_IEEE802.1x","6.2.16299.371","1","30-Mar-18","GDR","4520004","October 8, 2019-KB4520004 (OS Build 16299.1451)","http://support.microsoft.com/kb/4520004","No LDR Only available","No LDR Only available","No LDR Only available","rEX","19-10Rollup"
"Rastls.dll","Net_IEEE802.1x","6.2.16299.1237","1","13-Jun-19","GDR","4520004","October 8, 2019-KB4520004 (OS Build 16299.1451)","http://support.microsoft.com/kb/4520004","No LDR Only available","No LDR Only available","No LDR Only available","rEX","19-10Rollup"
"wlansvc.dll","Net_WLAN_Client","6.2.16299.1364","1","8-Aug-19","GDR","4520004","October 8, 2019-KB4520004 (OS Build 16299.1451)","http://support.microsoft.com/kb/4520004","No LDR Only available","No LDR Only available","No LDR Only available","rEX","19-10Rollup"
"wlanmsm.dll","Net_WLAN_Client","6.2.16299.1364","1","8-Aug-19","GDR","4520004","October 8, 2019-KB4520004 (OS Build 16299.1451)","http://support.microsoft.com/kb/4520004","No LDR Only available","No LDR Only available","No LDR Only available","rEX","19-10Rollup"
"wlanapi.dll","Net_WLAN_Client","6.2.16299.1364","1","8-Aug-19","GDR","4520004","October 8, 2019-KB4520004 (OS Build 16299.1451)","http://support.microsoft.com/kb/4520004","No LDR Only available","No LDR Only available","No LDR Only available","rEX","19-10Rollup"
"wlansec.dll","Net_WLAN_Client","6.2.16299.755","1","10-Oct-18","GDR","4520004","October 8, 2019-KB4520004 (OS Build 16299.1451)","http://support.microsoft.com/kb/4520004","No LDR Only available","No LDR Only available","No LDR Only available","rEX","19-10Rollup"
"wlansvcpal.dll","Net_WLAN_Client","6.2.16299.15","1","29-Sep-17","GDR","4520004","October 8, 2019-KB4520004 (OS Build 16299.1451)","http://support.microsoft.com/kb/4520004","No LDR Only available","No LDR Only available","No LDR Only available","rEX","19-10Rollup"
"wlanhlp.dll","Net_WLAN_Client","6.2.16299.15","1","29-Sep-17","GDR","4520004","October 8, 2019-KB4520004 (OS Build 16299.1451)","http://support.microsoft.com/kb/4520004","No LDR Only available","No LDR Only available","No LDR Only available","rEX","19-10Rollup"
"Rasapi32.dll","HNV_Net","6.2.16299.334","1","13-Mar-18","GDR","4520004","October 8, 2019-KB4520004 (OS Build 16299.1451)","http://support.microsoft.com/kb/4520004","No LDR Only available","No LDR Only available","No LDR Only available","rEX","19-10Rollup"
"WebIo.dll","Net_BranchCache","6.2.16299.820","1","7-Nov-18","GDR","4520004","October 8, 2019-KB4520004 (OS Build 16299.1451)","http://support.microsoft.com/kb/4520004","No LDR Only available","No LDR Only available","No LDR Only available","rEX","19-10Rollup"
"Mpsdrv.sys","Net_Firewall","6.2.16299.665","1","28-Aug-18","GDR","4520004","October 8, 2019-KB4520004 (OS Build 16299.1451)","http://support.microsoft.com/kb/4520004","No LDR Only available","No LDR Only available","No LDR Only available","rEX","19-10Rollup"
"MpsSvc.dll","Net_Firewall","6.2.16299.1268","1","6-Feb-19","GDR","4520004","October 8, 2019-KB4520004 (OS Build 16299.1451)","http://support.microsoft.com/kb/4520004","No LDR Only available","No LDR Only available","No LDR Only available","rEX","19-10Rollup"
"qmgr.dll","Net_BiTS","7.8.16299.579","1","18-Jul-18","GDR","4520004","October 8, 2019-KB4520004 (OS Build 16299.1451)","http://support.microsoft.com/kb/4520004","No LDR Only available","No LDR Only available","No LDR Only available","rEX","19-10Rollup"
"Vmswitch.sys","Hyper-V_Net","6.2.16299.1448","1","2-Oct-19","GDR","4520004","October 8, 2019-KB4520004 (OS Build 16299.1451)","http://support.microsoft.com/kb/4520004","No LDR Only available","No LDR Only available","No LDR Only available","rEX","19-10Rollup"
"Wnv.sys","Hyper-V_Net","6.2.16299.1364","1","8-Aug-19","GDR","4520004","October 8, 2019-KB4520004 (OS Build 16299.1451)","http://support.microsoft.com/kb/4520004","No LDR Only available","No LDR Only available","No LDR Only available","rEX","19-10Rollup"
"Ndisimplatform.sys","Hyper-V_Net","6.2.16299.1419","1","13-Sep-19","GDR","4520004","October 8, 2019-KB4520004 (OS Build 16299.1451)","http://support.microsoft.com/kb/4520004","No LDR Only available","No LDR Only available","No LDR Only available","rEX","19-10Rollup"
"Vmms.exe","Hyper-V_Net","6.2.16299.1331","1","7-Aug-19","GDR","4520004","October 8, 2019-KB4520004 (OS Build 16299.1451)","http://support.microsoft.com/kb/4520004","No LDR Only available","No LDR Only available","No LDR Only available","rEX","19-10Rollup"
"Winnat.sys","Hyper-V_Net","6.2.16299.1182","1","23-May-19","GDR","4520004","October 8, 2019-KB4520004 (OS Build 16299.1451)","http://support.microsoft.com/kb/4520004","No LDR Only available","No LDR Only available","No LDR Only available","rEX","19-10Rollup"
"pvhdparser.sys","Hyper-V_Net","6.2.16299.371","1","30-Mar-18","GDR","4520004","October 8, 2019-KB4520004 (OS Build 16299.1451)","http://support.microsoft.com/kb/4520004","No LDR Only available","No LDR Only available","No LDR Only available","rEX","19-10Rollup"
"Vmbus.sys","Hyper-V_Net","6.2.16299.611","1","7-Aug-18","GDR","4520004","October 8, 2019-KB4520004 (OS Build 16299.1451)","http://support.microsoft.com/kb/4520004","No LDR Only available","No LDR Only available","No LDR Only available","rEX","19-10Rollup"
"4521860","Win2016RS3_19_10_SSU_KB"," ","0","08-Oct-2019","GDR","4521860","Servicing stack update for Windows 10 version 1709: October 8, 2019","http://support.microsoft.com/kb/4521860","KB only","KB only","KB Only"," ","No Rollup"
"4520004","Win2016RS3_19-10_B_rollup_KB"," ","0","08-Oct-2019","GDR","4520004 (v1.0)","October 8, 2019-KB4520004 (OS Build 16299.1451)","http://support.microsoft.com/kb/4520004","KB only","KB only","KB only"," ","19-10Rollup"
