"Binary","Component","Version","Prio","Published","Branch","Article","Title","Link","LDROnlyKB","LDROnlyTitle","LDROnlyLink","Comment","RollupInfo"
"Localspl.dll","Print_Spool","6.2.15063.1836","0","22-May-19","GDR","4507450","July 9, 2019-KB4507450 (OS Build 15063.1928)","http://support.microsoft.com/kb/4507450","No LDR Only available","No LDR Only available","No LDR Only available","rEX","19-07Rollup"
"Win32spl.dll","Print_Spool","6.2.15063.1235","0","17-Jul-18","GDR","4507450","July 9, 2019-KB4507450 (OS Build 15063.1928)","http://support.microsoft.com/kb/4507450","No LDR Only available","No LDR Only available","No LDR Only available","rEX","19-07Rollup"
"Spoolsv.exe","Print_Spool","6.2.15063.1928","0","4-Jul-19","GDR","4507450","July 9, 2019-KB4507450 (OS Build 15063.1928)","http://support.microsoft.com/kb/4507450","No LDR Only available","No LDR Only available","No LDR Only available","rEX","19-07Rollup"
"Ntprint.exe","Print_App","6.2.15063.608","0","5-Sep-17","GDR","4507450","July 9, 2019-KB4507450 (OS Build 15063.1928)","http://support.microsoft.com/kb/4507450","No LDR Only available","No LDR Only available","No LDR Only available","rEX","19-07Rollup"
"Printfilterpipelineprxy.dll","Print_App","6.2.15063.994","0","2-Mar-18","GDR","4507450","July 9, 2019-KB4507450 (OS Build 15063.1928)","http://support.microsoft.com/kb/4507450","No LDR Only available","No LDR Only available","No LDR Only available","rEX","19-07Rollup"
"Printfilterpipelinesvc.exe","Print_App","6.2.15063.1155","0","8-Jun-18","GDR","4507450","July 9, 2019-KB4507450 (OS Build 15063.1928)","http://support.microsoft.com/kb/4507450","No LDR Only available","No LDR Only available","No LDR Only available","rEX","19-07Rollup"
"Printbrm.exe","Print_App","6.2.15063.0","0","18-Mar-17","GDR","4507450","July 9, 2019-KB4507450 (OS Build 15063.1928)","http://support.microsoft.com/kb/4507450","No LDR Only available","No LDR Only available","No LDR Only available","rEX","19-07Rollup"
"splwow64.exe","Print_App","6.2.15063.1928","0","4-Jul-19","GDR","4507450","July 9, 2019-KB4507450 (OS Build 15063.1928)","http://support.microsoft.com/kb/4507450","No LDR Only available","No LDR Only available","No LDR Only available","rEX","19-07Rollup"
"Mxdwdrv.dll","Print_Driver","0.3.15063.1779","1","6-Apr-19","GDR","4507450","July 9, 2019-KB4507450 (OS Build 15063.1928)","http://support.microsoft.com/kb/4507450","No LDR Only available","No LDR Only available","No LDR Only available","rEX","19-07Rollup"
"Pcl4res.dll","Print_Driver","0.3.5479.0","1","6-Apr-19","GDR","4507450","July 9, 2019-KB4507450 (OS Build 15063.1928)","http://support.microsoft.com/kb/4507450","No LDR Only available","No LDR Only available","No LDR Only available","rEX","19-07Rollup"
"Pscript5.dll","Print_Driver","0.3.15063.1779","1","6-Apr-19","GDR","4507450","July 9, 2019-KB4507450 (OS Build 15063.1928)","http://support.microsoft.com/kb/4507450","No LDR Only available","No LDR Only available","No LDR Only available","rEX","19-07Rollup"
"Unidrv.dll","Print_Driver","0.3.15063.1779","1","6-Apr-19","GDR","4507450","July 9, 2019-KB4507450 (OS Build 15063.1928)","http://support.microsoft.com/kb/4507450","No LDR Only available","No LDR Only available","No LDR Only available","rEX","19-07Rollup"
"Unires.dll","Print_Driver","0.3.15063.1779","1","6-Apr-19","GDR","4507450","July 9, 2019-KB4507450 (OS Build 15063.1928)","http://support.microsoft.com/kb/4507450","No LDR Only available","No LDR Only available","No LDR Only available","rEX","19-07Rollup"
"4500640","Win2016RS2_19_05_SvcStack_KB"," ","0","14-May-2019","GDR","4500640","Servicing stack update for Windows 10, Version 1703: May 14, 2019","http://support.microsoft.com/kb/4500640","KB only","KB only","KB Only"," ","No Rollup"
"4507450","Win2016RS2_19-07_B_rollup_KB"," ","0","09-Jul-2019","GDR","4507450 (v1.0)","July 9, 2019-KB4507450 (OS Build 15063.1928)","http://support.microsoft.com/kb/4507450","KB only","KB only","KB only"," ","19-07Rollup"
