"Binary","Component","Version","Prio","Published","Branch","Article","Title","Link","LDROnlyKB","LDROnlyTitle","LDROnlyLink","Comment","RollupInfo"
"win32k.sys","Core_Kernel","6.2.15063.608","0","5-Sep-17","GDR","4601330","February 9, 2021-KB4601330 (OS Build 15063.2642)","http://support.microsoft.com/kb/4601330","No LDR Only available","No LDR Only available","No LDR Only available","rEX","21-02Rollup"
"Rdsdwmdr.dll","RDS_remote_App","6.2.15063.2614","0","7-Jan-21","GDR","4601330","February 9, 2021-KB4601330 (OS Build 15063.2642)","http://support.microsoft.com/kb/4601330","No LDR Only available","No LDR Only available","No LDR Only available","rEX","21-02Rollup"
"Audiokse.dll","RDS_devRdr","6.2.15063.2614","1","7-Jan-21","GDR","4601330","February 9, 2021-KB4601330 (OS Build 15063.2642)","http://support.microsoft.com/kb/4601330","No LDR Only available","No LDR Only available","No LDR Only available","rEX","21-02Rollup"
"Audiosrv.dll","RDS_devRdr","6.2.15063.2614","1","7-Jan-21","GDR","4601330","February 9, 2021-KB4601330 (OS Build 15063.2642)","http://support.microsoft.com/kb/4601330","No LDR Only available","No LDR Only available","No LDR Only available","rEX","21-02Rollup"
"Vmrdvcore.dll","RDS_vHost","6.2.15063.850","0","1-Jan-18","GDR","4601330","February 9, 2021-KB4601330 (OS Build 15063.2642)","http://support.microsoft.com/kb/4601330","No LDR Only available","No LDR Only available","No LDR Only available","rEX","21-02Rollup"
"dxgkrnl.sys","RDS_host","6.2.15063.2554","1","29-Oct-20","GDR","4601330","February 9, 2021-KB4601330 (OS Build 15063.2642)","http://support.microsoft.com/kb/4601330","No LDR Only available","No LDR Only available","No LDR Only available","rEX","21-02Rollup"
"sessenv.dll","RDS_host","6.2.15063.850","1","1-Jan-18","GDR","4601330","February 9, 2021-KB4601330 (OS Build 15063.2642)","http://support.microsoft.com/kb/4601330","No LDR Only available","No LDR Only available","No LDR Only available","rEX","21-02Rollup"
"4565551","Win2016RS2_20_07_SSU_KB"," ","0","14-Jul-2020","GDR","4565551","Servicing stack update for Windows 10, version 1703: July 14, 2020","http://support.microsoft.com/kb/4565551","KB only","KB only","KB Only"," ","No Rollup"
"4601330","Win2016RS2_21-02_B_rollup_KB"," ","0","09-Feb-2021","GDR","4601330 (v1.0)","February 9, 2021-KB4601330 (OS Build 15063.2642)","http://support.microsoft.com/kb/4601330","KB only","KB only","KB only"," ","21-02Rollup"
