"Binary","Component","Version","Prio","Published","Branch","Article","Title","Link","LDROnlyKB","LDROnlyTitle","LDROnlyLink","Comment","RollupInfo"
"Netlogon.dll","Dom_NETLOGON","6.2.18362.267","0","26-Jul-19","GDR","4512508 (v1.0)","August 13, 2019-KB4512508 (OS Build 18362.295)","http://support.microsoft.com/kb/4512508","KB only","KB only","KB only"," ","19-08Rollup"
"Kerberos.dll","Dom_KERBEROS","6.2.18362.175","0","11-Jun-19","GDR","4512508 (v1.0)","August 13, 2019-KB4512508 (OS Build 18362.295)","http://support.microsoft.com/kb/4512508","KB only","KB only","KB only"," ","19-08Rollup"
"Msv1_0.dll","Dom_NTLM","6.2.18362.175","1","11-Jun-19","GDR","4512508 (v1.0)","August 13, 2019-KB4512508 (OS Build 18362.295)","http://support.microsoft.com/kb/4512508","KB only","KB only","KB only"," ","19-08Rollup"
"Lsasrv.dll","Dom_LSA","6.2.18362.295","0","26-Jul-19","GDR","4512508 (v1.0)","August 13, 2019-KB4512508 (OS Build 18362.295)","http://support.microsoft.com/kb/4512508","KB only","KB only","KB only"," ","19-08Rollup"
"Ksecdd.sys","Dom_LSA","6.2.18362.113","0","29-Jun-19","GDR","4512508 (v1.0)","August 13, 2019-KB4512508 (OS Build 18362.295)","http://support.microsoft.com/kb/4512508","KB only","KB only","KB only"," ","19-08Rollup"
"Ksecpkg.sys","Dom_LSA","6.2.18362.113","0","29-Jun-19","GDR","4512508 (v1.0)","August 13, 2019-KB4512508 (OS Build 18362.295)","http://support.microsoft.com/kb/4512508","KB only","KB only","KB only"," ","19-08Rollup"
"Secur32.dll","Dom_LSA","6.2.18362.1","0","29-Jun-19","GDR","4512508 (v1.0)","August 13, 2019-KB4512508 (OS Build 18362.295)","http://support.microsoft.com/kb/4512508","KB only","KB only","KB only"," ","19-08Rollup"
"Schannel.dll","Dom_LSA","6.2.18362.175","0","11-Jun-19","GDR","4512508 (v1.0)","August 13, 2019-KB4512508 (OS Build 18362.295)","http://support.microsoft.com/kb/4512508","KB only","KB only","KB only"," ","19-08Rollup"
"Wintrust.dll","Dom_CRYPTO","6.2.18362.145","1","29-May-19","GDR","4512508 (v1.0)","August 13, 2019-KB4512508 (OS Build 18362.295)","http://support.microsoft.com/kb/4512508","KB only","KB only","KB only"," ","19-08Rollup"
"Cryptdll.dll","Dom_CRYPTO","6.2.18362.113","1","29-Jun-19","GDR","4512508 (v1.0)","August 13, 2019-KB4512508 (OS Build 18362.295)","http://support.microsoft.com/kb/4512508","KB only","KB only","KB only"," ","19-08Rollup"
"Gpmgmt.dll","Dom_GPSVC","6.2.18362.1","1","29-Jun-19","GDR","4512508 (v1.0)","August 13, 2019-KB4512508 (OS Build 18362.295)","http://support.microsoft.com/kb/4512508","KB only","KB only","KB only"," ","19-08Rollup"
"Userenv.dll","Dom_GPSVC","6.2.18362.175","1","11-Jun-19","GDR","4512508 (v1.0)","August 13, 2019-KB4512508 (OS Build 18362.295)","http://support.microsoft.com/kb/4512508","KB only","KB only","KB only"," ","19-08Rollup"
"Esent.dll","Dom_ESENT","6.2.18362.207","0","27-Jun-19","GDR","4512508 (v1.0)","August 13, 2019-KB4512508 (OS Build 18362.295)","http://support.microsoft.com/kb/4512508","KB only","KB only","KB only"," ","19-08Rollup"
"Ntdsai.dll","Dom_NTDSAI","6.2.18362.1","0","29-Jun-19","GDR","4512508 (v1.0)","August 13, 2019-KB4512508 (OS Build 18362.295)","http://support.microsoft.com/kb/4512508","KB only","KB only","KB only"," ","19-08Rollup"
"Ntdsutil.exe","Dom_NTDSAI","6.2.18362.113","0","29-Jun-19","GDR","4512508 (v1.0)","August 13, 2019-KB4512508 (OS Build 18362.295)","http://support.microsoft.com/kb/4512508","KB only","KB only","KB only"," ","19-08Rollup"
"Kdcsvc.dll","Dom_KDCSVC","6.2.18362.1","0","29-Jun-19","GDR","4512508 (v1.0)","August 13, 2019-KB4512508 (OS Build 18362.295)","http://support.microsoft.com/kb/4512508","KB only","KB only","KB only"," ","19-08Rollup"
"Microsoft.identityserver.service.dll","Dom_ADFS","6.2.18362.1","0","29-Jun-19","GDR","4512508 (v1.0)","August 13, 2019-KB4512508 (OS Build 18362.295)","http://support.microsoft.com/kb/4512508","KB only","KB only","KB only"," ","19-08Rollup"
"Microsoft.identityserver.web.dll","Dom_ADFS","6.2.18362.1","0","29-Jun-19","GDR","4512508 (v1.0)","August 13, 2019-KB4512508 (OS Build 18362.295)","http://support.microsoft.com/kb/4512508","KB only","KB only","KB only"," ","19-08Rollup"
"4508433","Win2016_1903_19_07_SSU_KB"," ","0","26-Jul-2019","GDR","4508433","Servicing stack update for Windows 10, Version 1903: July 26, 2019","http://support.microsoft.com/kb/4508433","KB only","KB only","KB Only"," ","No Rollup"
"4512508","Win201619H1_19-08_B_rollup_KB"," ","0","13-Aug-2019","GDR","4512508 (v1.0)","August 13, 2019-KB4512508 (OS Build 18362.295)","http://support.microsoft.com/kb/4512508","KB only","KB only","KB only"," ","19-08Rollup"
