"Binary","Component","Version","Prio","Published","Branch","Article","Title","Link","LDROnlyKB","LDROnlyTitle","LDROnlyLink","Comment","RollupInfo"
"Localspl.dll","Print_Spool","6.2.10240.18158","0","6-Mar-19","GDR","4512497","August 13, 2019-KB4512497 (OS Build 10240.18305)","http://support.microsoft.com/kb/4512497","No LDR Only available","No LDR Only available","No LDR Only available","rEX","19-08Rollup"
"Win32spl.dll","Print_Spool","6.2.10240.17609","0","5-Sep-17","GDR","4512497","August 13, 2019-KB4512497 (OS Build 10240.18305)","http://support.microsoft.com/kb/4512497","No LDR Only available","No LDR Only available","No LDR Only available","rEX","19-08Rollup"
"Spoolsv.exe","Print_Spool","6.2.10240.17738","0","1-Jan-18","GDR","4512497","August 13, 2019-KB4512497 (OS Build 10240.18305)","http://support.microsoft.com/kb/4512497","No LDR Only available","No LDR Only available","No LDR Only available","rEX","19-08Rollup"
"Ntprint.exe","Print_App","6.2.10240.17609","0","5-Sep-17","GDR","4512497","August 13, 2019-KB4512497 (OS Build 10240.18305)","http://support.microsoft.com/kb/4512497","No LDR Only available","No LDR Only available","No LDR Only available","rEX","19-08Rollup"
"Printfilterpipelineprxy.dll","Print_App","6.2.10240.18036","0","25-Oct-18","GDR","4512497","August 13, 2019-KB4512497 (OS Build 10240.18305)","http://support.microsoft.com/kb/4512497","No LDR Only available","No LDR Only available","No LDR Only available","rEX","19-08Rollup"
"Printfilterpipelinesvc.exe","Print_App","6.2.10240.18036","0","25-Oct-18","GDR","4512497","August 13, 2019-KB4512497 (OS Build 10240.18305)","http://support.microsoft.com/kb/4512497","No LDR Only available","No LDR Only available","No LDR Only available","rEX","19-08Rollup"
"Printbrm.exe","Print_App","6.2.10240.17609","0","5-Sep-17","GDR","4512497","August 13, 2019-KB4512497 (OS Build 10240.18305)","http://support.microsoft.com/kb/4512497","No LDR Only available","No LDR Only available","No LDR Only available","rEX","19-08Rollup"
"splwow64.exe","Print_App","6.2.10240.18275","0","4-Jul-19","GDR","4512497","August 13, 2019-KB4512497 (OS Build 10240.18305)","http://support.microsoft.com/kb/4512497","No LDR Only available","No LDR Only available","No LDR Only available","rEX","19-08Rollup"
"Mxdwdrv.dll","Print_Driver","0.3.10240.18215","1","3-May-19","GDR","4512497","August 13, 2019-KB4512497 (OS Build 10240.18305)","http://support.microsoft.com/kb/4512497","No LDR Only available","No LDR Only available","No LDR Only available","rEX","19-08Rollup"
"Pcl4res.dll","Print_Driver","0.3.5479.0","1","3-May-19","GDR","4512497","August 13, 2019-KB4512497 (OS Build 10240.18305)","http://support.microsoft.com/kb/4512497","No LDR Only available","No LDR Only available","No LDR Only available","rEX","19-08Rollup"
"Pscript5.dll","Print_Driver","0.3.10240.18215","1","3-May-19","GDR","4512497","August 13, 2019-KB4512497 (OS Build 10240.18305)","http://support.microsoft.com/kb/4512497","No LDR Only available","No LDR Only available","No LDR Only available","rEX","19-08Rollup"
"Unidrv.dll","Print_Driver","0.3.10240.18215","1","3-May-19","GDR","4512497","August 13, 2019-KB4512497 (OS Build 10240.18305)","http://support.microsoft.com/kb/4512497","No LDR Only available","No LDR Only available","No LDR Only available","rEX","19-08Rollup"
"Unires.dll","Print_Driver","0.3.10240.18215","1","3-May-19","GDR","4512497","August 13, 2019-KB4512497 (OS Build 10240.18305)","http://support.microsoft.com/kb/4512497","No LDR Only available","No LDR Only available","No LDR Only available","rEX","19-08Rollup"
"4509090","Win2016_19_05_SSU_KB"," ","0","09-Jul-2019","GDR","4509090 (v1.0)","Servicing stack update for Windows 10, Version 1507: July 9, 2019 ","http://support.microsoft.com/kb/4509090","KB only","KB only","KB Only"," ","No Rollup"
"4512497","Win2016_19-08_B_rollup_KB"," ","0","13-Aug-2019","GDR","4512497 (v1.0)","August 13, 2019-KB4512497 (OS Build 10240.18305)","http://support.microsoft.com/kb/4512497","KB only","KB only","KB only"," ","19-08Rollup"
