"Binary","Component","Version","Prio","Published","Branch","Article","Title","Link","LDROnlyKB","LDROnlyTitle","LDROnlyLink","Comment","RollupInfo"
"Ntoskrnl.exe","Core_Kernel","6.2.10240.18158","0","6-Mar-19","GDR","4489872","March 12, 2019-KB4489872 (OS Build 10240.18158)","http://support.microsoft.com/kb/4489872","No LDR Only available","No LDR Only available","No LDR Only available","rEX","19-03Rollup"
"win32k.sys","Core_Kernel","6.2.10240.16384","0","10-Jul-15","GDR","4489872","March 12, 2019-KB4489872 (OS Build 10240.18158)","http://support.microsoft.com/kb/4489872","No LDR Only available","No LDR Only available","No LDR Only available","rEX","19-03Rollup"
"Rdpshell.exe","RDS_remote_App","6.2.10240.18036","0","25-Oct-18","GDR","4489872","March 12, 2019-KB4489872 (OS Build 10240.18158)","http://support.microsoft.com/kb/4489872","No LDR Only available","No LDR Only available","No LDR Only available","rEX","19-03Rollup"
"Rdsdwmdr.dll","RDS_remote_App","6.2.10240.18036","0","25-Oct-18","GDR","4489872","March 12, 2019-KB4489872 (OS Build 10240.18158)","http://support.microsoft.com/kb/4489872","No LDR Only available","No LDR Only available","No LDR Only available","rEX","19-03Rollup"
"Audioeng.dll","RDS_devRdr","6.2.10240.18036","1","25-Oct-18","GDR","4489872","March 12, 2019-KB4489872 (OS Build 10240.18158)","http://support.microsoft.com/kb/4489872","No LDR Only available","No LDR Only available","No LDR Only available","rEX","19-03Rollup"
"Audiokse.dll","RDS_devRdr","6.2.10240.18036","1","25-Oct-18","GDR","4489872","March 12, 2019-KB4489872 (OS Build 10240.18158)","http://support.microsoft.com/kb/4489872","No LDR Only available","No LDR Only available","No LDR Only available","rEX","19-03Rollup"
"Audioses.dll","RDS_devRdr","6.2.10240.18036","1","25-Oct-18","GDR","4489872","March 12, 2019-KB4489872 (OS Build 10240.18158)","http://support.microsoft.com/kb/4489872","No LDR Only available","No LDR Only available","No LDR Only available","rEX","19-03Rollup"
"Audiosrv.dll","RDS_devRdr","6.2.10240.18036","1","25-Oct-18","GDR","4489872","March 12, 2019-KB4489872 (OS Build 10240.18158)","http://support.microsoft.com/kb/4489872","No LDR Only available","No LDR Only available","No LDR Only available","rEX","19-03Rollup"
"Vmrdvcore.dll","RDS_vHost","6.2.10240.18036","0","25-Oct-18","GDR","4489872","March 12, 2019-KB4489872 (OS Build 10240.18158)","http://support.microsoft.com/kb/4489872","No LDR Only available","No LDR Only available","No LDR Only available","rEX","19-03Rollup"
"dxgkrnl.sys","RDS_host","6.2.10240.18036","1","25-Oct-18","GDR","4489872","March 12, 2019-KB4489872 (OS Build 10240.18158)","http://support.microsoft.com/kb/4489872","No LDR Only available","No LDR Only available","No LDR Only available","rEX","19-03Rollup"
"sessenv.dll","RDS_host","6.2.10240.17738","1","2-Jan-18","GDR","4489872","March 12, 2019-KB4489872 (OS Build 10240.18158)","http://support.microsoft.com/kb/4489872","No LDR Only available","No LDR Only available","No LDR Only available","rEX","19-03Rollup"
"Profsvc.dll","Dom_ProfProc","6.2.10240.16766","1","16-Mar-16","GDR","4489872","March 12, 2019-KB4489872 (OS Build 10240.18158)","http://support.microsoft.com/kb/4489872","No LDR Only available","No LDR Only available","No LDR Only available","rEX","19-03Rollup"
"4093430","Win2016_18_11_SvcStack_KB"," ","0","10-Apr-2018","GDR","4093430 (v1.0)","Servicing stack update for Windows 10, version 1507: April 10, 2018","http://support.microsoft.com/kb/4093430","KB only","KB only","KB Only"," ","No Rollup"
"4489872","Win2016_19_03_B_rollup_KB"," ","0","12-Mar-2019","GDR","4489872 (v1.0)","March 12, 2019-KB4489872 (OS Build 10240.18158)","http://support.microsoft.com/kb/4489872","KB only","KB only","KB Only"," ","19-03Rollup"
