"Binary","Component","Version","Prio","Published","Branch","Article","Title","Link","LDROnlyKB","LDROnlyTitle","LDROnlyLink","Comment","RollupInfo"
"Csvflt.sys","Cluster_CSV","6.2.18362.1","0","4-Dec-19","GDR","4530684","December 10, 2019-KB4530684 (OS Builds 18362.535 and 18363.535)","http://support.microsoft.com/kb/4530684","No LDR Only available","No LDR Only available","No LDR Only available","rEX","19-12Rollup"
"Vmswitch.sys","Hyper-V_Net","6.2.18362.476","1","26-Sep-19","GDR","4530684 (v1.0)","December 10, 2019-KB4530684 (OS Builds 18362.535 and 18363.535)","http://support.microsoft.com/kb/4530684","KB only","KB only","KB only"," ","19-12Rollup"
"Vmms.exe","Hyper-V_Net","6.2.18362.476","1","26-Sep-19","GDR","4530684 (v1.0)","December 10, 2019-KB4530684 (OS Builds 18362.535 and 18363.535)","http://support.microsoft.com/kb/4530684","KB only","KB only","KB only"," ","19-12Rollup"
"Winnat.sys","Hyper-V_Net","6.2.18362.449","1","24-Oct-19","GDR","4530684 (v1.0)","December 10, 2019-KB4530684 (OS Builds 18362.535 and 18363.535)","http://support.microsoft.com/kb/4530684","KB only","KB only","KB only"," ","19-12Rollup"
"Vmbus.sys","Hyper-V_Net","6.2.18362.387","1","26-Sep-19","GDR","4530684 (v1.0)","December 10, 2019-KB4530684 (OS Builds 18362.535 and 18363.535)","http://support.microsoft.com/kb/4530684","KB only","KB only","KB only"," ","19-12Rollup"
"Rasapi32.dll","HNV_Net","6.2.18362.387","1","26-Sep-19","GDR","4530684 (v1.0)","December 10, 2019-KB4530684 (OS Builds 18362.535 and 18363.535)","http://support.microsoft.com/kb/4530684","KB only","KB only","KB only"," ","19-12Rollup"
"Vmwp.exe","Hyper-V_app","6.2.18362.476","1","08-Oct-19","GDR","4530684 (v1.0)","December 10, 2019-KB4530684 (OS Builds 18362.535 and 18363.535)","http://support.microsoft.com/kb/4530684","KB only","KB only","KB only"," ","19-12Rollup"
"4524569","Win2016_1903_19_11_SSU_KB"," ","0","12-Nov-2019","GDR","4524569","Servicing stack update for Windows 10, version 1903: November 12, 2019","http://support.microsoft.com/kb/4524569","KB only","KB only","KB Only"," ","No Rollup"
"4530684","Win201619H1_19-12_B_rollup_KB"," ","0","10-Dec-2019","GDR","4530684 (v1.0)","December 10, 2019-KB4530684 (OS Builds 18362.535 and 18363.535)","http://support.microsoft.com/kb/4530684","KB only","KB only","KB only"," ","19-12Rollup"
