"Binary","Component","Version","Prio","Published","Branch","Article","Title","Link","LDROnlyKB","LDROnlyTitle","LDROnlyLink","Comment","RollupInfo"
"Ntoskrnl.exe","Core_Kernel","6.0.6003.20812","0","22-Jan-20","GDR","4561670","June 9, 2020-KB4561670 (Monthly Rollup)","http://support.microsoft.com/kb/4561670","No LDR Only available","No LDR Only available","No LDR Only available","rEX","20-06Rollup"
"ntkrnlpa.exe","Core_Kernel","6.0.6003.20812","0","22-Jan-20","GDR","4561670","June 9, 2020-KB4561670 (Monthly Rollup)","http://support.microsoft.com/kb/4561670","No LDR Only available","No LDR Only available","No LDR Only available","rEX","20-06Rollup"
"Ntfs.sys","Core_FileSystem","6.0.6003.20749","0","9-Feb-20","GDR","4561670","June 9, 2020-KB4561670 (Monthly Rollup)","http://support.microsoft.com/kb/4561670","No LDR Only available","No LDR Only available","No LDR Only available","rEX","20-06Rollup"
"robocopy.exe","Net_Applications","5.1.10.1027","1","17.01.2012","LDR","2646454 (v1.0)","The security configuration information, such as the ACL, is not copied if a backup operator uses the Robocopy.exe utility together with the /B option to copy a file on a computer that is running Windows Vista or Windows Server 2008","http://support.microsoft.com/kb/2646454","2646454 (v1.0)","The security configuration information, such as the ACL, is not copied if a backup operator uses the Robocopy.exe utility together with the /B option to copy a file on a computer that is running Windows Vista or Windows Server 2008","http://support.microsoft.com/kb/2646454"," ","No Rollup"
"srv.sys","Net_SMB_Server","6.0.6003.20812","0","22-Jan-20","GDR","4561670","June 9, 2020-KB4561670 (Monthly Rollup)","http://support.microsoft.com/kb/4561670","No LDR Only available","No LDR Only available","No LDR Only available","rEX","20-06Rollup"
"srv2.sys","Net_SMB_Server","6.0.6003.20812","0","9-Feb-20","GDR","4561670","June 9, 2020-KB4561670 (Monthly Rollup)","http://support.microsoft.com/kb/4561670","No LDR Only available","No LDR Only available","No LDR Only available","rEX","20-06Rollup"
"srvnet.sys","Net_SMB_Server","6.0.6003.20825","0","14-Apr-20","GDR","4556860","May 12, 2020-KB4556860 (Monthly Rollup)","http://support.microsoft.com/kb/4556860","No LDR Only available","No LDR Only available","No LDR Only available","rEX","20-05Rollup"
"srvsvc.dll","Net_SMB_Server","6.0.6002.22481","0","07.09.2010","LDRGDR","2345886 (v1.1)","Description of the update that implements Extended Protection for Authentication in the Server service","http://support.microsoft.com/kb/2345886","971277 (v1.0)","You cannot access an administrative share on a computer after you set the SrvsvcDefaultShareInfo registry entry to configure the default share permissions for a network share","http://support.microsoft.com/kb/971277"," ","No Rollup"
"Mrxsmb.sys","Net_SMB_Client","6.0.6003.20731","0","22-Jan-20","GDR","4561670","June 9, 2020-KB4561670 (Monthly Rollup)","http://support.microsoft.com/kb/4561670","No LDR Only available","No LDR Only available","No LDR Only available","rEX","20-06Rollup"
"Mrxsmb10.sys","Net_SMB_Client","6.0.6003.20731","0","22-Jan-20","GDR","4561670","June 9, 2020-KB4561670 (Monthly Rollup)","http://support.microsoft.com/kb/4561670","No LDR Only available","No LDR Only available","No LDR Only available","rEX","20-06Rollup"
"Mrxsmb20.sys","Net_SMB_Client","6.0.6003.20731","0","22-Jan-20","GDR","4561670","June 9, 2020-KB4561670 (Monthly Rollup)","http://support.microsoft.com/kb/4561670","No LDR Only available","No LDR Only available","No LDR Only available","rEX","20-06Rollup"
"rdbss.sys","Net_SMB_Client","6.0.6002.23588","0","09.01.2015","LDRGDR","3000483 (v1.6)","MS15-011: Vulnerability in Group Policy could allow remote code execution: February 10, 201","http://support.microsoft.com/kb/3000483","2870965 (v1.0)","""0x00000027"" Stop error when you try to access some shared resources in Windows Vista SP2 or Windows Server 2008 SP2","http://support.microsoft.com/kb/2870965"," ","No Rollup"
"Netbt.sys","Net_SMB_Client","6.0.6003.20481","0","7-Mar-19","GDR","4561670","June 9, 2020-KB4561670 (Monthly Rollup)","http://support.microsoft.com/kb/4561670","No LDR Only available","No LDR Only available","No LDR Only available","rEX","20-06Rollup"
"mup.sys","Net_SMB_Client","6.0.6002.23775","0","07.08.2015","LDR","3075623 (v1.0)","Configuring registry policy processing causes MUP to ignore Group Policy setting in Windows","http://support.microsoft.com/kb/3075623","3075623 (v1.0)","Configuring registry policy processing causes MUP to ignore Group Policy setting in Windows","http://support.microsoft.com/kb/3075623"," ","No Rollup"
"Tcpip.sys","Net_Protocol","6.0.6003.20826","0","21-Apr-20","GDR","4556860","May 12, 2020-KB4556860 (Monthly Rollup)","http://support.microsoft.com/kb/4556860","No LDR Only available","No LDR Only available","No LDR Only available","rEX","20-05Rollup"
"afd.sys","Net_Protocol","6.0.6002.24087","0","05-Apr-2017","LDRGDR","4018821 (v1.0)","Security Update for the Windows Kernel Information Disclosure Vulnerability in Windows Server 2008: May 9, 2017","http://support.microsoft.com/kb/4018821","2781571 (v1.0)","""0x000000D1"" Stop error after you install TDI drivers in Windows Vista and Windows Server 2008","http://support.microsoft.com/kb/2781571","rEX","No Rollup"
"netio.sys","Net_Protocol","6.0.6002.24125","0","02-Jun-2017","LDRGDR","4022748 (v1.0)","Security update for the Windows kernel information disclosure vulnerability in Windows Server 2008: July 11, 2017","http://support.microsoft.com/kb/4022748","2712746 (v1.0)","""0x00000019"" Stop error when you run an SNMP application on a computer that is running Windows Vista or Windows Server 2008","http://support.microsoft.com/kb/2712746","rEX","No Rollup"
"Ndis.sys","Net_Protocol","6.0.6003.20738","0","16-Jan-20","GDR","4561670","June 9, 2020-KB4561670 (Monthly Rollup)","http://support.microsoft.com/kb/4561670","No LDR Only available","No LDR Only available","No LDR Only available","rEX","20-06Rollup"
"netiohlp.dll","Net_Protocol","6.0.6002.22989","0","30.11.2012","LDR","2780879 (v3.0)","Hotfix improves TCP window scaling in Windows Vista, Windows Server 2008, Windows 7, or Windows Server 2008 R2","http://support.microsoft.com/kb/2780879","2780879 (v3.0)","Hotfix improves TCP window scaling in Windows Vista, Windows Server 2008, Windows 7, or Windows Server 2008 R2","http://support.microsoft.com/kb/2780879"," ","No Rollup"
"tdx.sys","Net_Protocol","6.0.6002.24152","0","03-Jul-2017","LDRGDR","4022750 (v1.0)","Security update for the Windows NetBIOS denial of service vulnerability in Windows Server 2008: August 8, 2017","http://support.microsoft.com/kb/4022750","No LDR Only available","No LDR Only available","No LDR Only available","rEX","No Rollup"
"tunnel.sys","Net_IPv6","6.0.6002.22400","1","10.05.2010","LDR","983457 (v1.0)","IP Helper service memory leak in Windows Server 2008 or in Windows Vista","http://support.microsoft.com/kb/983457","983457 (v1.0)","IP Helper service memory leak in Windows Server 2008 or in Windows Vista","http://support.microsoft.com/kb/983457","rEX","No Rollup"
"Dhcpcsvc6.dll","Net_IPv6","6.0.6003.20587","1","9-Jul-19","GDR","4561670","June 9, 2020-KB4561670 (Monthly Rollup)","http://support.microsoft.com/kb/4561670","No LDR Only available","No LDR Only available","No LDR Only available","rEX","20-06Rollup"
"nlasvc.dll","Net_NLA","6.0.6002.23557","0","06.12.2014","LDRGDR","3022777 (v1.0)","MS15-005: Vulnerability in Network Location Awareness service could allow security feature bypass: January 13, 201","http://support.microsoft.com/kb/3022777","2989894 (v1.0)","Windows Shadow Copy-related backup freezes in Windows Server 2008","http://support.microsoft.com/kb/2989894"," ","No Rollup"
"ncsi.dll","Net_NLA","6.0.6002.23557","0","06.12.2014","LDRGDR","3022777 (v1.0)","MS15-005: Vulnerability in Network Location Awareness service could allow security feature bypass: January 13, 201","http://support.microsoft.com/kb/3022777","2989894 (v1.0)","Windows Shadow Copy-related backup freezes in Windows Server 2008","http://support.microsoft.com/kb/2989894"," ","No Rollup"
"nlaapi.dll","Net_NLA","6.0.6002.23557","0","06.12.2014","LDRGDR","3022777 (v1.0)","MS15-005: Vulnerability in Network Location Awareness service could allow security feature bypass: January 13, 201","http://support.microsoft.com/kb/3022777","2989894 (v1.0)","Windows Shadow Copy-related backup freezes in Windows Server 2008","http://support.microsoft.com/kb/2989894"," ","No Rollup"
"Msv1_0.dll","Dom_NTLM","6.0.6003.20731","1","22-Jan-20","GDR","4561670","June 9, 2020-KB4561670 (Monthly Rollup)","http://support.microsoft.com/kb/4561670","No LDR Only available","No LDR Only available","No LDR Only available","rEX","20-06Rollup"
"Dns.exe","Net_DNS_Srv","6.0.6003.20509","0","10-Apr-19","GDR","4561670","June 9, 2020-KB4561670 (Monthly Rollup)","http://support.microsoft.com/kb/4561670","No LDR Only available","No LDR Only available","No LDR Only available","rEX","20-06Rollup"
"Dhcpssvc.dll","Net_DHCP_Srv","6.0.6003.20587","0","9-Jul-19","GDR","4556860","May 12, 2020-KB4556860 (Monthly Rollup)","http://support.microsoft.com/kb/4556860","No LDR Only available","No LDR Only available","No LDR Only available","rEX","20-05Rollup"
"dfssvc.exe","Net_DFS-N_Srv","6.0.6002.23591","0","13.01.2015","LDR","2688074 (v7.0)","An access violation occurs on a domain controller that is running Windows Server 2008 R2 or Windows Server 2008","http://support.microsoft.com/kb/2688074","2688074 (v7.0)","An access violation occurs on a domain controller that is running Windows Server 2008 R2 or Windows Server 2008","http://support.microsoft.com/kb/2688074","rEX","No Rollup"
"nfssvc.exe","Net_NFS_Srv","6.0.6002.23298","0","03.01.2014","LDR","2923150 (v1.0)","A memory leak occurs on an NFS share server that is running Windows Server 2008","http://support.microsoft.com/kb/2923150","2923150 (v1.0)","A memory leak occurs on an NFS share server that is running Windows Server 2008","http://support.microsoft.com/kb/2923150"," ","No Rollup"
"nfssvr.sys","Net_NFS_Srv","6.0.6002.23298","0","03.01.2014","LDR","2923150 (v1.0)","A memory leak occurs on an NFS share server that is running Windows Server 2008","http://support.microsoft.com/kb/2923150","2923150 (v1.0)","A memory leak occurs on an NFS share server that is running Windows Server 2008","http://support.microsoft.com/kb/2923150"," ","No Rollup"
"msnfsflt.sys","Net_NFS_Srv","6.0.6002.23298","0","03.01.2014","LDR","2923150 (v1.0)","A memory leak occurs on an NFS share server that is running Windows Server 2008","http://support.microsoft.com/kb/2923150","2923150 (v1.0)","A memory leak occurs on an NFS share server that is running Windows Server 2008","http://support.microsoft.com/kb/2923150"," ","No Rollup"
"portmap.sys","Net_NFS_Srv","6.0.6002.22406","0","19.05.2010","LDR","983574 (v1.0)","You cannot bind clients to a NIS server or cannot mount NFS shares in Windows Server 2008 and in Windows Server 2008 R2","http://support.microsoft.com/kb/983574","983574 (v1.0)","You cannot bind clients to a NIS server or cannot mount NFS shares in Windows Server 2008 and in Windows Server 2008 R2","http://support.microsoft.com/kb/983574"," ","No Rollup"
"rpcxdr.sys","Net_NFS_Srv","6.0.6002.23499","0","25.09.2014","LDRGDR","2957486 (v1.0)","Ls command takes a long time to list shared files in 2 windows on a Windows 7 or Windows Server 2008 R2-based NFS server","http://support.microsoft.com/kb/2957486","983574 (v1.0)","You cannot bind clients to a NIS server or cannot mount NFS shares in Windows Server 2008 and in Windows Server 2008 R2","http://support.microsoft.com/kb/983574"," ","No Rollup"
"nlb.sys","Net_NLB_Srv","6.0.6002.22682","0","20.07.2011","LDR","2439186 (v1.0)","NLB does not differentiate correctly between virtual IP addresses and dedicated IP addresses for ISATAP addresses in Windows 7, in Windows Server 2008 R2, in Windows Vista or in Windows Server 2008","http://support.microsoft.com/kb/2439186","2439186 (v1.0)","NLB does not differentiate correctly between virtual IP addresses and dedicated IP addresses for ISATAP addresses in Windows 7, in Windows Server 2008 R2, in Windows Vista or in Windows Server 2008","http://support.microsoft.com/kb/2439186"," ","No Rollup"
"csc.sys","Net_CSC_Offline","6.0.6002.24436","1","28-Jun-2018","LDR","4338380 (v1.0)","Description of the security update for the Windows kernel information disclosure vulnerability in Windows Server 2008: August 14, 2018 ","http://support.microsoft.com/kb/4338380","No LDR Only available","No LDR Only available","No LDR Only available","rEX","No Rollup"
"cscsvc.dll","Net_CSC_Offline","6.0.6003.20746","1","28-Jun-2018","LDR","4338380 (v1.0)","Description of the security update for the Windows kernel information disclosure vulnerability in Windows Server 2008: August 14, 2018 ","http://support.microsoft.com/kb/4338380","No LDR Only available","No LDR Only available","No LDR Only available","rEX","No Rollup"
"cscmig.dll","Net_CSC_Offline","6.0.6002.24436","1","28-Jun-2018","LDR","4338380 (v1.0)","Description of the security update for the Windows kernel information disclosure vulnerability in Windows Server 2008: August 14, 2018 ","http://support.microsoft.com/kb/4338380","No LDR Only available","No LDR Only available","No LDR Only available","rEX","No Rollup"
"mrxdav.sys","Net_WebDAV","6.0.6002.23886","1","07.01.2016","LDRGDR","3136041 (v1.0)","MS16-016: Security update for WebDAV to address elevation of privilege: February 9, 2016","http://support.microsoft.com/kb/3136041","No LDR Only available","No LDR Only available","No LDR Only available","rEX","No Rollup"
"webclnt.dll","Net_WebDAV","6.0.6002.23739","1","02.07.2015","LDRGDR","3076949 (v1.0)","MS15-089: Vulnerability in WebDAV could allow security feature bypass: August 11, 2015","http://support.microsoft.com/kb/3076949","2712435 (v1.0)","WebClient service stops running when you try to upload files to a SharePoint server by using the WebDAV component in Windows Vista or in Windows Server 2008","http://support.microsoft.com/kb/2712435"," ","No Rollup"
"davclnt.dll","Net_WebDAV","6.0.6002.22618","1","22.03.2011","LDR","2523201 (v1.0)","The authentication information is deleted unexpectedly in Windows Vista or in Windows Server 2008 after you access some resources on the web server","http://support.microsoft.com/kb/2523201","2523201 (v1.0)","The authentication information is deleted unexpectedly in Windows Vista or in Windows Server 2008 after you access some resources on the web server","http://support.microsoft.com/kb/2523201"," ","No Rollup"
"Shell32.dll","Net_WebDAV","6.0.6003.20540","1","24-May-19","GDR","4561670","June 9, 2020-KB4561670 (Monthly Rollup)","http://support.microsoft.com/kb/4561670","No LDR Only available","No LDR Only available","No LDR Only available","rEX","20-06Rollup"
"Winhttp.dll","Net_WebDAV","6.0.6003.20555","1","9-May-19","GDR","4561670","June 9, 2020-KB4561670 (Monthly Rollup)","http://support.microsoft.com/kb/4561670","No LDR Only available","No LDR Only available","No LDR Only available","rEX","20-06Rollup"
"dfsc.sys","Net_DFS-N_Client","6.0.6002.24339","0","09-Mar-2018","LDR","4090450 (v1.0)","Description of the security update for the speculative execution side-channel vulnerabilities in Windows Server 2008: March 13, 2018","http://support.microsoft.com/kb/4090450","No LDR Only available","No LDR Only available","No LDR Only available","rEX","No Rollup"
"Dhcpcsvc.dll","Net_DHCP_Client","6.0.6003.20587","1","9-Jul-19","GDR","4561670","June 9, 2020-KB4561670 (Monthly Rollup)","http://support.microsoft.com/kb/4561670","No LDR Only available","No LDR Only available","No LDR Only available","rEX","20-06Rollup"
"gpprefcl.dll","Dom_GPP","6.0.6002.23972","1","12.05.2016","LDRGDR","3159398 (v1.0)","MS16-072: Description of the security update for Group Policy: June 14, 2016","http://support.microsoft.com/kb/3159398","3036089 (v1.0)","""0x80070003"" error when a Group Policy preference is applied to a domain-joined computer in Windows Server 2008","http://support.microsoft.com/kb/3036089","rEX","No Rollup"
"gpme.dll","Dom_GPP","6.0.6002.23339","1","11.03.2014","LDRGDR","2928120 (v1.4)","MS14-025: Description of the security update for Group Policy Preferences for systems that have update 2919355 installed: May 13, 2014","http://support.microsoft.com/kb/2928120","2548478 (v1.0)","The start time of a scheduled task in Group Policy Management Editor is changed incorrectly in Windows Vista or in Windows Server 2008","http://support.microsoft.com/kb/2548478"," ","No Rollup"
"gppref.dll","Dom_GPP","6.0.6002.23339","1","11.03.2014","LDRGDR","2928120 (v1.4)","MS14-025: Description of the security update for Group Policy Preferences for systems that have update 2919355 installed: May 13, 2014","http://support.microsoft.com/kb/2928120","2548478 (v1.0)","The start time of a scheduled task in Group Policy Management Editor is changed incorrectly in Windows Vista or in Windows Server 2008","http://support.microsoft.com/kb/2548478"," ","No Rollup"
"gpprefbr.dll","Dom_GPP","6.0.6002.23339","1","11.03.2014","LDRGDR","2928120 (v1.4)","MS14-025: Description of the security update for Group Policy Preferences for systems that have update 2919355 installed: May 13, 2014","http://support.microsoft.com/kb/2928120","2548478 (v1.0)","The start time of a scheduled task in Group Policy Management Editor is changed incorrectly in Windows Vista or in Windows Server 2008","http://support.microsoft.com/kb/2548478"," ","No Rollup"
"gpprefcn.dll","Dom_GPP","6.0.6002.23339","1","11.03.2014","LDRGDR","2928120 (v1.4)","MS14-025: Description of the security update for Group Policy Preferences for systems that have update 2919355 installed: May 13, 2014","http://support.microsoft.com/kb/2928120","2548478 (v1.0)","The start time of a scheduled task in Group Policy Management Editor is changed incorrectly in Windows Vista or in Windows Server 2008","http://support.microsoft.com/kb/2548478"," ","No Rollup"
"gpregistrybrowser.dll","Dom_GPP","6.0.6002.23339","1","11.03.2014","LDRGDR","2928120 (v1.4)","MS14-025: Description of the security update for Group Policy Preferences for systems that have update 2919355 installed: May 13, 2014","http://support.microsoft.com/kb/2928120","2548478 (v1.0)","The start time of a scheduled task in Group Policy Management Editor is changed incorrectly in Windows Vista or in Windows Server 2008","http://support.microsoft.com/kb/2548478"," ","No Rollup"
"propshts.dll","Dom_GPP","6.0.6002.23339","1","11.03.2014","LDRGDR","2928120 (v1.4)","MS14-025: Description of the security update for Group Policy Preferences for systems that have update 2919355 installed: May 13, 2014","http://support.microsoft.com/kb/2928120","2548478 (v1.0)","The start time of a scheduled task in Group Policy Management Editor is changed incorrectly in Windows Vista or in Windows Server 2008","http://support.microsoft.com/kb/2548478"," ","No Rollup"
"profprov.dll","Dom_ProfProc","6.0.6002.23557","1","06.12.2014","LDR","3021674 (v1.1)","MS15-003: Vulnerability in Windows User Profile service could allow elevation of privilege: January 13, 201","http://support.microsoft.com/kb/3021674","3021674 (v1.1)","MS15-003: Vulnerability in Windows User Profile service could allow elevation of privilege: January 13, 201","http://support.microsoft.com/kb/3021674"," ","No Rollup"
"profsvc.dll","Dom_ProfProc","6.0.6002.23557","1","06.12.2014","LDRGDR","3021674 (v1.1)","MS15-003: Vulnerability in Windows User Profile service could allow elevation of privilege: January 13, 201","http://support.microsoft.com/kb/3021674","2685893 (v1.0)","Error messages after you change the 2047 character limit in an environment variable on a computer that is running Windows 7 or Windows Server 2008 R2","http://support.microsoft.com/kb/2685893"," ","No Rollup"
"Kerberos.dll","Dom_KERBEROS","6.0.6003.20730","0","20-Jan-20","GDR","4556860","May 12, 2020-KB4556860 (Monthly Rollup)","http://support.microsoft.com/kb/4556860","No LDR Only available","No LDR Only available","No LDR Only available","rEX","20-05Rollup"
"nfsclnt.exe","Net_NFS_Client","6.0.6002.22801","1","21.02.2012","LDR","2675625 (v1.0)","""Network error"" or ""Filename not valid"" error message when you access an NFS share from a computer that is running Windows Vista, Windows Server 2008, Windows 7, or Windows Server 2008 R2","http://support.microsoft.com/kb/2675625","2675625 (v1.0)","""Network error"" or ""Filename not valid"" error message when you access an NFS share from a computer that is running Windows Vista, Windows Server 2008, Windows 7, or Windows Server 2008 R2","http://support.microsoft.com/kb/2675625"," ","No Rollup"
"nfsnp.dll","Net_NFS_Client","6.0.6002.22801","1","21.02.2012","LDR","2675625 (v1.0)","""Network error"" or ""Filename not valid"" error message when you access an NFS share from a computer that is running Windows Vista, Windows Server 2008, Windows 7, or Windows Server 2008 R2","http://support.microsoft.com/kb/2675625","2675625 (v1.0)","""Network error"" or ""Filename not valid"" error message when you access an NFS share from a computer that is running Windows Vista, Windows Server 2008, Windows 7, or Windows Server 2008 R2","http://support.microsoft.com/kb/2675625"," ","No Rollup"
"nfsrdr.sys","Net_NFS_Client","6.0.6002.22801","1","21.02.2012","LDR","2675625 (v1.0)","""Network error"" or ""Filename not valid"" error message when you access an NFS share from a computer that is running Windows Vista, Windows Server 2008, Windows 7, or Windows Server 2008 R2","http://support.microsoft.com/kb/2675625","2675625 (v1.0)","""Network error"" or ""Filename not valid"" error message when you access an NFS share from a computer that is running Windows Vista, Windows Server 2008, Windows 7, or Windows Server 2008 R2","http://support.microsoft.com/kb/2675625"," ","No Rollup"
"psxdll.dll","Net_Posix","6.0.6002.23002","1","14.12.2012","LDR","2686699 (v2.0)","Memory leak in Psxss.exe after POSIX-based applications or scripts run for a long time in Windows Vista or in Windows Server 2008","http://support.microsoft.com/kb/2686699","2686699 (v2.0)","Memory leak in Psxss.exe after POSIX-based applications or scripts run for a long time in Windows Vista or in Windows Server 2008","http://support.microsoft.com/kb/2686699"," ","No Rollup"
"psxdllsvr.dll","Net_Posix","6.0.6002.23002","1","14.12.2012","LDR","2686699 (v2.0)","Memory leak in Psxss.exe after POSIX-based applications or scripts run for a long time in Windows Vista or in Windows Server 2008","http://support.microsoft.com/kb/2686699","2686699 (v2.0)","Memory leak in Psxss.exe after POSIX-based applications or scripts run for a long time in Windows Vista or in Windows Server 2008","http://support.microsoft.com/kb/2686699"," ","No Rollup"
"psxss.exe","Net_Posix","6.0.6002.23002","1","14.12.2012","LDR","2686699 (v2.0)","Memory leak in Psxss.exe after POSIX-based applications or scripts run for a long time in Windows Vista or in Windows Server 2008","http://support.microsoft.com/kb/2686699","2686699 (v2.0)","Memory leak in Psxss.exe after POSIX-based applications or scripts run for a long time in Windows Vista or in Windows Server 2008","http://support.microsoft.com/kb/2686699"," ","No Rollup"
"posix.exe","Net_Posix","6.0.6002.23002","1","14.12.2012","LDR","2686699 (v2.0)","Memory leak in Psxss.exe after POSIX-based applications or scripts run for a long time in Windows Vista or in Windows Server 2008","http://support.microsoft.com/kb/2686699","2686699 (v2.0)","Memory leak in Psxss.exe after POSIX-based applications or scripts run for a long time in Windows Vista or in Windows Server 2008","http://support.microsoft.com/kb/2686699"," ","No Rollup"
"dnsapi.dll","Net_DNS_Client","6.0.6002.24412","1","08-Jun-2018","LDR","4291391 (v1.0)","Description of the security update for the Windows DNSAPI Denial of Service vulnerability in Windows Server 2008, Windows Embedded POSReady 2009, and Windows Embedded Standard 2009: July 10, 2018","http://support.microsoft.com/kb/4291391","No LDR Only available","No LDR Only available","No LDR Only available","rEX","No Rollup"
"dnsrslvr.dll","Net_DNS_Client","6.0.6002.24412","1","08-Jun-2018","LDR","4291391 (v1.0)","Description of the security update for the Windows DNSAPI Denial of Service vulnerability in Windows Server 2008, Windows Embedded POSReady 2009, and Windows Embedded Standard 2009: July 10, 2018","http://support.microsoft.com/kb/4291391","No LDR Only available","No LDR Only available","No LDR Only available","rEX","No Rollup"
"dnscacheugc.exe","Net_DNS_Client","6.0.6002.24412","1","08-Jun-2018","LDR","4291391 (v1.0)","Description of the security update for the Windows DNSAPI Denial of Service vulnerability in Windows Server 2008, Windows Embedded POSReady 2009, and Windows Embedded Standard 2009: July 10, 2018","http://support.microsoft.com/kb/4291391","No LDR Only available","No LDR Only available","No LDR Only available","rEX","No Rollup"
"Rpcss.dll","Net_RPC","6.0.6003.20851","1","21-May-20","GDR","4561670","June 9, 2020-KB4561670 (Monthly Rollup)","http://support.microsoft.com/kb/4561670","No LDR Only available","No LDR Only available","No LDR Only available","rEX","20-06Rollup"
"rpchttp.dll","Net_RPC","6.0.6002.22515","1","03.11.2010","LDRGDR","2458828 (v1.0)","The RPC over HTTP connection cannot be set up when you try to access certain services on a computer that is running Windows Vista or Windows Server 2008","http://support.microsoft.com/kb/2458828","2408187 (v1.0)","RPC over HTTP connection cannot be set up when you try to access certain services on a computer that is running Windows Vista or Windows Server 2008","http://support.microsoft.com/kb/2408187"," ","No Rollup"
"Rpcrt4.dll","Net_RPC","6.0.6003.20825","1","14-Apr-20","GDR","4556860","May 12, 2020-KB4556860 (Monthly Rollup)","http://support.microsoft.com/kb/4556860","No LDR Only available","No LDR Only available","No LDR Only available","rEX","20-05Rollup"
"bfe.dll","Net_Ipsec_BFE","6.0.6002.23243","1","13.10.2013","LDR","2862152 (v1.1)","Microsoft security advisory: Vulnerability in DirectAccess could allow security feature bypass","http://support.microsoft.com/kb/2862152","2862152 (v1.1)","Microsoft security advisory: Vulnerability in DirectAccess could allow security feature bypass","http://support.microsoft.com/kb/2862152"," ","No Rollup"
"ikeext.dll","Net_Ipsec_BFE","6.0.6002.23243","1","13.10.2013","LDRGDR","2862152 (v1.1)","Microsoft security advisory: Vulnerability in DirectAccess could allow security feature bypass","http://support.microsoft.com/kb/2862152","2748784 (v1.0)","A delay occurs during IPsec renegotiation on a computer that is running Windows Vista or Windows Server 2008","http://support.microsoft.com/kb/2748784"," ","No Rollup"
"fwpuclnt.dll","Net_Ipsec_BFE","6.0.6002.23243","1","13.10.2013","LDRGDR","2862152 (v1.1)","Microsoft security advisory: Vulnerability in DirectAccess could allow security feature bypass","http://support.microsoft.com/kb/2862152","2748784 (v1.0)","A delay occurs during IPsec renegotiation on a computer that is running Windows Vista or Windows Server 2008","http://support.microsoft.com/kb/2748784"," ","No Rollup"
"iphlpsvc.dll","Net_DirectAccess_Client","6.0.6002.22400","1","10.05.2010","LDR","983457 (v1.0)","IP Helper service memory leak in Windows Server 2008 or in Windows Vista","http://support.microsoft.com/kb/983457","983457 (v1.0)","IP Helper service memory leak in Windows Server 2008 or in Windows Vista","http://support.microsoft.com/kb/983457","rEX","No Rollup"
"dot3svc.dll","Net_IEEE802.1x","6.0.6002.22682","1","23.07.2011","LDR","2583709 (v2.0)","Authentication failure or connection to the wrong network when you use Group Policy to deploy 802.1X authentication settings to a client computer that is running Windows Vista or Windows Server 2008","http://support.microsoft.com/kb/2583709","2583709 (v2.0)","Authentication failure or connection to the wrong network when you use Group Policy to deploy 802.1X authentication settings to a client computer that is running Windows Vista or Windows Server 2008","http://support.microsoft.com/kb/2583709"," ","No Rollup"
"rastls.dll","Net_IEEE802.1x","6.0.6002.22569","1","13.01.2011","LDR","2493933 (v1.0)","FIX: The ""Validate server certificate"" option is enabled on a computer that is running Windows Vista or Windows Server 2008 when you disable this option by using a Group Policy object","http://support.microsoft.com/kb/2493933","2493933 (v1.0)","FIX: The ""Validate server certificate"" option is enabled on a computer that is running Windows Vista or Windows Server 2008 when you disable this option by using a Group Policy object","http://support.microsoft.com/kb/2493933"," ","No Rollup"
"wlansvc.dll","Net_WLAN_Client","6.0.6003.20855","1","2-Jun-20","GDR","4561670","June 9, 2020-KB4561670 (Monthly Rollup)","http://support.microsoft.com/kb/4561670","No LDR Only available","No LDR Only available","No LDR Only available","rEX","20-06Rollup"
"wlanmsm.dll","Net_WLAN_Client","6.0.6003.20569","1","26-Jun-19","GDR","4561670","June 9, 2020-KB4561670 (Monthly Rollup)","http://support.microsoft.com/kb/4561670","No LDR Only available","No LDR Only available","No LDR Only available","rEX","20-06Rollup"
"wlanapi.dll","Net_WLAN_Client","6.0.6003.20569","1","26-Jun-19","GDR","4556860","May 12, 2020-KB4556860 (Monthly Rollup)","http://support.microsoft.com/kb/4556860","No LDR Only available","No LDR Only available","No LDR Only available","rEX","20-05Rollup"
"wlansec.dll","Net_WLAN_Client","6.0.6003.20855","1","2-Jun-20","GDR","4561670","June 9, 2020-KB4561670 (Monthly Rollup)","http://support.microsoft.com/kb/4561670","No LDR Only available","No LDR Only available","No LDR Only available","rEX","20-06Rollup"
"wlanhlp.dll","Net_WLAN_Client","6.0.6003.20569","1","26-Jun-19","GDR","4561670","June 9, 2020-KB4561670 (Monthly Rollup)","http://support.microsoft.com/kb/4561670","No LDR Only available","No LDR Only available","No LDR Only available","rEX","20-06Rollup"
"netcfgx.dll","Net_Config","6.0.6002.23159","1","12.07.2013","LDR","2846340 (v1.0)","Duplicate friendly names of network adapters are displayed in Windows 7, Windows 8, Windows Server 2008 R2, and Windows Server 2012","http://support.microsoft.com/kb/2846340","2846340 (v1.0)","Duplicate friendly names of network adapters are displayed in Windows 7, Windows 8, Windows Server 2008 R2, and Windows Server 2012","http://support.microsoft.com/kb/2846340"," ","No Rollup"
"rasapi32.dll","HNV_Net","6.0.6002.22637","1","07.05.2011","LDR","2548491 (v1.0)","A SSTP connection to an external SSTP server from a computer that is running Windows Vista or Windows Server 2008 does not work","http://support.microsoft.com/kb/2548491","2548491 (v1.0)","A SSTP connection to an external SSTP server from a computer that is running Windows Vista or Windows Server 2008 does not work","http://support.microsoft.com/kb/2548491"," ","No Rollup"
"mprapi.dll","HNV_Net","6.0.6002.22268","1","17.11.2009","LDR","977656 (v1.0)","You cannot use CHAP or PAP authentication to create a VPN connection to a computer that is running Windows Vista or Windows Server 2008","http://support.microsoft.com/kb/977656","977656 (v1.0)","You cannot use CHAP or PAP authentication to create a VPN connection to a computer that is running Windows Vista or Windows Server 2008","http://support.microsoft.com/kb/977656"," ","No Rollup"
"pacer.sys","Net_QoS","6.0.6002.24339","1","09-Mar-2018","LDR","4090450 (v1.0)","Description of the security update for the speculative execution side-channel vulnerabilities in Windows Server 2008: March 13, 2018","http://support.microsoft.com/kb/4090450","No LDR Only available","No LDR Only available","No LDR Only available","rEX","No Rollup"
"Mpsdrv.sys","Net_Firewall","6.0.6002.24462","1","9-Aug-18","GDR","4561670","June 9, 2020-KB4561670 (Monthly Rollup)","http://support.microsoft.com/kb/4561670","No LDR Only available","No LDR Only available","No LDR Only available","rEX","20-06Rollup"
"MpsSvc.dll","Net_Firewall","6.0.6002.24462","1","9-Aug-18","GDR","4561670","June 9, 2020-KB4561670 (Monthly Rollup)","http://support.microsoft.com/kb/4561670","No LDR Only available","No LDR Only available","No LDR Only available","rEX","20-06Rollup"
"qmgr.dll","Net_BiTS","7.0.6003.20749","1","9-Feb-20","GDR","4556860","May 12, 2020-KB4556860 (Monthly Rollup)","http://support.microsoft.com/kb/4556860","No LDR Only available","No LDR Only available","No LDR Only available","rEX","20-05Rollup"
"4493730","Win2008_20_04_SSU_KB"," ","0","09-Apr-2020","LDR","4493730","Servicing stack update for Windows Server 2008 SP2: April 9, 2019","http://support.microsoft.com/kb/4493730","KB only","KB only","KB Only"," ","No Rollup"
"4474419","Win2008_19_09_SHA_KB"," ","0","23-Sep-2019","LDR","4474419","SHA-2 code signing support update for Windows Server 2008 R2, Windows 7, and Windows Server 2008: September 23, 2019","http://support.microsoft.com/kb/4474419","KB only","KB only","KB Only"," ","No Rollup"
"4555448","Win2008_20_05_SSU_KB"," ","0","12-May-2020","LDR","4555448","Servicing stack update for Windows Server 2008 SP2: May 12, 2020","http://support.microsoft.com/kb/4555448","KB only","KB only","KB Only"," ","No Rollup"
"4538484","Win2008_20_02_ESU_KB"," ","0","11-Feb-2020","LDR","4538484","Extended Security Updates (ESU) Licensing Preparation Package for Windows Server 2008 SP2","http://support.microsoft.com/kb/4538484","KB only","KB only","KB Only"," ","No Rollup"
"4561670","Win2008_20-06_B_rollup_KB"," ","0","09-Jun-2020","GDR","4561670 (v1.0)","June 9, 2020-KB4561670 (Monthly Rollup)","http://support.microsoft.com/kb/4561670","KB only","KB only","KB only"," ","20-06Rollup"
