"Binary","Component","Version","Prio","Published","Branch","Article","Title","Link","LDROnlyKB","LDROnlyTitle","LDROnlyLink","Comment","RollupInfo"
"Localspl.dll","Print_Spool","6.2.15063.1836","0","22-May-19","GDR","4516068","September 10, 2019-KB4516068 (OS Build 15063.2045)","http://support.microsoft.com/kb/4516068","No LDR Only available","No LDR Only available","No LDR Only available","rEX","19-09Rollup"
"Win32spl.dll","Print_Spool","6.2.15063.1235","0","17-Jul-18","GDR","4516068","September 10, 2019-KB4516068 (OS Build 15063.2045)","http://support.microsoft.com/kb/4516068","No LDR Only available","No LDR Only available","No LDR Only available","rEX","19-09Rollup"
"Spoolsv.exe","Print_Spool","6.2.15063.1928","0","4-Jul-19","GDR","4516068","September 10, 2019-KB4516068 (OS Build 15063.2045)","http://support.microsoft.com/kb/4516068","No LDR Only available","No LDR Only available","No LDR Only available","rEX","19-09Rollup"
"Ntprint.exe","Print_App","6.2.15063.608","0","5-Sep-17","GDR","4516068","September 10, 2019-KB4516068 (OS Build 15063.2045)","http://support.microsoft.com/kb/4516068","No LDR Only available","No LDR Only available","No LDR Only available","rEX","19-09Rollup"
"Printfilterpipelineprxy.dll","Print_App","6.2.15063.994","0","2-Mar-18","GDR","4516068","September 10, 2019-KB4516068 (OS Build 15063.2045)","http://support.microsoft.com/kb/4516068","No LDR Only available","No LDR Only available","No LDR Only available","rEX","19-09Rollup"
"Printfilterpipelinesvc.exe","Print_App","6.2.15063.1155","0","8-Jun-18","GDR","4516068","September 10, 2019-KB4516068 (OS Build 15063.2045)","http://support.microsoft.com/kb/4516068","No LDR Only available","No LDR Only available","No LDR Only available","rEX","19-09Rollup"
"Printbrm.exe","Print_App","6.2.15063.0","0","18-Mar-17","GDR","4516068","September 10, 2019-KB4516068 (OS Build 15063.2045)","http://support.microsoft.com/kb/4516068","No LDR Only available","No LDR Only available","No LDR Only available","rEX","19-09Rollup"
"splwow64.exe","Print_App","6.2.15063.1928","0","4-Jul-19","GDR","4516068","September 10, 2019-KB4516068 (OS Build 15063.2045)","http://support.microsoft.com/kb/4516068","No LDR Only available","No LDR Only available","No LDR Only available","rEX","19-09Rollup"
"Mxdwdrv.dll","Print_Driver","0.3.15063.1779","1","6-Apr-19","GDR","4516068","September 10, 2019-KB4516068 (OS Build 15063.2045)","http://support.microsoft.com/kb/4516068","No LDR Only available","No LDR Only available","No LDR Only available","rEX","19-09Rollup"
"Pcl4res.dll","Print_Driver","0.3.5479.0","1","6-Apr-19","GDR","4516068","September 10, 2019-KB4516068 (OS Build 15063.2045)","http://support.microsoft.com/kb/4516068","No LDR Only available","No LDR Only available","No LDR Only available","rEX","19-09Rollup"
"Pscript5.dll","Print_Driver","0.3.15063.1779","1","6-Apr-19","GDR","4516068","September 10, 2019-KB4516068 (OS Build 15063.2045)","http://support.microsoft.com/kb/4516068","No LDR Only available","No LDR Only available","No LDR Only available","rEX","19-09Rollup"
"Unidrv.dll","Print_Driver","0.3.15063.1779","1","6-Apr-19","GDR","4516068","September 10, 2019-KB4516068 (OS Build 15063.2045)","http://support.microsoft.com/kb/4516068","No LDR Only available","No LDR Only available","No LDR Only available","rEX","19-09Rollup"
"Unires.dll","Print_Driver","0.3.15063.1779","1","6-Apr-19","GDR","4516068","September 10, 2019-KB4516068 (OS Build 15063.2045)","http://support.microsoft.com/kb/4516068","No LDR Only available","No LDR Only available","No LDR Only available","rEX","19-09Rollup"
"4509092","Win2016RS2_19_07_SSU_KB"," ","0","09-Jul-2019","GDR","4509092","Servicing stack update for Windows 10, Version 1703: July 9, 2019","http://support.microsoft.com/kb/4509092","KB only","KB only","KB Only"," ","No Rollup"
"4516068","Win2016RS2_19-09_B_rollup_KB"," ","0","10-Sep-2019","GDR","4516068 (v1.0)","September 10, 2019-KB4516068 (OS Build 15063.2045)","http://support.microsoft.com/kb/4516068","KB only","KB only","KB only"," ","19-09Rollup"
