"Binary","Component","Version","Prio","Published","Branch","Article","Title","Link","LDROnlyKB","LDROnlyTitle","LDROnlyLink","Comment","RollupInfo"
"Localspl.dll","Print_Spool","6.3.9600.19293","0","9-Feb-19","LDR","4537821","February 11, 2020-KB4537821 (Monthly Rollup)","http://support.microsoft.com/kb/4537821","No LDR Only available","No LDR Only available","No LDR Only available","rEX","20-02Rollup"
"Win32spl.dll","Print_Spool","6.3.9600.19064","0","15-Jun-18","LDR","4537821","February 11, 2020-KB4537821 (Monthly Rollup)","http://support.microsoft.com/kb/4537821","No LDR Only available","No LDR Only available","No LDR Only available","rEX","20-02Rollup"
"spoolss.dll","Print_Spool","6.3.9600.17835","0","20.05.2015","GDR","2966038 (v1.0)","Printer managed by custom print providers is not visible in Devices and Printers in Windows","http://support.microsoft.com/kb/2966038","No LDR Only available","No LDR Only available","No LDR Only available","rKB","No Rollup"
"Spoolsv.exe","Print_Spool","6.3.9600.19538","0","15-Oct-19","LDR","4537821","February 11, 2020-KB4537821 (Monthly Rollup)","http://support.microsoft.com/kb/4537821","No LDR Only available","No LDR Only available","No LDR Only available","rEX","20-02Rollup"
"winspool.drv","Print_Spool","6.3.9600.19293","0","03-Sep-2016","LDR","4537821","February 11, 2020-KB4537821 (Monthly Rollup)","http://support.microsoft.com/kb/4537821","No LDR Only available","No LDR Only available","No LDR Only available","rEX","20-02Rollup"
"Ntprint.exe","Print_App","6.3.9600.17415","0","29-Oct-14","LDR","4537821","February 11, 2020-KB4537821 (Monthly Rollup)","http://support.microsoft.com/kb/4537821","No LDR Only available","No LDR Only available","No LDR Only available","rEX","20-02Rollup"
"printui.dll","Print_App","6.3.9600.17415","0","30.10.2014","GDR","3000850 (v1.7)","November 2014 update rollup for Windows RT 8.1, Windows 8.1, and Windows Server 2012 R","http://support.microsoft.com/kb/3000850","No LDR Only available","No LDR Only available","No LDR Only available"," ","14-11Rollup"
"Printfilterpipelineprxy.dll","Print_App","6.3.9600.19565","0","11-Nov-19","LDR","4537821","February 11, 2020-KB4537821 (Monthly Rollup)","http://support.microsoft.com/kb/4537821","No LDR Only available","No LDR Only available","No LDR Only available","rEX","20-02Rollup"
"Printfilterpipelinesvc.exe","Print_App","6.3.9600.19565","0","11-Nov-19","LDR","4537821","February 11, 2020-KB4537821 (Monthly Rollup)","http://support.microsoft.com/kb/4537821","No LDR Only available","No LDR Only available","No LDR Only available","rEX","20-02Rollup"
"Printbrm.exe","Print_App","6.3.9600.17415","0","29-Oct-14","LDR","4537821","February 11, 2020-KB4537821 (Monthly Rollup)","http://support.microsoft.com/kb/4537821","No LDR Only available","No LDR Only available","No LDR Only available","rEX","20-02Rollup"
"splwow64.exe","Print_App","6.3.9600.19538","0","15-Oct-19","LDR","4537821","February 11, 2020-KB4537821 (Monthly Rollup)","http://support.microsoft.com/kb/4537821","No LDR Only available","No LDR Only available","No LDR Only available","rEX","20-02Rollup"
"Mxdwdrv.dll","Print_Driver","0.3.9600.18790","1","11-Aug-17","LDR","4537821","February 11, 2020-KB4537821 (Monthly Rollup)","http://support.microsoft.com/kb/4537821","No LDR Only available","No LDR Only available","No LDR Only available","rEX","20-02Rollup"
"Pcl4res.dll","Print_Driver","0.3.5479.0","1","11-Aug-17","LDR","4537821","February 11, 2020-KB4537821 (Monthly Rollup)","http://support.microsoft.com/kb/4537821","No LDR Only available","No LDR Only available","No LDR Only available","rEX","20-02Rollup"
"Pscript5.dll","Print_Driver","0.3.9600.18790","1","11-Aug-17","LDR","4537821","February 11, 2020-KB4537821 (Monthly Rollup)","http://support.microsoft.com/kb/4537821","No LDR Only available","No LDR Only available","No LDR Only available","rEX","20-02Rollup"
"Unidrv.dll","Print_Driver","0.3.9600.18790","1","11-Aug-17","LDR","4537821","February 11, 2020-KB4537821 (Monthly Rollup)","http://support.microsoft.com/kb/4537821","No LDR Only available","No LDR Only available","No LDR Only available","rEX","20-02Rollup"
"Unires.dll","Print_Driver","0.3.9600.18790","1","11-Aug-17","LDR","4537821","February 11, 2020-KB4537821 (Monthly Rollup)","http://support.microsoft.com/kb/4537821","No LDR Only available","No LDR Only available","No LDR Only available","rEX","20-02Rollup"
"xpssvcs.dll","Print_Driver","6.3.9600.18048","1","30.10.2014","GDR","3000850","November 2014 update rollup for Windows RT 8.1, Windows 8.1, and Windows Server 2012 R2","http://support.microsoft.com/kb/3000850","No LDR Only available","No LDR Only available","No LDR Only available","rEX","14-11Rollup"
"4524445","Win2012R2_19_11_SSU_KB","KBOnlyVersion","0","12-Nov-2019","GDR","4524445","Servicing stack update for Windows 8.1, RT 8.1, and Server 2012 R2: November 12, 2019","http://support.microsoft.com/kb/4524445","KB only","KB only","KB only"," ","No Rollup"
"3123245","All_OS_2012R2_important_KB","KBOnlyVersion","0","14-Apr-2016","GDR","3123245 (v4.0)","Update improves port exhaustion identification in Windows Server 2012 R2","http://support.microsoft.com/kb/3123245","KB only","KB only","KB only"," ","No Rollup"
"2919355","Win2012R2_14_04_rollup_KB"," ","0","24.02.2014","GDR","2919355 (v1.14)","Windows RT 8.1, Windows 8.1, and Windows Server 2012 R2 Update: April 2014","http://support.microsoft.com/kb/2919355","KB only","KB only","KB Only"," ","14-04Rollup"
"3000850","Win2012R2_14_11_rollup_KB"," ","0","18.11.2014","GDR","3000850 (v2.0)","November 2014 update rollup for Windows RT 8.1, Windows 8.1, and Windows Server 2012 R2","http://support.microsoft.com/kb/3000850","KB only","KB only","KB Only"," ","14-11Rollup"
"3013769","Win2012R2_14_12_rollup_KB"," ","0","10.12.2014","GDR","3013769 (v2.0)","December 2014 update rollup for Windows RT 8.1, Windows 8.1, and Windows Server 2012 R2","http://support.microsoft.com/kb/3013769","KB only","KB only","KB Only"," ","14-12Rollup"
"3172614","Win2012R2_16_07_rollup_KB"," ","0","19.07.2016","GDR","3172614 (v1.0)","July 2016 update rollup for Windows RT 8.1, Windows 8.1, and Windows Server 2012 R2","http://support.microsoft.com/kb/3172614","KB only","KB only","KB Only"," ","16-07Rollup"
"3179574","Win2012R2_16_08_rollup_KB"," ","0","16.08.2016","GDR","3179574 (v1.0)","August 2016 update rollup for Windows RT 8.1, Windows 8.1, and Windows Server 2012 R2","http://support.microsoft.com/kb/3179574","KB only","KB only","KB Only"," ","16-08Rollup"
"4537821","Win2012R2_20-02_B_rollup_KB"," ","0","11-Feb-2020","GDR","4537821 (v1.0)","February 11, 2020-KB4537821 (Monthly Rollup)","http://support.microsoft.com/kb/4537821","KB only","KB only","KB only"," ","20-02Rollup"
