"Binary","Component","Version","Prio","Published","Branch","Article","Title","Link","LDROnlyKB","LDROnlyTitle","LDROnlyLink","Comment","RollupInfo"
"Winlogon.exe","Dom_WINLOGON","6.2.10240.18333","0","29-Aug-19","GDR","4550930","April 14, 2020-KB4550930 (OS Build 10240.18545)","http://support.microsoft.com/kb/4550930","No LDR Only available","No LDR Only available","No LDR Only available","rEX","20-04Rollup"
"Lsass.exe","Dom_LSA","6.2.10240.17643","0","19-Sep-17","GDR","4550930","April 14, 2020-KB4550930 (OS Build 10240.18545)","http://support.microsoft.com/kb/4550930","No LDR Only available","No LDR Only available","No LDR Only available","rEX","20-04Rollup"
"Lsasrv.dll","Dom_LSA","6.2.10240.18485","0","28-Jan-20","GDR","4550930","April 14, 2020-KB4550930 (OS Build 10240.18545)","http://support.microsoft.com/kb/4550930","No LDR Only available","No LDR Only available","No LDR Only available","rEX","20-04Rollup"
"Ksecpkg.sys","Dom_LSA","6.2.10240.18215","0","3-May-19","GDR","4550930","April 14, 2020-KB4550930 (OS Build 10240.18545)","http://support.microsoft.com/kb/4550930","No LDR Only available","No LDR Only available","No LDR Only available","rEX","20-04Rollup"
"Sspisrv.dll","Dom_LSA","6.2.10240.17643","0","19-Sep-17","GDR","4550930","April 14, 2020-KB4550930 (OS Build 10240.18545)","http://support.microsoft.com/kb/4550930","No LDR Only available","No LDR Only available","No LDR Only available","rEX","20-04Rollup"
"Schannel.dll","Dom_LSA","6.2.10240.18366","0","29-Sep-19","GDR","4550930","April 14, 2020-KB4550930 (OS Build 10240.18545)","http://support.microsoft.com/kb/4550930","No LDR Only available","No LDR Only available","No LDR Only available","rEX","20-04Rollup"
"Scfilter.sys","Dom_SC_Srv","6.2.10240.18545","1","31-Mar-20","GDR","4550930","April 14, 2020-KB4550930 (OS Build 10240.18545)","http://support.microsoft.com/kb/4550930","No LDR Only available","No LDR Only available","No LDR Only available","rEX","20-04Rollup"
"Certprop.dll","Dom_SC_Srv","6.2.10240.17831","1","24-Mar-18","GDR","4550930","April 14, 2020-KB4550930 (OS Build 10240.18545)","http://support.microsoft.com/kb/4550930","No LDR Only available","No LDR Only available","No LDR Only available","rEX","20-04Rollup"
"Crypt32.dll","Dom_CRYPTO","6.2.10240.18452","1","12-Dec-19","GDR","4550930","April 14, 2020-KB4550930 (OS Build 10240.18545)","http://support.microsoft.com/kb/4550930","No LDR Only available","No LDR Only available","No LDR Only available","rEX","20-04Rollup"
"Wintrust.dll","Dom_CRYPTO","6.2.10240.17861","1","28-Apr-18","GDR","4550930","April 14, 2020-KB4550930 (OS Build 10240.18545)","http://support.microsoft.com/kb/4550930","No LDR Only available","No LDR Only available","No LDR Only available","rEX","20-04Rollup"
"Gpprefcl.dll","Dom_GPP","6.2.10240.18036","0","25-Oct-18","GDR","4550930","April 14, 2020-KB4550930 (OS Build 10240.18545)","http://support.microsoft.com/kb/4550930","No LDR Only available","No LDR Only available","No LDR Only available","rEX","20-04Rollup"
"Samsrv.dll","Dom_SAMSRV","6.2.10240.17319","0","4-Mar-17","GDR","4550930","April 14, 2020-KB4550930 (OS Build 10240.18545)","http://support.microsoft.com/kb/4550930","No LDR Only available","No LDR Only available","No LDR Only available","rEX","20-04Rollup"
"Samlib.dll","Dom_SAMSRV","6.2.10240.17319","0","4-Mar-17","GDR","4550930","April 14, 2020-KB4550930 (OS Build 10240.18545)","http://support.microsoft.com/kb/4550930","No LDR Only available","No LDR Only available","No LDR Only available","rEX","20-04Rollup"
"Mrxsmb10.sys","Net_SMB_Client","6.2.10240.18158","0","6-Mar-19","GDR","4550930","April 14, 2020-KB4550930 (OS Build 10240.18545)","http://support.microsoft.com/kb/4550930","No LDR Only available","No LDR Only available","No LDR Only available","rEX","20-04Rollup"
"Mrxsmb20.sys","Net_SMB_Client","6.2.10240.17643","0","19-Sep-17","GDR","4550930","April 14, 2020-KB4550930 (OS Build 10240.18545)","http://support.microsoft.com/kb/4550930","No LDR Only available","No LDR Only available","No LDR Only available","rEX","20-04Rollup"
"Rdbss.sys","Net_SMB_Client","6.2.10240.18366","0","30-Sep-19","GDR","4550930","April 14, 2020-KB4550930 (OS Build 10240.18545)","http://support.microsoft.com/kb/4550930","No LDR Only available","No LDR Only available","No LDR Only available","rEX","20-04Rollup"
"Netio.sys","Net_Protocol","6.2.10240.18394","0","24-Oct-19","GDR","4550930","April 14, 2020-KB4550930 (OS Build 10240.18545)","http://support.microsoft.com/kb/4550930","No LDR Only available","No LDR Only available","No LDR Only available","rEX","20-04Rollup"
"Dfsc.sys","Net_DFS-N_Client","6.2.10240.18132","0","6-Feb-19","GDR","4550930","April 14, 2020-KB4550930 (OS Build 10240.18545)","http://support.microsoft.com/kb/4550930","No LDR Only available","No LDR Only available","No LDR Only available","rEX","20-04Rollup"
"Cscmig.dll","Net_CSC_Offline","6.2.10240.17946","0","7-Aug-18","GDR","4550930","April 14, 2020-KB4550930 (OS Build 10240.18545)","http://support.microsoft.com/kb/4550930","No LDR Only available","No LDR Only available","No LDR Only available","rEX","20-04Rollup"
"Dhcpcore.dll","Net_DHCP_Client","6.2.10240.18303","0","30-Jul-19","GDR","4550930","April 14, 2020-KB4550930 (OS Build 10240.18545)","http://support.microsoft.com/kb/4550930","No LDR Only available","No LDR Only available","No LDR Only available","rEX","20-04Rollup"
"Rpcss.dll","Net_RPC","6.2.10240.18303","1","30-Jul-19","GDR","4550930","April 14, 2020-KB4550930 (OS Build 10240.18545)","http://support.microsoft.com/kb/4550930","No LDR Only available","No LDR Only available","No LDR Only available","rEX","20-04Rollup"
"Bfe.dll","Net_Ipsec_BFE","6.2.10240.18394","1","24-Oct-19","GDR","4550930","April 14, 2020-KB4550930 (OS Build 10240.18545)","http://support.microsoft.com/kb/4550930","No LDR Only available","No LDR Only available","No LDR Only available","rEX","20-04Rollup"
"Iphlpsvc.dll","Net_DirectAccess_Client","6.2.10240.18394","1","24-Oct-19","GDR","4550930","April 14, 2020-KB4550930 (OS Build 10240.18545)","http://support.microsoft.com/kb/4550930","No LDR Only available","No LDR Only available","No LDR Only available","rEX","20-04Rollup"
"Rdpcore.dll","Net_DirectAccess_Client","6.2.10240.18485","1","28-Jan-20","GDR","4550930","April 14, 2020-KB4550930 (OS Build 10240.18545)","http://support.microsoft.com/kb/4550930","No LDR Only available","No LDR Only available","No LDR Only available","rEX","20-04Rollup"
"dot3svc.dll","Net_IEEE802.1x","6.2.10240.17738","1","2-Jan-18","GDR","4550930","April 14, 2020-KB4550930 (OS Build 10240.18545)","http://support.microsoft.com/kb/4550930","No LDR Only available","No LDR Only available","No LDR Only available","rEX","20-04Rollup"
"wlansvc.dll","Net_WLAN_Client","6.2.10240.18275","1","4-Jul-19","GDR","4550930","April 14, 2020-KB4550930 (OS Build 10240.18545)","http://support.microsoft.com/kb/4550930","No LDR Only available","No LDR Only available","No LDR Only available","rEX","20-04Rollup"
"wlanmsm.dll","Net_WLAN_Client","6.2.10240.17738","1","2-Jan-18","GDR","4550930","April 14, 2020-KB4550930 (OS Build 10240.18545)","http://support.microsoft.com/kb/4550930","No LDR Only available","No LDR Only available","No LDR Only available","rEX","20-04Rollup"
"wlansvcpal.dll","Net_WLAN_Client","6.2.10240.16384","1","10-Jul-15","GDR","4550930","April 14, 2020-KB4550930 (OS Build 10240.18545)","http://support.microsoft.com/kb/4550930","No LDR Only available","No LDR Only available","No LDR Only available","rEX","20-04Rollup"
"Netcfgx.dll","Net_Config","6.2.10240.17184","1","25-Oct-16","GDR","4550930","April 14, 2020-KB4550930 (OS Build 10240.18545)","http://support.microsoft.com/kb/4550930","No LDR Only available","No LDR Only available","No LDR Only available","rEX","20-04Rollup"
"Tunnel.sys","Net_IPv6","6.2.10240.16412","1","30-Jul-15","GDR","4550930","April 14, 2020-KB4550930 (OS Build 10240.18545)","http://support.microsoft.com/kb/4550930","No LDR Only available","No LDR Only available","No LDR Only available","rEX","20-04Rollup"
"Dhcpcore6.dll","Net_IPv6","6.2.10240.17889","1","30-May-18","GDR","4550930","April 14, 2020-KB4550930 (OS Build 10240.18545)","http://support.microsoft.com/kb/4550930","No LDR Only available","No LDR Only available","No LDR Only available","rEX","20-04Rollup"
"Pacer.sys","Net_QoS","6.2.10240.17738","1","2-Jan-18","GDR","4550930","April 14, 2020-KB4550930 (OS Build 10240.18545)","http://support.microsoft.com/kb/4550930","No LDR Only available","No LDR Only available","No LDR Only available","rEX","20-04Rollup"
"Mpsdrv.sys","Net_Firewall","6.2.10240.17976","1","5-Sep-18","GDR","4550930","April 14, 2020-KB4550930 (OS Build 10240.18545)","http://support.microsoft.com/kb/4550930","No LDR Only available","No LDR Only available","No LDR Only available","rEX","20-04Rollup"
"MpsSvc.dll","Net_Firewall","6.2.10240.18275","1","4-Jul-19","GDR","4550930","April 14, 2020-KB4550930 (OS Build 10240.18545)","http://support.microsoft.com/kb/4550930","No LDR Only available","No LDR Only available","No LDR Only available","rEX","20-04Rollup"
"Ntdll.dll","Core_Kernel","6.2.10240.18545","0","31-Mar-20","GDR","4550930","April 14, 2020-KB4550930 (OS Build 10240.18545)","http://support.microsoft.com/kb/4550930","No LDR Only available","No LDR Only available","No LDR Only available","rEX","20-04Rollup"
"Hal.dll","Core_Kernel","6.2.10240.18366","0","30-Sep-19","GDR","4550930","April 14, 2020-KB4550930 (OS Build 10240.18545)","http://support.microsoft.com/kb/4550930","No LDR Only available","No LDR Only available","No LDR Only available","rEX","20-04Rollup"
"Ntfs.sys","Core_FileSystem","6.2.10240.18519","0","4-Mar-20","GDR","4550930","April 14, 2020-KB4550930 (OS Build 10240.18545)","http://support.microsoft.com/kb/4550930","No LDR Only available","No LDR Only available","No LDR Only available","rEX","20-04Rollup"
"Advapi32.dll","Core_Apps","6.2.10240.17738","0","2-Jan-18","GDR","4550930","April 14, 2020-KB4550930 (OS Build 10240.18545)","http://support.microsoft.com/kb/4550930","No LDR Only available","No LDR Only available","No LDR Only available","rEX","20-04Rollup"
"Mshtml.dll","IE_Client","11.0.10240.18545","0","31-Mar-20","GDR","4550930","April 14, 2020-KB4550930 (OS Build 10240.18545)","http://support.microsoft.com/kb/4550930","No LDR Only available","No LDR Only available","No LDR Only available","rEX","20-04Rollup"
"4540721","Win2016_20_03_SSU_KB"," ","0","10-Mar-2020","GDR","4540721","Servicing stack update for Windows 10, version 1507: March 10, 2020","http://support.microsoft.com/kb/4540721","KB only","KB only","KB Only"," ","No Rollup"
"4550930","Win2016_20-04_B_rollup_KB"," ","0","14-Apr-2020","GDR","4550930 (v1.0)","April 14, 2020-KB4550930 (OS Build 10240.18545)","http://support.microsoft.com/kb/4550930","KB only","KB only","KB only"," ","20-03Rollup"
