"Binary","Component","Version","Prio","Published","Branch","Article","Title","Link","LDROnlyKB","LDROnlyTitle","LDROnlyLink","Comment","RollupInfo"
"Clussvc.exe","Cluster_Core","6.3.9600.19122","0","9-Aug-18","LDR","4541509","March 10, 2020-KB4541509 (Monthly Rollup)","http://support.microsoft.com/kb/4541509","No LDR Only available","No LDR Only available","No LDR Only available","rEX","20-03Rollup"
"ClusWMI.dll","Cluster_Core","6.3.9600.18523","0","22-Oct-16","LDR","4541509","March 10, 2020-KB4541509 (Monthly Rollup)","http://support.microsoft.com/kb/4541509","No LDR Only available","No LDR Only available","No LDR Only available","rEX","20-03Rollup"
"Rhs.exe","Cluster_Core","6.3.9600.18907","0","9-Jan-18","GDR","4541509","March 10, 2020-KB4541509 (Monthly Rollup)","http://support.microsoft.com/kb/4541509","No LDR Only available","No LDR Only available","No LDR Only available","rEX","20-03Rollup"
"Clusres.dll","Cluster_Core","6.3.9600.18907","0","9-Jan-18","LDR","4541509","March 10, 2020-KB4541509 (Monthly Rollup)","http://support.microsoft.com/kb/4541509","No LDR Only available","No LDR Only available","No LDR Only available","rEX","20-03Rollup"
"clusres2.dll","Cluster_Core","6.3.9600.17343","0","16.09.2014","GDR","2990852 (v4.0)","Performance and reliability enhancements for clustered environments in Windows 8.1 and Windows Server 2012 R2","http://support.microsoft.com/kb/2990852","No LDR Only available","No LDR Only available","No LDR Only available","rEX","14-11Rollup"
"netft.sys","Cluster_Core","6.3.9600.17396","0","18.11.2014","GDR","3000850 (v6.8)","Performance and reliability enhancements for clustered environments in Windows 8.1 and Windows Server 2012 R","http://support.microsoft.com/kb/3000850","No LDR Only available","No LDR Only available","No LDR Only available"," ","14-11Rollup"
"clusauthmgr.dll","Cluster_Core","6.3.9600.17396","0","18.11.2014","GDR","3000850 (v6.8)","Performance and reliability enhancements for clustered environments in Windows 8.1 and Windows Server 2012 R","http://support.microsoft.com/kb/3000850","No LDR Only available","No LDR Only available","No LDR Only available"," ","14-11Rollup"
"csvflt.sys","Cluster_CSV","6.3.9600.17669","0","29.01.2015","GDR","2970653 (v1.0)","A SQL Server that is running in a Hyper-V virtual machine takes a long time to restore a database to a dynamic VH","http://support.microsoft.com/kb/2970653","No LDR Only available","No LDR Only available","No LDR Only available","rKB","No Rollup"
"Csvfs.sys","Cluster_CSV","6.3.9600.18696","0","12-May-17","LDR","4541509","March 10, 2020-KB4541509 (Monthly Rollup)","http://support.microsoft.com/kb/4541509","No LDR Only available","No LDR Only available","No LDR Only available","rEX","20-03Rollup"
"Vhdmp.sys","Cluster_CSV","6.3.9600.19388","0","25-May-19","GDR","4541509","March 10, 2020-KB4541509 (Monthly Rollup)","http://support.microsoft.com/kb/4541509","No LDR Only available","No LDR Only available","No LDR Only available","rEX","20-03Rollup"
"Svhdxflt.sys","Cluster_CSV","6.3.9600.18185","0","30-Dec-15","LDR","4541509","March 10, 2020-KB4541509 (Monthly Rollup)","http://support.microsoft.com/kb/4541509","No LDR Only available","No LDR Only available","No LDR Only available","rEX","20-03Rollup"
"Clusdisk.sys","Cluster_Disk","6.3.9600.18228","0","4-Feb-16","LDR","4541509","March 10, 2020-KB4541509 (Monthly Rollup)","http://support.microsoft.com/kb/4541509","No LDR Only available","No LDR Only available","No LDR Only available","rEX","20-03Rollup"
"volsnap.sys","Cluster_Volsnap","6.3.9600.18265","0","14.03.2016","GDR","3145384 (v1.0)","MinDiffAreaFileSize registry value limit is increased from 3 GB to 50 GB in Windows 8.1 or Windows Server 2012 R2","http://support.microsoft.com/kb/3145384","No LDR Only available","No LDR Only available","No LDR Only available","rEX","No Rollup"
"cprepsrv.exe","Cluster_Validation","6.3.9600.18035","1","21.08.2015","GDR","3091057 (v1.0)","Cluster validation fails in the ""Validate Simultaneous Failover"" test in a Windows Server 2012 R2-based failover cluster","http://support.microsoft.com/kb/3091057","No LDR Only available","No LDR Only available","No LDR Only available","rEX","No Rollup"
"microsoft.failoverclusters.framework.dll","Cluster_Validation","6.3.9600.18569","1","06-Jan-2017","GDR","4541509","March 10, 2020-KB4541509 (Monthly Rollup)","http://support.microsoft.com/kb/4541509","No LDR Only available","No LDR Only available","No LDR Only available","rEX","20-03Rollup"
"Mpio.sys","Core_MPIO","6.3.9600.19343","0","8-Apr-19","LDR","4541509","March 10, 2020-KB4541509 (Monthly Rollup)","http://support.microsoft.com/kb/4541509","No LDR Only available","No LDR Only available","No LDR Only available","rEX","20-03Rollup"
"Msdsm.sys","Core_MPIO","6.3.9600.18592","0","11-Feb-17","LDR","4541509","March 10, 2020-KB4541509 (Monthly Rollup)","http://support.microsoft.com/kb/4541509","No LDR Only available","No LDR Only available","No LDR Only available","rEX","20-03Rollup"
"Storport.sys","Core_DiskSystem","6.3.9600.18833","0","5-Oct-17","GDR","4541509","March 10, 2020-KB4541509 (Monthly Rollup)","http://support.microsoft.com/kb/4541509","No LDR Only available","No LDR Only available","No LDR Only available","rEX","20-03Rollup"
"4540725","Win2012R2_20_03_SSU_KB","KBOnlyVersion","0","10-Mar-2020","GDR","4540725","Servicing stack update for Windows 8.1, RT 8.1, and Server 2012 R2: March 10, 2020","http://support.microsoft.com/kb/4540725","KB only","KB only","KB only"," ","No Rollup"
"3123245","All_OS_2012R2_important_KB","KBOnlyVersion","0","14-Apr-2016","GDR","3123245 (v4.0)","Update improves port exhaustion identification in Windows Server 2012 R2","http://support.microsoft.com/kb/3123245","KB only","KB only","KB only"," ","No Rollup"
"2919355","Win2012R2_14_04_rollup_KB"," ","0","24.02.2014","GDR","2919355 (v1.14)","Windows RT 8.1, Windows 8.1, and Windows Server 2012 R2 Update: April 2014","http://support.microsoft.com/kb/2919355","KB only","KB only","KB Only"," ","14-04Rollup"
"3000850","Win2012R2_14_11_rollup_KB"," ","0","18.11.2014","GDR","3000850 (v2.0)","November 2014 update rollup for Windows RT 8.1, Windows 8.1, and Windows Server 2012 R2","http://support.microsoft.com/kb/3000850","KB only","KB only","KB Only"," ","14-11Rollup"
"3013769","Win2012R2_14_12_rollup_KB"," ","0","10.12.2014","GDR","3013769 (v2.0)","December 2014 update rollup for Windows RT 8.1, Windows 8.1, and Windows Server 2012 R2","http://support.microsoft.com/kb/3013769","KB only","KB only","KB Only"," ","14-12Rollup"
"3172614","Win2012R2_16_07_rollup_KB"," ","0","19.07.2016","GDR","3172614 (v1.0)","July 2016 update rollup for Windows RT 8.1, Windows 8.1, and Windows Server 2012 R2","http://support.microsoft.com/kb/3172614","KB only","KB only","KB Only"," ","16-07Rollup"
"3179574","Win2012R2_16_08_rollup_KB"," ","0","16.08.2016","GDR","3179574 (v1.0)","August 2016 update rollup for Windows RT 8.1, Windows 8.1, and Windows Server 2012 R2","http://support.microsoft.com/kb/3179574","KB only","KB only","KB Only"," ","16-08Rollup"
"4541509","Win2012R2_20-03_B_rollup_KB"," ","0","10-Mar-2020","GDR","4541509 (v1.0)","March 10, 2020-KB4541509 (Monthly Rollup)","http://support.microsoft.com/kb/4541509","KB only","KB only","KB only"," ","20-03Rollup"
