"Binary","Component","Version","Prio","Published","Branch","Article","Title","Link","LDROnlyKB","LDROnlyTitle","LDROnlyLink","Comment","RollupInfo"
"Ntoskrnl.exe","Core_Kernel","6.2.18362.418","0","26-Jul-19","GDR","4517389 (v1.0)","October 8, 2019-KB4517389 (OS Build 18362.418)","http://support.microsoft.com/kb/4517389","KB only","KB only","KB only"," ","19-10Rollup"
"Ntdll.dll","Core_Kernel","6.2.18362.418","0","26-Jul-19","GDR","4517389 (v1.0)","October 8, 2019-KB4517389 (OS Build 18362.418)","http://support.microsoft.com/kb/4517389","KB only","KB only","KB only"," ","19-10Rollup"
"Hal.dll","Core_Kernel","6.2.18362.387","0","26-Jul-19","GDR","4517389 (v1.0)","October 8, 2019-KB4517389 (OS Build 18362.418)","http://support.microsoft.com/kb/4517389","KB only","KB only","KB only"," ","19-10Rollup"
"win32k.sys","Core_Kernel","6.2.18362.387","0","26-Jul-19","GDR","4517389 (v1.0)","October 8, 2019-KB4517389 (OS Build 18362.418)","http://support.microsoft.com/kb/4517389","KB only","KB only","KB only"," ","19-10Rollup"
"Ntfs.sys","Core_FileSystem","6.2.18362.145","0","29-May-19","GDR","4517389 (v1.0)","October 8, 2019-KB4517389 (OS Build 18362.418)","http://support.microsoft.com/kb/4517389","KB only","KB only","KB only"," ","19-10Rollup"
"Advapi32.dll","Core_Apps","6.2.18362.329","0","29-Jun-19","GDR","4517389 (v1.0)","October 8, 2019-KB4517389 (OS Build 18362.418)","http://support.microsoft.com/kb/4517389","KB only","KB only","KB only"," ","19-10Rollup"
"pci.sys","Core_Sys","6.2.18362.418","1","27-Jun-19","GDR","4517389 (v1.0)","October 8, 2019-KB4517389 (OS Build 18362.418)","http://support.microsoft.com/kb/4517389","KB only","KB only","KB only"," ","19-10Rollup"
"Wintrust.dll","Dom_CRYPTO","6.2.18362.387","1","29-May-19","GDR","4517389 (v1.0)","October 8, 2019-KB4517389 (OS Build 18362.418)","http://support.microsoft.com/kb/4517389","KB only","KB only","KB only"," ","19-10Rollup"
"Cryptdll.dll","Dom_CRYPTO","6.2.18362.113","1","29-Jun-19","GDR","4517389 (v1.0)","October 8, 2019-KB4517389 (OS Build 18362.418)","http://support.microsoft.com/kb/4517389","KB only","KB only","KB only"," ","19-10Rollup"
"Tzres.dll","Core_TimeZone","6.2.18362.1","1","29-Jun-19","GDR","4517389 (v1.0)","October 8, 2019-KB4517389 (OS Build 18362.418)","http://support.microsoft.com/kb/4517389","KB only","KB only","KB only"," ","19-10Rollup"
"4521863","Win2016_1903_19_10_SSU_KB"," ","0","08-Oct-2019","GDR","4521863","Servicing stack update for Windows 10 version 1903: October 8, 2019","http://support.microsoft.com/kb/4521863","KB only","KB only","KB Only"," ","No Rollup"
"4517389","Win201619H1_19-10_B_rollup_KB"," ","0","08-Oct-2019","GDR","4517389 (v1.0)","October 8, 2019-KB4517389 (OS Build 18362.418)","http://support.microsoft.com/kb/4517389","KB only","KB only","KB only"," ","19-10Rollup"
