"Binary","Component","Version","Prio","Published","Branch","Article","Title","Link","LDROnlyKB","LDROnlyTitle","LDROnlyLink","Comment","RollupInfo"
"rastls.dll","Net_IEEE802.1x","6.1.7601.22792","1","04.09.2014","LDRGDR","2977292 (v1.0)","Microsoft security advisory: Update for Microsoft EAP implementation that enables the use of TLS: October 14, 2014","http://support.microsoft.com/kb/2977292","2769121 (v1.0)","802.1X authentication fails on a Windows 7-based or Windows 2008 R2-based computer that has multiple certificates","http://support.microsoft.com/kb/2769121","rEX","16-04Rollup"
"dimsroam.dll","Dom_DIMS","6.1.7601.22616","1","05.03.2014","LDRGDR","2871997 (v2.2)","Microsoft Security Advisory: Update to improve credentials protection and management: May 13, 2014","http://support.microsoft.com/kb/2871997","2520487 (v1.0)","AD DS database size increases significantly when the Credential Roaming feature is enabled in Windows 7 or in Windows Server 2008 R2","http://support.microsoft.com/kb/2520487","rEX","16-04Rollup"
"adprovider.dll","Dom_DIMS","6.1.7601.22616","1","05.03.2014","LDRGDR","2871997 (v2.2)","Microsoft Security Advisory: Update to improve credentials protection and management: May 13, 2014","http://support.microsoft.com/kb/2871997","2520487 (v1.0)","AD DS database size increases significantly when the Credential Roaming feature is enabled in Windows 7 or in Windows Server 2008 R2","http://support.microsoft.com/kb/2520487","rEX","16-04Rollup"
"capiprovider.dll","Dom_DIMS","6.1.7601.22616","1","05.03.2014","LDRGDR","2871997 (v2.2)","Microsoft Security Advisory: Update to improve credentials protection and management: May 13, 2014","http://support.microsoft.com/kb/2871997","2520487 (v1.0)","AD DS database size increases significantly when the Credential Roaming feature is enabled in Windows 7 or in Windows Server 2008 R2","http://support.microsoft.com/kb/2520487","rEX","16-04Rollup"
"cngprovider.dll","Dom_DIMS","6.1.7601.22616","1","05.03.2014","LDRGDR","2871997 (v2.2)","Microsoft Security Advisory: Update to improve credentials protection and management: May 13, 2014","http://support.microsoft.com/kb/2871997","2520487 (v1.0)","AD DS database size increases significantly when the Credential Roaming feature is enabled in Windows 7 or in Windows Server 2008 R2","http://support.microsoft.com/kb/2520487","rEX","16-04Rollup"
"dpapiprovider.dll","Dom_DIMS","6.1.7601.22616","1","05.03.2014","LDRGDR","2871997 (v2.2)","Microsoft Security Advisory: Update to improve credentials protection and management: May 13, 2014","http://support.microsoft.com/kb/2871997","2520487 (v1.0)","AD DS database size increases significantly when the Credential Roaming feature is enabled in Windows 7 or in Windows Server 2008 R2","http://support.microsoft.com/kb/2520487","rEX","16-04Rollup"
"wincredprovider.dll","Dom_DIMS","6.1.7601.22616","1","05.03.2014","LDRGDR","2871997 (v2.2)","Microsoft Security Advisory: Update to improve credentials protection and management: May 13, 2014","http://support.microsoft.com/kb/2871997","2520487 (v1.0)","AD DS database size increases significantly when the Credential Roaming feature is enabled in Windows 7 or in Windows Server 2008 R2","http://support.microsoft.com/kb/2520487","rEX","16-04Rollup"
"gpprefbr.dll","Dom_GPP","6.1.7601.22605","1","19.02.2014","LDR","2928120 (v1.2)","MS14-025: Description of the security update for Group Policy Preferences for systems that have update 2919355 installed: May 13, 2014","http://support.microsoft.com/kb/2928120","2928120 (v1.2)","MS14-025: Description of the security update for Group Policy Preferences for systems that have update 2919355 installed: May 13, 2014","http://support.microsoft.com/kb/2928120","rEX","16-04Rollup"
"msiscsi.sys","Core_DiskSystem","6.1.7601.22647","0","04.04.2014","LDR","2957560 (v1.0)","Computer that is running Windows freezes after stress testing in iSCSI initiator for many hours","http://support.microsoft.com/kb/2957560","2957560 (v1.0)","Computer that is running Windows freezes after stress testing in iSCSI initiator for many hours","http://support.microsoft.com/kb/2957560","rEX","16-04Rollup"
"gpprnext.dll","Dom_GPExt","6.1.7601.22137","0","13.08.2014","LDR","2775511 (v1.0)","An enterprise hotfix rollup is available for Windows 7 SP1 and Windows Server 2008 R2 SP1","http://support.microsoft.com/kb/2775511","2537549 (v1.0)","Cannot deploy a printer by using a GPO if read-only domain controllers are exclusively used in the domain environment in Windows 7 or in Windows Server 2008 R2","http://support.microsoft.com/kb/2537549","rEX","16-04Rollup"
"appmgmts.dll","Dom_GPExt","6.1.7601.22137","1","13.08.2014","LDR","2775511 (v1.0)","An enterprise hotfix rollup is available for Windows 7 SP1 and Windows Server 2008 R2 SP1","http://support.microsoft.com/kb/2775511","2537556 (v1.0)","When you use a GPO for application deployment in Windows 7 or in Windows Server 2008 R2, the deployment fails","http://support.microsoft.com/kb/2537556","rEX","16-04Rollup"
"dot3svc.dll","Net_IEEE802.1x","6.1.7601.22137","1","13.08.2014","LDR","2775511 (v1.0)","An enterprise hotfix rollup is available for Windows 7 SP1 and Windows Server 2008 R2 SP1","http://support.microsoft.com/kb/2775511","2736878 (v1.0)","802.1X authentication fails after you connect a computer to a network in Windows 7 SP1 or Windows Server 2008 R2 SP1","http://support.microsoft.com/kb/2736878","rEX","16-04Rollup"
"rdpshell.exe","RDS_remote_App","6.1.7601.22137","0","13.08.2014","LDR","2775511 (v1.0)","An enterprise hotfix rollup is available for Windows 7 SP1 and Windows Server 2008 R2 SP1","http://support.microsoft.com/kb/2775511","2727101 (v1.0)","RemoteApp server starts a duplicate instance of a 32-bit RemoteApp application on a computer that is running Windows Server 2008 R2","http://support.microsoft.com/kb/2727101","rEX","16-04Rollup"
"unires.dll","Print_Driver","0.3.9600.17246","1","17.05.2016","LDR","3125574","Convenience roll-up update for Windows 7 SP1 and Windows Server 2008 R2 SP1","http://support.microsoft.com/kb/3125574","No LDR Only available","No LDR Only available","No LDR Only available","rEX","16-04Rollup"
"mxdwdrv.dll","Print_Driver","0.3.9600.18790","1","17.05.2016","LDR","3125574","Convenience roll-up update for Windows 7 SP1 and Windows Server 2008 R2 SP1","http://support.microsoft.com/kb/3125574","No LDR Only available","No LDR Only available","No LDR Only available","rEX","16-04Rollup"
"pcl4res.dll","Print_Driver","0.3.5479.0","1","17.05.2016","LDR","3125574","Convenience roll-up update for Windows 7 SP1 and Windows Server 2008 R2 SP1","http://support.microsoft.com/kb/3125574","No LDR Only available","No LDR Only available","No LDR Only available","rEX","16-04Rollup"
"xpssvcs.dll","Print_Driver","6.3.9600.16384","1","17.05.2016","LDR","3125574","Convenience roll-up update for Windows 7 SP1 and Windows Server 2008 R2 SP1","http://support.microsoft.com/kb/3125574","No LDR Only available","No LDR Only available","No LDR Only available","rEX","16-04Rollup"
"storport.sys","Core_DiskSystem","6.1.7601.23172","0","14.08.2015","LDRGDR","3087873 (v2.0)","""0x0000007E"" Stop error after you install hotfix 2990941 in Windows 7 SP1 or Windows Server 2008 R2 SP1","http://support.microsoft.com/kb/3087873","2769701 (v1.0)","Slow disk write performance when you use a back-end SAN on a computer that is running Windows Server 2008 R2","http://support.microsoft.com/kb/2769701","rEX","16-04Rollup"
"sessenv.dll","RDS_host","6.1.7601.22443","1","06.09.2013","LDR","2884284 (v1.0)","New certificate is generated whenever you start a Windows 7 SP1 or Windows Server 2008 R2 SP1-based computer that uses NAP 802.1X","http://support.microsoft.com/kb/2884284","2884284 (v1.0)","New certificate is generated whenever you start a Windows 7 SP1 or Windows Server 2008 R2 SP1-based computer that uses NAP 802.1X","http://support.microsoft.com/kb/2884284","rEX","16-04Rollup"
"aaedge.dll","RDS_gateway","6.1.7601.23121","1","09.07.2015","LDRGDR","3075220 (v1.0)","MS15-082: Description of the security update for RDP in Windows: August 11, 2015","http://support.microsoft.com/kb/3075220","2778863 (v1.0)","RD Gateway service crashes on a computer that is running Windows Server 2008 R2","http://support.microsoft.com/kb/2778863","rEX","16-04Rollup"
"webio.dll","Net_BranchCache","6.1.7601.23375","1","09.03.2016","LDR","3140245 (v1.0)","A new registry key enables TLS 1.1 and TLS 1.2 to default secure protocols in WinHTTP in Windows","http://support.microsoft.com/kb/3140245","3140245 (v1.0)","A new registry key enables TLS 1.1 and TLS 1.2 to default secure protocols in WinHTTP in Windows","http://support.microsoft.com/kb/3140245","rEX","16-04Rollup"
"Ntdsutil.exe","Dom_NTDSAI","6.1.7601.21931","1","28.02.2012","LDR","2642658 (v2.0)","You cannot create users, computers, or groups on a domain controller that is running Windows Server 2008 R2","http://support.microsoft.com/kb/2642658","2642658 (v2.0)","You cannot create users, computers, or groups on a domain controller that is running Windows Server 2008 R2","http://support.microsoft.com/kb/2642658","rEX","16-04Rollup"
