"Binary","Component","Version","Prio","Published","Branch","Article","Title","Link","LDROnlyKB","LDROnlyTitle","LDROnlyLink","Comment","RollupInfo"
"Localspl.dll","Print_Spool","6.2.18362.1377","0","09-Feb-21","GDR","4601315 (v1.0)","February 9, 2021-KB4601315 (OS Build 18363.1377)","http://support.microsoft.com/kb/4601315","KB only","KB only","KB only"," ","21-02Rollup"
"Win32spl.dll","Print_Spool","6.2.18362.1316","0","13-Oct-20","GDR","4601315 (v1.0)","February 9, 2021-KB4601315 (OS Build 18363.1377)","http://support.microsoft.com/kb/4601315","KB only","KB only","KB only"," ","21-02Rollup"
"Spoolsv.exe","Print_Spool","6.2.18362.1316","0","08-Dec-20","GDR","4601315 (v1.0)","February 9, 2021-KB4601315 (OS Build 18363.1377)","http://support.microsoft.com/kb/4601315","KB only","KB only","KB only"," ","21-02Rollup"
"Winspool.drv","Print_Spool","6.2.18362.1316","0","7-Mar-20","GDR","4601315 (v1.0)","February 9, 2021-KB4601315 (OS Build 18363.1377)","http://support.microsoft.com/kb/4601315","KB only","KB only","KB only"," ","21-02Rollup"
"Ntprint.exe","Print_App","6.2.18362.1316","0","27-Jan-21","GDR","4601315 (v1.0)","February 9, 2021-KB4601315 (OS Build 18363.1377)","http://support.microsoft.com/kb/4601315","KB only","KB only","KB only"," ","21-02Rollup"
"Printfilterpipelineprxy.dll","Print_App","6.2.18362.1316","0","12-May-20","GDR","4601315 (v1.0)","February 9, 2021-KB4601315 (OS Build 18363.1377)","http://support.microsoft.com/kb/4601315","KB only","KB only","KB only"," ","21-02Rollup"
"Printfilterpipelinesvc.exe","Print_App","6.2.18362.1316","0","12-May-20","GDR","4601315 (v1.0)","February 9, 2021-KB4601315 (OS Build 18363.1377)","http://support.microsoft.com/kb/4601315","KB only","KB only","KB only"," ","21-02Rollup"
"Printbrm.exe","Print_App","6.2.18362.1016","0","11-Aug-20","GDR","4601315 (v1.0)","February 9, 2021-KB4601315 (OS Build 18363.1377)","http://support.microsoft.com/kb/4601315","KB only","KB only","KB only"," ","21-02Rollup"
"splwow64.exe","Print_App","6.2.18362.1316","0","14-Jul-20","GDR","4601315 (v1.0)","February 9, 2021-KB4601315 (OS Build 18363.1377)","http://support.microsoft.com/kb/4601315","KB only","KB only","KB only"," ","21-02Rollup"
"Mxdwdrv.dll","Print_Driver","6.2.18362.145","1","29-May-19","GDR","4601315 (v1.0)","February 9, 2021-KB4601315 (OS Build 18363.1377)","http://support.microsoft.com/kb/4601315","KB only","KB only","KB only"," ","21-02Rollup"
"Pcl4res.dll","Print_Driver","6.2.18362.1","1","22-Jan-20","GDR","4601315 (v1.0)","February 9, 2021-KB4601315 (OS Build 18363.1377)","http://support.microsoft.com/kb/4601315","KB only","KB only","KB only"," ","21-02Rollup"
"Pscript5.dll","Print_Driver","6.2.18362.145","1","29-May-19","GDR","4601315 (v1.0)","February 9, 2021-KB4601315 (OS Build 18363.1377)","http://support.microsoft.com/kb/4601315","KB only","KB only","KB only"," ","21-02Rollup"
"Unidrv.dll","Print_Driver","6.2.18362.1","1","22-Jan-20","GDR","4601315 (v1.0)","February 9, 2021-KB4601315 (OS Build 18363.1377)","http://support.microsoft.com/kb/4601315","KB only","KB only","KB only"," ","21-02Rollup"
"Unires.dll","Print_Driver","6.2.18362.1","1","22-Jan-20","GDR","4601315 (v1.0)","February 9, 2021-KB4601315 (OS Build 18363.1377)","http://support.microsoft.com/kb/4601315","KB only","KB only","KB only"," ","21-02Rollup"
"4601395","Win2016_1903_21-02_SSU_KB"," ","0","09-Feb-2021","GDR","4601395","KB4601395: Servicing stack update for Windows 10, version 1903: February 9, 2021","http://support.microsoft.com/kb/4601395","KB only","KB only","KB Only"," ","No Rollup"
"4601315","Win201619H1_21-02_B_rollup_KB"," ","0","09-Feb-2021","GDR","4601315 (v1.0)","February 9, 2021-KB4601315 (OS Build 18363.1377)","http://support.microsoft.com/kb/4601315","KB only","KB only","KB only"," ","21-02Rollup"
