"Binary","Component","Version","Prio","Published","Branch","Article","Title","Link","LDROnlyKB","LDROnlyTitle","LDROnlyLink","Comment","RollupInfo"
"Localspl.dll","Print_Spool","6.2.15063.2614","0","7-Jan-21","GDR","4601330","February 9, 2021-KB4601330 (OS Build 15063.2642)","http://support.microsoft.com/kb/4601330","No LDR Only available","No LDR Only available","No LDR Only available","rEX","21-02Rollup"
"Win32spl.dll","Print_Spool","6.2.15063.2614","0","7-Jan-21","GDR","4601330","February 9, 2021-KB4601330 (OS Build 15063.2642)","http://support.microsoft.com/kb/4601330","No LDR Only available","No LDR Only available","No LDR Only available","rEX","21-02Rollup"
"Spoolsv.exe","Print_Spool","6.2.15063.2614","0","7-Jan-21","GDR","4601330","February 9, 2021-KB4601330 (OS Build 15063.2642)","http://support.microsoft.com/kb/4601330","No LDR Only available","No LDR Only available","No LDR Only available","rEX","21-02Rollup"
"Printfilterpipelinesvc.exe","Print_App","6.2.15063.2614","0","7-Jan-21","GDR","4601330","February 9, 2021-KB4601330 (OS Build 15063.2642)","http://support.microsoft.com/kb/4601330","No LDR Only available","No LDR Only available","No LDR Only available","rEX","21-02Rollup"
"Printbrm.exe","Print_App","6.2.15063.994","0","2-Mar-18","GDR","4601330","February 9, 2021-KB4601330 (OS Build 15063.2642)","http://support.microsoft.com/kb/4601330","No LDR Only available","No LDR Only available","No LDR Only available","rEX","21-02Rollup"
"splwow64.exe","Print_App","6.2.15063.2614","0","7-Jan-21","GDR","4601330","February 9, 2021-KB4601330 (OS Build 15063.2642)","http://support.microsoft.com/kb/4601330","No LDR Only available","No LDR Only available","No LDR Only available","rEX","21-02Rollup"
"Mxdwdrv.dll","Print_Driver","0.3.15063.2554","1","29-Oct-20","GDR","4601330","February 9, 2021-KB4601330 (OS Build 15063.2642)","http://support.microsoft.com/kb/4601330","No LDR Only available","No LDR Only available","No LDR Only available","rEX","21-02Rollup"
"4565551","Win2016RS2_20_07_SSU_KB"," ","0","14-Jul-2020","GDR","4565551","Servicing stack update for Windows 10, version 1703: July 14, 2020","http://support.microsoft.com/kb/4565551","KB only","KB only","KB Only"," ","No Rollup"
"4601330","Win2016RS2_21-02_B_rollup_KB"," ","0","09-Feb-2021","GDR","4601330 (v1.0)","February 9, 2021-KB4601330 (OS Build 15063.2642)","http://support.microsoft.com/kb/4601330","KB only","KB only","KB only"," ","21-02Rollup"
