"Binary","Component","Version","Prio","Published","Branch","Article","Title","Link","LDROnlyKB","LDROnlyTitle","LDROnlyLink","Comment","RollupInfo"
"srv.sys","Net_SMB_Server","6.2.10240.18158","0","6-Mar-19","GDR","4516070","September 10, 2019-KB4516070 (OS Build 10240.18333)","http://support.microsoft.com/kb/4516070","No LDR Only available","No LDR Only available","No LDR Only available","rEX","19-09Rollup"
"srv2.sys","Net_SMB_Server","6.2.10240.18158","0","6-Mar-19","GDR","4516070","September 10, 2019-KB4516070 (OS Build 10240.18333)","http://support.microsoft.com/kb/4516070","No LDR Only available","No LDR Only available","No LDR Only available","rEX","19-09Rollup"
"srvnet.sys","Net_SMB_Server","6.2.10240.18158","0","6-Mar-19","GDR","4516070","September 10, 2019-KB4516070 (OS Build 10240.18333)","http://support.microsoft.com/kb/4516070","No LDR Only available","No LDR Only available","No LDR Only available","rEX","19-09Rollup"
"Srvsvc.dll","Net_SMB_Server","6.2.10240.17738","0","1-Jan-18","GDR","4516070","September 10, 2019-KB4516070 (OS Build 10240.18333)","http://support.microsoft.com/kb/4516070","No LDR Only available","No LDR Only available","No LDR Only available","rEX","19-09Rollup"
"Mrxsmb.sys","Net_SMB_Client","6.2.10240.18333","0","29-Aug-19","GDR","4516070","September 10, 2019-KB4516070 (OS Build 10240.18333)","http://support.microsoft.com/kb/4516070","No LDR Only available","No LDR Only available","No LDR Only available","rEX","19-09Rollup"
"Mrxsmb10.sys","Net_SMB_Client","6.2.10240.18158","0","6-Mar-19","GDR","4516070","September 10, 2019-KB4516070 (OS Build 10240.18333)","http://support.microsoft.com/kb/4516070","No LDR Only available","No LDR Only available","No LDR Only available","rEX","19-09Rollup"
"Mrxsmb20.sys","Net_SMB_Client","6.2.10240.17643","0","19-Sep-17","GDR","4516070","September 10, 2019-KB4516070 (OS Build 10240.18333)","http://support.microsoft.com/kb/4516070","No LDR Only available","No LDR Only available","No LDR Only available","rEX","19-09Rollup"
"Netbt.sys","Net_SMB_Client","6.2.10240.18186","0","2-Apr-19","GDR","4516070","September 10, 2019-KB4516070 (OS Build 10240.18333)","http://support.microsoft.com/kb/4516070","No LDR Only available","No LDR Only available","No LDR Only available","rEX","19-09Rollup"
"wkssvc.dll","Net_SMB_Client","6.2.10240.17738","0","1-Jan-18","GDR","4516070","September 10, 2019-KB4516070 (OS Build 10240.18333)","http://support.microsoft.com/kb/4516070","No LDR Only available","No LDR Only available","No LDR Only available","rEX","19-09Rollup"
"Tcpip.sys","Net_Protocol","6.2.10240.18303","0","30-Jul-19","GDR","4516070","September 10, 2019-KB4516070 (OS Build 10240.18333)","http://support.microsoft.com/kb/4516070","No LDR Only available","No LDR Only available","No LDR Only available","rEX","19-09Rollup"
"Afd.sys","Net_Protocol","6.2.10240.16590","0","5-Nov-15","GDR","4516070","September 10, 2019-KB4516070 (OS Build 10240.18333)","http://support.microsoft.com/kb/4516070","No LDR Only available","No LDR Only available","No LDR Only available","rEX","19-09Rollup"
"Netio.sys","Net_Protocol","6.2.10240.17488","0","6-Jul-17","GDR","4516070","September 10, 2019-KB4516070 (OS Build 10240.18333)","http://support.microsoft.com/kb/4516070","No LDR Only available","No LDR Only available","No LDR Only available","rEX","19-09Rollup"
"Ndis.sys","Net_Protocol","6.2.10240.18036","0","25-Oct-18","GDR","4516070","September 10, 2019-KB4516070 (OS Build 10240.18333)","http://support.microsoft.com/kb/4516070","No LDR Only available","No LDR Only available","No LDR Only available","rEX","19-09Rollup"
"Tdx.sys","Net_Protocol","6.2.10240.17533","0","2-Aug-17","GDR","4516070","September 10, 2019-KB4516070 (OS Build 10240.18333)","http://support.microsoft.com/kb/4516070","No LDR Only available","No LDR Only available","No LDR Only available","rEX","19-09Rollup"
"Tunnel.sys","Net_IPv6","6.2.10240.16412","1","30-Jul-15","GDR","4516070","September 10, 2019-KB4516070 (OS Build 10240.18333)","http://support.microsoft.com/kb/4516070","No LDR Only available","No LDR Only available","No LDR Only available","rEX","19-09Rollup"
"Dhcpcore6.dll","Net_IPv6","6.2.10240.17889","1","30-May-18","GDR","4516070","September 10, 2019-KB4516070 (OS Build 10240.18333)","http://support.microsoft.com/kb/4516070","No LDR Only available","No LDR Only available","No LDR Only available","rEX","19-09Rollup"
"Dhcpcsvc6.dll","Net_IPv6","6.2.10240.17738","1","1-Jan-18","GDR","4516070","September 10, 2019-KB4516070 (OS Build 10240.18333)","http://support.microsoft.com/kb/4516070","No LDR Only available","No LDR Only available","No LDR Only available","rEX","19-09Rollup"
"Nlasvc.dll","Net_NLA","6.2.10240.18303","0","30-Jul-19","GDR","4516070","September 10, 2019-KB4516070 (OS Build 10240.18333)","http://support.microsoft.com/kb/4516070","No LDR Only available","No LDR Only available","No LDR Only available","rEX","19-09Rollup"
"Ncsi.dll","Net_NLA","6.2.10240.17738","0","2-Jan-18","GDR","4516070","September 10, 2019-KB4516070 (OS Build 10240.18333)","http://support.microsoft.com/kb/4516070","No LDR Only available","No LDR Only available","No LDR Only available","rEX","19-09Rollup"
"Nlaapi.dll","Net_NLA","6.2.10240.17738","0","2-Jan-18","GDR","4516070","September 10, 2019-KB4516070 (OS Build 10240.18333)","http://support.microsoft.com/kb/4516070","No LDR Only available","No LDR Only available","No LDR Only available","rEX","19-09Rollup"
"rpcxdr.sys","Net_NFS_Srv","6.2.10240.18244","0","31-May-19","GDR","4516070","September 10, 2019-KB4516070 (OS Build 10240.18333)","http://support.microsoft.com/kb/4516070","No LDR Only available","No LDR Only available","No LDR Only available","rEX","19-09Rollup"
"Csc.sys","Net_CSC_Offline","6.2.10240.17946","1","7-Aug-18","GDR","4516070","September 10, 2019-KB4516070 (OS Build 10240.18333)","http://support.microsoft.com/kb/4516070","No LDR Only available","No LDR Only available","No LDR Only available","rEX","19-09Rollup"
"Cscsvc.dll","Net_CSC_Offline","6.2.10240.18158","1","6-Mar-19","GDR","4516070","September 10, 2019-KB4516070 (OS Build 10240.18333)","http://support.microsoft.com/kb/4516070","No LDR Only available","No LDR Only available","No LDR Only available","rEX","19-09Rollup"
"Cscmig.dll","Net_CSC_Offline","6.2.10240.17946","1","7-Aug-18","GDR","4516070","September 10, 2019-KB4516070 (OS Build 10240.18333)","http://support.microsoft.com/kb/4516070","No LDR Only available","No LDR Only available","No LDR Only available","rEX","19-09Rollup"
"Mrxdav.sys","Net_WebDAV","6.2.10240.17146","1","30-Sep-16","GDR","4516070","September 10, 2019-KB4516070 (OS Build 10240.18333)","http://support.microsoft.com/kb/4516070","No LDR Only available","No LDR Only available","No LDR Only available","rEX","19-09Rollup"
"Shell32.dll","Net_WebDAV","6.2.10240.18333","1","29-Aug-19","GDR","4516070","September 10, 2019-KB4516070 (OS Build 10240.18333)","http://support.microsoft.com/kb/4516070","No LDR Only available","No LDR Only available","No LDR Only available","rEX","19-09Rollup"
"Winhttp.dll","Net_WebDAV","6.2.10240.18132","1","6-Feb-19","GDR","4516070","September 10, 2019-KB4516070 (OS Build 10240.18333)","http://support.microsoft.com/kb/4516070","No LDR Only available","No LDR Only available","No LDR Only available","rEX","19-09Rollup"
"Dfsc.sys","Net_DFS-N_Client","6.2.10240.18132","0","6-Feb-19","GDR","4516070","September 10, 2019-KB4516070 (OS Build 10240.18333)","http://support.microsoft.com/kb/4516070","No LDR Only available","No LDR Only available","No LDR Only available","rEX","19-09Rollup"
"Dhcpcore.dll","Net_DHCP_Client","6.2.10240.18303","1","30-Jul-19","GDR","4516070","September 10, 2019-KB4516070 (OS Build 10240.18333)","http://support.microsoft.com/kb/4516070","No LDR Only available","No LDR Only available","No LDR Only available","rEX","19-09Rollup"
"Dhcpcsvc.dll","Net_DHCP_Client","6.2.10240.17738","1","1-Jan-18","GDR","4516070","September 10, 2019-KB4516070 (OS Build 10240.18333)","http://support.microsoft.com/kb/4516070","No LDR Only available","No LDR Only available","No LDR Only available","rEX","19-09Rollup"
"Nfsnp.dll","Net_NFS_Client","6.2.10240.16384","1","10-Jul-15","GDR","4516070","September 10, 2019-KB4516070 (OS Build 10240.18333)","http://support.microsoft.com/kb/4516070","No LDR Only available","No LDR Only available","No LDR Only available","rEX","19-09Rollup"
"Nfsrdr.sys","Net_NFS_Client","6.2.10240.16384","1","10-Jul-15","GDR","4516070","September 10, 2019-KB4516070 (OS Build 10240.18333)","http://support.microsoft.com/kb/4516070","No LDR Only available","No LDR Only available","No LDR Only available","rEX","19-09Rollup"
"dnsapi.dll","Net_DNS_Client","6.2.10240.17914","1","28-Jun-18","GDR","4516070","September 10, 2019-KB4516070 (OS Build 10240.18333)","http://support.microsoft.com/kb/4516070","No LDR Only available","No LDR Only available","No LDR Only available","rEX","19-09Rollup"
"dnsrslvr.dll","Net_DNS_Client","6.2.10240.17914","1","28-Jun-18","GDR","4516070","September 10, 2019-KB4516070 (OS Build 10240.18333)","http://support.microsoft.com/kb/4516070","No LDR Only available","No LDR Only available","No LDR Only available","rEX","19-09Rollup"
"Rpcss.dll","Net_RPC","6.2.10240.18303","1","30-Jul-19","GDR","4516070","September 10, 2019-KB4516070 (OS Build 10240.18333)","http://support.microsoft.com/kb/4516070","No LDR Only available","No LDR Only available","No LDR Only available","rEX","19-09Rollup"
"Rpchttp.dll","Net_RPC","6.2.10240.17643","1","19-Sep-17","GDR","4516070","September 10, 2019-KB4516070 (OS Build 10240.18333)","http://support.microsoft.com/kb/4516070","No LDR Only available","No LDR Only available","No LDR Only available","rEX","19-09Rollup"
"Rpcrt4.dll","Net_RPC","6.2.10240.18158","1","6-Mar-19","GDR","4516070","September 10, 2019-KB4516070 (OS Build 10240.18333)","http://support.microsoft.com/kb/4516070","No LDR Only available","No LDR Only available","No LDR Only available","rEX","19-09Rollup"
"Bfe.dll","Net_Ipsec_BFE","6.2.10240.17738","1","1-Jan-18","GDR","4516070","September 10, 2019-KB4516070 (OS Build 10240.18333)","http://support.microsoft.com/kb/4516070","No LDR Only available","No LDR Only available","No LDR Only available","rEX","19-09Rollup"
"Ikeext.dll","Net_Ipsec_BFE","6.2.10240.18333","1","29-Aug-19","GDR","4516070","September 10, 2019-KB4516070 (OS Build 10240.18333)","http://support.microsoft.com/kb/4516070","No LDR Only available","No LDR Only available","No LDR Only available","rEX","19-09Rollup"
"Fwpuclnt.dll","Net_Ipsec_BFE","6.2.10240.17738","1","1-Jan-18","GDR","4516070","September 10, 2019-KB4516070 (OS Build 10240.18333)","http://support.microsoft.com/kb/4516070","No LDR Only available","No LDR Only available","No LDR Only available","rEX","19-09Rollup"
"Iphlpsvc.dll","Net_DirectAccess_Client","6.2.10240.17738","1","2-Jan-18","GDR","4516070","September 10, 2019-KB4516070 (OS Build 10240.18333)","http://support.microsoft.com/kb/4516070","No LDR Only available","No LDR Only available","No LDR Only available","rEX","19-09Rollup"
"Iphlpsvcmigplugin.dll","Net_DirectAccess_Client","6.2.10240.17738","1","2-Jan-18","GDR","4516070","September 10, 2019-KB4516070 (OS Build 10240.18333)","http://support.microsoft.com/kb/4516070","No LDR Only available","No LDR Only available","No LDR Only available","rEX","19-09Rollup"
"Daotpcredentialprovider.dll","Net_DirectAccess_Client","6.2.10240.17394","1","28-Apr-17","GDR","4516070","September 10, 2019-KB4516070 (OS Build 10240.18333)","http://support.microsoft.com/kb/4516070","No LDR Only available","No LDR Only available","No LDR Only available","rEX","19-09Rollup"
"Rdpcore.dll","Net_DirectAccess_Client","6.2.10240.18303","1","30-Jul-19","GDR","4516070","September 10, 2019-KB4516070 (OS Build 10240.18333)","http://support.microsoft.com/kb/4516070","No LDR Only available","No LDR Only available","No LDR Only available","rEX","19-09Rollup"
"dot3svc.dll","Net_IEEE802.1x","6.2.10240.17738","1","2-Jan-18","GDR","4516070","September 10, 2019-KB4516070 (OS Build 10240.18333)","http://support.microsoft.com/kb/4516070","No LDR Only available","No LDR Only available","No LDR Only available","rEX","19-09Rollup"
"wlansvc.dll","Net_WLAN_Client","6.2.10240.18275","1","4-Jul-19","GDR","4516070","September 10, 2019-KB4516070 (OS Build 10240.18333)","http://support.microsoft.com/kb/4516070","No LDR Only available","No LDR Only available","No LDR Only available","rEX","19-09Rollup"
"wlanmsm.dll","Net_WLAN_Client","6.2.10240.17738","1","2-Jan-18","GDR","4516070","September 10, 2019-KB4516070 (OS Build 10240.18333)","http://support.microsoft.com/kb/4516070","No LDR Only available","No LDR Only available","No LDR Only available","rEX","19-09Rollup"
"wlanapi.dll","Net_WLAN_Client","6.2.10240.18275","1","4-Jul-19","GDR","4516070","September 10, 2019-KB4516070 (OS Build 10240.18333)","http://support.microsoft.com/kb/4516070","No LDR Only available","No LDR Only available","No LDR Only available","rEX","19-09Rollup"
"wlansec.dll","Net_WLAN_Client","6.2.10240.17643","1","19-Sep-17","GDR","4516070","September 10, 2019-KB4516070 (OS Build 10240.18333)","http://support.microsoft.com/kb/4516070","No LDR Only available","No LDR Only available","No LDR Only available","rEX","19-09Rollup"
"wlansvcpal.dll","Net_WLAN_Client","6.2.10240.16384","1","10-Jul-15","GDR","4516070","September 10, 2019-KB4516070 (OS Build 10240.18333)","http://support.microsoft.com/kb/4516070","No LDR Only available","No LDR Only available","No LDR Only available","rEX","19-09Rollup"
"wlanhlp.dll","Net_WLAN_Client","6.2.10240.16384","1","10-Jul-15","GDR","4516070","September 10, 2019-KB4516070 (OS Build 10240.18333)","http://support.microsoft.com/kb/4516070","No LDR Only available","No LDR Only available","No LDR Only available","rEX","19-09Rollup"
"Netcfgx.dll","Net_Config","6.2.10240.17184","1","25-Oct-16","GDR","4516070","September 10, 2019-KB4516070 (OS Build 10240.18333)","http://support.microsoft.com/kb/4516070","No LDR Only available","No LDR Only available","No LDR Only available","rEX","19-09Rollup"
"WorkFolders.exe","Net_WorkFolders","6.2.10240.16384","1","10-Jul-15","GDR","4516070","September 10, 2019-KB4516070 (OS Build 10240.18333)","http://support.microsoft.com/kb/4516070","No LDR Only available","No LDR Only available","No LDR Only available","rEX","19-09Rollup"
"WorkFoldersshell.dll","Net_WorkFolders","6.2.10240.18036","1","25-Oct-18","GDR","4516070","September 10, 2019-KB4516070 (OS Build 10240.18333)","http://support.microsoft.com/kb/4516070","No LDR Only available","No LDR Only available","No LDR Only available","rEX","19-09Rollup"
"WorkFolderssvc.dll","Net_WorkFolders","6.2.10240.18036","1","25-Oct-18","GDR","4516070","September 10, 2019-KB4516070 (OS Build 10240.18333)","http://support.microsoft.com/kb/4516070","No LDR Only available","No LDR Only available","No LDR Only available","rEX","19-09Rollup"
"WorkFolderscontrol.dll","Net_WorkFolders","6.2.10240.18036","1","25-Oct-18","GDR","4516070","September 10, 2019-KB4516070 (OS Build 10240.18333)","http://support.microsoft.com/kb/4516070","No LDR Only available","No LDR Only available","No LDR Only available","rEX","19-09Rollup"
"WorkFoldersGPExt.dll","Net_WorkFolders","6.2.10240.16384","1","10-Jul-15","GDR","4516070","September 10, 2019-KB4516070 (OS Build 10240.18333)","http://support.microsoft.com/kb/4516070","No LDR Only available","No LDR Only available","No LDR Only available","rEX","19-09Rollup"
"WebIo.dll","Net_BranchCache","6.2.10240.17643","1","19-Sep-17","GDR","4516070","September 10, 2019-KB4516070 (OS Build 10240.18333)","http://support.microsoft.com/kb/4516070","No LDR Only available","No LDR Only available","No LDR Only available","rEX","19-09Rollup"
"Pacer.sys","Net_QoS","6.2.10240.17738","1","2-Jan-18","GDR","4516070","September 10, 2019-KB4516070 (OS Build 10240.18333)","http://support.microsoft.com/kb/4516070","No LDR Only available","No LDR Only available","No LDR Only available","rEX","19-09Rollup"
"Mpsdrv.sys","Net_Firewall","6.2.10240.17976","1","5-Sep-18","GDR","4516070","September 10, 2019-KB4516070 (OS Build 10240.18333)","http://support.microsoft.com/kb/4516070","No LDR Only available","No LDR Only available","No LDR Only available","rEX","19-09Rollup"
"MpsSvc.dll","Net_Firewall","6.2.10240.18275","1","4-Jul-19","GDR","4516070","September 10, 2019-KB4516070 (OS Build 10240.18333)","http://support.microsoft.com/kb/4516070","No LDR Only available","No LDR Only available","No LDR Only available","rEX","19-09Rollup"
"qmgr.dll","Net_BiTS","7.8.10240.18036","1","25-Oct-18","GDR","4516070","September 10, 2019-KB4516070 (OS Build 10240.18333)","http://support.microsoft.com/kb/4516070","No LDR Only available","No LDR Only available","No LDR Only available","rEX","19-09Rollup"
"Netlogon.dll","Dom_NETLOGON","6.2.10240.18215","0","3-May-19","GDR","4516070","September 10, 2019-KB4516070 (OS Build 10240.18333)","http://support.microsoft.com/kb/4516070","No LDR Only available","No LDR Only available","No LDR Only available","rEX","19-09Rollup"
"LogonCli.dll","Dom_NETLOGON","6.2.10240.17738","0","2-Jan-18","GDR","4516070","September 10, 2019-KB4516070 (OS Build 10240.18333)","http://support.microsoft.com/kb/4516070","No LDR Only available","No LDR Only available","No LDR Only available","rEX","19-09Rollup"
"Winlogon.exe","Dom_WINLOGON","6.2.10240.18333","0","29-Aug-19","GDR","4516070","September 10, 2019-KB4516070 (OS Build 10240.18333)","http://support.microsoft.com/kb/4516070","No LDR Only available","No LDR Only available","No LDR Only available","rEX","19-09Rollup"
"Kerberos.dll","Dom_KERBEROS","6.2.10240.18244","0","31-May-19","GDR","4516070","September 10, 2019-KB4516070 (OS Build 10240.18333)","http://support.microsoft.com/kb/4516070","No LDR Only available","No LDR Only available","No LDR Only available","rEX","19-09Rollup"
"Msv1_0.dll","Dom_NTLM","6.2.10240.18244","1","31-May-19","GDR","4516070","September 10, 2019-KB4516070 (OS Build 10240.18333)","http://support.microsoft.com/kb/4516070","No LDR Only available","No LDR Only available","No LDR Only available","rEX","19-09Rollup"
"Wldap32.dll","Dom_LDAPClient","6.2.10240.17488","0","6-Jul-17","GDR","4516070","September 10, 2019-KB4516070 (OS Build 10240.18333)","http://support.microsoft.com/kb/4516070","No LDR Only available","No LDR Only available","No LDR Only available","rEX","19-09Rollup"
"Lsass.exe","Dom_LSA","6.2.10240.17643","0","19-Sep-17","GDR","4516070","September 10, 2019-KB4516070 (OS Build 10240.18333)","http://support.microsoft.com/kb/4516070","No LDR Only available","No LDR Only available","No LDR Only available","rEX","19-09Rollup"
"Lsasrv.dll","Dom_LSA","6.2.10240.18244","0","31-May-19","GDR","4516070","September 10, 2019-KB4516070 (OS Build 10240.18333)","http://support.microsoft.com/kb/4516070","No LDR Only available","No LDR Only available","No LDR Only available","rEX","19-09Rollup"
"Ksecdd.sys","Dom_LSA","6.2.10240.17946","0","7-Aug-18","GDR","4516070","September 10, 2019-KB4516070 (OS Build 10240.18333)","http://support.microsoft.com/kb/4516070","No LDR Only available","No LDR Only available","No LDR Only available","rEX","19-09Rollup"
"Ksecpkg.sys","Dom_LSA","6.2.10240.18215","0","3-May-19","GDR","4516070","September 10, 2019-KB4516070 (OS Build 10240.18333)","http://support.microsoft.com/kb/4516070","No LDR Only available","No LDR Only available","No LDR Only available","rEX","19-09Rollup"
"Sspicli.dll","Dom_LSA","6.2.10240.17643","0","19-Sep-17","GDR","4516070","September 10, 2019-KB4516070 (OS Build 10240.18333)","http://support.microsoft.com/kb/4516070","No LDR Only available","No LDR Only available","No LDR Only available","rEX","19-09Rollup"
"Sspisrv.dll","Dom_LSA","6.2.10240.17643","0","19-Sep-17","GDR","4516070","September 10, 2019-KB4516070 (OS Build 10240.18333)","http://support.microsoft.com/kb/4516070","No LDR Only available","No LDR Only available","No LDR Only available","rEX","19-09Rollup"
"Schannel.dll","Dom_LSA","6.2.10240.18333","0","29-Aug-19","GDR","4516070","September 10, 2019-KB4516070 (OS Build 10240.18333)","http://support.microsoft.com/kb/4516070","No LDR Only available","No LDR Only available","No LDR Only available","rEX","19-09Rollup"
"Scesrv.dll","Dom_SecAuditAndConfig","6.2.10240.17770","1","10-Feb-18","GDR","4516070","September 10, 2019-KB4516070 (OS Build 10240.18333)","http://support.microsoft.com/kb/4516070","No LDR Only available","No LDR Only available","No LDR Only available","rEX","19-09Rollup"
"AclUI.dll","Dom_SecAuditAndConfig","6.2.10240.18036","1","25-Oct-18","GDR","4516070","September 10, 2019-KB4516070 (OS Build 10240.18333)","http://support.microsoft.com/kb/4516070","No LDR Only available","No LDR Only available","No LDR Only available","rEX","19-09Rollup"
"Winscard.dll","Dom_SC_Provider","6.2.10240.18036","1","25-Oct-18","GDR","4516070","September 10, 2019-KB4516070 (OS Build 10240.18333)","http://support.microsoft.com/kb/4516070","No LDR Only available","No LDR Only available","No LDR Only available","rEX","19-09Rollup"
"Basecsp.dll","Dom_SC_Provider","6.2.10240.17831","1","24-Mar-18","GDR","4516070","September 10, 2019-KB4516070 (OS Build 10240.18333)","http://support.microsoft.com/kb/4516070","No LDR Only available","No LDR Only available","No LDR Only available","rEX","19-09Rollup"
"Scksp.dll","Dom_SC_Provider","6.2.10240.17831","1","24-Mar-18","GDR","4516070","September 10, 2019-KB4516070 (OS Build 10240.18333)","http://support.microsoft.com/kb/4516070","No LDR Only available","No LDR Only available","No LDR Only available","rEX","19-09Rollup"
"ScardSvr.dll","Dom_SC_Srv","6.2.10240.17738","1","1-Jan-18","GDR","4516070","September 10, 2019-KB4516070 (OS Build 10240.18333)","http://support.microsoft.com/kb/4516070","No LDR Only available","No LDR Only available","No LDR Only available","rEX","19-09Rollup"
"Scfilter.sys","Dom_SC_Srv","6.2.10240.18333","1","29-Aug-19","GDR","4516070","September 10, 2019-KB4516070 (OS Build 10240.18333)","http://support.microsoft.com/kb/4516070","No LDR Only available","No LDR Only available","No LDR Only available","rEX","19-09Rollup"
"Certprop.dll","Dom_SC_Srv","6.2.10240.17831","1","24-Mar-18","GDR","4516070","September 10, 2019-KB4516070 (OS Build 10240.18333)","http://support.microsoft.com/kb/4516070","No LDR Only available","No LDR Only available","No LDR Only available","rEX","19-09Rollup"
"Crypt32.dll","Dom_CRYPTO","6.2.10240.17394","1","28-Apr-17","GDR","4516070","September 10, 2019-KB4516070 (OS Build 10240.18333)","http://support.microsoft.com/kb/4516070","No LDR Only available","No LDR Only available","No LDR Only available","rEX","19-09Rollup"
"Cryptsvc.dll","Dom_CRYPTO","6.2.10240.16942","1","28-May-16","GDR","4516070","September 10, 2019-KB4516070 (OS Build 10240.18333)","http://support.microsoft.com/kb/4516070","No LDR Only available","No LDR Only available","No LDR Only available","rEX","19-09Rollup"
"Wintrust.dll","Dom_CRYPTO","6.2.10240.17861","1","28-Apr-18","GDR","4516070","September 10, 2019-KB4516070 (OS Build 10240.18333)","http://support.microsoft.com/kb/4516070","No LDR Only available","No LDR Only available","No LDR Only available","rEX","19-09Rollup"
"Cryptdll.dll","Dom_CRYPTO","6.2.10240.18215","1","3-May-19","GDR","4516070","September 10, 2019-KB4516070 (OS Build 10240.18333)","http://support.microsoft.com/kb/4516070","No LDR Only available","No LDR Only available","No LDR Only available","rEX","19-09Rollup"
"Gpapi.dll","Dom_GPSVC","6.2.10240.16942","1","28-May-16","GDR","4516070","September 10, 2019-KB4516070 (OS Build 10240.18333)","http://support.microsoft.com/kb/4516070","No LDR Only available","No LDR Only available","No LDR Only available","rEX","19-09Rollup"
"Gpsvc.dll","Dom_GPSVC","6.2.10240.16942","1","28-May-16","GDR","4516070","September 10, 2019-KB4516070 (OS Build 10240.18333)","http://support.microsoft.com/kb/4516070","No LDR Only available","No LDR Only available","No LDR Only available","rEX","19-09Rollup"
"Userenv.dll","Dom_GPSVC","6.2.10240.18244","1","31-May-19","GDR","4516070","September 10, 2019-KB4516070 (OS Build 10240.18333)","http://support.microsoft.com/kb/4516070","No LDR Only available","No LDR Only available","No LDR Only available","rEX","19-09Rollup"
"Gpprefcl.dll","Dom_GPP","6.2.10240.18036","1","25-Oct-18","GDR","4516070","September 10, 2019-KB4516070 (OS Build 10240.18333)","http://support.microsoft.com/kb/4516070","No LDR Only available","No LDR Only available","No LDR Only available","rEX","19-09Rollup"
"Profsvc.dll","Dom_ProfProc","6.2.10240.16766","1","16-Mar-16","GDR","4516070","September 10, 2019-KB4516070 (OS Build 10240.18333)","http://support.microsoft.com/kb/4516070","No LDR Only available","No LDR Only available","No LDR Only available","rEX","19-09Rollup"
"Esent.dll","Dom_ESENT","6.2.10240.16590","0","5-Nov-15","GDR","4516070","September 10, 2019-KB4516070 (OS Build 10240.18333)","http://support.microsoft.com/kb/4516070","No LDR Only available","No LDR Only available","No LDR Only available","rEX","19-09Rollup"
"Ntdsai.dll","Dom_NTDSAI","6.2.10240.17609","0","5-Sep-17","GDR","4516070","September 10, 2019-KB4516070 (OS Build 10240.18333)","http://support.microsoft.com/kb/4516070","No LDR Only available","No LDR Only available","No LDR Only available","rEX","19-09Rollup"
"Samsrv.dll","Dom_SAMSRV","6.2.10240.17319","0","4-Mar-17","GDR","4516070","September 10, 2019-KB4516070 (OS Build 10240.18333)","http://support.microsoft.com/kb/4516070","No LDR Only available","No LDR Only available","No LDR Only available","rEX","19-09Rollup"
"Samlib.dll","Dom_SAMSRV","6.2.10240.17319","0","4-Mar-17","GDR","4516070","September 10, 2019-KB4516070 (OS Build 10240.18333)","http://support.microsoft.com/kb/4516070","No LDR Only available","No LDR Only available","No LDR Only available","rEX","19-09Rollup"
"Vhdmp.sys","Cluster_CSV","6.2.10240.18244","0","31-May-19","GDR","4516070","September 10, 2019-KB4516070 (OS Build 10240.18333)","http://support.microsoft.com/kb/4516070","No LDR Only available","No LDR Only available","No LDR Only available","rEX","19-09Rollup"
"Ntoskrnl.exe","Core_Kernel","6.2.10240.18333","0","29-Aug-19","GDR","4516070","September 10, 2019-KB4516070 (OS Build 10240.18333)","http://support.microsoft.com/kb/4516070","No LDR Only available","No LDR Only available","No LDR Only available","rEX","19-09Rollup"
"Ntdll.dll","Core_Kernel","6.2.10240.18036","0","25-Oct-18","GDR","4516070","September 10, 2019-KB4516070 (OS Build 10240.18333)","http://support.microsoft.com/kb/4516070","No LDR Only available","No LDR Only available","No LDR Only available","rEX","19-09Rollup"
"Hal.dll","Core_Kernel","6.2.10240.18215","0","3-May-19","GDR","4516070","September 10, 2019-KB4516070 (OS Build 10240.18333)","http://support.microsoft.com/kb/4516070","No LDR Only available","No LDR Only available","No LDR Only available","rEX","19-09Rollup"
"win32k.sys","Core_Kernel","6.2.10240.16384","0","10-Jul-15","GDR","4516070","September 10, 2019-KB4516070 (OS Build 10240.18333)","http://support.microsoft.com/kb/4516070","No LDR Only available","No LDR Only available","No LDR Only available","rEX","19-09Rollup"
"Ntfs.sys","Core_FileSystem","6.2.10240.18158","0","6-Mar-19","GDR","4516070","September 10, 2019-KB4516070 (OS Build 10240.18333)","http://support.microsoft.com/kb/4516070","No LDR Only available","No LDR Only available","No LDR Only available","rEX","19-09Rollup"
"Storport.sys","Core_DiskSystem","6.2.10240.17738","0","2-Jan-18","GDR","4516070","September 10, 2019-KB4516070 (OS Build 10240.18333)","http://support.microsoft.com/kb/4516070","No LDR Only available","No LDR Only available","No LDR Only available","rEX","19-09Rollup"
"Repdrvfs.dll","Core_WMI","6.2.10240.16384","0","10-Jul-15","GDR","4516070","September 10, 2019-KB4516070 (OS Build 10240.18333)","http://support.microsoft.com/kb/4516070","No LDR Only available","No LDR Only available","No LDR Only available","rEX","19-09Rollup"
"Advapi32.dll","Core_Apps","6.2.10240.17738","0","2-Jan-18","GDR","4516070","September 10, 2019-KB4516070 (OS Build 10240.18333)","http://support.microsoft.com/kb/4516070","No LDR Only available","No LDR Only available","No LDR Only available","rEX","19-09Rollup"
"Vssapi.dll","Core_VSS","6.2.10240.17113","1","7-Sep-16","GDR","4516070","September 10, 2019-KB4516070 (OS Build 10240.18333)","http://support.microsoft.com/kb/4516070","No LDR Only available","No LDR Only available","No LDR Only available","rEX","19-09Rollup"
"Vsstrace.dll","Core_VSS","6.2.10240.17113","1","7-Sep-16","GDR","4516070","September 10, 2019-KB4516070 (OS Build 10240.18333)","http://support.microsoft.com/kb/4516070","No LDR Only available","No LDR Only available","No LDR Only available","rEX","19-09Rollup"
"wbengine.exe","Core_VSS","6.2.10240.18036","1","25-Oct-18","GDR","4516070","September 10, 2019-KB4516070 (OS Build 10240.18333)","http://support.microsoft.com/kb/4516070","No LDR Only available","No LDR Only available","No LDR Only available","rEX","19-09Rollup"
"pci.sys","Core_Sys","6.2.10240.16942","1","28-May-16","GDR","4516070","September 10, 2019-KB4516070 (OS Build 10240.18333)","http://support.microsoft.com/kb/4516070","No LDR Only available","No LDR Only available","No LDR Only available","rEX","19-09Rollup"
"Tzres.dll","Core_TimeZone","6.2.10240.18303","1","30-Jul-19","GDR","4516070","September 10, 2019-KB4516070 (OS Build 10240.18333)","http://support.microsoft.com/kb/4516070","No LDR Only available","No LDR Only available","No LDR Only available","rEX","19-09Rollup"
"Vmswitch.sys","Hyper-V_Net","6.2.10240.18305","1","7-Aug-19","GDR","4516070","September 10, 2019-KB4516070 (OS Build 10240.18333)","http://support.microsoft.com/kb/4516070","No LDR Only available","No LDR Only available","No LDR Only available","rEX","19-09Rollup"
"Wnv.sys","Hyper-V_Net","6.2.10240.18303","1","30-Jul-19","GDR","4516070","September 10, 2019-KB4516070 (OS Build 10240.18333)","http://support.microsoft.com/kb/4516070","No LDR Only available","No LDR Only available","No LDR Only available","rEX","19-09Rollup"
"Ndisimplatform.sys","Hyper-V_Net","6.2.10240.16384","1","10-Jul-15","GDR","4516070","September 10, 2019-KB4516070 (OS Build 10240.18333)","http://support.microsoft.com/kb/4516070","No LDR Only available","No LDR Only available","No LDR Only available","rEX","19-09Rollup"
"Vmms.exe","Hyper-V_Net","6.2.10240.18244","1","31-May-19","GDR","4516070","September 10, 2019-KB4516070 (OS Build 10240.18333)","http://support.microsoft.com/kb/4516070","No LDR Only available","No LDR Only available","No LDR Only available","rEX","19-09Rollup"
"Winnat.sys","Hyper-V_Net","6.2.10240.17738","1","2-Jan-18","GDR","4516070","September 10, 2019-KB4516070 (OS Build 10240.18333)","http://support.microsoft.com/kb/4516070","No LDR Only available","No LDR Only available","No LDR Only available","rEX","19-09Rollup"
"pvhdparser.sys","Hyper-V_Net","6.2.10240.17738","1","2-Jan-18","GDR","4516070","September 10, 2019-KB4516070 (OS Build 10240.18333)","http://support.microsoft.com/kb/4516070","No LDR Only available","No LDR Only available","No LDR Only available","rEX","19-09Rollup"
"Vmbus.sys","Hyper-V_Net","6.2.10240.17738","1","2-Jan-18","GDR","4516070","September 10, 2019-KB4516070 (OS Build 10240.18333)","http://support.microsoft.com/kb/4516070","No LDR Only available","No LDR Only available","No LDR Only available","rEX","19-09Rollup"
"Rasapi32.dll","HNV_Net","6.2.10240.18036","1","25-Oct-18","GDR","4516070","September 10, 2019-KB4516070 (OS Build 10240.18333)","http://support.microsoft.com/kb/4516070","No LDR Only available","No LDR Only available","No LDR Only available","rEX","19-09Rollup"
"Mprapi.dll","HNV_Net","6.2.10240.18036","1","25-Oct-18","GDR","4516070","September 10, 2019-KB4516070 (OS Build 10240.18333)","http://support.microsoft.com/kb/4516070","No LDR Only available","No LDR Only available","No LDR Only available","rEX","19-09Rollup"
"Vmwp.exe","Hyper-V_app","6.2.10240.18215","1","3-May-19","GDR","4516070","September 10, 2019-KB4516070 (OS Build 10240.18333)","http://support.microsoft.com/kb/4516070","No LDR Only available","No LDR Only available","No LDR Only available","rEX","19-09Rollup"
"Rdpshell.exe","RDS_remote_App","6.2.10240.18036","0","25-Oct-18","GDR","4516070","September 10, 2019-KB4516070 (OS Build 10240.18333)","http://support.microsoft.com/kb/4516070","No LDR Only available","No LDR Only available","No LDR Only available","rEX","19-09Rollup"
"Rdsdwmdr.dll","RDS_remote_App","6.2.10240.18036","0","25-Oct-18","GDR","4516070","September 10, 2019-KB4516070 (OS Build 10240.18333)","http://support.microsoft.com/kb/4516070","No LDR Only available","No LDR Only available","No LDR Only available","rEX","19-09Rollup"
"Audioeng.dll","RDS_devRdr","6.2.10240.18036","1","25-Oct-18","GDR","4516070","September 10, 2019-KB4516070 (OS Build 10240.18333)","http://support.microsoft.com/kb/4516070","No LDR Only available","No LDR Only available","No LDR Only available","rEX","19-09Rollup"
"Audiokse.dll","RDS_devRdr","6.2.10240.18036","1","25-Oct-18","GDR","4516070","September 10, 2019-KB4516070 (OS Build 10240.18333)","http://support.microsoft.com/kb/4516070","No LDR Only available","No LDR Only available","No LDR Only available","rEX","19-09Rollup"
"Audioses.dll","RDS_devRdr","6.2.10240.18036","1","25-Oct-18","GDR","4516070","September 10, 2019-KB4516070 (OS Build 10240.18333)","http://support.microsoft.com/kb/4516070","No LDR Only available","No LDR Only available","No LDR Only available","rEX","19-09Rollup"
"Audiosrv.dll","RDS_devRdr","6.2.10240.18275","1","4-Jul-19","GDR","4516070","September 10, 2019-KB4516070 (OS Build 10240.18333)","http://support.microsoft.com/kb/4516070","No LDR Only available","No LDR Only available","No LDR Only available","rEX","19-09Rollup"
"Vmrdvcore.dll","RDS_vHost","6.2.10240.18036","0","25-Oct-18","GDR","4516070","September 10, 2019-KB4516070 (OS Build 10240.18333)","http://support.microsoft.com/kb/4516070","No LDR Only available","No LDR Only available","No LDR Only available","rEX","19-09Rollup"
"dxgkrnl.sys","RDS_host","6.2.10240.18333","1","29-Aug-19","GDR","4516070","September 10, 2019-KB4516070 (OS Build 10240.18333)","http://support.microsoft.com/kb/4516070","No LDR Only available","No LDR Only available","No LDR Only available","rEX","19-09Rollup"
"sessenv.dll","RDS_host","6.2.10240.17738","1","2-Jan-18","GDR","4516070","September 10, 2019-KB4516070 (OS Build 10240.18333)","http://support.microsoft.com/kb/4516070","No LDR Only available","No LDR Only available","No LDR Only available","rEX","19-09Rollup"
"Localspl.dll","Print_Spool","6.2.10240.18158","0","6-Mar-19","GDR","4516070","September 10, 2019-KB4516070 (OS Build 10240.18333)","http://support.microsoft.com/kb/4516070","No LDR Only available","No LDR Only available","No LDR Only available","rEX","19-09Rollup"
"Win32spl.dll","Print_Spool","6.2.10240.17609","0","5-Sep-17","GDR","4516070","September 10, 2019-KB4516070 (OS Build 10240.18333)","http://support.microsoft.com/kb/4516070","No LDR Only available","No LDR Only available","No LDR Only available","rEX","19-09Rollup"
"Spoolsv.exe","Print_Spool","6.2.10240.17738","0","1-Jan-18","GDR","4516070","September 10, 2019-KB4516070 (OS Build 10240.18333)","http://support.microsoft.com/kb/4516070","No LDR Only available","No LDR Only available","No LDR Only available","rEX","19-09Rollup"
"Ntprint.exe","Print_App","6.2.10240.17609","0","5-Sep-17","GDR","4516070","September 10, 2019-KB4516070 (OS Build 10240.18333)","http://support.microsoft.com/kb/4516070","No LDR Only available","No LDR Only available","No LDR Only available","rEX","19-09Rollup"
"Printfilterpipelineprxy.dll","Print_App","6.2.10240.18036","0","25-Oct-18","GDR","4516070","September 10, 2019-KB4516070 (OS Build 10240.18333)","http://support.microsoft.com/kb/4516070","No LDR Only available","No LDR Only available","No LDR Only available","rEX","19-09Rollup"
"Printfilterpipelinesvc.exe","Print_App","6.2.10240.18036","0","25-Oct-18","GDR","4516070","September 10, 2019-KB4516070 (OS Build 10240.18333)","http://support.microsoft.com/kb/4516070","No LDR Only available","No LDR Only available","No LDR Only available","rEX","19-09Rollup"
"Printbrm.exe","Print_App","6.2.10240.17609","0","5-Sep-17","GDR","4516070","September 10, 2019-KB4516070 (OS Build 10240.18333)","http://support.microsoft.com/kb/4516070","No LDR Only available","No LDR Only available","No LDR Only available","rEX","19-09Rollup"
"splwow64.exe","Print_App","6.2.10240.18275","0","4-Jul-19","GDR","4516070","September 10, 2019-KB4516070 (OS Build 10240.18333)","http://support.microsoft.com/kb/4516070","No LDR Only available","No LDR Only available","No LDR Only available","rEX","19-09Rollup"
"Mxdwdrv.dll","Print_Driver","0.3.10240.18215","1","3-May-19","GDR","4516070","September 10, 2019-KB4516070 (OS Build 10240.18333)","http://support.microsoft.com/kb/4516070","No LDR Only available","No LDR Only available","No LDR Only available","rEX","19-09Rollup"
"Pcl4res.dll","Print_Driver","0.3.5479.0","1","3-May-19","GDR","4516070","September 10, 2019-KB4516070 (OS Build 10240.18333)","http://support.microsoft.com/kb/4516070","No LDR Only available","No LDR Only available","No LDR Only available","rEX","19-09Rollup"
"Pscript5.dll","Print_Driver","0.3.10240.18215","1","3-May-19","GDR","4516070","September 10, 2019-KB4516070 (OS Build 10240.18333)","http://support.microsoft.com/kb/4516070","No LDR Only available","No LDR Only available","No LDR Only available","rEX","19-09Rollup"
"Unidrv.dll","Print_Driver","0.3.10240.18215","1","3-May-19","GDR","4516070","September 10, 2019-KB4516070 (OS Build 10240.18333)","http://support.microsoft.com/kb/4516070","No LDR Only available","No LDR Only available","No LDR Only available","rEX","19-09Rollup"
"Unires.dll","Print_Driver","0.3.10240.18215","1","3-May-19","GDR","4516070","September 10, 2019-KB4516070 (OS Build 10240.18333)","http://support.microsoft.com/kb/4516070","No LDR Only available","No LDR Only available","No LDR Only available","rEX","19-09Rollup"
"Mshtml.dll","IE_Client","11.0.10240.18333","0","29-Aug-19","GDR","4516070","September 10, 2019-KB4516070 (OS Build 10240.18333)","http://support.microsoft.com/kb/4516070","No LDR Only available","No LDR Only available","No LDR Only available","rEX","19-09Rollup"
