"Binary","Component","Version","Prio","Published","Branch","Article","Title","Link","LDROnlyKB","LDROnlyTitle","LDROnlyLink","Comment","RollupInfo"
"Ntoskrnl.exe","Core_Kernel","6.2.16299.1146","0","3-May-19","GDR","4499179","May 14, 2019-KB4499179 (OS Build 16299.1146)","http://support.microsoft.com/kb/4499179","No LDR Only available","No LDR Only available","No LDR Only available","rEX","19-05Rollup"
"win32k.sys","Core_Kernel","6.2.16299.15","0","29-Sep-17","GDR","4499179","May 14, 2019-KB4499179 (OS Build 16299.1146)","http://support.microsoft.com/kb/4499179","No LDR Only available","No LDR Only available","No LDR Only available","rEX","19-05Rollup"
"Rdpshell.exe","RDS_remote_App","6.2.16299.1004","0","17-Feb-19","GDR","4499179","May 14, 2019-KB4499179 (OS Build 16299.1146)","http://support.microsoft.com/kb/4499179","No LDR Only available","No LDR Only available","No LDR Only available","rEX","19-05Rollup"
"Rdsdwmdr.dll","RDS_remote_App","6.2.16299.15","0","29-Sep-17","GDR","4499179","May 14, 2019-KB4499179 (OS Build 16299.1146)","http://support.microsoft.com/kb/4499179","No LDR Only available","No LDR Only available","No LDR Only available","rEX","19-05Rollup"
"Audioeng.dll","RDS_devRdr","6.2.16299.1004","1","17-Feb-19","GDR","4499179","May 14, 2019-KB4499179 (OS Build 16299.1146)","http://support.microsoft.com/kb/4499179","No LDR Only available","No LDR Only available","No LDR Only available","rEX","19-05Rollup"
"Audiokse.dll","RDS_devRdr","6.2.16299.1004","1","17-Feb-19","GDR","4499179","May 14, 2019-KB4499179 (OS Build 16299.1146)","http://support.microsoft.com/kb/4499179","No LDR Only available","No LDR Only available","No LDR Only available","rEX","19-05Rollup"
"Audioses.dll","RDS_devRdr","6.2.16299.1004","1","17-Feb-19","GDR","4499179","May 14, 2019-KB4499179 (OS Build 16299.1146)","http://support.microsoft.com/kb/4499179","No LDR Only available","No LDR Only available","No LDR Only available","rEX","19-05Rollup"
"Audiosrv.dll","RDS_devRdr","6.2.16299.1004","1","17-Feb-19","GDR","4499179","May 14, 2019-KB4499179 (OS Build 16299.1146)","http://support.microsoft.com/kb/4499179","No LDR Only available","No LDR Only available","No LDR Only available","rEX","19-05Rollup"
"Vmrdvcore.dll","RDS_vHost","6.2.16299.371","0","30-Mar-18","GDR","4499179","May 14, 2019-KB4499179 (OS Build 16299.1146)","http://support.microsoft.com/kb/4499179","No LDR Only available","No LDR Only available","No LDR Only available","rEX","19-05Rollup"
"dxgkrnl.sys","RDS_host","6.2.16299.1146","1","3-May-19","GDR","4499179","May 14, 2019-KB4499179 (OS Build 16299.1146)","http://support.microsoft.com/kb/4499179","No LDR Only available","No LDR Only available","No LDR Only available","rEX","19-05Rollup"
"sessenv.dll","RDS_host","6.2.16299.371","1","30-Mar-18","GDR","4499179","May 14, 2019-KB4499179 (OS Build 16299.1146)","http://support.microsoft.com/kb/4499179","No LDR Only available","No LDR Only available","No LDR Only available","rEX","19-05Rollup"
"Profsvc.dll","Dom_ProfProc","6.2.16299.1120","1","6-Apr-19","GDR","4499179","May 14, 2019-KB4499179 (OS Build 16299.1146)","http://support.microsoft.com/kb/4499179","No LDR Only available","No LDR Only available","No LDR Only available","rEX","19-05Rollup"
"4485448","Win2016_19_02_SvcStack_KB"," ","0","12-Feb-2019","GDR","4485448","Servicing stack update for Windows Server 2016 version 1709 and Windows 10 version 1709: February 12, 2019","http://support.microsoft.com/kb/4485448","KB only","KB only","KB Only"," ","No Rollup"
"4499179","Win2016RS3_19-05_B_rollup_KB"," ","0","14-May-2019","GDR","4499179 (v1.0)","May 14, 2019-KB4499179 (OS Build 16299.1146)","http://support.microsoft.com/kb/4499179","KB only","KB only","KB only"," ","19-05Rollup"
