"Binary","Component","Version","Prio","Published","Branch","Article","Title","Link","LDROnlyKB","LDROnlyTitle","LDROnlyLink","Comment","RollupInfo"
"Netlogon.dll","Dom_NETLOGON","6.2.15063.1805","0","3-May-19","GDR","4503279","June 11, 2019-KB4503279 (OS Build 15063.1868)","http://support.microsoft.com/kb/4503279","No LDR Only available","No LDR Only available","No LDR Only available","rEX","19-06Rollup"
"LogonCli.dll","Dom_NETLOGON","6.2.15063.850","0","1-Jan-18","GDR","4503279","June 11, 2019-KB4503279 (OS Build 15063.1868)","http://support.microsoft.com/kb/4503279","No LDR Only available","No LDR Only available","No LDR Only available","rEX","19-06Rollup"
"Winlogon.exe","Dom_WINLOGON","6.2.15063.1206","0","28-Jun-18","GDR","4503279","June 11, 2019-KB4503279 (OS Build 15063.1868)","http://support.microsoft.com/kb/4503279","No LDR Only available","No LDR Only available","No LDR Only available","rEX","19-06Rollup"
"Kerberos.dll","Dom_KERBEROS","6.2.15063.1868","0","7-Jun-19","GDR","4503279","June 11, 2019-KB4503279 (OS Build 15063.1868)","http://support.microsoft.com/kb/4503279","No LDR Only available","No LDR Only available","No LDR Only available","rEX","19-06Rollup"
"Msv1_0.dll","Dom_NTLM","6.2.15063.1868","1","7-Jun-19","GDR","4503279","June 11, 2019-KB4503279 (OS Build 15063.1868)","http://support.microsoft.com/kb/4503279","No LDR Only available","No LDR Only available","No LDR Only available","rEX","19-06Rollup"
"Wldap32.dll","Dom_LDAPClient","6.2.15063.1779","0","6-Apr-19","GDR","4503279","June 11, 2019-KB4503279 (OS Build 15063.1868)","http://support.microsoft.com/kb/4503279","No LDR Only available","No LDR Only available","No LDR Only available","rEX","19-06Rollup"
"Lsass.exe","Dom_LSA","6.2.15063.1418","0","10-Oct-18","GDR","4503279","June 11, 2019-KB4503279 (OS Build 15063.1868)","http://support.microsoft.com/kb/4503279","No LDR Only available","No LDR Only available","No LDR Only available","rEX","19-06Rollup"
"Lsasrv.dll","Dom_LSA","6.2.15063.1868","0","7-Jun-19","GDR","4503279","June 11, 2019-KB4503279 (OS Build 15063.1868)","http://support.microsoft.com/kb/4503279","No LDR Only available","No LDR Only available","No LDR Only available","rEX","19-06Rollup"
"Ksecdd.sys","Dom_LSA","6.2.15063.1418","0","10-Oct-18","GDR","4503279","June 11, 2019-KB4503279 (OS Build 15063.1868)","http://support.microsoft.com/kb/4503279","No LDR Only available","No LDR Only available","No LDR Only available","rEX","19-06Rollup"
"Ksecpkg.sys","Dom_LSA","6.2.15063.1868","0","7-Jun-19","GDR","4503279","June 11, 2019-KB4503279 (OS Build 15063.1868)","http://support.microsoft.com/kb/4503279","No LDR Only available","No LDR Only available","No LDR Only available","rEX","19-06Rollup"
"Secur32.dll","Dom_LSA","6.2.15063.1112","0","26-Apr-18","GDR","4503279","June 11, 2019-KB4503279 (OS Build 15063.1868)","http://support.microsoft.com/kb/4503279","No LDR Only available","No LDR Only available","No LDR Only available","rEX","19-06Rollup"
"Sspicli.dll","Dom_LSA","6.2.15063.1418","0","10-Oct-18","GDR","4503279","June 11, 2019-KB4503279 (OS Build 15063.1868)","http://support.microsoft.com/kb/4503279","No LDR Only available","No LDR Only available","No LDR Only available","rEX","19-06Rollup"
"Sspisrv.dll","Dom_LSA","6.2.15063.1418","0","10-Oct-18","GDR","4503279","June 11, 2019-KB4503279 (OS Build 15063.1868)","http://support.microsoft.com/kb/4503279","No LDR Only available","No LDR Only available","No LDR Only available","rEX","19-06Rollup"
"Schannel.dll","Dom_LSA","6.2.15063.1868","0","7-Jun-19","GDR","4503279","June 11, 2019-KB4503279 (OS Build 15063.1868)","http://support.microsoft.com/kb/4503279","No LDR Only available","No LDR Only available","No LDR Only available","rEX","19-06Rollup"
"AclUI.dll","Dom_SecAuditAndConfig","6.2.15063.1356","1","30-Aug-18","GDR","4503279","June 11, 2019-KB4503279 (OS Build 15063.1868)","http://support.microsoft.com/kb/4503279","No LDR Only available","No LDR Only available","No LDR Only available","rEX","19-06Rollup"
"Winscard.dll","Dom_SC_Provider","6.2.15063.1478","1","7-Nov-18","GDR","4503279","June 11, 2019-KB4503279 (OS Build 15063.1868)","http://support.microsoft.com/kb/4503279","No LDR Only available","No LDR Only available","No LDR Only available","rEX","19-06Rollup"
"Basecsp.dll","Dom_SC_Provider","6.2.15063.1356","1","30-Aug-18","GDR","4503279","June 11, 2019-KB4503279 (OS Build 15063.1868)","http://support.microsoft.com/kb/4503279","No LDR Only available","No LDR Only available","No LDR Only available","rEX","19-06Rollup"
"Scksp.dll","Dom_SC_Provider","6.2.15063.1356","1","30-Aug-18","GDR","4503279","June 11, 2019-KB4503279 (OS Build 15063.1868)","http://support.microsoft.com/kb/4503279","No LDR Only available","No LDR Only available","No LDR Only available","rEX","19-06Rollup"
"ScardSvr.dll","Dom_SC_Srv","6.2.15063.994","1","2-Mar-18","GDR","4503279","June 11, 2019-KB4503279 (OS Build 15063.1868)","http://support.microsoft.com/kb/4503279","No LDR Only available","No LDR Only available","No LDR Only available","rEX","19-06Rollup"
"Scfilter.sys","Dom_SC_Srv","6.2.15063.0","1","18-Mar-17","GDR","4503279","June 11, 2019-KB4503279 (OS Build 15063.1868)","http://support.microsoft.com/kb/4503279","No LDR Only available","No LDR Only available","No LDR Only available","rEX","19-06Rollup"
"Certprop.dll","Dom_SC_Srv","6.2.15063.1155","1","8-Jun-18","GDR","4503279","June 11, 2019-KB4503279 (OS Build 15063.1868)","http://support.microsoft.com/kb/4503279","No LDR Only available","No LDR Only available","No LDR Only available","rEX","19-06Rollup"
"Crypt32.dll","Dom_CRYPTO","6.2.15063.1058","1","3-Apr-18","GDR","4503279","June 11, 2019-KB4503279 (OS Build 15063.1868)","http://support.microsoft.com/kb/4503279","No LDR Only available","No LDR Only available","No LDR Only available","rEX","19-06Rollup"
"Wintrust.dll","Dom_CRYPTO","6.2.15063.1596","1","5-Jan-19","GDR","4503279","June 11, 2019-KB4503279 (OS Build 15063.1868)","http://support.microsoft.com/kb/4503279","No LDR Only available","No LDR Only available","No LDR Only available","rEX","19-06Rollup"
"Cryptdll.dll","Dom_CRYPTO","6.2.15063.1805","1","3-May-19","GDR","4503279","June 11, 2019-KB4503279 (OS Build 15063.1868)","http://support.microsoft.com/kb/4503279","No LDR Only available","No LDR Only available","No LDR Only available","rEX","19-06Rollup"
"Userenv.dll","Dom_GPSVC","6.2.15063.1868","1","7-Jun-19","GDR","4503279","June 11, 2019-KB4503279 (OS Build 15063.1868)","http://support.microsoft.com/kb/4503279","No LDR Only available","No LDR Only available","No LDR Only available","rEX","19-06Rollup"
"Repdrvfs.dll","Core_WMI","6.2.15063.994","0","2-Mar-18","GDR","4503279","June 11, 2019-KB4503279 (OS Build 15063.1868)","http://support.microsoft.com/kb/4503279","No LDR Only available","No LDR Only available","No LDR Only available","rEX","19-06Rollup"
"Profsvc.dll","Dom_ProfProc","6.2.15063.1779","1","6-Apr-19","GDR","4503279","June 11, 2019-KB4503279 (OS Build 15063.1868)","http://support.microsoft.com/kb/4503279","No LDR Only available","No LDR Only available","No LDR Only available","rEX","19-06Rollup"
"Fdeploy.dll","Dom_FolderRedir","6.2.15063.540","1","1-Aug-17","GDR","4503279","June 11, 2019-KB4503279 (OS Build 15063.1868)","http://support.microsoft.com/kb/4503279","No LDR Only available","No LDR Only available","No LDR Only available","rEX","19-06Rollup"
"Csc.sys","Net_CSC_Offline","6.2.15063.1266","1","31-Jul-18","GDR","4503279","June 11, 2019-KB4503279 (OS Build 15063.1868)","http://support.microsoft.com/kb/4503279","No LDR Only available","No LDR Only available","No LDR Only available","rEX","19-06Rollup"
"Cscsvc.dll","Net_CSC_Offline","6.2.15063.1716","1","14-Mar-19","GDR","4503279","June 11, 2019-KB4503279 (OS Build 15063.1868)","http://support.microsoft.com/kb/4503279","No LDR Only available","No LDR Only available","No LDR Only available","rEX","19-06Rollup"
"Cscmig.dll","Net_CSC_Offline","6.2.15063.994","1","2-Mar-18","GDR","4503279","June 11, 2019-KB4503279 (OS Build 15063.1868)","http://support.microsoft.com/kb/4503279","No LDR Only available","No LDR Only available","No LDR Only available","rEX","19-06Rollup"
"Cscui.dll","Net_CSC_Offline","6.2.15063.1659","1","16-Feb-19","GDR","4503279","June 11, 2019-KB4503279 (OS Build 15063.1868)","http://support.microsoft.com/kb/4503279","No LDR Only available","No LDR Only available","No LDR Only available","rEX","19-06Rollup"
"Ntdsai.dll","Dom_NTDSAI","6.2.15063.483","0","7-Jul-17","GDR","4503279","June 11, 2019-KB4503279 (OS Build 15063.1868)","http://support.microsoft.com/kb/4503279","No LDR Only available","No LDR Only available","No LDR Only available","rEX","19-06Rollup"
"Samsrv.dll","Dom_SAMSRV","6.2.15063.1478","0","7-Nov-18","GDR","4503279","June 11, 2019-KB4503279 (OS Build 15063.1868)","http://support.microsoft.com/kb/4503279","No LDR Only available","No LDR Only available","No LDR Only available","rEX","19-06Rollup"
"Samlib.dll","Dom_SAMSRV","6.2.15063.0","0","18-Mar-17","GDR","4503279","June 11, 2019-KB4503279 (OS Build 15063.1868)","http://support.microsoft.com/kb/4503279","No LDR Only available","No LDR Only available","No LDR Only available","rEX","19-06Rollup"
"4500640","Win2016RS2_19_05_SvcStack_KB"," ","0","14-May-2019","GDR","4500640","Servicing stack update for Windows 10, Version 1703: May 14, 2019","http://support.microsoft.com/kb/4500640","KB only","KB only","KB Only"," ","No Rollup"
"4503279","Win2016RS2_19-06_B_rollup_KB"," ","0","11-Jun-2019","GDR","4503279 (v1.0)","June 11, 2019-KB4503279 (OS Build 15063.1868)","http://support.microsoft.com/kb/4503279","KB only","KB only","KB only"," ","19-06Rollup"
