"Binary","Component","Version","Prio","Published","Branch","Article","Title","Link","LDROnlyKB","LDROnlyTitle","LDROnlyLink","Comment","RollupInfo"
"clussvc.exe","Cluster_Core","6.0.6002.23245","0","17.10.2013","LDR","2898118 (v1.0)","Changed cluster properties revert to default values on cluster nodes that run Windows Server 2008 SP2","http://support.microsoft.com/kb/2898118","2898118 (v1.0)","Changed cluster properties revert to default values on cluster nodes that run Windows Server 2008 SP2","http://support.microsoft.com/kb/2898118"," ","No Rollup"
"cluswmi.dll","Cluster_Core","6.0.6002.23245","0","17.10.2013","LDR","2898118 (v1.0)","Changed cluster properties revert to default values on cluster nodes that run Windows Server 2008 SP2","http://support.microsoft.com/kb/2898118","2898118 (v1.0)","Changed cluster properties revert to default values on cluster nodes that run Windows Server 2008 SP2","http://support.microsoft.com/kb/2898118"," ","No Rollup"
"rhs.exe","Cluster_Core","6.0.6002.22984","0","23.11.2012","LDR","2782761 (v1.0)","Hotfix enables a dump file to be generated when the Rhs.exe process detects a deadlock condition in Windows Server 2008","http://support.microsoft.com/kb/2782761","2782761 (v1.0)","Hotfix enables a dump file to be generated when the Rhs.exe process detects a deadlock condition in Windows Server 2008","http://support.microsoft.com/kb/2782761"," ","No Rollup"
"clusres.dll","Cluster_Core","6.0.6002.23657","0","27.03.2015","LDRGDR","3050293 (v1.0)","Cluster resources are not initialized correctly after Rhs.exe process crashes on a Windows Server 2008 SP2-based cluster","http://support.microsoft.com/kb/3050293","2685891 (v1.0)","CAP does not come online in a Windows Server 2008 R2-based failover cluster","http://support.microsoft.com/kb/2685891"," ","No Rollup"
"volsnap.sys","Cluster_Volsnap","6.0.6002.22987","0","27.11.2012","LDR","2787113 (v1.0)","""0x00000050"" Stop error when you create a snapshot by using the VSS in Windows Vista or in Windows Server 2008","http://support.microsoft.com/kb/2787113","2787113 (v1.0)","""0x00000050"" Stop error when you create a snapshot by using the VSS in Windows Vista or in Windows Server 2008","http://support.microsoft.com/kb/2787113"," ","No Rollup"
"cprepsrv.exe","Cluster_Validation","6.0.6002.22268","1","17.11.2009","LDR","975665 (v1.0)","The time stamps in the Cluster log are less accurate compared to the system time that is used for events on a failover cluster node that is running a non-English version of Windows Server 2008","http://support.microsoft.com/kb/975665","975665 (v1.0)","The time stamps in the Cluster log are less accurate compared to the system time that is used for events on a failover cluster node that is running a non-English version of Windows Server 2008","http://support.microsoft.com/kb/975665"," ","No Rollup"
"failoverclusters.agent.interop.dll","Cluster_Validation","6.0.6002.22485","1","13.09.2010","LDR","976097 (v1.0)","Hotfix to add support for asymmetric storages to the Failover Cluster Management MMC snap-in for a failover cluster that is running Windows Server 2008 or Windows Server 2008 R2","http://support.microsoft.com/kb/976097","976097 (v1.0)","Hotfix to add support for asymmetric storages to the Failover Cluster Management MMC snap-in for a failover cluster that is running Windows Server 2008 or Windows Server 2008 R2","http://support.microsoft.com/kb/976097"," ","No Rollup"
"mpio.sys","Core_MPIO","6.0.6002.23457","0","08.08.2014","LDRGDR","2990170 (v1.0)","Multipath I/O identifies different disks as the same disk in Windows","http://support.microsoft.com/kb/2990170","2754704 (v1.0)","A hotfix is available that provides a mechanism for DSM to notify MPIO that a particular path is back to online in Windows Server 2008","http://support.microsoft.com/kb/2754704"," ","No Rollup"
"msdsm.sys","Core_MPIO","6.0.6002.23457","0","08.08.2014","LDRGDR","2990170 (v1.0)","Multipath I/O identifies different disks as the same disk in Windows","http://support.microsoft.com/kb/2990170","2878031 (v1.0)","""0x000000D1"" Stop error when you try to open the MPIO console on a computer that is running Windows Server 2008 SP2","http://support.microsoft.com/kb/2878031"," ","No Rollup"
"storport.sys","Core_DiskSystem","6.0.6002.22969","0","08.11.2012","LDR","2780444 (v1.0)","""0x0000012E"" Stop error occurs when an application sends a 12-byte SCSI opcode to an iSCSI target in Windows Vista SP2, Windows Server 2008 SP2, Windows 7 SP1, and Windows Server 2008 R2 SP1","http://support.microsoft.com/kb/2780444","2780444 (v1.0)","""0x0000012E"" Stop error occurs when an application sends a 12-byte SCSI opcode to an iSCSI target in Windows Vista SP2, Windows Server 2008 SP2, Windows 7 SP1, and Windows Server 2008 R2 SP1","http://support.microsoft.com/kb/2780444"," ","No Rollup"
"4493730","Win2008_19_04_SSU_KB"," ","0","09-Apr-2019","LDR","4493730","Servicing stack update for Windows Server 2008 SP2: April 9, 2019","http://support.microsoft.com/kb/4493730","KB only","KB only","KB Only"," ","No Rollup"
"3216520","Win2008_17_03_C_rollup_KB"," ","0","21-Mar-2017","LDR","3216520 (v1.0)","March 2017 Preview of the Quality Rollup for the .NET Framework 2.0 SP2, 4.5.2, and 4.6 on Windows Vista SP2 and Windows Server 2008 SP2 (KB 3216520): February 21, 2017","http://support.microsoft.com/kb/3216520","KB only","KB only","KB Only"," ","17-03Rollup"
"4512476","Win2008_19-08_B_rollup_KB"," ","0","13-Aug-2019","GDR","4512476 (v1.0)","August 13, 2019-KB4512476 (Monthly Rollup)","http://support.microsoft.com/kb/4512476","KB only","KB only","KB only"," ","19-08Rollup"
