"Binary","Component","Version","Prio","Published","Branch","Article","Title","Link","LDROnlyKB","LDROnlyTitle","LDROnlyLink","Comment","RollupInfo"
"robocopy.exe","Net_Applications","5.1.10.1027","1","17.01.2012","LDR","2646454 (v1.0)","The security configuration information, such as the ACL, is not copied if a backup operator uses the Robocopy.exe utility together with the /B option to copy a file on a computer that is running Windows Vista or Windows Server 2008","http://support.microsoft.com/kb/2646454","2646454 (v1.0)","The security configuration information, such as the ACL, is not copied if a backup operator uses the Robocopy.exe utility together with the /B option to copy a file on a computer that is running Windows Vista or Windows Server 2008","http://support.microsoft.com/kb/2646454"," ","No Rollup"
"srv.sys","Net_SMB_Server","6.0.6003.20731","0","22-Jan-20","GDR","4550951","April 14, 2020-KB4550951 (Monthly Rollup)","http://support.microsoft.com/kb/4550951","No LDR Only available","No LDR Only available","No LDR Only available","rEX","20-04Rollup"
"srv2.sys","Net_SMB_Server","6.0.6003.20749","0","9-Feb-20","GDR","4550951","April 14, 2020-KB4550951 (Monthly Rollup)","http://support.microsoft.com/kb/4550951","No LDR Only available","No LDR Only available","No LDR Only available","rEX","20-04Rollup"
"srvnet.sys","Net_SMB_Server","6.0.6003.20812","0","11-Mar-20","GDR","4550951","April 14, 2020-KB4550951 (Monthly Rollup)","http://support.microsoft.com/kb/4550951","No LDR Only available","No LDR Only available","No LDR Only available","rEX","20-04Rollup"
"srvsvc.dll","Net_SMB_Server","6.0.6002.22481","0","07.09.2010","LDRGDR","2345886 (v1.1)","Description of the update that implements Extended Protection for Authentication in the Server service","http://support.microsoft.com/kb/2345886","971277 (v1.0)","You cannot access an administrative share on a computer after you set the SrvsvcDefaultShareInfo registry entry to configure the default share permissions for a network share","http://support.microsoft.com/kb/971277"," ","No Rollup"
"Mrxsmb.sys","Net_SMB_Client","6.0.6003.20731","0","22-Jan-20","GDR","4550951","April 14, 2020-KB4550951 (Monthly Rollup)","http://support.microsoft.com/kb/4550951","No LDR Only available","No LDR Only available","No LDR Only available","rEX","20-04Rollup"
"Mrxsmb10.sys","Net_SMB_Client","6.0.6003.20731","0","22-Jan-20","GDR","4550951","April 14, 2020-KB4550951 (Monthly Rollup)","http://support.microsoft.com/kb/4550951","No LDR Only available","No LDR Only available","No LDR Only available","rEX","20-04Rollup"
"Mrxsmb20.sys","Net_SMB_Client","6.0.6003.20731","0","22-Jan-20","GDR","4550951","April 14, 2020-KB4550951 (Monthly Rollup)","http://support.microsoft.com/kb/4550951","No LDR Only available","No LDR Only available","No LDR Only available","rEX","20-04Rollup"
"rdbss.sys","Net_SMB_Client","6.0.6002.23588","0","09.01.2015","LDRGDR","3000483 (v1.6)","MS15-011: Vulnerability in Group Policy could allow remote code execution: February 10, 201","http://support.microsoft.com/kb/3000483","2870965 (v1.0)","""0x00000027"" Stop error when you try to access some shared resources in Windows Vista SP2 or Windows Server 2008 SP2","http://support.microsoft.com/kb/2870965"," ","No Rollup"
"Netbt.sys","Net_SMB_Client","6.0.6003.20481","0","7-Mar-19","GDR","4550951","April 14, 2020-KB4550951 (Monthly Rollup)","http://support.microsoft.com/kb/4550951","No LDR Only available","No LDR Only available","No LDR Only available","rEX","20-04Rollup"
"mup.sys","Net_SMB_Client","6.0.6002.23775","0","07.08.2015","LDR","3075623 (v1.0)","Configuring registry policy processing causes MUP to ignore Group Policy setting in Windows","http://support.microsoft.com/kb/3075623","3075623 (v1.0)","Configuring registry policy processing causes MUP to ignore Group Policy setting in Windows","http://support.microsoft.com/kb/3075623"," ","No Rollup"
"Tcpip.sys","Net_Protocol","6.0.6003.20584","0","4-Jul-19","GDR","4550951","April 14, 2020-KB4550951 (Monthly Rollup)","http://support.microsoft.com/kb/4550951","No LDR Only available","No LDR Only available","No LDR Only available","rEX","20-04Rollup"
"afd.sys","Net_Protocol","6.0.6002.24087","0","05-Apr-2017","LDRGDR","4018821 (v1.0)","Security Update for the Windows Kernel Information Disclosure Vulnerability in Windows Server 2008: May 9, 2017","http://support.microsoft.com/kb/4018821","2781571 (v1.0)","""0x000000D1"" Stop error after you install TDI drivers in Windows Vista and Windows Server 2008","http://support.microsoft.com/kb/2781571","rEX","No Rollup"
"netio.sys","Net_Protocol","6.0.6002.24125","0","02-Jun-2017","LDRGDR","4022748 (v1.0)","Security update for the Windows kernel information disclosure vulnerability in Windows Server 2008: July 11, 2017","http://support.microsoft.com/kb/4022748","2712746 (v1.0)","""0x00000019"" Stop error when you run an SNMP application on a computer that is running Windows Vista or Windows Server 2008","http://support.microsoft.com/kb/2712746","rEX","No Rollup"
"Ndis.sys","Net_Protocol","6.0.6003.20738","0","16-Jan-20","GDR","4550951","April 14, 2020-KB4550951 (Monthly Rollup)","http://support.microsoft.com/kb/4550951","No LDR Only available","No LDR Only available","No LDR Only available","rEX","20-04Rollup"
"netiohlp.dll","Net_Protocol","6.0.6002.22989","0","30.11.2012","LDR","2780879 (v3.0)","Hotfix improves TCP window scaling in Windows Vista, Windows Server 2008, Windows 7, or Windows Server 2008 R2","http://support.microsoft.com/kb/2780879","2780879 (v3.0)","Hotfix improves TCP window scaling in Windows Vista, Windows Server 2008, Windows 7, or Windows Server 2008 R2","http://support.microsoft.com/kb/2780879"," ","No Rollup"
"tdx.sys","Net_Protocol","6.0.6002.24152","0","03-Jul-2017","LDRGDR","4022750 (v1.0)","Security update for the Windows NetBIOS denial of service vulnerability in Windows Server 2008: August 8, 2017","http://support.microsoft.com/kb/4022750","No LDR Only available","No LDR Only available","No LDR Only available","rEX","No Rollup"
"tunnel.sys","Net_IPv6","6.0.6002.22400","1","10.05.2010","LDR","983457 (v1.0)","IP Helper service memory leak in Windows Server 2008 or in Windows Vista","http://support.microsoft.com/kb/983457","983457 (v1.0)","IP Helper service memory leak in Windows Server 2008 or in Windows Vista","http://support.microsoft.com/kb/983457","rEX","No Rollup"
"Dhcpcsvc6.dll","Net_IPv6","6.0.6003.20587","1","9-Jul-19","GDR","4550951","April 14, 2020-KB4550951 (Monthly Rollup)","http://support.microsoft.com/kb/4550951","No LDR Only available","No LDR Only available","No LDR Only available","rEX","20-04Rollup"
"nlasvc.dll","Net_NLA","6.0.6002.23557","0","06.12.2014","LDRGDR","3022777 (v1.0)","MS15-005: Vulnerability in Network Location Awareness service could allow security feature bypass: January 13, 201","http://support.microsoft.com/kb/3022777","2989894 (v1.0)","Windows Shadow Copy-related backup freezes in Windows Server 2008","http://support.microsoft.com/kb/2989894"," ","No Rollup"
"ncsi.dll","Net_NLA","6.0.6002.23557","0","06.12.2014","LDRGDR","3022777 (v1.0)","MS15-005: Vulnerability in Network Location Awareness service could allow security feature bypass: January 13, 201","http://support.microsoft.com/kb/3022777","2989894 (v1.0)","Windows Shadow Copy-related backup freezes in Windows Server 2008","http://support.microsoft.com/kb/2989894"," ","No Rollup"
"nlaapi.dll","Net_NLA","6.0.6002.23557","0","06.12.2014","LDRGDR","3022777 (v1.0)","MS15-005: Vulnerability in Network Location Awareness service could allow security feature bypass: January 13, 201","http://support.microsoft.com/kb/3022777","2989894 (v1.0)","Windows Shadow Copy-related backup freezes in Windows Server 2008","http://support.microsoft.com/kb/2989894"," ","No Rollup"
"Dns.exe","Net_DNS_Srv","6.0.6003.20509","0","10-Apr-19","GDR","4550951","April 14, 2020-KB4550951 (Monthly Rollup)","http://support.microsoft.com/kb/4550951","No LDR Only available","No LDR Only available","No LDR Only available","rEX","20-04Rollup"
"Dhcpssvc.dll","Net_DHCP_Srv","6.0.6003.20587","0","9-Jul-19","GDR","4550951","April 14, 2020-KB4550951 (Monthly Rollup)","http://support.microsoft.com/kb/4550951","No LDR Only available","No LDR Only available","No LDR Only available","rEX","20-04Rollup"
"dfssvc.exe","Net_DFS-N_Srv","6.0.6002.23591","0","13.01.2015","LDR","2688074 (v7.0)","An access violation occurs on a domain controller that is running Windows Server 2008 R2 or Windows Server 2008","http://support.microsoft.com/kb/2688074","2688074 (v7.0)","An access violation occurs on a domain controller that is running Windows Server 2008 R2 or Windows Server 2008","http://support.microsoft.com/kb/2688074","rEX","No Rollup"
"nfssvc.exe","Net_NFS_Srv","6.0.6002.23298","0","03.01.2014","LDR","2923150 (v1.0)","A memory leak occurs on an NFS share server that is running Windows Server 2008","http://support.microsoft.com/kb/2923150","2923150 (v1.0)","A memory leak occurs on an NFS share server that is running Windows Server 2008","http://support.microsoft.com/kb/2923150"," ","No Rollup"
"nfssvr.sys","Net_NFS_Srv","6.0.6002.23298","0","03.01.2014","LDR","2923150 (v1.0)","A memory leak occurs on an NFS share server that is running Windows Server 2008","http://support.microsoft.com/kb/2923150","2923150 (v1.0)","A memory leak occurs on an NFS share server that is running Windows Server 2008","http://support.microsoft.com/kb/2923150"," ","No Rollup"
"msnfsflt.sys","Net_NFS_Srv","6.0.6002.23298","0","03.01.2014","LDR","2923150 (v1.0)","A memory leak occurs on an NFS share server that is running Windows Server 2008","http://support.microsoft.com/kb/2923150","2923150 (v1.0)","A memory leak occurs on an NFS share server that is running Windows Server 2008","http://support.microsoft.com/kb/2923150"," ","No Rollup"
"portmap.sys","Net_NFS_Srv","6.0.6002.22406","0","19.05.2010","LDR","983574 (v1.0)","You cannot bind clients to a NIS server or cannot mount NFS shares in Windows Server 2008 and in Windows Server 2008 R2","http://support.microsoft.com/kb/983574","983574 (v1.0)","You cannot bind clients to a NIS server or cannot mount NFS shares in Windows Server 2008 and in Windows Server 2008 R2","http://support.microsoft.com/kb/983574"," ","No Rollup"
"rpcxdr.sys","Net_NFS_Srv","6.0.6002.23499","0","25.09.2014","LDRGDR","2957486 (v1.0)","Ls command takes a long time to list shared files in 2 windows on a Windows 7 or Windows Server 2008 R2-based NFS server","http://support.microsoft.com/kb/2957486","983574 (v1.0)","You cannot bind clients to a NIS server or cannot mount NFS shares in Windows Server 2008 and in Windows Server 2008 R2","http://support.microsoft.com/kb/983574"," ","No Rollup"
"nlb.sys","Net_NLB_Srv","6.0.6002.22682","0","20.07.2011","LDR","2439186 (v1.0)","NLB does not differentiate correctly between virtual IP addresses and dedicated IP addresses for ISATAP addresses in Windows 7, in Windows Server 2008 R2, in Windows Vista or in Windows Server 2008","http://support.microsoft.com/kb/2439186","2439186 (v1.0)","NLB does not differentiate correctly between virtual IP addresses and dedicated IP addresses for ISATAP addresses in Windows 7, in Windows Server 2008 R2, in Windows Vista or in Windows Server 2008","http://support.microsoft.com/kb/2439186"," ","No Rollup"
"csc.sys","Net_CSC_Offline","6.0.6002.24436","1","28-Jun-2018","LDR","4338380 (v1.0)","Description of the security update for the Windows kernel information disclosure vulnerability in Windows Server 2008: August 14, 2018 ","http://support.microsoft.com/kb/4338380","No LDR Only available","No LDR Only available","No LDR Only available","rEX","No Rollup"
"cscsvc.dll","Net_CSC_Offline","6.0.6002.24436","1","28-Jun-2018","LDR","4338380 (v1.0)","Description of the security update for the Windows kernel information disclosure vulnerability in Windows Server 2008: August 14, 2018 ","http://support.microsoft.com/kb/4338380","No LDR Only available","No LDR Only available","No LDR Only available","rEX","No Rollup"
"cscmig.dll","Net_CSC_Offline","6.0.6002.24436","1","28-Jun-2018","LDR","4338380 (v1.0)","Description of the security update for the Windows kernel information disclosure vulnerability in Windows Server 2008: August 14, 2018 ","http://support.microsoft.com/kb/4338380","No LDR Only available","No LDR Only available","No LDR Only available","rEX","No Rollup"
"mrxdav.sys","Net_WebDAV","6.0.6002.23886","1","07.01.2016","LDRGDR","3136041 (v1.0)","MS16-016: Security update for WebDAV to address elevation of privilege: February 9, 2016","http://support.microsoft.com/kb/3136041","No LDR Only available","No LDR Only available","No LDR Only available","rEX","No Rollup"
"webclnt.dll","Net_WebDAV","6.0.6002.23739","1","02.07.2015","LDRGDR","3076949 (v1.0)","MS15-089: Vulnerability in WebDAV could allow security feature bypass: August 11, 2015","http://support.microsoft.com/kb/3076949","2712435 (v1.0)","WebClient service stops running when you try to upload files to a SharePoint server by using the WebDAV component in Windows Vista or in Windows Server 2008","http://support.microsoft.com/kb/2712435"," ","No Rollup"
"davclnt.dll","Net_WebDAV","6.0.6002.22618","1","22.03.2011","LDR","2523201 (v1.0)","The authentication information is deleted unexpectedly in Windows Vista or in Windows Server 2008 after you access some resources on the web server","http://support.microsoft.com/kb/2523201","2523201 (v1.0)","The authentication information is deleted unexpectedly in Windows Vista or in Windows Server 2008 after you access some resources on the web server","http://support.microsoft.com/kb/2523201"," ","No Rollup"
"Shell32.dll","Net_WebDAV","6.0.6003.20540","1","24-May-19","GDR","4550951","April 14, 2020-KB4550951 (Monthly Rollup)","http://support.microsoft.com/kb/4550951","No LDR Only available","No LDR Only available","No LDR Only available","rEX","20-04Rollup"
"Winhttp.dll","Net_WebDAV","6.0.6003.20534","1","9-May-19","GDR","4550951","April 14, 2020-KB4550951 (Monthly Rollup)","http://support.microsoft.com/kb/4550951","No LDR Only available","No LDR Only available","No LDR Only available","rEX","20-04Rollup"
"dfsc.sys","Net_DFS-N_Client","6.0.6002.24339","0","09-Mar-2018","LDR","4090450 (v1.0)","Description of the security update for the speculative execution side-channel vulnerabilities in Windows Server 2008: March 13, 2018","http://support.microsoft.com/kb/4090450","No LDR Only available","No LDR Only available","No LDR Only available","rEX","No Rollup"
"Dhcpcsvc.dll","Net_DHCP_Client","6.0.6003.20587","1","9-Jul-19","GDR","4550951","April 14, 2020-KB4550951 (Monthly Rollup)","http://support.microsoft.com/kb/4550951","No LDR Only available","No LDR Only available","No LDR Only available","rEX","20-04Rollup"
"nfsclnt.exe","Net_NFS_Client","6.0.6002.22801","1","21.02.2012","LDR","2675625 (v1.0)","""Network error"" or ""Filename not valid"" error message when you access an NFS share from a computer that is running Windows Vista, Windows Server 2008, Windows 7, or Windows Server 2008 R2","http://support.microsoft.com/kb/2675625","2675625 (v1.0)","""Network error"" or ""Filename not valid"" error message when you access an NFS share from a computer that is running Windows Vista, Windows Server 2008, Windows 7, or Windows Server 2008 R2","http://support.microsoft.com/kb/2675625"," ","No Rollup"
"nfsnp.dll","Net_NFS_Client","6.0.6002.22801","1","21.02.2012","LDR","2675625 (v1.0)","""Network error"" or ""Filename not valid"" error message when you access an NFS share from a computer that is running Windows Vista, Windows Server 2008, Windows 7, or Windows Server 2008 R2","http://support.microsoft.com/kb/2675625","2675625 (v1.0)","""Network error"" or ""Filename not valid"" error message when you access an NFS share from a computer that is running Windows Vista, Windows Server 2008, Windows 7, or Windows Server 2008 R2","http://support.microsoft.com/kb/2675625"," ","No Rollup"
"nfsrdr.sys","Net_NFS_Client","6.0.6002.22801","1","21.02.2012","LDR","2675625 (v1.0)","""Network error"" or ""Filename not valid"" error message when you access an NFS share from a computer that is running Windows Vista, Windows Server 2008, Windows 7, or Windows Server 2008 R2","http://support.microsoft.com/kb/2675625","2675625 (v1.0)","""Network error"" or ""Filename not valid"" error message when you access an NFS share from a computer that is running Windows Vista, Windows Server 2008, Windows 7, or Windows Server 2008 R2","http://support.microsoft.com/kb/2675625"," ","No Rollup"
"psxdll.dll","Net_Posix","6.0.6002.23002","1","14.12.2012","LDR","2686699 (v2.0)","Memory leak in Psxss.exe after POSIX-based applications or scripts run for a long time in Windows Vista or in Windows Server 2008","http://support.microsoft.com/kb/2686699","2686699 (v2.0)","Memory leak in Psxss.exe after POSIX-based applications or scripts run for a long time in Windows Vista or in Windows Server 2008","http://support.microsoft.com/kb/2686699"," ","No Rollup"
"psxdllsvr.dll","Net_Posix","6.0.6002.23002","1","14.12.2012","LDR","2686699 (v2.0)","Memory leak in Psxss.exe after POSIX-based applications or scripts run for a long time in Windows Vista or in Windows Server 2008","http://support.microsoft.com/kb/2686699","2686699 (v2.0)","Memory leak in Psxss.exe after POSIX-based applications or scripts run for a long time in Windows Vista or in Windows Server 2008","http://support.microsoft.com/kb/2686699"," ","No Rollup"
"psxss.exe","Net_Posix","6.0.6002.23002","1","14.12.2012","LDR","2686699 (v2.0)","Memory leak in Psxss.exe after POSIX-based applications or scripts run for a long time in Windows Vista or in Windows Server 2008","http://support.microsoft.com/kb/2686699","2686699 (v2.0)","Memory leak in Psxss.exe after POSIX-based applications or scripts run for a long time in Windows Vista or in Windows Server 2008","http://support.microsoft.com/kb/2686699"," ","No Rollup"
"posix.exe","Net_Posix","6.0.6002.23002","1","14.12.2012","LDR","2686699 (v2.0)","Memory leak in Psxss.exe after POSIX-based applications or scripts run for a long time in Windows Vista or in Windows Server 2008","http://support.microsoft.com/kb/2686699","2686699 (v2.0)","Memory leak in Psxss.exe after POSIX-based applications or scripts run for a long time in Windows Vista or in Windows Server 2008","http://support.microsoft.com/kb/2686699"," ","No Rollup"
"dnsapi.dll","Net_DNS_Client","6.0.6002.24412","1","08-Jun-2018","LDR","4291391 (v1.0)","Description of the security update for the Windows DNSAPI Denial of Service vulnerability in Windows Server 2008, Windows Embedded POSReady 2009, and Windows Embedded Standard 2009: July 10, 2018","http://support.microsoft.com/kb/4291391","No LDR Only available","No LDR Only available","No LDR Only available","rEX","No Rollup"
"dnsrslvr.dll","Net_DNS_Client","6.0.6002.24412","1","08-Jun-2018","LDR","4291391 (v1.0)","Description of the security update for the Windows DNSAPI Denial of Service vulnerability in Windows Server 2008, Windows Embedded POSReady 2009, and Windows Embedded Standard 2009: July 10, 2018","http://support.microsoft.com/kb/4291391","No LDR Only available","No LDR Only available","No LDR Only available","rEX","No Rollup"
"dnscacheugc.exe","Net_DNS_Client","6.0.6002.24412","1","08-Jun-2018","LDR","4291391 (v1.0)","Description of the security update for the Windows DNSAPI Denial of Service vulnerability in Windows Server 2008, Windows Embedded POSReady 2009, and Windows Embedded Standard 2009: July 10, 2018","http://support.microsoft.com/kb/4291391","No LDR Only available","No LDR Only available","No LDR Only available","rEX","No Rollup"
"Rpcss.dll","Net_RPC","6.0.6003.20682","1","1-Nov-19","GDR","4550951","April 14, 2020-KB4550951 (Monthly Rollup)","http://support.microsoft.com/kb/4550951","No LDR Only available","No LDR Only available","No LDR Only available","rEX","20-04Rollup"
"rpchttp.dll","Net_RPC","6.0.6002.22515","1","03.11.2010","LDRGDR","2458828 (v1.0)","The RPC over HTTP connection cannot be set up when you try to access certain services on a computer that is running Windows Vista or Windows Server 2008","http://support.microsoft.com/kb/2458828","2408187 (v1.0)","RPC over HTTP connection cannot be set up when you try to access certain services on a computer that is running Windows Vista or Windows Server 2008","http://support.microsoft.com/kb/2408187"," ","No Rollup"
"Rpcrt4.dll","Net_RPC","6.0.6003.20812","1","11-Mar-20","GDR","4550951","April 14, 2020-KB4550951 (Monthly Rollup)","http://support.microsoft.com/kb/4550951","No LDR Only available","No LDR Only available","No LDR Only available","rEX","20-04Rollup"
"bfe.dll","Net_Ipsec_BFE","6.0.6002.23243","1","13.10.2013","LDR","2862152 (v1.1)","Microsoft security advisory: Vulnerability in DirectAccess could allow security feature bypass","http://support.microsoft.com/kb/2862152","2862152 (v1.1)","Microsoft security advisory: Vulnerability in DirectAccess could allow security feature bypass","http://support.microsoft.com/kb/2862152"," ","No Rollup"
"ikeext.dll","Net_Ipsec_BFE","6.0.6002.23243","1","13.10.2013","LDRGDR","2862152 (v1.1)","Microsoft security advisory: Vulnerability in DirectAccess could allow security feature bypass","http://support.microsoft.com/kb/2862152","2748784 (v1.0)","A delay occurs during IPsec renegotiation on a computer that is running Windows Vista or Windows Server 2008","http://support.microsoft.com/kb/2748784"," ","No Rollup"
"fwpuclnt.dll","Net_Ipsec_BFE","6.0.6002.23243","1","13.10.2013","LDRGDR","2862152 (v1.1)","Microsoft security advisory: Vulnerability in DirectAccess could allow security feature bypass","http://support.microsoft.com/kb/2862152","2748784 (v1.0)","A delay occurs during IPsec renegotiation on a computer that is running Windows Vista or Windows Server 2008","http://support.microsoft.com/kb/2748784"," ","No Rollup"
"iphlpsvc.dll","Net_DirectAccess_Client","6.0.6002.22400","1","10.05.2010","LDR","983457 (v1.0)","IP Helper service memory leak in Windows Server 2008 or in Windows Vista","http://support.microsoft.com/kb/983457","983457 (v1.0)","IP Helper service memory leak in Windows Server 2008 or in Windows Vista","http://support.microsoft.com/kb/983457","rEX","No Rollup"
"dot3svc.dll","Net_IEEE802.1x","6.0.6002.22682","1","23.07.2011","LDR","2583709 (v2.0)","Authentication failure or connection to the wrong network when you use Group Policy to deploy 802.1X authentication settings to a client computer that is running Windows Vista or Windows Server 2008","http://support.microsoft.com/kb/2583709","2583709 (v2.0)","Authentication failure or connection to the wrong network when you use Group Policy to deploy 802.1X authentication settings to a client computer that is running Windows Vista or Windows Server 2008","http://support.microsoft.com/kb/2583709"," ","No Rollup"
"rastls.dll","Net_IEEE802.1x","6.0.6002.22569","1","13.01.2011","LDR","2493933 (v1.0)","FIX: The ""Validate server certificate"" option is enabled on a computer that is running Windows Vista or Windows Server 2008 when you disable this option by using a Group Policy object","http://support.microsoft.com/kb/2493933","2493933 (v1.0)","FIX: The ""Validate server certificate"" option is enabled on a computer that is running Windows Vista or Windows Server 2008 when you disable this option by using a Group Policy object","http://support.microsoft.com/kb/2493933"," ","No Rollup"
"wlansvc.dll","Net_WLAN_Client","6.0.6003.20569","1","26-Jun-19","GDR","4550951","April 14, 2020-KB4550951 (Monthly Rollup)","http://support.microsoft.com/kb/4550951","No LDR Only available","No LDR Only available","No LDR Only available","rEX","20-04Rollup"
"wlanmsm.dll","Net_WLAN_Client","6.0.6003.20569","1","26-Jun-19","GDR","4550951","April 14, 2020-KB4550951 (Monthly Rollup)","http://support.microsoft.com/kb/4550951","No LDR Only available","No LDR Only available","No LDR Only available","rEX","20-04Rollup"
"wlanapi.dll","Net_WLAN_Client","6.0.6003.20569","1","26-Jun-19","GDR","4550951","April 14, 2020-KB4550951 (Monthly Rollup)","http://support.microsoft.com/kb/4550951","No LDR Only available","No LDR Only available","No LDR Only available","rEX","20-04Rollup"
"wlansec.dll","Net_WLAN_Client","6.0.6003.20569","1","26-Jun-19","GDR","4550951","April 14, 2020-KB4550951 (Monthly Rollup)","http://support.microsoft.com/kb/4550951","No LDR Only available","No LDR Only available","No LDR Only available","rEX","20-04Rollup"
"wlanhlp.dll","Net_WLAN_Client","6.0.6003.20569","1","26-Jun-19","GDR","4550951","April 14, 2020-KB4550951 (Monthly Rollup)","http://support.microsoft.com/kb/4550951","No LDR Only available","No LDR Only available","No LDR Only available","rEX","20-04Rollup"
"netcfgx.dll","Net_Config","6.0.6002.23159","1","12.07.2013","LDR","2846340 (v1.0)","Duplicate friendly names of network adapters are displayed in Windows 7, Windows 8, Windows Server 2008 R2, and Windows Server 2012","http://support.microsoft.com/kb/2846340","2846340 (v1.0)","Duplicate friendly names of network adapters are displayed in Windows 7, Windows 8, Windows Server 2008 R2, and Windows Server 2012","http://support.microsoft.com/kb/2846340"," ","No Rollup"
"pacer.sys","Net_QoS","6.0.6002.24339","1","09-Mar-2018","LDR","4090450 (v1.0)","Description of the security update for the speculative execution side-channel vulnerabilities in Windows Server 2008: March 13, 2018","http://support.microsoft.com/kb/4090450","No LDR Only available","No LDR Only available","No LDR Only available","rEX","No Rollup"
"Mpsdrv.sys","Net_Firewall","6.0.6002.24462","1","9-Aug-18","GDR","4550951","April 14, 2020-KB4550951 (Monthly Rollup)","http://support.microsoft.com/kb/4550951","No LDR Only available","No LDR Only available","No LDR Only available","rEX","20-04Rollup"
"MpsSvc.dll","Net_Firewall","6.0.6002.24462","1","9-Aug-18","GDR","4550951","April 14, 2020-KB4550951 (Monthly Rollup)","http://support.microsoft.com/kb/4550951","No LDR Only available","No LDR Only available","No LDR Only available","rEX","20-04Rollup"
"Netlogon.dll","Dom_NETLOGON","6.0.6003.20665","0","14-Oct-19","GDR","4550951","April 14, 2020-KB4550951 (Monthly Rollup)","http://support.microsoft.com/kb/4550951","No LDR Only available","No LDR Only available","No LDR Only available","rEX","20-04Rollup"
"Winlogon.exe","Dom_WINLOGON","6.0.6003.20610","0","30-Jul-19","GDR","4550951","April 14, 2020-KB4550951 (Monthly Rollup)","http://support.microsoft.com/kb/4550951","No LDR Only available","No LDR Only available","No LDR Only available","rEX","20-04Rollup"
"Kerberos.dll","Dom_KERBEROS","6.0.6003.20730","0","20-Jan-20","GDR","4550951","April 14, 2020-KB4550951 (Monthly Rollup)","http://support.microsoft.com/kb/4550951","No LDR Only available","No LDR Only available","No LDR Only available","rEX","20-04Rollup"
"Msv1_0.dll","Dom_NTLM","6.0.6003.20731","1","22-Jan-20","GDR","4550951","April 14, 2020-KB4550951 (Monthly Rollup)","http://support.microsoft.com/kb/4550951","No LDR Only available","No LDR Only available","No LDR Only available","rEX","20-04Rollup"
"wldap32.dll","Dom_LDAPClient","6.0.6002.24130","0","11-Jul-2017","LDR","4025409 (v1.0)","Security update for the Windows elevation of privilege vulnerability in Windows Server 2008: July 11, 2017","http://support.microsoft.com/kb/4025409","2282241 (v1.0)","An error occurs when you use the alias name from an LDAP client computer that is running Windows Vista or Windows Server 2008 to try to establish SSL connections to nodes that host the LDAP service","http://support.microsoft.com/kb/2282241"," ","No Rollup"
"Lsass.exe","Dom_LSA","6.0.6003.20731","0","22-Jan-20","GDR","4550951","April 14, 2020-KB4550951 (Monthly Rollup)","http://support.microsoft.com/kb/4550951","No LDR Only available","No LDR Only available","No LDR Only available","rEX","20-04Rollup"
"Lsasrv.dll","Dom_LSA","6.0.6003.20731","0","22-Jan-20","GDR","4550951","April 14, 2020-KB4550951 (Monthly Rollup)","http://support.microsoft.com/kb/4550951","No LDR Only available","No LDR Only available","No LDR Only available","rEX","20-04Rollup"
"Ksecdd.sys","Dom_LSA","6.0.6003.20729","0","20-Jan-20","GDR","4550951","April 14, 2020-KB4550951 (Monthly Rollup)","http://support.microsoft.com/kb/4550951","No LDR Only available","No LDR Only available","No LDR Only available","rEX","20-04Rollup"
"Secur32.dll","Dom_LSA","6.0.6003.20731","0","22-Jan-20","GDR","4550951","April 14, 2020-KB4550951 (Monthly Rollup)","http://support.microsoft.com/kb/4550951","No LDR Only available","No LDR Only available","No LDR Only available","rEX","20-04Rollup"
"Schannel.dll","Dom_LSA","6.0.6003.20731","0","22-Jan-20","GDR","4550951","April 14, 2020-KB4550951 (Monthly Rollup)","http://support.microsoft.com/kb/4550951","No LDR Only available","No LDR Only available","No LDR Only available","rEX","20-04Rollup"
"scesrv.dll","Dom_SecAuditAndConfig","6.0.6002.24282","1","20-Feb-2018","LDR","4074834 (v1.0)","Event ID 1202 0x4b8 and event ID 1000 0xc0000409 errors in Windows Server 2008 SP2","http://support.microsoft.com/kb/4074834","No LDR Only available","No LDR Only available","No LDR Only available","rEX","No Rollup"
"winscard.dll","Dom_SC_Provider","6.0.6002.24327","1","05-Mar-2018","LDR","4090928 (v1.0)","Windows leaks handles in the lsm.exe process and smart card applications may display SCARD_E_NO_SERVICE"" errors""","http://support.microsoft.com/kb/4090928","No LDR Only available","No LDR Only available","No LDR Only available","rEX","No Rollup"
"basecsp.dll","Dom_SC_Provider","6.0.6002.24398","1","23-May-2018","LDR","4093227 (v1.0)","Description of the security update for the Windows Remote Desktop Protocol (RDP) denial of service vulnerability in Windows Server 2008: April 10, 2018","http://support.microsoft.com/kb/4093227","No LDR Only available","No LDR Only available","No LDR Only available","rEX","No Rollup"
"scksp.dll","Dom_SC_Provider","6.0.6002.24398","1","23-May-2018","LDR","4093227 (v1.0)","Description of the security update for the Windows Remote Desktop Protocol (RDP) denial of service vulnerability in Windows Server 2008: April 10, 2018","http://support.microsoft.com/kb/4093227","No LDR Only available","No LDR Only available","No LDR Only available","rEX","No Rollup"
"scardsvr.dll","Dom_SC_Srv","6.0.6002.22524","1","15.11.2010","LDR","2427997 (v1.0)","A process that connects to a smart card hangs when a program that requires you to use the smart card crashes in Windows Vista, in Windows Server 2008, in Windows 7 or in Windows Server 2008 R2","http://support.microsoft.com/kb/2427997","2427997 (v1.0)","A process that connects to a smart card hangs when a program that requires you to use the smart card crashes in Windows Vista, in Windows Server 2008, in Windows 7 or in Windows Server 2008 R2","http://support.microsoft.com/kb/2427997"," ","No Rollup"
"certprop.dll","Dom_SC_Srv","6.0.6002.22524","1","15.11.2010","LDR","2427997 (v1.0)","A process that connects to a smart card hangs when a program that requires you to use the smart card crashes in Windows Vista, in Windows Server 2008, in Windows 7 or in Windows Server 2008 R2","http://support.microsoft.com/kb/2427997","2427997 (v1.0)","A process that connects to a smart card hangs when a program that requires you to use the smart card crashes in Windows Vista, in Windows Server 2008, in Windows 7 or in Windows Server 2008 R2","http://support.microsoft.com/kb/2427997"," ","No Rollup"
"Crypt32.dll","Dom_CRYPTO","6.0.6003.20731","1","22-Jan-20","GDR","4550951","April 14, 2020-KB4550951 (Monthly Rollup)","http://support.microsoft.com/kb/4550951","No LDR Only available","No LDR Only available","No LDR Only available","rEX","20-04Rollup"
"Cryptsvc.dll","Dom_CRYPTO","6.0.6003.20731","1","22-Jan-20","GDR","4550951","April 14, 2020-KB4550951 (Monthly Rollup)","http://support.microsoft.com/kb/4550951","No LDR Only available","No LDR Only available","No LDR Only available","rEX","20-04Rollup"
"Cryptnet.dll","Dom_CRYPTO","6.0.6003.20731","1","22-Jan-20","GDR","4550951","April 14, 2020-KB4550951 (Monthly Rollup)","http://support.microsoft.com/kb/4550951","No LDR Only available","No LDR Only available","No LDR Only available","rEX","20-04Rollup"
"Wintrust.dll","Dom_CRYPTO","6.0.6003.20731","1","22-Jan-20","GDR","4550951","April 14, 2020-KB4550951 (Monthly Rollup)","http://support.microsoft.com/kb/4550951","No LDR Only available","No LDR Only available","No LDR Only available","rEX","20-04Rollup"
"dimsroam.dll","Dom_DIMS","6.0.6002.22892","1","11.07.2012","LDR","2520487 (v4.0)","AD DS database size increases significantly when the Credential Roaming feature is enabled in Windows 7 or in Windows Server 2008 R2","http://support.microsoft.com/kb/2520487","2520487 (v4.0)","AD DS database size increases significantly when the Credential Roaming feature is enabled in Windows 7 or in Windows Server 2008 R2","http://support.microsoft.com/kb/2520487"," ","No Rollup"
"gpapi.dll","Dom_GPSVC","6.0.6002.23972","1","12.05.2016","LDRGDR","3159398 (v1.0)","MS16-072: Description of the security update for Group Policy: June 14, 2016","http://support.microsoft.com/kb/3159398","2581608 (v1.0)","Logon scripts take a long time to run in Windows Vista, in Windows Server 2008, in Windows 7 or in Windows Server 2008 R2","http://support.microsoft.com/kb/2581608","rEX","No Rollup"
"gpsvc.dll","Dom_GPSVC","6.0.6002.23972","1","12.05.2016","LDRGDR","3159398 (v1.0)","MS16-072: Description of the security update for Group Policy: June 14, 2016","http://support.microsoft.com/kb/3159398","2581608 (v1.0)","Logon scripts take a long time to run in Windows Vista, in Windows Server 2008, in Windows 7 or in Windows Server 2008 R2","http://support.microsoft.com/kb/2581608","rEX","No Rollup"
"gpmgmt.dll","Dom_GPSVC","6.0.6002.22171","1","13.07.2009","LDR","969867 (v1.0)","FIX: You cannot import or paste some group policies across domains by using the ""Group Policy Management"" MMC snap-in","http://support.microsoft.com/kb/969867","969867 (v1.0)","FIX: You cannot import or paste some group policies across domains by using the ""Group Policy Management"" MMC snap-in","http://support.microsoft.com/kb/969867"," ","No Rollup"
"gprsop.dll","Dom_GPSVC","6.0.6002.22171","1","13.07.2009","LDR","969867 (v1.0)","FIX: You cannot import or paste some group policies across domains by using the ""Group Policy Management"" MMC snap-in","http://support.microsoft.com/kb/969867","969867 (v1.0)","FIX: You cannot import or paste some group policies across domains by using the ""Group Policy Management"" MMC snap-in","http://support.microsoft.com/kb/969867"," ","No Rollup"
"Userenv.dll","Dom_GPSVC","6.0.6003.20668","1","5-Nov-19","GDR","4550951","April 14, 2020-KB4550951 (Monthly Rollup)","http://support.microsoft.com/kb/4550951","No LDR Only available","No LDR Only available","No LDR Only available","rEX","20-04Rollup"
"gpprnext.dll","Dom_GPExt","6.0.6002.22131","1","12.05.2009","LDR","967113 (v1.0)","Per-machine printer connections that are removed are still displayed in the GPO report about a print client computer that is running Windows Server 2008 or Windows Vista","http://support.microsoft.com/kb/967113","967113 (v1.0)","Per-machine printer connections that are removed are still displayed in the GPO report about a print client computer that is running Windows Server 2008 or Windows Vista","http://support.microsoft.com/kb/967113"," ","No Rollup"
"gpprefcl.dll","Dom_GPP","6.0.6002.23972","1","12.05.2016","LDRGDR","3159398 (v1.0)","MS16-072: Description of the security update for Group Policy: June 14, 2016","http://support.microsoft.com/kb/3159398","3036089 (v1.0)","""0x80070003"" error when a Group Policy preference is applied to a domain-joined computer in Windows Server 2008","http://support.microsoft.com/kb/3036089","rEX","No Rollup"
"gpme.dll","Dom_GPP","6.0.6002.23339","1","11.03.2014","LDRGDR","2928120 (v1.4)","MS14-025: Description of the security update for Group Policy Preferences for systems that have update 2919355 installed: May 13, 2014","http://support.microsoft.com/kb/2928120","2548478 (v1.0)","The start time of a scheduled task in Group Policy Management Editor is changed incorrectly in Windows Vista or in Windows Server 2008","http://support.microsoft.com/kb/2548478"," ","No Rollup"
"gppref.dll","Dom_GPP","6.0.6002.23339","1","11.03.2014","LDRGDR","2928120 (v1.4)","MS14-025: Description of the security update for Group Policy Preferences for systems that have update 2919355 installed: May 13, 2014","http://support.microsoft.com/kb/2928120","2548478 (v1.0)","The start time of a scheduled task in Group Policy Management Editor is changed incorrectly in Windows Vista or in Windows Server 2008","http://support.microsoft.com/kb/2548478"," ","No Rollup"
"gpprefbr.dll","Dom_GPP","6.0.6002.23339","1","11.03.2014","LDRGDR","2928120 (v1.4)","MS14-025: Description of the security update for Group Policy Preferences for systems that have update 2919355 installed: May 13, 2014","http://support.microsoft.com/kb/2928120","2548478 (v1.0)","The start time of a scheduled task in Group Policy Management Editor is changed incorrectly in Windows Vista or in Windows Server 2008","http://support.microsoft.com/kb/2548478"," ","No Rollup"
"gpprefcn.dll","Dom_GPP","6.0.6002.23339","1","11.03.2014","LDRGDR","2928120 (v1.4)","MS14-025: Description of the security update for Group Policy Preferences for systems that have update 2919355 installed: May 13, 2014","http://support.microsoft.com/kb/2928120","2548478 (v1.0)","The start time of a scheduled task in Group Policy Management Editor is changed incorrectly in Windows Vista or in Windows Server 2008","http://support.microsoft.com/kb/2548478"," ","No Rollup"
"gpregistrybrowser.dll","Dom_GPP","6.0.6002.23339","1","11.03.2014","LDRGDR","2928120 (v1.4)","MS14-025: Description of the security update for Group Policy Preferences for systems that have update 2919355 installed: May 13, 2014","http://support.microsoft.com/kb/2928120","2548478 (v1.0)","The start time of a scheduled task in Group Policy Management Editor is changed incorrectly in Windows Vista or in Windows Server 2008","http://support.microsoft.com/kb/2548478"," ","No Rollup"
"propshts.dll","Dom_GPP","6.0.6002.23339","1","11.03.2014","LDRGDR","2928120 (v1.4)","MS14-025: Description of the security update for Group Policy Preferences for systems that have update 2919355 installed: May 13, 2014","http://support.microsoft.com/kb/2928120","2548478 (v1.0)","The start time of a scheduled task in Group Policy Management Editor is changed incorrectly in Windows Vista or in Windows Server 2008","http://support.microsoft.com/kb/2548478"," ","No Rollup"
"profprov.dll","Dom_ProfProc","6.0.6002.23557","1","06.12.2014","LDR","3021674 (v1.1)","MS15-003: Vulnerability in Windows User Profile service could allow elevation of privilege: January 13, 201","http://support.microsoft.com/kb/3021674","3021674 (v1.1)","MS15-003: Vulnerability in Windows User Profile service could allow elevation of privilege: January 13, 201","http://support.microsoft.com/kb/3021674"," ","No Rollup"
"profsvc.dll","Dom_ProfProc","6.0.6002.23557","1","06.12.2014","LDRGDR","3021674 (v1.1)","MS15-003: Vulnerability in Windows User Profile service could allow elevation of privilege: January 13, 201","http://support.microsoft.com/kb/3021674","2685893 (v1.0)","Error messages after you change the 2047 character limit in an environment variable on a computer that is running Windows 7 or Windows Server 2008 R2","http://support.microsoft.com/kb/2685893"," ","No Rollup"
"esent.dll","Dom_ESENT","6.0.6002.22985","0","24.11.2012","LDR","2786623 (v1.0)","Tuple index is corrupted in a Windows Server 2008 domain or in an LDS instance","http://support.microsoft.com/kb/2786623","2786623 (v1.0)","Tuple index is corrupted in a Windows Server 2008 domain or in an LDS instance","http://support.microsoft.com/kb/2786623"," ","No Rollup"
"ntdsai.dll","Dom_NTDSAI","6.0.6002.24130","0","11-Jun-2017","LDRGDR","4025409 (v1.0)","Security update for the Windows elevation of privilege vulnerability in Windows Server 2008: July 11, 2017","http://support.microsoft.com/kb/4025409","2913087 (v1.0)","Lsass.exe process crashes and error code 255 is logged because of a CNF NTDS Settings object in Active Directory on Windows 7 or Windows Server 2008 R2","http://support.microsoft.com/kb/2913087","rEX","No Rollup"
"Ntdsutil.exe","Dom_NTDSAI","6.0.6002.22758","1","19.12.2011","LDR","2644042 (v6.0)","""error -1101"" when you use the Ntdsutil.exe utility to check an AD DS database's integrity in Windows Server 2008 R2 or in Windows Server 2008","http://support.microsoft.com/kb/2644042","2644042 (v6.0)","""error -1101"" when you use the Ntdsutil.exe utility to check an AD DS database's integrity in Windows Server 2008 R2 or in Windows Server 2008","http://support.microsoft.com/kb/2644042","rEX","No Rollup"
"samsrv.dll","Dom_SAMSRV","6.0.6002.23936","0","18.03.2016","LDRGDR","3148527 (v1.0)","MS16-047: Security update for SAM and LSAD remote protocols: April 12, 2016","http://support.microsoft.com/kb/3148527","2641192 (v1.0)","The badPwdCount attribute is not reset to 0 on a Windows Server 2008 R2-based or Windows Server 2008-based PDC when the reset request is sent from an RODC","http://support.microsoft.com/kb/2641192","rEX","No Rollup"
"samlib.dll","Dom_SAMSRV","6.0.6002.23936","0","18.03.2016","LDRGDR","3148527 (v1.0)","MS16-047: Security update for SAM and LSAD remote protocols: April 12, 2016","http://support.microsoft.com/kb/3148527","2641192 (v1.0)","The badPwdCount attribute is not reset to 0 on a Windows Server 2008 R2-based or Windows Server 2008-based PDC when the reset request is sent from an RODC","http://support.microsoft.com/kb/2641192","rEX","No Rollup"
"Kdcsvc.dll","Dom_KDCSVC","6.0.6003.20574","0","11-Jun-19","GDR","4550951","April 14, 2020-KB4550951 (Monthly Rollup)","http://support.microsoft.com/kb/4550951","No LDR Only available","No LDR Only available","No LDR Only available","rEX","20-04Rollup"
"dfsrs.exe","Dom_DFS-R","6.0.6002.23026","0","24.01.2013","LDR","2387778 (v1.0)","You find a very large increase in the DFS Replication backlogs","http://support.microsoft.com/kb/2387778","2387778 (v1.0)","You find a very large increase in the DFS Replication backlogs","http://support.microsoft.com/kb/2387778"," ","No Rollup"
"dfsrress.dll","Dom_DFS-R","6.0.6002.23026","0","24.01.2013","LDR","2387778 (v1.0)","You find a very large increase in the DFS Replication backlogs","http://support.microsoft.com/kb/2387778","2387778 (v1.0)","You find a very large increase in the DFS Replication backlogs","http://support.microsoft.com/kb/2387778"," ","No Rollup"
"microsoft.identityserver.service.dll","Dom_ADFS","6.1.7601.23675","0","10-Feb-2017","LDRGDR","3217882 (v1.1)","MS17-019: Description of the security update for Active Directory Federation Services: March 14, 2017","http://support.microsoft.com/kb/3217882","2896713 (v1.0)","Update is available to fix several issues after you install security update 2843638 on an AD FS server","http://support.microsoft.com/kb/2896713","rEX","No Rollup"
"microsoft.identityserver.dll","Dom_ADFS","6.1.7601.23675","0","10-Feb-2017","LDRGDR","3217882 (v1.1)","MS17-019: Description of the security update for Active Directory Federation Services: March 14, 2017","http://support.microsoft.com/kb/3217882","2896713 (v1.0)","Update is available to fix several issues after you install security update 2843638 on an AD FS server","http://support.microsoft.com/kb/2896713","rEX","No Rollup"
"clussvc.exe","Cluster_Core","6.0.6002.23245","0","17.10.2013","LDR","2898118 (v1.0)","Changed cluster properties revert to default values on cluster nodes that run Windows Server 2008 SP2","http://support.microsoft.com/kb/2898118","2898118 (v1.0)","Changed cluster properties revert to default values on cluster nodes that run Windows Server 2008 SP2","http://support.microsoft.com/kb/2898118"," ","No Rollup"
"cluswmi.dll","Cluster_Core","6.0.6002.23245","0","17.10.2013","LDR","2898118 (v1.0)","Changed cluster properties revert to default values on cluster nodes that run Windows Server 2008 SP2","http://support.microsoft.com/kb/2898118","2898118 (v1.0)","Changed cluster properties revert to default values on cluster nodes that run Windows Server 2008 SP2","http://support.microsoft.com/kb/2898118"," ","No Rollup"
"rhs.exe","Cluster_Core","6.0.6002.22984","0","23.11.2012","LDR","2782761 (v1.0)","Hotfix enables a dump file to be generated when the Rhs.exe process detects a deadlock condition in Windows Server 2008","http://support.microsoft.com/kb/2782761","2782761 (v1.0)","Hotfix enables a dump file to be generated when the Rhs.exe process detects a deadlock condition in Windows Server 2008","http://support.microsoft.com/kb/2782761"," ","No Rollup"
"clusres.dll","Cluster_Core","6.0.6002.23657","0","27.03.2015","LDRGDR","3050293 (v1.0)","Cluster resources are not initialized correctly after Rhs.exe process crashes on a Windows Server 2008 SP2-based cluster","http://support.microsoft.com/kb/3050293","2685891 (v1.0)","CAP does not come online in a Windows Server 2008 R2-based failover cluster","http://support.microsoft.com/kb/2685891"," ","No Rollup"
"volsnap.sys","Cluster_Volsnap","6.0.6002.22987","0","27.11.2012","LDR","2787113 (v1.0)","""0x00000050"" Stop error when you create a snapshot by using the VSS in Windows Vista or in Windows Server 2008","http://support.microsoft.com/kb/2787113","2787113 (v1.0)","""0x00000050"" Stop error when you create a snapshot by using the VSS in Windows Vista or in Windows Server 2008","http://support.microsoft.com/kb/2787113"," ","No Rollup"
"cprepsrv.exe","Cluster_Validation","6.0.6002.22268","1","17.11.2009","LDR","975665 (v1.0)","The time stamps in the Cluster log are less accurate compared to the system time that is used for events on a failover cluster node that is running a non-English version of Windows Server 2008","http://support.microsoft.com/kb/975665","975665 (v1.0)","The time stamps in the Cluster log are less accurate compared to the system time that is used for events on a failover cluster node that is running a non-English version of Windows Server 2008","http://support.microsoft.com/kb/975665"," ","No Rollup"
"failoverclusters.agent.interop.dll","Cluster_Validation","6.0.6002.22485","1","13.09.2010","LDR","976097 (v1.0)","Hotfix to add support for asymmetric storages to the Failover Cluster Management MMC snap-in for a failover cluster that is running Windows Server 2008 or Windows Server 2008 R2","http://support.microsoft.com/kb/976097","976097 (v1.0)","Hotfix to add support for asymmetric storages to the Failover Cluster Management MMC snap-in for a failover cluster that is running Windows Server 2008 or Windows Server 2008 R2","http://support.microsoft.com/kb/976097"," ","No Rollup"
"Ntoskrnl.exe","Core_Kernel","6.0.6003.20731","0","22-Jan-20","GDR","4550951","April 14, 2020-KB4550951 (Monthly Rollup)","http://support.microsoft.com/kb/4550951","No LDR Only available","No LDR Only available","No LDR Only available","rEX","20-04Rollup"
"ntkrnlpa.exe","Core_Kernel","6.0.6003.20731","0","22-Jan-20","GDR","4550951","April 14, 2020-KB4550951 (Monthly Rollup)","http://support.microsoft.com/kb/4550951","No LDR Only available","No LDR Only available","No LDR Only available","rEX","20-04Rollup"
"Ntdll.dll","Core_Kernel","6.0.6003.20731","0","22-Jan-20","GDR","4550951","April 14, 2020-KB4550951 (Monthly Rollup)","http://support.microsoft.com/kb/4550951","No LDR Only available","No LDR Only available","No LDR Only available","rEX","20-04Rollup"
"Hal.dll","Core_Kernel","6.0.6003.20812","0","11-Mar-20","GDR","4550951","April 14, 2020-KB4550951 (Monthly Rollup)","http://support.microsoft.com/kb/4550951","No LDR Only available","No LDR Only available","No LDR Only available","rEX","20-04Rollup"
"fltmgr.sys","Core_Kernel","6.0.6002.24339","0","09-Mar-2018","LDR","4090450 (v1.0)","Description of the security update for the speculative execution side-channel vulnerabilities in Windows Server 2008: March 13, 2018","http://support.microsoft.com/kb/4090450","No LDR Only available","No LDR Only available","No LDR Only available","rEX","No Rollup"
"win32k.sys","Core_Kernel","6.0.6003.20802","0","12-Mar-20","GDR","4550951","April 14, 2020-KB4550951 (Monthly Rollup)","http://support.microsoft.com/kb/4550951","No LDR Only available","No LDR Only available","No LDR Only available","rEX","20-04Rollup"
"Ntfs.sys","Core_FileSystem","6.0.6003.20749","0","9-Feb-20","GDR","4550951","April 14, 2020-KB4550951 (Monthly Rollup)","http://support.microsoft.com/kb/4550951","No LDR Only available","No LDR Only available","No LDR Only available","rEX","20-04Rollup"
"msiscsi.sys","Core_DiskSystem","6.0.6002.22814","0","09.03.2012","LDR","2684681 (v1.0)","Iscsicpl.exe process stops responding when you try to reconnect a storage device to a computer that is running Windows Vista, Windows Server 2008, Windows 7, or Windows Server 2008 R2","http://support.microsoft.com/kb/2684681","2684681 (v1.0)","Iscsicpl.exe process stops responding when you try to reconnect a storage device to a computer that is running Windows Vista, Windows Server 2008, Windows 7, or Windows Server 2008 R2","http://support.microsoft.com/kb/2684681"," ","No Rollup"
"storport.sys","Core_DiskSystem","6.0.6002.22969","0","08.11.2012","LDR","2780444 (v1.0)","""0x0000012E"" Stop error occurs when an application sends a 12-byte SCSI opcode to an iSCSI target in Windows Vista SP2, Windows Server 2008 SP2, Windows 7 SP1, and Windows Server 2008 R2 SP1","http://support.microsoft.com/kb/2780444","2780444 (v1.0)","""0x0000012E"" Stop error occurs when an application sends a 12-byte SCSI opcode to an iSCSI target in Windows Vista SP2, Windows Server 2008 SP2, Windows 7 SP1, and Windows Server 2008 R2 SP1","http://support.microsoft.com/kb/2780444"," ","No Rollup"
"repdrvfs.dll","Core_WMI","6.0.6002.22526","0","17.11.2010","LDR","2464876 (v1.0)","The WMI repository is corrupted on a computer that is running Windows Server 2008 or Windows Vista","http://support.microsoft.com/kb/2464876","2464876 (v1.0)","The WMI repository is corrupted on a computer that is running Windows Server 2008 or Windows Vista","http://support.microsoft.com/kb/2464876"," ","No Rollup"
"mpio.sys","Core_MPIO","6.0.6002.23457","0","08.08.2014","LDRGDR","2990170 (v1.0)","Multipath I/O identifies different disks as the same disk in Windows","http://support.microsoft.com/kb/2990170","2754704 (v1.0)","A hotfix is available that provides a mechanism for DSM to notify MPIO that a particular path is back to online in Windows Server 2008","http://support.microsoft.com/kb/2754704"," ","No Rollup"
"msdsm.sys","Core_MPIO","6.0.6002.23457","0","08.08.2014","LDRGDR","2990170 (v1.0)","Multipath I/O identifies different disks as the same disk in Windows","http://support.microsoft.com/kb/2990170","2878031 (v1.0)","""0x000000D1"" Stop error when you try to open the MPIO console on a computer that is running Windows Server 2008 SP2","http://support.microsoft.com/kb/2878031"," ","No Rollup"
"Advapi32.dll","Core_Apps","6.0.6003.20731","0","22-Jan-20","GDR","4550951","April 14, 2020-KB4550951 (Monthly Rollup)","http://support.microsoft.com/kb/4550951","No LDR Only available","No LDR Only available","No LDR Only available","rEX","20-04Rollup"
"vssapi.dll","Core_VSS","6.0.6002.22267","1","16.11.2009","LDR","975928 (v1.0)","A parallel backup operation may fail when the operation is performed by Volume Shadow Copy Service (VSS)","http://support.microsoft.com/kb/975928","975928 (v1.0)","A parallel backup operation may fail when the operation is performed by Volume Shadow Copy Service (VSS)","http://support.microsoft.com/kb/975928"," ","No Rollup"
"vsstrace.dll","Core_VSS","6.0.6002.22267","1","16.11.2009","LDR","975928 (v1.0)","A parallel backup operation may fail when the operation is performed by Volume Shadow Copy Service (VSS)","http://support.microsoft.com/kb/975928","975928 (v1.0)","A parallel backup operation may fail when the operation is performed by Volume Shadow Copy Service (VSS)","http://support.microsoft.com/kb/975928"," ","No Rollup"
"swprv.dll","Core_VSS","6.0.6002.22137","1","16.05.2009","LDR","971394 (v1.0)","A backup of virtual machines fails when you use the Hyper-V VSS writer to back up virtual machines concurrently on a computer that is running Windows Server 2008","http://support.microsoft.com/kb/971394","971394 (v1.0)","A backup of virtual machines fails when you use the Hyper-V VSS writer to back up virtual machines concurrently on a computer that is running Windows Server 2008","http://support.microsoft.com/kb/971394"," ","No Rollup"
"spp.dll","Core_VSS","6.0.6002.22641","1","13.05.2011","LDR","2457458 (v1.0)","Windows backup fails when you back up data from the root folder of a mount point","http://support.microsoft.com/kb/2457458","2457458 (v1.0)","Windows backup fails when you back up data from the root folder of a mount point","http://support.microsoft.com/kb/2457458"," ","No Rollup"
"wbengine.exe","Core_VSS","6.0.6002.22910","1","24.08.2012","LDR","2727978 (v3.0)","Error message when you run ""wbadmin start systemstatebackup"" to back up the system state of a Windows Vista-based or Windows Server 2008-based virtual machine that is running on a VMware host server","http://support.microsoft.com/kb/2727978","2727978 (v3.0)","Error message when you run ""wbadmin start systemstatebackup"" to back up the system state of a Windows Vista-based or Windows Server 2008-based virtual machine that is running on a VMware host server","http://support.microsoft.com/kb/2727978","rEX","No Rollup"
"pci.sys","Core_Sys","6.0.6003.20514","1","19-Apr-19","GDR","4550951","April 14, 2020-KB4550951 (Monthly Rollup)","http://support.microsoft.com/kb/4550951","No LDR Only available","No LDR Only available","No LDR Only available","rEX","20-04Rollup"
"Termdd.sys","Core_Sys","6.0.6003.20514","1","19-Apr-19","GDR","4550951","April 14, 2020-KB4550951 (Monthly Rollup)","http://support.microsoft.com/kb/4550951","No LDR Only available","No LDR Only available","No LDR Only available","rEX","20-04Rollup"
"Volmgr.sys","Core_Sys","6.0.6003.20514","1","19-Apr-19","GDR","4550951","April 14, 2020-KB4550951 (Monthly Rollup)","http://support.microsoft.com/kb/4550951","No LDR Only available","No LDR Only available","No LDR Only available","rEX","20-04Rollup"
"Tzres.dll","Core_TimeZone","6.0.6003.20642","1","7-Sep-19","GDR","4550951","April 14, 2020-KB4550951 (Monthly Rollup)","http://support.microsoft.com/kb/4550951","No LDR Only available","No LDR Only available","No LDR Only available","rEX","20-04Rollup"
"qmgr.dll","Net_BiTS","7.0.6002.22679","1","14.07.2011","LDR","2579921 (v1.0)","BITS peer caching does not work in a domain that has a disjoint namespace on a Windows Vista-based or Windows Server 2008-based computer","http://support.microsoft.com/kb/2579921","2579921 (v1.0)","BITS peer caching does not work in a domain that has a disjoint namespace on a Windows Vista-based or Windows Server 2008-based computer","http://support.microsoft.com/kb/2579921","rEX","No Rollup"
"Vmswitch.sys","Hyper-V_Net","6.0.6003.20665","1","14-Oct-19","GDR","4550951","April 14, 2020-KB4550951 (Monthly Rollup)","http://support.microsoft.com/kb/4550951","No LDR Only available","No LDR Only available","No LDR Only available","rEX","20-04Rollup"
"Vmsntfy.dll","Hyper-V_Net","6.0.6003.20665","1","14-Oct-19","GDR","4550951","April 14, 2020-KB4550951 (Monthly Rollup)","http://support.microsoft.com/kb/4550951","No LDR Only available","No LDR Only available","No LDR Only available","rEX","20-04Rollup"
"Vmms.exe","Hyper-V_Net","6.0.6003.20682","1","1-Nov-19","GDR","4550951","April 14, 2020-KB4550951 (Monthly Rollup)","http://support.microsoft.com/kb/4550951","No LDR Only available","No LDR Only available","No LDR Only available","rEX","20-04Rollup"
"rasapi32.dll","HNV_Net","6.0.6002.22637","1","07.05.2011","LDR","2548491 (v1.0)","A SSTP connection to an external SSTP server from a computer that is running Windows Vista or Windows Server 2008 does not work","http://support.microsoft.com/kb/2548491","2548491 (v1.0)","A SSTP connection to an external SSTP server from a computer that is running Windows Vista or Windows Server 2008 does not work","http://support.microsoft.com/kb/2548491"," ","No Rollup"
"mprapi.dll","HNV_Net","6.0.6002.22268","1","17.11.2009","LDR","977656 (v1.0)","You cannot use CHAP or PAP authentication to create a VPN connection to a computer that is running Windows Vista or Windows Server 2008","http://support.microsoft.com/kb/977656","977656 (v1.0)","You cannot use CHAP or PAP authentication to create a VPN connection to a computer that is running Windows Vista or Windows Server 2008","http://support.microsoft.com/kb/977656"," ","No Rollup"
"rdpshell.exe","RDS_remote_App","6.0.6002.22681","0","19.07.2011","LDR","2579055 (v1.0)","A started RemoteApp application is intermittently not visible in Windows Server 2008","http://support.microsoft.com/kb/2579055","2579055 (v1.0)","A started RemoteApp application is intermittently not visible in Windows Server 2008","http://support.microsoft.com/kb/2579055"," ","No Rollup"
"tscfgwmi.dll","RDS_remote_App","6.0.6002.22792","0","07.02.2012","LDR","971403 (v3.0)","The ""Win32_share"" WMI class cannot enumerate file shares or create file shares on a node in a Windows Server 2008 failover cluster","http://support.microsoft.com/kb/971403","971403 (v3.0)","The ""Win32_share"" WMI class cannot enumerate file shares or create file shares on a node in a Windows Server 2008 failover cluster","http://support.microsoft.com/kb/971403"," ","No Rollup"
"Audioeng.dll","RDS_devRdr","6.0.6003.20566","1","13-Jun-19","GDR","4550951","April 14, 2020-KB4550951 (Monthly Rollup)","http://support.microsoft.com/kb/4550951","No LDR Only available","No LDR Only available","No LDR Only available","rEX","20-04Rollup"
"Audiokse.dll","RDS_devRdr","6.0.6003.20566","1","13-Jun-19","GDR","4550951","April 14, 2020-KB4550951 (Monthly Rollup)","http://support.microsoft.com/kb/4550951","No LDR Only available","No LDR Only available","No LDR Only available","rEX","20-04Rollup"
"Audioses.dll","RDS_devRdr","6.0.6003.20566","1","13-Jun-19","GDR","4550951","April 14, 2020-KB4550951 (Monthly Rollup)","http://support.microsoft.com/kb/4550951","No LDR Only available","No LDR Only available","No LDR Only available","rEX","20-04Rollup"
"Audiosrv.dll","RDS_devRdr","6.0.6003.20566","1","13-Jun-19","GDR","4550951","April 14, 2020-KB4550951 (Monthly Rollup)","http://support.microsoft.com/kb/4550951","No LDR Only available","No LDR Only available","No LDR Only available","rEX","20-04Rollup"
"xpsgdiconverter.dll","RDS_msTsc","7.0.6002.22594","1","24.02.2011","LDRGDR","2505189 (v1.1)","An update is available for DirectWrite and XPS issues in Windows Vista SP2 and in Windows Server 2008 SP2","http://support.microsoft.com/kb/2505189","No LDR Only available","No LDR Only available","No LDR Only available"," ","No Rollup"
"tssdis.exe","RDS_vHost","6.0.6002.22615","0","18.03.2011","LDR","2522829 (v1.0)","Sessions are not correctly distributed after the Terminal Services Session Broker service runs for 25 or more days consecutively in Windows Server 2008","http://support.microsoft.com/kb/2522829","2522829 (v1.0)","Sessions are not correctly distributed after the Terminal Services Session Broker service runs for 25 or more days consecutively in Windows Server 2008","http://support.microsoft.com/kb/2522829"," ","No Rollup"
"aaedge.dll","RDS_gateway","6.0.6002.22719","1","21.09.2011","LDR","2620264 (v1.0)","You cannot start any RemoteApp applications through a Windows Server 2008-based or Windows Server 2008 R2-based TS gateway","http://support.microsoft.com/kb/2620264","2620264 (v1.0)","You cannot start any RemoteApp applications through a Windows Server 2008-based or Windows Server 2008 R2-based TS gateway","http://support.microsoft.com/kb/2620264"," ","No Rollup"
"lserver.dll","RDS_license","6.0.6002.22677","1","13.07.2011","LDR","2542272 (v1.0)","You receive a temporary TS CAL when the DN of a user account contains the forward slash-mark character in Windows Server 2008 if Per User licensing mode is used","http://support.microsoft.com/kb/2542272","2542272 (v1.0)","You receive a temporary TS CAL when the DN of a user account contains the forward slash-mark character in Windows Server 2008 if Per User licensing mode is used","http://support.microsoft.com/kb/2542272"," ","No Rollup"
"licmgr.exe","RDS_license","6.0.6002.23131","1","03.06.2013","LDRGDR","2855919 (v1.0)","New countries are added to the Activate Server wizard on a Windows Server 2012, Windows Server 2008 R2 SP1, or Windows Server 2008 SP2-based license server","http://support.microsoft.com/kb/2855919","983385 (v1.0)","Event ID 17 is logged in the System log on a TS Licensing server or on a RD Licensing server in Windows Server 2003 SP2, in Windows Server 2008, or in Windows Server 2008 R2","http://support.microsoft.com/kb/983385"," ","No Rollup"
"dxgkrnl.sys","RDS_host","7.0.6003.20617","1","12-Aug-19","GDR","4550951","April 14, 2020-KB4550951 (Monthly Rollup)","http://support.microsoft.com/kb/4550951","No LDR Only available","No LDR Only available","No LDR Only available","rEX","20-04Rollup"
"sessenv.dll","RDS_host","6.0.6002.23456","1","05.08.2014","LDR","2752618 (v1.0)","RDS client computer cannot connect to the RDS server by using a remote desktop connection in Windows 7 or in Windows Server 2008 R2","http://support.microsoft.com/kb/2752618","2752618 (v1.0)","RDS client computer cannot connect to the RDS server by using a remote desktop connection in Windows 7 or in Windows Server 2008 R2","http://support.microsoft.com/kb/2752618"," ","No Rollup"
"Localspl.dll","Print_Spool","6.0.6002.24561","0","14-Feb-19","GDR","4550951","April 14, 2020-KB4550951 (Monthly Rollup)","http://support.microsoft.com/kb/4550951","No LDR Only available","No LDR Only available","No LDR Only available","rEX","20-04Rollup"
"win32spl.dll","Print_Spool","6.0.6002.24182","0","12-Sep-2017","LDRGDR","3170455 (v2.0)","MS16-087: Description of the security update for Windows print spooler components: July 12, 2016","http://support.microsoft.com/kb/3170455","2748246 (v1.0)","""The Specified port is unknown"" error message when you use GPP to deploy printers to a computer that is running Windows 7 or Windows Server 2008 R2","http://support.microsoft.com/kb/2748246","rEX","No Rollup"
"printcom.dll","Print_Spool","6.0.6002.24182","0","12-Sep-2017","LDRGDR","3170455 (v2.0)","MS16-087: Description of the security update for Windows print spooler components: July 12, 2016","http://support.microsoft.com/kb/3170455","2748246 (v1.0)","""The Specified port is unknown"" error message when you use GPP to deploy printers to a computer that is running Windows 7 or Windows Server 2008 R2","http://support.microsoft.com/kb/2748246","rEX","No Rollup"
"printbrm.exe","Print_App","6.0.6002.24182","0","12-Sep-2017","LDRGDR","3170455 (v2.0)","MS16-087: Description of the security update for Windows print spooler components: July 12, 2016","http://support.microsoft.com/kb/3170455","971428 (v1.0)","The Printbrm.exe command-line tool restores printers that are associated with USB ports as FILE ports on computers that are running Windows Vista or Windows Server 2008","http://support.microsoft.com/kb/971428","rEX","No Rollup"
"spoolss.dll","Print_Spool","6.0.6002.22628","0","21.04.2011","LDRGDR","2540589 (v1.0)","Wrong print output when you print content that contains fonts that have obfuscated names by using Internet Explorer 9 in Windows Vista or in Windows Server 2008","http://support.microsoft.com/kb/2540589","2532459 (v1.0)","Print queue does not work if the queue is not one of the first 100 queues installed in a Windows Server 2008 or Windows Server 2008 R2 Terminal Services session","http://support.microsoft.com/kb/2532459"," ","No Rollup"
"spoolsv.exe","Print_Spool","6.0.6002.22545","0","11.12.2010","LDRGDR","2480118 (v1.0)","You cannot print results to files by using web applications in Windows Server 2003, Windows Vista, Windows Server 2008, Windows 7, or Windows Server 2008 R2 after you install security update MS10-061","http://support.microsoft.com/kb/2480118","No LDR Only available","No LDR Only available","No LDR Only available"," ","No Rollup"
"winspool.drv","Print_Spool","6.0.6002.24561","0","12-Mar-2019","GDR","4550951","April 14, 2020-KB4550951 (Monthly Rollup)","http://support.microsoft.com/kb/4550951","No LDR Only available","No LDR Only available","No LDR Only available","rEX","20-04Rollup"
"Ntprint.exe","Print_App","6.0.6002.24561","0","14-Feb-19","GDR","4550951","April 14, 2020-KB4550951 (Monthly Rollup)","http://support.microsoft.com/kb/4550951","No LDR Only available","No LDR Only available","No LDR Only available","rEX","20-04Rollup"
"Printui.dll","Print_App","6.0.6002.24561","0","14-Feb-19","GDR","4550951","April 14, 2020-KB4550951 (Monthly Rollup)","http://support.microsoft.com/kb/4550951","No LDR Only available","No LDR Only available","No LDR Only available","rEX","20-04Rollup"
"Printfilterpipelineprxy.dll","Print_App","6.0.6003.20699","0","14-Nov-19","GDR","4550951","April 14, 2020-KB4550951 (Monthly Rollup)","http://support.microsoft.com/kb/4550951","No LDR Only available","No LDR Only available","No LDR Only available","rEX","20-04Rollup"
"Printfilterpipelinesvc.exe","Print_App","6.0.6003.20699","0","14-Nov-19","GDR","4550951","April 14, 2020-KB4550951 (Monthly Rollup)","http://support.microsoft.com/kb/4550951","No LDR Only available","No LDR Only available","No LDR Only available","rEX","20-04Rollup"
"splwow64.exe","Print_App","6.0.6002.24561","0","14-Feb-19","GDR","4550951","April 14, 2020-KB4550951 (Monthly Rollup)","http://support.microsoft.com/kb/4550951","No LDR Only available","No LDR Only available","No LDR Only available","rEX","20-04Rollup"
"mxdwdrv.dll","Print_Driver","0.3.7601.21760","1","16.07.2011","LDR","977225 (v3.0)","Incorrect lines are printed when a Word document is printed on a computer that is running Windows XP, Windows Server 2003, Windows Vista, Windows Server 2008, Windows 7 or Windows Server 2008 R2","http://support.microsoft.com/kb/977225","977225 (v3.0)","Incorrect lines are printed when a Word document is printed on a computer that is running Windows XP, Windows Server 2003, Windows Vista, Windows Server 2008, Windows 7 or Windows Server 2008 R2","http://support.microsoft.com/kb/977225"," ","No Rollup"
"pcl4res.dll","Print_Driver","0.3.5479.0","1","09.03.2011","LDR","2462317 (v2.0)","You receive incorrect print output if the IPrintPipelineProgressReport interface is used in your printing application on a Windows XP SP3 or Windows Server 2003 SP2-based computer","http://support.microsoft.com/kb/2462317","2462317 (v2.0)","You receive incorrect print output if the IPrintPipelineProgressReport interface is used in your printing application on a Windows XP SP3 or Windows Server 2003 SP2-based computer","http://support.microsoft.com/kb/2462317"," ","No Rollup"
"pscript5.dll","Print_Driver","0.3.6002.22604","1","09.03.2011","LDR","2165648 (v2.0)","The page size may be incorrect when you save a PDF document as an XPS document in Adobe Reader","http://support.microsoft.com/kb/2165648","2165648 (v2.0)","The page size may be incorrect when you save a PDF document as an XPS document in Adobe Reader","http://support.microsoft.com/kb/2165648"," ","No Rollup"
"unidrv.dll","Print_Driver","0.3.7601.21760","1","16.07.2011","LDR","977225 (v3.0)","Incorrect lines are printed when a Word document is printed on a computer that is running Windows XP, Windows Server 2003, Windows Vista, Windows Server 2008, Windows 7 or Windows Server 2008 R2","http://support.microsoft.com/kb/977225","977225 (v3.0)","Incorrect lines are printed when a Word document is printed on a computer that is running Windows XP, Windows Server 2003, Windows Vista, Windows Server 2008, Windows 7 or Windows Server 2008 R2","http://support.microsoft.com/kb/977225"," ","No Rollup"
"unires.dll","Print_Driver","0.3.6002.22604","1","09.03.2011","LDR","2165648 (v2.0)","The page size may be incorrect when you save a PDF document as an XPS document in Adobe Reader","http://support.microsoft.com/kb/2165648","2165648 (v2.0)","The page size may be incorrect when you save a PDF document as an XPS document in Adobe Reader","http://support.microsoft.com/kb/2165648"," ","No Rollup"
"xpssvcs.dll","Print_Driver","6.1.7601.21760","1","16.07.2011","LDR","977225 (v3.0)","Incorrect lines are printed when a Word document is printed on a computer that is running Windows XP, Windows Server 2003, Windows Vista, Windows Server 2008, Windows 7 or Windows Server 2008 R2","http://support.microsoft.com/kb/977225","977225 (v3.0)","Incorrect lines are printed when a Word document is printed on a computer that is running Windows XP, Windows Server 2003, Windows Vista, Windows Server 2008, Windows 7 or Windows Server 2008 R2","http://support.microsoft.com/kb/977225"," ","No Rollup"
"Mshtml.dll","IE_Client","9.0.8112.21422","0","18-Feb-20","GDR","4550951","April 14, 2020-KB4550951 (Monthly Rollup)","http://support.microsoft.com/kb/4550951","No LDR Only available","No LDR Only available","No LDR Only available","rEX","20-04Rollup"
