"Binary","Component","Version","Prio","Published","Branch","Article","Title","Link","LDROnlyKB","LDROnlyTitle","LDROnlyLink","Comment","RollupInfo"
"Mrxsmb.sys","Net_SMB_Client","6.2.17763.292","0","22-Jan-2019","GDR","4493509 (v1.0)","April 9, 2019-KB4493509 (OS Build 17763.437)","http://support.microsoft.com/kb/4493509","KB only","KB only","KB Only"," ","19-04Rollup"
"Tcpip.sys","Net_Protocol","6.2.17763.437","0","02-Apr-2019","GDR","4493509 (v1.0)","April 9, 2019-KB4493509 (OS Build 17763.437)","http://support.microsoft.com/kb/4493509","KB only","KB only","KB Only"," ","19-04Rollup"
"Ndis.sys","Net_Protocol","6.2.17763.404","0","02-Apr-2019","GDR","4493509 (v1.0)","April 9, 2019-KB4493509 (OS Build 17763.437)","http://support.microsoft.com/kb/4493509","KB only","KB only","KB Only"," ","19-04Rollup"
"Dns.exe","Net_DNS_Srv","6.2.17763.292","0","22-Jan-2019","GDR","4493509 (v1.0)","April 9, 2019-KB4493509 (OS Build 17763.437)","http://support.microsoft.com/kb/4493509","KB only","KB only","KB Only"," ","19-04Rollup"
"Shell32.dll","Net_WebDAV","6.2.17763.348","1","01-Mar-2019","GDR","4493509 (v1.0)","April 9, 2019-KB4493509 (OS Build 17763.437)","http://support.microsoft.com/kb/4493509","KB only","KB only","KB Only"," ","19-04Rollup"
"MpsSvc.dll","Net_Firewall","6.2.17763.348","1","01-Mar-2019","GDR","4493509 (v1.0)","April 9, 2019-KB4493509 (OS Build 17763.437)","http://support.microsoft.com/kb/4493509","KB only","KB only","KB Only"," ","19-04Rollup"
"Profsvc.dll","Dom_ProfProc","6.2.17763.404","1","13-Nov-0218","GDR","4493509 (v1.0)","April 9, 2019-KB4493509 (OS Build 17763.437)","http://support.microsoft.com/kb/4493509","KB only","KB only","KB Only"," ","19-04Rollup"
"win32k.sys","Core_Kernel","6.2.17763.437","0","02-Apr-2019","GDR","4493509 (v1.0)","April 9, 2019-KB4493509 (OS Build 17763.437)","http://support.microsoft.com/kb/4493509","KB only","KB only","KB Only"," ","19-04Rollup"
"Ntfs.sys","Core_FileSystem","6.2.17763.404","0","02-Apr-2019","GDR","4493509 (v1.0)","April 9, 2019-KB4493509 (OS Build 17763.437)","http://support.microsoft.com/kb/4493509","KB only","KB only","KB Only"," ","19-04Rollup"
"Vmswitch.sys","Hyper-V_Net","6.2.17763.404","1","01-Mar-2019","GDR","4493509 (v1.0)","April 9, 2019-KB4493509 (OS Build 17763.437)","http://support.microsoft.com/kb/4493509","KB only","KB only","KB Only"," ","19-04Rollup"
"Wnv.sys","Hyper-V_Net","6.2.17763.437","1","22-Jan-2019","GDR","4493509 (v1.0)","April 9, 2019-KB4493509 (OS Build 17763.437)","http://support.microsoft.com/kb/4493509","KB only","KB only","KB Only"," ","19-04Rollup"
"dxgkrnl.sys","RDS_host","6.2.17763.404","1","12-Mar-2019","GDR","4493509 (v1.0)","April 9, 2019-KB4493509 (OS Build 17763.437)","http://support.microsoft.com/kb/4493509","KB only","KB only","KB Only"," ","19-04Rollup"
"Mshtml.dll","IE_Client","11.0.17763.437","0","12-Mar-2019","GDR","4493509 (v1.0)","April 9, 2019-KB4493509 (OS Build 17763.437)","http://support.microsoft.com/kb/4493509","KB only","KB only","KB Only"," ","19-04Rollup"
"Ntoskrnl.exe","Core_Kernel","6.2.17763.437","0","02-Apr-2019","GDR","4493509 (v1.0)","April 9, 2019-KB4493509 (OS Build 17763.437)","http://support.microsoft.com/kb/4493509","KB only","KB only","KB Only"," ","19-04Rollup"
"Vhdmp.sys","Cluster_CSV","6.2.17763.292","0","01-Mar-2019","GDR","4493509 (v1.0)","April 9, 2019-KB4493509 (OS Build 17763.437)","http://support.microsoft.com/kb/4493509","KB only","KB only","KB Only"," ","19-04Rollup"
"Storport.sys","Core_DiskSystem","6.2.17763.292","0","01-Mar-2019","GDR","4493509 (v1.0)","April 9, 2019-KB4493509 (OS Build 17763.437)","http://support.microsoft.com/kb/4493509","KB only","KB only","KB Only"," ","19-04Rollup"
"Ntdll.dll","Core_Kernel","6.2.17763.404","0","02-Apr-2019","GDR","4493509 (v1.0)","April 9, 2019-KB4493509 (OS Build 17763.437)","http://support.microsoft.com/kb/4493509","KB only","KB only","KB Only"," ","19-04Rollup"
"Hal.dll","Core_Kernel","6.2.17763.404","0","02-Apr-2019","GDR","4493509 (v1.0)","April 9, 2019-KB4493509 (OS Build 17763.437)","http://support.microsoft.com/kb/4493509","KB only","KB only","KB Only"," ","19-04Rollup"
"Volmgr.sys","Core_Sys","6.2.17763.168","0","01-Mar-2019","GDR","4493509 (v1.0)","April 9, 2019-KB4493509 (OS Build 17763.437)","http://support.microsoft.com/kb/4493509","KB only","KB only","KB Only"," ","19-04Rollup"
"pci.sys","Core_Sys","6.2.17763.404","0","02-Apr-2019","GDR","4493509 (v1.0)","April 9, 2019-KB4493509 (OS Build 17763.437)","http://support.microsoft.com/kb/4493509","KB only","KB only","KB Only"," ","19-04Rollup"
"Wintrust.dll","Dom_CRYPTO","6.2.17763.348","0","01-Mar-2019","GDR","4493509 (v1.0)","April 9, 2019-KB4493509 (OS Build 17763.437)","http://support.microsoft.com/kb/4493509","KB only","KB only","KB Only"," ","19-04Rollup"
"Esent.dll","Dom_ESENT","6.2.17763.253","0","01-Mar-2019","GDR","4493509 (v1.0)","April 9, 2019-KB4493509 (OS Build 17763.437)","http://support.microsoft.com/kb/4493509","KB only","KB only","KB Only"," ","19-04Rollup"
"Kerberos.dll","Dom_KERBEROS","6.2.17763.253","0","01-Mar-2019","GDR","4493509 (v1.0)","April 9, 2019-KB4493509 (OS Build 17763.437)","http://support.microsoft.com/kb/4493509","KB only","KB only","KB Only"," ","19-04Rollup"
"Ksecpkg.sys","Dom_LSA","6.2.17763.253","0","01-Mar-2019","GDR","4493509 (v1.0)","April 9, 2019-KB4493509 (OS Build 17763.437)","http://support.microsoft.com/kb/4493509","KB only","KB only","KB Only"," ","19-04Rollup"
"Lsasrv.dll","Dom_LSA","6.2.17763.404","0","02-Apr-2019","GDR","4493509 (v1.0)","April 9, 2019-KB4493509 (OS Build 17763.437)","http://support.microsoft.com/kb/4493509","KB only","KB only","KB Only"," ","19-04Rollup"
"Msv1_0.dll","Dom_NTLM","6.2.17763.404","0","02-Apr-2019","GDR","4493509 (v1.0)","April 9, 2019-KB4493509 (OS Build 17763.437)","http://support.microsoft.com/kb/4493509","KB only","KB only","KB Only"," ","19-04Rollup"
"Rasapi32.dll","HNV_Net","6.2.17763.292","0","01-Mar-2019","GDR","4493509 (v1.0)","April 9, 2019-KB4493509 (OS Build 17763.437)","http://support.microsoft.com/kb/4493509","KB only","KB only","KB Only"," ","19-04Rollup"
"Rdpcore.dll","Net_DirectAccess_Client","6.2.17763.437","0","01-Mar-2019","GDR","4493509 (v1.0)","April 9, 2019-KB4493509 (OS Build 17763.437)","http://support.microsoft.com/kb/4493509","KB only","KB only","KB Only"," ","19-04Rollup"
"dnsapi.dll","Net_DNS_Client","6.2.17763.404","0","02-Apr-2019","GDR","4493509 (v1.0)","April 9, 2019-KB4493509 (OS Build 17763.437)","http://support.microsoft.com/kb/4493509","KB only","KB only","KB Only"," ","19-04Rollup"
"dnsrslvr.dll","Net_DNS_Client","6.2.17763.404","0","02-Apr-2019","GDR","4493509 (v1.0)","April 9, 2019-KB4493509 (OS Build 17763.437)","http://support.microsoft.com/kb/4493509","KB only","KB only","KB Only"," ","19-04Rollup"
"Ncsi.dll","Net_NLA","6.2.17763.292","0","01-Mar-2019","GDR","4493509 (v1.0)","April 9, 2019-KB4493509 (OS Build 17763.437)","http://support.microsoft.com/kb/4493509","KB only","KB only","KB Only"," ","19-04Rollup"
"Nlaapi.dll","Net_NLA","6.2.17763.134","0","01-Mar-2019","GDR","4493509 (v1.0)","April 9, 2019-KB4493509 (OS Build 17763.437)","http://support.microsoft.com/kb/4493509","KB only","KB only","KB Only"," ","19-04Rollup"
"Netio.sys","Net_Protocol","6.2.17763.292","0","01-Mar-2019","GDR","4493509 (v1.0)","April 9, 2019-KB4493509 (OS Build 17763.437)","http://support.microsoft.com/kb/4493509","KB only","KB only","KB Only"," ","19-04Rollup"
"Netiohlp.dll","Net_Protocol","6.2.17763.292","0","01-Mar-2019","GDR","4493509 (v1.0)","April 9, 2019-KB4493509 (OS Build 17763.437)","http://support.microsoft.com/kb/4493509","KB only","KB only","KB Only"," ","19-04Rollup"
"Rpcss.dll","Net_RPC","6.2.17763.348","0","01-Mar-2019","GDR","4493509 (v1.0)","April 9, 2019-KB4493509 (OS Build 17763.437)","http://support.microsoft.com/kb/4493509","KB only","KB only","KB Only"," ","19-04Rollup"
"Rpcrt4.dll","Net_RPC","6.2.17763.379","0","01-Mar-2019","GDR","4493509 (v1.0)","April 9, 2019-KB4493509 (OS Build 17763.437)","http://support.microsoft.com/kb/4493509","KB only","KB only","KB Only"," ","19-04Rollup"
"Rdbss.sys","Net_SMB_Client","6.2.17763.348","0","01-Mar-2019","GDR","4493509 (v1.0)","April 9, 2019-KB4493509 (OS Build 17763.437)","http://support.microsoft.com/kb/4493509","KB only","KB only","KB Only"," ","19-04Rollup"
"wkssvc.dll","Net_SMB_Client","6.2.17763.168","0","01-Mar-2019","GDR","4493509 (v1.0)","April 9, 2019-KB4493509 (OS Build 17763.437)","http://support.microsoft.com/kb/4493509","KB only","KB only","KB Only"," ","19-04Rollup"
"Mrxsmb20.sys","Net_SMB_Client","6.2.17763.348","0","01-Mar-2019","GDR","4493509 (v1.0)","April 9, 2019-KB4493509 (OS Build 17763.437)","http://support.microsoft.com/kb/4493509","KB only","KB only","KB Only"," ","19-04Rollup"
"srvnet.sys","Net_SMB_Server","6.2.17763.379","0","12-Mar-2019","GDR","4493509 (v1.0)","April 9, 2019-KB4493509 (OS Build 17763.437)","http://support.microsoft.com/kb/4493509","KB only","KB only","KB Only"," ","19-04Rollup"
"srv2.sys","Net_SMB_Server","6.2.17763.404","0","02-Apr-2019","GDR","4493509 (v1.0)","April 9, 2019-KB4493509 (OS Build 17763.437)","http://support.microsoft.com/kb/4493509","KB only","KB only","KB Only"," ","19-04Rollup"
"Winhttp.dll","Net_WebDAV","6.2.17763.404","0","02-Apr-2019","GDR","4493509 (v1.0)","April 9, 2019-KB4493509 (OS Build 17763.437)","http://support.microsoft.com/kb/4493509","KB only","KB only","KB Only"," ","19-04Rollup"
"wlansvc.dll","Net_WLAN_Client","6.2.17763.348","0","01-Mar-2019","GDR","4493509 (v1.0)","April 9, 2019-KB4493509 (OS Build 17763.437)","http://support.microsoft.com/kb/4493509","KB only","KB only","KB Only"," ","19-04Rollup"
"Localspl.dll","Print_Spool","6.2.17763.379","0","12-Mar-2019","GDR","4493509 (v1.0)","April 9, 2019-KB4493509 (OS Build 17763.437)","http://support.microsoft.com/kb/4493509","KB only","KB only","KB Only"," ","19-04Rollup"
"Audioses.dll","RDS_devRdr","6.2.17763.348","0","01-Mar-2019","GDR","4493509 (v1.0)","April 9, 2019-KB4493509 (OS Build 17763.437)","http://support.microsoft.com/kb/4493509","KB only","KB only","KB Only"," ","19-04Rollup"
"Audioeng.dll","RDS_devRdr","6.2.17763.292","0","01-Mar-2019","GDR","4493509 (v1.0)","April 9, 2019-KB4493509 (OS Build 17763.437)","http://support.microsoft.com/kb/4493509","KB only","KB only","KB Only"," ","19-04Rollup"
"Rdpshell.exe","RDS_remote_App","6.2.17763.404","0","02-Apr-2019","GDR","4493509 (v1.0)","April 9, 2019-KB4493509 (OS Build 17763.437)","http://support.microsoft.com/kb/4493509","KB only","KB only","KB Only"," ","19-04Rollup"
"Wsepno.dll","RDS_msTsc","7.0.17763.1","0","01-Mar-2019","GDR","4493509 (v1.0)","April 9, 2019-KB4493509 (OS Build 17763.437)","http://support.microsoft.com/kb/4493509","KB only","KB only","KB Only"," ","19-04Rollup"
