"Binary","Component","Version","Prio","Published","Branch","Article","Title","Link","LDROnlyKB","LDROnlyTitle","LDROnlyLink","Comment","RollupInfo"
"Vmswitch.sys","Hyper-V_Net","6.2.18362.1","1","29-Jun-19","GDR","4512508 (v1.0)","August 13, 2019-KB4512508 (OS Build 18362.295)","http://support.microsoft.com/kb/4512508","KB only","KB only","KB only"," ","19-08Rollup"
"Vmms.exe","Hyper-V_Net","6.2.18362.1","1","29-Jun-19","GDR","4512508 (v1.0)","August 13, 2019-KB4512508 (OS Build 18362.295)","http://support.microsoft.com/kb/4512508","KB only","KB only","KB only"," ","19-08Rollup"
"Winnat.sys","Hyper-V_Net","6.2.18362.239","1","09-Jul-19","GDR","4512508 (v1.0)","August 13, 2019-KB4512508 (OS Build 18362.295)","http://support.microsoft.com/kb/4512508","KB only","KB only","KB only"," ","19-08Rollup"
"Rasapi32.dll","HNV_Net","6.2.18362.207","1","27-Jun-19","GDR","4512508 (v1.0)","August 13, 2019-KB4512508 (OS Build 18362.295)","http://support.microsoft.com/kb/4512508","KB only","KB only","KB only"," ","19-08Rollup"
"Vmwp.exe","Hyper-V_app","6.2.18362.145","1","29-May-19","GDR","4512508 (v1.0)","August 13, 2019-KB4512508 (OS Build 18362.295)","http://support.microsoft.com/kb/4512508","KB only","KB only","KB only"," ","19-08Rollup"
"4508433","Win2016_1903_19_07_SSU_KB"," ","0","26-Jul-2019","GDR","4508433","Servicing stack update for Windows 10, Version 1903: July 26, 2019","http://support.microsoft.com/kb/4508433","KB only","KB only","KB Only"," ","No Rollup"
"4512508","Win201619H1_19-08_B_rollup_KB"," ","0","13-Aug-2019","GDR","4512508 (v1.0)","August 13, 2019-KB4512508 (OS Build 18362.295)","http://support.microsoft.com/kb/4512508","KB only","KB only","KB only"," ","19-08Rollup"
