"Binary","Component","Version","Prio","Published","Branch","Article","Title","Link","LDROnlyKB","LDROnlyTitle","LDROnlyLink","Comment","RollupInfo"
"Ntoskrnl.exe","Core_Kernel","6.2.17763.737","0","1-Jul-19","GDR","4512534 (v1.0)","August 17, 2019-KB4512534 (OS Build 17763.720)","http://support.microsoft.com/kb/4512534","KB only","KB only","KB only"," ","19-08Rollup"
"Ntdll.dll","Core_Kernel","6.2.17763.737","0","1-Jul-19","GDR","4512534 (v1.0)","August 17, 2019-KB4512534 (OS Build 17763.720)","http://support.microsoft.com/kb/4512534","KB only","KB only","KB only"," ","19-08Rollup"
"Hal.dll","Core_Kernel","6.2.17763.737","0","1-Jul-19","GDR","4512534 (v1.0)","August 17, 2019-KB4512534 (OS Build 17763.720)","http://support.microsoft.com/kb/4512534","KB only","KB only","KB only"," ","19-08Rollup"
"Fltmgr.sys","Core_Kernel","6.2.17763.592","0","1-Jul-19","GDR","4512534 (v1.0)","August 17, 2019-KB4512534 (OS Build 17763.720)","http://support.microsoft.com/kb/4512534","KB only","KB only","KB only"," ","19-08Rollup"
"win32k.sys","Core_Kernel","6.2.17763.557","0","1-Jul-19","GDR","4512534 (v1.0)","August 17, 2019-KB4512534 (OS Build 17763.720)","http://support.microsoft.com/kb/4512534","KB only","KB only","KB only"," ","19-08Rollup"
"Ntfs.sys","Core_FileSystem","6.2.17763.592","0","1-Jul-19","GDR","4512534 (v1.0)","August 17, 2019-KB4512534 (OS Build 17763.720)","http://support.microsoft.com/kb/4512534","KB only","KB only","KB only"," ","19-08Rollup"
"dedup.sys","Core_FileSystem","6.2.17763.292","0","1-Jul-19","GDR","4512534 (v1.0)","August 17, 2019-KB4512534 (OS Build 17763.720)","http://support.microsoft.com/kb/4512534","KB only","KB only","KB only"," ","19-08Rollup"
"Msiscsi.sys","Core_DiskSystem","6.2.17763.593","0","1-Jul-19","GDR","4512534 (v1.0)","August 17, 2019-KB4512534 (OS Build 17763.720)","http://support.microsoft.com/kb/4512534","KB only","KB only","KB only"," ","19-08Rollup"
"Storport.sys","Core_DiskSystem","6.2.17763.529","0","1-Jul-19","GDR","4512534 (v1.0)","August 17, 2019-KB4512534 (OS Build 17763.720)","http://support.microsoft.com/kb/4512534","KB only","KB only","KB only"," ","19-08Rollup"
"Repdrvfs.dll","Core_WMI","6.2.17763.1","0","1-Jul-19","GDR","4512534 (v1.0)","August 17, 2019-KB4512534 (OS Build 17763.720)","http://support.microsoft.com/kb/4512534","KB only","KB only","KB only"," ","19-08Rollup"
"Mpio.sys","Core_MPIO","6.2.17763.652","0","1-Jul-19","GDR","4512534 (v1.0)","August 17, 2019-KB4512534 (OS Build 17763.720)","http://support.microsoft.com/kb/4512534","KB only","KB only","KB only"," ","19-08Rollup"
"Advapi32.dll","Core_Apps","6.2.17763.1","0","1-Jul-19","GDR","4512534 (v1.0)","August 17, 2019-KB4512534 (OS Build 17763.720)","http://support.microsoft.com/kb/4512534","KB only","KB only","KB only"," ","19-08Rollup"
"Vssapi.dll","Core_VSS","6.2.17763.592","1","1-Jul-19","GDR","4512534 (v1.0)","August 17, 2019-KB4512534 (OS Build 17763.720)","http://support.microsoft.com/kb/4512534","KB only","KB only","KB only"," ","19-08Rollup"
"Vsstrace.dll","Core_VSS","6.2.17763.1","1","1-Jul-19","GDR","4512534 (v1.0)","August 17, 2019-KB4512534 (OS Build 17763.720)","http://support.microsoft.com/kb/4512534","KB only","KB only","KB only"," ","19-08Rollup"
"pci.sys","Core_Sys","6.2.17763.475","1","1-Jul-19","GDR","4512534 (v1.0)","August 17, 2019-KB4512534 (OS Build 17763.720)","http://support.microsoft.com/kb/4512534","KB only","KB only","KB only"," ","19-08Rollup"
"Volmgr.sys","Core_Sys","6.2.17763.168","1","1-Jul-19","GDR","4512534 (v1.0)","August 17, 2019-KB4512534 (OS Build 17763.720)","http://support.microsoft.com/kb/4512534","KB only","KB only","KB only"," ","19-08Rollup"
"Wintrust.dll","Dom_CRYPTO","6.2.17763.348","1","1-Jul-19","GDR","4512534 (v1.0)","August 17, 2019-KB4512534 (OS Build 17763.720)","http://support.microsoft.com/kb/4512534","KB only","KB only","KB only"," ","19-08Rollup"
"Cryptdll.dll","Dom_CRYPTO","6.2.17763.503","1","1-Jul-19","GDR","4512534 (v1.0)","August 17, 2019-KB4512534 (OS Build 17763.720)","http://support.microsoft.com/kb/4512534","KB only","KB only","KB only"," ","19-08Rollup"
"Tzres.dll","Core_TimeZone","6.2.17763.529","1","1-Jul-19","GDR","4512534 (v1.0)","August 17, 2019-KB4512534 (OS Build 17763.720)","http://support.microsoft.com/kb/4512534","KB only","KB only","KB only"," ","19-08Rollup"
"4512937","Win2016RS5_19_07_SSU_KB"," ","0","09-Jul-2019","GDR","4512937","Servicing stack update for Windows 10, Version 1809: July 22, 2019","http://support.microsoft.com/kb/4512937","KB only","KB only","KB Only"," ","No Rollup"
"4512578","Win2016RS5_19-09_B_rollup_KB"," ","0","10-Sep-2019","GDR","4512578 (v1.0)","September 10, 2019-KB4512578 (OS Build 17763.737)","http://support.microsoft.com/kb/4512578","KB only","KB only","KB only"," ","19-09Rollup"
