"Binary","Component","Version","Prio","Published","Branch","Article","Title","Link","LDROnlyKB","LDROnlyTitle","LDROnlyLink","Comment","RollupInfo"
"Localspl.dll","Print_Spool","6.2.16299.1182","0","23-May-19","GDR","4537789","February 11, 2020-KB4537789 (OS Build 16299.1686)","http://support.microsoft.com/kb/4537789","No LDR Only available","No LDR Only available","No LDR Only available","rEX","20-02Rollup"
"Win32spl.dll","Print_Spool","6.2.16299.579","0","18-Jul-18","GDR","4537789","February 11, 2020-KB4537789 (OS Build 16299.1686)","http://support.microsoft.com/kb/4537789","No LDR Only available","No LDR Only available","No LDR Only available","rEX","20-02Rollup"
"Spoolsv.exe","Print_Spool","6.2.16299.371","0","30-Mar-18","GDR","4537789","February 11, 2020-KB4537789 (OS Build 16299.1686)","http://support.microsoft.com/kb/4537789","No LDR Only available","No LDR Only available","No LDR Only available","rEX","20-02Rollup"
"Printfilterpipelineprxy.dll","Print_App","6.2.16299.334","0","13-Mar-18","GDR","4537789","February 11, 2020-KB4537789 (OS Build 16299.1686)","http://support.microsoft.com/kb/4537789","No LDR Only available","No LDR Only available","No LDR Only available","rEX","20-02Rollup"
"Printfilterpipelinesvc.exe","Print_App","6.2.16299.1565","0","3-Dec-19","GDR","4537789","February 11, 2020-KB4537789 (OS Build 16299.1686)","http://support.microsoft.com/kb/4537789","No LDR Only available","No LDR Only available","No LDR Only available","rEX","20-02Rollup"
"splwow64.exe","Print_App","6.2.16299.1504","0","24-Oct-19","GDR","4537789","February 11, 2020-KB4537789 (OS Build 16299.1686)","http://support.microsoft.com/kb/4537789","No LDR Only available","No LDR Only available","No LDR Only available","rEX","20-02Rollup"
"Mxdwdrv.dll","Print_Driver","0.3.16299.1120","1","6-Apr-19","GDR","4537789","February 11, 2020-KB4537789 (OS Build 16299.1686)","http://support.microsoft.com/kb/4537789","No LDR Only available","No LDR Only available","No LDR Only available","rEX","20-02Rollup"
"Pcl4res.dll","Print_Driver","0.3.5479.0","1","6-Apr-19","GDR","4537789","February 11, 2020-KB4537789 (OS Build 16299.1686)","http://support.microsoft.com/kb/4537789","No LDR Only available","No LDR Only available","No LDR Only available","rEX","20-02Rollup"
"Pscript5.dll","Print_Driver","0.3.16299.1120","1","6-Apr-19","GDR","4537789","February 11, 2020-KB4537789 (OS Build 16299.1686)","http://support.microsoft.com/kb/4537789","No LDR Only available","No LDR Only available","No LDR Only available","rEX","20-02Rollup"
"Unidrv.dll","Print_Driver","0.3.16299.1120","1","6-Apr-19","GDR","4537789","February 11, 2020-KB4537789 (OS Build 16299.1686)","http://support.microsoft.com/kb/4537789","No LDR Only available","No LDR Only available","No LDR Only available","rEX","20-02Rollup"
"Unires.dll","Print_Driver","0.3.16299.1120","1","6-Apr-19","GDR","4537789","February 11, 2020-KB4537789 (OS Build 16299.1686)","http://support.microsoft.com/kb/4537789","No LDR Only available","No LDR Only available","No LDR Only available","rEX","20-02Rollup"
"4523202","Win2016RS3_19_11_SSU_KB"," ","0","12-Nov-2019","GDR","4523202","Servicing stack update for Windows 10, version 1709: November 12, 2019","http://support.microsoft.com/kb/4523202","KB only","KB only","KB Only"," ","No Rollup"
"4537789","Win2016RS3_20-02_B_rollup_KB"," ","0","11-Feb-2020","GDR","4537789 (v1.0)","February 11, 2020-KB4537789 (OS Build 16299.1686)","http://support.microsoft.com/kb/4537789","KB only","KB only","KB only"," ","20-02Rollup"
