"Binary","Component","Version","Prio","Published","Branch","Article","Title","Link","LDROnlyKB","LDROnlyTitle","LDROnlyLink","Comment","RollupInfo"
"Ntoskrnl.exe","Core_Kernel","6.2.18362.1316","0","08-Dec-20","GDR","4598229 (v1.0)","January 12, 2021-KB4598229 (OS Build 18363.1316)","http://support.microsoft.com/kb/4598229","KB only","KB only","KB only","rEX","21-01Rollup"
"Crashdmp.sys","Core_Kernel","6.2.18362.693","0","7-Mar-20","GDR","4598229 (v1.0)","January 12, 2021-KB4598229 (OS Build 18363.1316)","http://support.microsoft.com/kb/4598229","KB only","KB only","KB only"," ","21-01Rollup"
"Vssapi.dll","Core_VSS","6.2.18362.1","1","10-Jan-21","GDR","4598229","January 12, 2021-KB4598229 (OS Build 18363.1316)","http://support.microsoft.com/kb/4598229","No LDR Only available","No LDR Only available","No LDR Only available","rEX","21-01Rollup"
"Swprv.dll","Core_VSS","6.2.18362.1316","1","5-Jun-20","GDR","4598229 (v1.0)","January 12, 2021-KB4598229 (OS Build 18363.1316)","http://support.microsoft.com/kb/4598229","KB only","KB only","KB only","rEX","21-01Rollup"
"spp.dll","Core_VSS","6.2.18362.1","1","10-Jan-21","GDR","4598229","January 12, 2021-KB4598229 (OS Build 18363.1316)","http://support.microsoft.com/kb/4598229","No LDR Only available","No LDR Only available","No LDR Only available","rEX","21-01Rollup"
"wbengine.exe","Core_VSS","6.2.18362.1316","1","21-Jul-20","GDR","4598229 (v1.0)","January 12, 2021-KB4598229 (OS Build 18363.1316)","http://support.microsoft.com/kb/4598229","KB only","KB only","KB only","rEX","21-01Rollup"
"blbsrv.dll","Core_VSS","6.2.18362.1","1","6-May-20","GDR","4598229 (v1.0)","January 12, 2021-KB4598229 (OS Build 18363.1316)","http://support.microsoft.com/kb/4598229","KB only","KB only","KB only"," ","21-01Rollup"
"Volsnap.sys","Cluster_Volsnap","6.2.18362.693","0","7-Mar-20","GDR","4598229 (v1.0)","January 12, 2021-KB4598229 (OS Build 18363.1316)","http://support.microsoft.com/kb/4598229","KB only","KB only","KB only"," ","21-01Rollup"
"pci.sys","Core_Sys","6.2.18362.1171","1","20-Oct-20","GDR","4598229 (v1.0)","January 12, 2021-KB4598229 (OS Build 18363.1316)","http://support.microsoft.com/kb/4598229","KB only","KB only","KB only"," ","21-01Rollup"
"Volmgr.sys","Core_Sys","6.2.18362.1139","1","13-Oct-20","GDR","4598229 (v1.0)","January 12, 2021-KB4598229 (OS Build 18363.1316)","http://support.microsoft.com/kb/4598229","KB only","KB only","KB only"," ","21-01Rollup"
"Crypt32.dll","Dom_CRYPTO","6.2.18362.1316","1","3-Jan-20","GDR","4598229 (v1.0)","January 12, 2021-KB4598229 (OS Build 18363.1316)","http://support.microsoft.com/kb/4598229","KB only","KB only","KB only","rEX","21-01Rollup"
"Wintrust.dll","Dom_CRYPTO","6.2.18362.1237","1","20-Nov-20","GDR","4598229 (v1.0)","January 12, 2021-KB4598229 (OS Build 18363.1316)","http://support.microsoft.com/kb/4598229","KB only","KB only","KB only"," ","21-01Rollup"
"Cryptdll.dll","Dom_CRYPTO","6.2.18362.113","1","29-Jun-19","GDR","4598229 (v1.0)","January 12, 2021-KB4598229 (OS Build 18363.1316)","http://support.microsoft.com/kb/4598229","KB only","KB only","KB only"," ","21-01Rollup"
"Cryptcatsvc.dll","Dom_CRYPTO","6.2.18362.1082","1","08-Sep-20","GDR","4598229 (v1.0)","January 12, 2021-KB4598229 (OS Build 18363.1316)","http://support.microsoft.com/kb/4598229","KB only","KB only","KB only"," ","21-01Rollup"
"4598479","Win2016_1909_21-01_SSU_KB"," ","0","12-Jan-2021","GDR","4598479","Servicing stack update for Windows 10, version 1903 and 1909: January 12, 2021","http://support.microsoft.com/kb/4598479","KB only","KB only","KB Only"," ","No Rollup"
"4598229","Win201619H2_21-01_B_rollup_KB"," ","0","12-Jan-2021","GDR","4598229 (v1.0)","January 12, 2021-KB4598229 (OS Build 18362.1316)","http://support.microsoft.com/kb/4598229","KB only","KB only","KB only"," ","21-01Rollup"
