"Binary","Component","Version","Prio","Published","Branch","Article","Title","Link","LDROnlyKB","LDROnlyTitle","LDROnlyLink","Comment","RollupInfo"
"Ntoskrnl.exe","Core_Kernel","6.2.16299.1448","0","2-Oct-19","GDR","4520004","October 8, 2019-KB4520004 (OS Build 16299.1451)","http://support.microsoft.com/kb/4520004","No LDR Only available","No LDR Only available","No LDR Only available","rEX","19-10Rollup"
"win32k.sys","Core_Kernel","6.2.16299.15","0","29-Sep-17","GDR","4520004","October 8, 2019-KB4520004 (OS Build 16299.1451)","http://support.microsoft.com/kb/4520004","No LDR Only available","No LDR Only available","No LDR Only available","rEX","19-10Rollup"
"Rdpshell.exe","RDS_remote_App","6.2.16299.1004","0","17-Feb-19","GDR","4520004","October 8, 2019-KB4520004 (OS Build 16299.1451)","http://support.microsoft.com/kb/4520004","No LDR Only available","No LDR Only available","No LDR Only available","rEX","19-10Rollup"
"Rdsdwmdr.dll","RDS_remote_App","6.2.16299.15","0","29-Sep-17","GDR","4520004","October 8, 2019-KB4520004 (OS Build 16299.1451)","http://support.microsoft.com/kb/4520004","No LDR Only available","No LDR Only available","No LDR Only available","rEX","19-10Rollup"
"Audioeng.dll","RDS_devRdr","6.2.16299.1387","1","4-Sep-19","GDR","4520004","October 8, 2019-KB4520004 (OS Build 16299.1451)","http://support.microsoft.com/kb/4520004","No LDR Only available","No LDR Only available","No LDR Only available","rEX","19-10Rollup"
"Audiokse.dll","RDS_devRdr","6.2.16299.1387","1","4-Sep-19","GDR","4520004","October 8, 2019-KB4520004 (OS Build 16299.1451)","http://support.microsoft.com/kb/4520004","No LDR Only available","No LDR Only available","No LDR Only available","rEX","19-10Rollup"
"Audioses.dll","RDS_devRdr","6.2.16299.1387","1","4-Sep-19","GDR","4520004","October 8, 2019-KB4520004 (OS Build 16299.1451)","http://support.microsoft.com/kb/4520004","No LDR Only available","No LDR Only available","No LDR Only available","rEX","19-10Rollup"
"Audiosrv.dll","RDS_devRdr","6.2.16299.1387","1","4-Sep-19","GDR","4520004","October 8, 2019-KB4520004 (OS Build 16299.1451)","http://support.microsoft.com/kb/4520004","No LDR Only available","No LDR Only available","No LDR Only available","rEX","19-10Rollup"
"Vmrdvcore.dll","RDS_vHost","6.2.16299.371","0","30-Mar-18","GDR","4520004","October 8, 2019-KB4520004 (OS Build 16299.1451)","http://support.microsoft.com/kb/4520004","No LDR Only available","No LDR Only available","No LDR Only available","rEX","19-10Rollup"
"dxgkrnl.sys","RDS_host","6.2.16299.1331","1","7-Aug-19","GDR","4520004","October 8, 2019-KB4520004 (OS Build 16299.1451)","http://support.microsoft.com/kb/4520004","No LDR Only available","No LDR Only available","No LDR Only available","rEX","19-10Rollup"
"sessenv.dll","RDS_host","6.2.16299.371","1","30-Mar-18","GDR","4520004","October 8, 2019-KB4520004 (OS Build 16299.1451)","http://support.microsoft.com/kb/4520004","No LDR Only available","No LDR Only available","No LDR Only available","rEX","19-10Rollup"
"Profsvc.dll","Dom_ProfProc","6.2.16299.1120","1","6-Apr-19","GDR","4520004","October 8, 2019-KB4520004 (OS Build 16299.1451)","http://support.microsoft.com/kb/4520004","No LDR Only available","No LDR Only available","No LDR Only available","rEX","19-10Rollup"
"4521860","Win2016RS3_19_10_SSU_KB"," ","0","08-Oct-2019","GDR","4521860","Servicing stack update for Windows 10 version 1709: October 8, 2019","http://support.microsoft.com/kb/4521860","KB only","KB only","KB Only"," ","No Rollup"
"4520004","Win2016RS3_19-10_B_rollup_KB"," ","0","08-Oct-2019","GDR","4520004 (v1.0)","October 8, 2019-KB4520004 (OS Build 16299.1451)","http://support.microsoft.com/kb/4520004","KB only","KB only","KB only"," ","19-10Rollup"
