"Binary","Component","Version","Prio","Published","Branch","Article","Title","Link","LDROnlyKB","LDROnlyTitle","LDROnlyLink","Comment","RollupInfo"
"Ntoskrnl.exe","Core_Kernel","6.2.18362.1256","0","08-Dec-20","GDR","4592449","December 8, 2020-KB4592449 (OS Builds 18362.1256 and 18363.1256)","http://support.microsoft.com/kb/4592449","KB only","KB only","KB only","rEX","20-12Rollup"
"Crashdmp.sys","Core_Kernel","6.2.18362.693","0","7-Mar-20","GDR","4592449 (v1.0)","December 8, 2020-KB4592449 (OS Builds 18362.1256 and 18363.1256)","http://support.microsoft.com/kb/4592449","KB only","KB only","KB only"," ","20-12Rollup"
"Swprv.dll","Core_VSS","6.2.18362.900","1","5-Jun-20","GDR","4592449 (v1.0)","December 8, 2020-KB4592449 (OS Builds 18362.1256 and 18363.1256)","http://support.microsoft.com/kb/4592449","KB only","KB only","KB only"," ","20-12Rollup"
"wbengine.exe","Core_VSS","6.2.18362.900","1","21-Jul-20","GDR","4592449 (v1.0)","December 8, 2020-KB4592449 (OS Builds 18362.1256 and 18363.1256)","http://support.microsoft.com/kb/4592449","KB only","KB only","KB only"," ","20-12Rollup"
"blbsrv.dll","Core_VSS","6.2.18362.1","1","6-May-20","GDR","4592449 (v1.0)","December 8, 2020-KB4592449 (OS Builds 18362.1256 and 18363.1256)","http://support.microsoft.com/kb/4592449","KB only","KB only","KB only"," ","20-12Rollup"
"Volsnap.sys","Cluster_Volsnap","6.2.18362.693","0","7-Mar-20","GDR","4592449 (v1.0)","December 8, 2020-KB4592449 (OS Builds 18362.1256 and 18363.1256)","http://support.microsoft.com/kb/4592449","KB only","KB only","KB only"," ","20-12Rollup"
"pci.sys","Core_Sys","6.2.18362.1171","1","20-Oct-20","GDR","4592449 (v1.0)","December 8, 2020-KB4592449 (OS Builds 18362.1256 and 18363.1256)","http://support.microsoft.com/kb/4592449","KB only","KB only","KB only"," ","20-12Rollup"
"Volmgr.sys","Core_Sys","6.2.18362.1139","1","13-Oct-20","GDR","4592449 (v1.0)","December 8, 2020-KB4592449 (OS Builds 18362.1256 and 18363.1256)","http://support.microsoft.com/kb/4592449","KB only","KB only","KB only"," ","20-12Rollup"
"Crypt32.dll","Dom_CRYPTO","6.2.18362.592","1","3-Jan-20","GDR","4592449 (v1.0)","December 8, 2020-KB4592449 (OS Builds 18362.1256 and 18363.1256)","http://support.microsoft.com/kb/4592449","KB only","KB only","KB only"," ","20-12Rollup"
"Wintrust.dll","Dom_CRYPTO","6.2.18362.1237","1","20-Nov-20","GDR","4592449 (v1.0)","December 8, 2020-KB4592449 (OS Builds 18362.1256 and 18363.1256)","http://support.microsoft.com/kb/4592449","KB only","KB only","KB only"," ","20-12Rollup"
"Cryptdll.dll","Dom_CRYPTO","6.2.18362.113","1","29-Jun-19","GDR","4592449 (v1.0)","December 8, 2020-KB4592449 (OS Builds 18362.1256 and 18363.1256)","http://support.microsoft.com/kb/4592449","KB only","KB only","KB only"," ","20-12Rollup"
"Cryptcatsvc.dll","Dom_CRYPTO","6.2.18362.1082","1","08-Sep-20","GDR","4592449 (v1.0)","December 8, 2020-KB4592449 (OS Builds 18362.1256 and 18363.1256)","http://support.microsoft.com/kb/4592449","KB only","KB only","KB only"," ","20-12Rollup"
"4593175","Win2016_2004_20-12_SSU_KB"," ","0","08-Dec-2020","GDR","4593175","Servicing stack update for Windows 10, version 2004 and 20H2: December 8, 2020","http://support.microsoft.com/kb/4593175","KB only","KB only","KB Only"," ","No Rollup"
"4592449","Win201619H2_20-12_B_rollup_KB"," ","0","08-Dec-2020","GDR","4592449 (v1.0)","December 8, 2020-KB4592449 (OS Builds 18362.1256 and 18363.1256)","http://support.microsoft.com/kb/4592449","KB only","KB only","KB only"," ","20-12Rollup"
