"Binary","Component","Version","Prio","Published","Branch","Article","Title","Link","LDROnlyKB","LDROnlyTitle","LDROnlyLink","Comment","RollupInfo"
"Csvflt.sys","Cluster_CSV","6.2.17134.753","0","19-Apr-19","GDR","4537762","February 11, 2020-KB4537762 (OS Build 17134.1304)","http://support.microsoft.com/kb/4537762","No LDR Only available","No LDR Only available","No LDR Only available","rEX","20-02Rollup"
"Csvfs.sys","Cluster_CSV","6.2.17134.753","0","19-Apr-19","GDR","4537762","February 11, 2020-KB4537762 (OS Build 17134.1304)","http://support.microsoft.com/kb/4537762","No LDR Only available","No LDR Only available","No LDR Only available","rEX","20-02Rollup"
"Vmswitch.sys","Hyper-V_Net","6.2.17134.1276","1","7-Jan-20","GDR","4537762","February 11, 2020-KB4537762 (OS Build 17134.1304)","http://support.microsoft.com/kb/4537762","No LDR Only available","No LDR Only available","No LDR Only available","rEX","20-02Rollup"
"Wnv.sys","Hyper-V_Net","6.2.17134.1130","1","8-Nov-19","GDR","4537762","February 11, 2020-KB4537762 (OS Build 17134.1304)","http://support.microsoft.com/kb/4537762","No LDR Only available","No LDR Only available","No LDR Only available","rEX","20-02Rollup"
"Ndisimplatform.sys","Hyper-V_Net","6.2.17134.1","1","11-Apr-18","GDR","4537762","February 11, 2020-KB4537762 (OS Build 17134.1304)","http://support.microsoft.com/kb/4537762","No LDR Only available","No LDR Only available","No LDR Only available","rEX","20-02Rollup"
"Vmms.exe","Hyper-V_Net","6.2.17134.1276","1","7-Jan-20","GDR","4537762","February 11, 2020-KB4537762 (OS Build 17134.1304)","http://support.microsoft.com/kb/4537762","No LDR Only available","No LDR Only available","No LDR Only available","rEX","20-02Rollup"
"Winnat.sys","Hyper-V_Net","6.2.17134.799","1","17-May-19","GDR","4537762","February 11, 2020-KB4537762 (OS Build 17134.1304)","http://support.microsoft.com/kb/4537762","No LDR Only available","No LDR Only available","No LDR Only available","rEX","20-02Rollup"
"Vmbus.sys","Hyper-V_Net","6.2.17134.228","1","3-Aug-18","GDR","4537762","February 11, 2020-KB4537762 (OS Build 17134.1304)","http://support.microsoft.com/kb/4537762","No LDR Only available","No LDR Only available","No LDR Only available","rEX","20-02Rollup"
"Rasapi32.dll","HNV_Net","6.2.17134.1276","1","7-Jan-20","GDR","4537762","February 11, 2020-KB4537762 (OS Build 17134.1304)","http://support.microsoft.com/kb/4537762","No LDR Only available","No LDR Only available","No LDR Only available","rEX","20-02Rollup"
"Vmwp.exe","Hyper-V_app","6.2.17134.1304","1","5-Feb-20","GDR","4537762","February 11, 2020-KB4537762 (OS Build 17134.1304)","http://support.microsoft.com/kb/4537762","No LDR Only available","No LDR Only available","No LDR Only available","rEX","20-02Rollup"
"4523203","Win2016RS4_19_11_SSU_KB"," ","0","12-Nov-2019","GDR","4523203","Servicing stack update for Windows 10, version 1803: November 12, 2019","http://support.microsoft.com/kb/4523203","KB only","KB only","KB Only"," ","No Rollup"
"4537762","Win2016RS4_20-02_B_rollup_KB"," ","0","11-Feb-2020","GDR","4537762 (v1.0)","February 11, 2020-KB4537762 (OS Build 17134.1304)","http://support.microsoft.com/kb/4537762","KB only","KB only","KB only"," ","20-02Rollup"
