"Binary","Component","Version","Prio","Published","Branch","Article","Title","Link","LDROnlyKB","LDROnlyTitle","LDROnlyLink","Comment","RollupInfo"
"Csvflt.sys","Cluster_CSV","6.2.18362.1","0","7-Nov-19","GDR","4524570","November 12, 2019-KB4524570 (OS Builds 18362.476 and 18363.476)","http://support.microsoft.com/kb/4524570","No LDR Only available","No LDR Only available","No LDR Only available","rEX","19-11Rollup"
"Vmswitch.sys","Hyper-V_Net","6.2.18362.387","1","26-Sep-19","GDR","4524570","November 12, 2019-KB4524570 (OS Builds 18362.476 and 18363.476)","http://support.microsoft.com/kb/4524570","No LDR Only available","No LDR Only available","No LDR Only available","rEX","19-11Rollup"
"Vmms.exe","Hyper-V_Net","6.2.18362.387","1","26-Sep-19","GDR","4524570","November 12, 2019-KB4524570 (OS Builds 18362.476 and 18363.476)","http://support.microsoft.com/kb/4524570","No LDR Only available","No LDR Only available","No LDR Only available","rEX","19-11Rollup"
"Winnat.sys","Hyper-V_Net","6.2.18362.449","1","24-Oct-19","GDR","4524570","November 12, 2019-KB4524570 (OS Builds 18362.476 and 18363.476)","http://support.microsoft.com/kb/4524570","No LDR Only available","No LDR Only available","No LDR Only available","rEX","19-11Rollup"
"Vmbus.sys","Hyper-V_Net","6.2.18362.387","1","26-Sep-19","GDR","4524570","November 12, 2019-KB4524570 (OS Builds 18362.476 and 18363.476)","http://support.microsoft.com/kb/4524570","No LDR Only available","No LDR Only available","No LDR Only available","rEX","19-11Rollup"
"Rasapi32.dll","HNV_Net","6.2.18362.387","1","26-Sep-19","GDR","4524570","November 12, 2019-KB4524570 (OS Builds 18362.476 and 18363.476)","http://support.microsoft.com/kb/4524570","No LDR Only available","No LDR Only available","No LDR Only available","rEX","19-11Rollup"
"Vmwp.exe","Hyper-V_app","6.2.18362.418","1","08-Oct-19","GDR","4524570","November 12, 2019-KB4524570 (OS Builds 18362.476 and 18363.476)","http://support.microsoft.com/kb/4524570","No LDR Only available","No LDR Only available","No LDR Only available","rEX","19-11Rollup"
"4521863","Win2016_1903_19_10_SSU_KB"," ","0","08-Oct-2019","GDR","4521863","Servicing stack update for Windows 10 version 1903: October 8, 2019","http://support.microsoft.com/kb/4521863","KB only","KB only","KB Only"," ","No Rollup"
"4524570","Win201619H1_19-11_B_rollup_KB"," ","0","12-Nov-2019","GDR","4524570 (v1.0)","November 12, 2019-KB4524570 (OS Builds 18362.476 and 18363.476)","http://support.microsoft.com/kb/4524570","KB only","KB only","KB only"," ","19-11Rollup"
