"Binary","Component","Version","Prio","Published","Branch","Article","Title","Link","LDROnlyKB","LDROnlyTitle","LDROnlyLink","Comment","RollupInfo"
"Crashdmp.sys","Core_Kernel","6.2.17134.81","0","20-May-18","GDR","4580330","October 13, 2020-KB4580330 (OS Build 17134.1792)","http://support.microsoft.com/kb/4580330","No LDR Only available","No LDR Only available","No LDR Only available","rEX","20-10Rollup"
"Hal.dll","Core_Kernel","6.2.17134.1098","0","2-Oct-19","GDR","4580330","October 13, 2020-KB4580330 (OS Build 17134.1792)","http://support.microsoft.com/kb/4580330","No LDR Only available","No LDR Only available","No LDR Only available","rEX","20-10Rollup"
"pci.sys","Core_Sys","6.2.17134.1276","1","7-Jan-20","GDR","4580330","October 13, 2020-KB4580330 (OS Build 17134.1792)","http://support.microsoft.com/kb/4580330","No LDR Only available","No LDR Only available","No LDR Only available","rEX","20-10Rollup"
"Vmswitch.sys","Hyper-V_Net","6.2.17134.1792","1","30-Sep-20","GDR","4580330","October 13, 2020-KB4580330 (OS Build 17134.1792)","http://support.microsoft.com/kb/4580330","No LDR Only available","No LDR Only available","No LDR Only available","rEX","20-10Rollup"
"Vmms.exe","Hyper-V_Net","6.2.17134.1276","1","7-Jan-20","GDR","4580330","October 13, 2020-KB4580330 (OS Build 17134.1792)","http://support.microsoft.com/kb/4580330","No LDR Only available","No LDR Only available","No LDR Only available","rEX","20-10Rollup"
"Vmbus.sys","Hyper-V_Net","6.2.17134.228","1","3-Aug-18","GDR","4580330","October 13, 2020-KB4580330 (OS Build 17134.1792)","http://support.microsoft.com/kb/4580330","No LDR Only available","No LDR Only available","No LDR Only available","rEX","20-10Rollup"
"Vmwp.exe","Hyper-V_app","6.2.17134.1792","1","30-Sep-20","GDR","4580330","October 13, 2020-KB4580330 (OS Build 17134.1792)","http://support.microsoft.com/kb/4580330","No LDR Only available","No LDR Only available","No LDR Only available","rEX","20-10Rollup"
"Netio.sys","Net_Protocol","6.2.17134.441","0","9-Nov-18","GDR","4580330","October 13, 2020-KB4580330 (OS Build 17134.1792)","http://support.microsoft.com/kb/4580330","No LDR Only available","No LDR Only available","No LDR Only available","rEX","20-10Rollup"
"4580398","Win2016RS4_20_10_SSU_KB"," ","0","13-Oct-2020","GDR","4580398","Servicing stack update for Windows 10, version 1803: October 13, 2020","http://support.microsoft.com/kb/4580398","KB only","KB only","KB Only"," ","No Rollup"
"4580330","Win2016RS4_20-10_B_rollup_KB"," ","0","13-Oct-2020","GDR","4580330 (v1.0)","October 13, 2020-KB4580330 (OS Build 17134.1792)","http://support.microsoft.com/kb/4580330","KB only","KB only","KB only"," ","20-10Rollup"
