"Binary","Component","Version","Prio","Published","Branch","Article","Title","Link","LDROnlyKB","LDROnlyTitle","LDROnlyLink","Comment","RollupInfo"
"Ntoskrnl.exe","Core_Kernel","6.2.16299.967","0","6-Feb-19","GDR","4486996","February 12, 2019-KB4486996 (OS Build 16299.967)","http://support.microsoft.com/kb/4486996","No LDR Only available","No LDR Only available","No LDR Only available","rEX","19-02Rollup"
"Ntfs.sys","Core_FileSystem","6.2.16299.967","0","6-Feb-19","GDR","4486996","February 12, 2019-KB4486996 (OS Build 16299.967)","http://support.microsoft.com/kb/4486996","No LDR Only available","No LDR Only available","No LDR Only available","rEX","19-02Rollup"
"srv.sys","Net_SMB_Server","6.2.16299.402","0","15-Apr-18","GDR","4486996","February 12, 2019-KB4486996 (OS Build 16299.967)","http://support.microsoft.com/kb/4486996","No LDR Only available","No LDR Only available","No LDR Only available","rEX","19-02Rollup"
"srv2.sys","Net_SMB_Server","6.2.16299.967","0","6-Feb-19","GDR","4486996","February 12, 2019-KB4486996 (OS Build 16299.967)","http://support.microsoft.com/kb/4486996","No LDR Only available","No LDR Only available","No LDR Only available","rEX","19-02Rollup"
"srvnet.sys","Net_SMB_Server","6.2.16299.967","0","6-Feb-19","GDR","4486996","February 12, 2019-KB4486996 (OS Build 16299.967)","http://support.microsoft.com/kb/4486996","No LDR Only available","No LDR Only available","No LDR Only available","rEX","19-02Rollup"
"Srvsvc.dll","Net_SMB_Server","6.2.16299.371","0","30-Mar-18","GDR","4486996","February 12, 2019-KB4486996 (OS Build 16299.967)","http://support.microsoft.com/kb/4486996","No LDR Only available","No LDR Only available","No LDR Only available","rEX","19-02Rollup"
"Mrxsmb.sys","Net_SMB_Client","6.2.16299.726","0","25-Sep-18","GDR","4486996","February 12, 2019-KB4486996 (OS Build 16299.967)","http://support.microsoft.com/kb/4486996","No LDR Only available","No LDR Only available","No LDR Only available","rEX","19-02Rollup"
"Mrxsmb10.sys","Net_SMB_Client","6.2.16299.19","0","10-Oct-17","GDR","4486996","February 12, 2019-KB4486996 (OS Build 16299.967)","http://support.microsoft.com/kb/4486996","No LDR Only available","No LDR Only available","No LDR Only available","rEX","19-02Rollup"
"Mrxsmb20.sys","Net_SMB_Client","6.2.16299.936","0","5-Jan-19","GDR","4486996","February 12, 2019-KB4486996 (OS Build 16299.967)","http://support.microsoft.com/kb/4486996","No LDR Only available","No LDR Only available","No LDR Only available","rEX","19-02Rollup"
"Rdbss.sys","Net_SMB_Client","6.2.16299.936","0","5-Jan-19","GDR","4486996","February 12, 2019-KB4486996 (OS Build 16299.967)","http://support.microsoft.com/kb/4486996","No LDR Only available","No LDR Only available","No LDR Only available","rEX","19-02Rollup"
"Netbt.sys","Net_SMB_Client","6.2.16299.461","0","11-May-18","GDR","4486996","February 12, 2019-KB4486996 (OS Build 16299.967)","http://support.microsoft.com/kb/4486996","No LDR Only available","No LDR Only available","No LDR Only available","rEX","19-02Rollup"
"Mup.sys","Net_SMB_Client","6.2.16299.371","0","30-Mar-18","GDR","4486996","February 12, 2019-KB4486996 (OS Build 16299.967)","http://support.microsoft.com/kb/4486996","No LDR Only available","No LDR Only available","No LDR Only available","rEX","19-02Rollup"
"wkssvc.dll","Net_SMB_Client","6.2.16299.371","0","30-Mar-18","GDR","4486996","February 12, 2019-KB4486996 (OS Build 16299.967)","http://support.microsoft.com/kb/4486996","No LDR Only available","No LDR Only available","No LDR Only available","rEX","19-02Rollup"
"Tcpip.sys","Net_Protocol","6.2.16299.967","0","6-Feb-19","GDR","4486996","February 12, 2019-KB4486996 (OS Build 16299.967)","http://support.microsoft.com/kb/4486996","No LDR Only available","No LDR Only available","No LDR Only available","rEX","19-02Rollup"
"Afd.sys","Net_Protocol","6.2.16299.371","0","30-Mar-18","GDR","4486996","February 12, 2019-KB4486996 (OS Build 16299.967)","http://support.microsoft.com/kb/4486996","No LDR Only available","No LDR Only available","No LDR Only available","rEX","19-02Rollup"
"Netio.sys","Net_Protocol","6.2.16299.820","0","7-Nov-18","GDR","4486996","February 12, 2019-KB4486996 (OS Build 16299.967)","http://support.microsoft.com/kb/4486996","No LDR Only available","No LDR Only available","No LDR Only available","rEX","19-02Rollup"
"Ndis.sys","Net_Protocol","6.2.16299.611","0","7-Aug-18","GDR","4486996","February 12, 2019-KB4486996 (OS Build 16299.967)","http://support.microsoft.com/kb/4486996","No LDR Only available","No LDR Only available","No LDR Only available","rEX","19-02Rollup"
"Tdx.sys","Net_Protocol","6.2.16299.371","0","30-Mar-18","GDR","4486996","February 12, 2019-KB4486996 (OS Build 16299.967)","http://support.microsoft.com/kb/4486996","No LDR Only available","No LDR Only available","No LDR Only available","rEX","19-02Rollup"
"Dhcpcore6.dll","Net_IPv6","6.2.16299.371","1","30-Mar-18","GDR","4486996","February 12, 2019-KB4486996 (OS Build 16299.967)","http://support.microsoft.com/kb/4486996","No LDR Only available","No LDR Only available","No LDR Only available","rEX","19-02Rollup"
"Dhcpcsvc6.dll","Net_IPv6","6.2.16299.15","1","29-Sep-17","GDR","4486996","February 12, 2019-KB4486996 (OS Build 16299.967)","http://support.microsoft.com/kb/4486996","No LDR Only available","No LDR Only available","No LDR Only available","rEX","19-02Rollup"
"Nlasvc.dll","Net_NLA","6.2.16299.371","0","30-Mar-18","GDR","4486996","February 12, 2019-KB4486996 (OS Build 16299.967)","http://support.microsoft.com/kb/4486996","No LDR Only available","No LDR Only available","No LDR Only available","rEX","19-02Rollup"
"Ncsi.dll","Net_NLA","6.2.16299.248","0","10-Feb-18","GDR","4486996","February 12, 2019-KB4486996 (OS Build 16299.967)","http://support.microsoft.com/kb/4486996","No LDR Only available","No LDR Only available","No LDR Only available","rEX","19-02Rollup"
"Nlaapi.dll","Net_NLA","6.2.16299.248","0","10-Feb-18","GDR","4486996","February 12, 2019-KB4486996 (OS Build 16299.967)","http://support.microsoft.com/kb/4486996","No LDR Only available","No LDR Only available","No LDR Only available","rEX","19-02Rollup"
"Msv1_0.dll","Dom_NTLM","6.2.16299.904","1","1-Jan-19","GDR","4486996","February 12, 2019-KB4486996 (OS Build 16299.967)","http://support.microsoft.com/kb/4486996","No LDR Only available","No LDR Only available","No LDR Only available","rEX","19-02Rollup"
"Dns.exe","Net_DNS_Srv","6.2.16299.846","0","4-Dec-18","GDR","4486996","February 12, 2019-KB4486996 (OS Build 16299.967)","http://support.microsoft.com/kb/4486996","No LDR Only available","No LDR Only available","No LDR Only available","rEX","19-02Rollup"
"Dhcpssvc.dll","Net_DHCP_Srv","6.2.16299.967","0","6-Feb-19","GDR","4486996","February 12, 2019-KB4486996 (OS Build 16299.967)","http://support.microsoft.com/kb/4486996","No LDR Only available","No LDR Only available","No LDR Only available","rEX","19-02Rollup"
"Nfssvc.exe","Net_NFS_Srv","6.2.16299.15","0","29-Sep-17","GDR","4486996","February 12, 2019-KB4486996 (OS Build 16299.967)","http://support.microsoft.com/kb/4486996","No LDR Only available","No LDR Only available","No LDR Only available","rEX","19-02Rollup"
"Nfssvr.sys","Net_NFS_Srv","6.2.16299.461","0","11-May-18","GDR","4486996","February 12, 2019-KB4486996 (OS Build 16299.967)","http://support.microsoft.com/kb/4486996","No LDR Only available","No LDR Only available","No LDR Only available","rEX","19-02Rollup"
"Msnfsflt.sys","Net_NFS_Srv","6.2.16299.15","0","29-Sep-17","GDR","4486996","February 12, 2019-KB4486996 (OS Build 16299.967)","http://support.microsoft.com/kb/4486996","No LDR Only available","No LDR Only available","No LDR Only available","rEX","19-02Rollup"
"rpcxdr.sys","Net_NFS_Srv","6.2.16299.371","0","30-Mar-18","GDR","4486996","February 12, 2019-KB4486996 (OS Build 16299.967)","http://support.microsoft.com/kb/4486996","No LDR Only available","No LDR Only available","No LDR Only available","rEX","19-02Rollup"
"Csc.sys","Net_CSC_Offline","6.2.16299.611","1","7-Aug-18","GDR","4486996","February 12, 2019-KB4486996 (OS Build 16299.967)","http://support.microsoft.com/kb/4486996","No LDR Only available","No LDR Only available","No LDR Only available","rEX","19-02Rollup"
"Cscmig.dll","Net_CSC_Offline","6.2.16299.611","1","7-Aug-18","GDR","4486996","February 12, 2019-KB4486996 (OS Build 16299.967)","http://support.microsoft.com/kb/4486996","No LDR Only available","No LDR Only available","No LDR Only available","rEX","19-02Rollup"
"Cscui.dll","Net_CSC_Offline","6.2.16299.248","1","10-Feb-18","GDR","4486996","February 12, 2019-KB4486996 (OS Build 16299.967)","http://support.microsoft.com/kb/4486996","No LDR Only available","No LDR Only available","No LDR Only available","rEX","19-02Rollup"
"Mrxdav.sys","Net_WebDAV","6.2.16299.492","1","8-Jun-18","GDR","4486996","February 12, 2019-KB4486996 (OS Build 16299.967)","http://support.microsoft.com/kb/4486996","No LDR Only available","No LDR Only available","No LDR Only available","rEX","19-02Rollup"
"Webclnt.dll","Net_WebDAV","6.2.16299.334","1","13-Mar-18","GDR","4486996","February 12, 2019-KB4486996 (OS Build 16299.967)","http://support.microsoft.com/kb/4486996","No LDR Only available","No LDR Only available","No LDR Only available","rEX","19-02Rollup"
"Davclnt.dll","Net_WebDAV","6.2.16299.334","1","13-Mar-18","GDR","4486996","February 12, 2019-KB4486996 (OS Build 16299.967)","http://support.microsoft.com/kb/4486996","No LDR Only available","No LDR Only available","No LDR Only available","rEX","19-02Rollup"
"Shell32.dll","Net_WebDAV","6.2.16299.936","1","5-Jan-19","GDR","4486996","February 12, 2019-KB4486996 (OS Build 16299.967)","http://support.microsoft.com/kb/4486996","No LDR Only available","No LDR Only available","No LDR Only available","rEX","19-02Rollup"
"Winhttp.dll","Net_WebDAV","6.2.16299.967","1","6-Feb-19","GDR","4486996","February 12, 2019-KB4486996 (OS Build 16299.967)","http://support.microsoft.com/kb/4486996","No LDR Only available","No LDR Only available","No LDR Only available","rEX","19-02Rollup"
"Dfsc.sys","Net_DFS-N_Client","6.2.16299.461","0","11-May-18","GDR","4486996","February 12, 2019-KB4486996 (OS Build 16299.967)","http://support.microsoft.com/kb/4486996","No LDR Only available","No LDR Only available","No LDR Only available","rEX","19-02Rollup"
"Dhcpcore.dll","Net_DHCP_Client","6.2.16299.371","1","30-Mar-18","GDR","4486996","February 12, 2019-KB4486996 (OS Build 16299.967)","http://support.microsoft.com/kb/4486996","No LDR Only available","No LDR Only available","No LDR Only available","rEX","19-02Rollup"
"Dhcpcsvc.dll","Net_DHCP_Client","6.2.16299.15","1","29-Sep-17","GDR","4486996","February 12, 2019-KB4486996 (OS Build 16299.967)","http://support.microsoft.com/kb/4486996","No LDR Only available","No LDR Only available","No LDR Only available","rEX","19-02Rollup"
"Gpprefcl.dll","Dom_GPP","6.2.16299.522","1","13-Jun-18","GDR","4486996","February 12, 2019-KB4486996 (OS Build 16299.967)","http://support.microsoft.com/kb/4486996","No LDR Only available","No LDR Only available","No LDR Only available","rEX","19-02Rollup"
"Profsvc.dll","Dom_ProfProc","6.2.16299.402","1","15-Apr-18","GDR","4486996","February 12, 2019-KB4486996 (OS Build 16299.967)","http://support.microsoft.com/kb/4486996","No LDR Only available","No LDR Only available","No LDR Only available","rEX","19-02Rollup"
"Kerberos.dll","Dom_KERBEROS","6.2.16299.904","0","1-Jan-19","GDR","4486996","February 12, 2019-KB4486996 (OS Build 16299.967)","http://support.microsoft.com/kb/4486996","No LDR Only available","No LDR Only available","No LDR Only available","rEX","19-02Rollup"
"dnsapi.dll","Net_DNS_Client","6.2.16299.547","1","29-Jun-18","GDR","4486996","February 12, 2019-KB4486996 (OS Build 16299.967)","http://support.microsoft.com/kb/4486996","No LDR Only available","No LDR Only available","No LDR Only available","rEX","19-02Rollup"
"dnsrslvr.dll","Net_DNS_Client","6.2.16299.547","1","29-Jun-18","GDR","4486996","February 12, 2019-KB4486996 (OS Build 16299.967)","http://support.microsoft.com/kb/4486996","No LDR Only available","No LDR Only available","No LDR Only available","rEX","19-02Rollup"
"Rpcss.dll","Net_RPC","6.2.16299.904","1","1-Jan-19","GDR","4486996","February 12, 2019-KB4486996 (OS Build 16299.967)","http://support.microsoft.com/kb/4486996","No LDR Only available","No LDR Only available","No LDR Only available","rEX","19-02Rollup"
"Rpcrt4.dll","Net_RPC","6.2.16299.846","1","4-Dec-18","GDR","4486996","February 12, 2019-KB4486996 (OS Build 16299.967)","http://support.microsoft.com/kb/4486996","No LDR Only available","No LDR Only available","No LDR Only available","rEX","19-02Rollup"
"Bfe.dll","Net_Ipsec_BFE","6.2.16299.402","1","15-Apr-18","GDR","4486996","February 12, 2019-KB4486996 (OS Build 16299.967)","http://support.microsoft.com/kb/4486996","No LDR Only available","No LDR Only available","No LDR Only available","rEX","19-02Rollup"
"Ikeext.dll","Net_Ipsec_BFE","6.2.16299.726","1","25-Sep-18","GDR","4486996","February 12, 2019-KB4486996 (OS Build 16299.967)","http://support.microsoft.com/kb/4486996","No LDR Only available","No LDR Only available","No LDR Only available","rEX","19-02Rollup"
"Fwpuclnt.dll","Net_Ipsec_BFE","6.2.16299.15","1","29-Sep-17","GDR","4486996","February 12, 2019-KB4486996 (OS Build 16299.967)","http://support.microsoft.com/kb/4486996","No LDR Only available","No LDR Only available","No LDR Only available","rEX","19-02Rollup"
"Iphlpsvc.dll","Net_DirectAccess_Client","6.2.16299.371","1","30-Mar-18","GDR","4486996","February 12, 2019-KB4486996 (OS Build 16299.967)","http://support.microsoft.com/kb/4486996","No LDR Only available","No LDR Only available","No LDR Only available","rEX","19-02Rollup"
"Rdpcore.dll","Net_DirectAccess_Client","6.2.16299.402","1","15-Apr-18","GDR","4486996","February 12, 2019-KB4486996 (OS Build 16299.967)","http://support.microsoft.com/kb/4486996","No LDR Only available","No LDR Only available","No LDR Only available","rEX","19-02Rollup"
"dot3svc.dll","Net_IEEE802.1x","6.2.16299.371","1","30-Mar-18","GDR","4486996","February 12, 2019-KB4486996 (OS Build 16299.967)","http://support.microsoft.com/kb/4486996","No LDR Only available","No LDR Only available","No LDR Only available","rEX","19-02Rollup"
"Rastls.dll","Net_IEEE802.1x","6.2.16299.248","1","10-Feb-18","GDR","4486996","February 12, 2019-KB4486996 (OS Build 16299.967)","http://support.microsoft.com/kb/4486996","No LDR Only available","No LDR Only available","No LDR Only available","rEX","19-02Rollup"
"wlansvc.dll","Net_WLAN_Client","6.2.16299.820","1","7-Nov-18","GDR","4486996","February 12, 2019-KB4486996 (OS Build 16299.967)","http://support.microsoft.com/kb/4486996","No LDR Only available","No LDR Only available","No LDR Only available","rEX","19-02Rollup"
"wlanmsm.dll","Net_WLAN_Client","6.2.16299.755","1","10-Oct-18","GDR","4486996","February 12, 2019-KB4486996 (OS Build 16299.967)","http://support.microsoft.com/kb/4486996","No LDR Only available","No LDR Only available","No LDR Only available","rEX","19-02Rollup"
"wlanapi.dll","Net_WLAN_Client","6.2.16299.334","1","13-Mar-18","GDR","4486996","February 12, 2019-KB4486996 (OS Build 16299.967)","http://support.microsoft.com/kb/4486996","No LDR Only available","No LDR Only available","No LDR Only available","rEX","19-02Rollup"
"wlansec.dll","Net_WLAN_Client","6.2.16299.755","1","10-Oct-18","GDR","4486996","February 12, 2019-KB4486996 (OS Build 16299.967)","http://support.microsoft.com/kb/4486996","No LDR Only available","No LDR Only available","No LDR Only available","rEX","19-02Rollup"
"wlansvcpal.dll","Net_WLAN_Client","6.2.16299.15","1","29-Sep-17","GDR","4486996","February 12, 2019-KB4486996 (OS Build 16299.967)","http://support.microsoft.com/kb/4486996","No LDR Only available","No LDR Only available","No LDR Only available","rEX","19-02Rollup"
"wlanhlp.dll","Net_WLAN_Client","6.2.16299.15","1","29-Sep-17","GDR","4486996","February 12, 2019-KB4486996 (OS Build 16299.967)","http://support.microsoft.com/kb/4486996","No LDR Only available","No LDR Only available","No LDR Only available","rEX","19-02Rollup"
"Rasapi32.dll","HNV_Net","6.2.16299.334","1","13-Mar-18","GDR","4486996","February 12, 2019-KB4486996 (OS Build 16299.967)","http://support.microsoft.com/kb/4486996","No LDR Only available","No LDR Only available","No LDR Only available","rEX","19-02Rollup"
"WebIo.dll","Net_BranchCache","6.2.16299.820","1","7-Nov-18","GDR","4486996","February 12, 2019-KB4486996 (OS Build 16299.967)","http://support.microsoft.com/kb/4486996","No LDR Only available","No LDR Only available","No LDR Only available","rEX","19-02Rollup"
"Mpsdrv.sys","Net_Firewall","6.2.16299.665","1","28-Aug-18","GDR","4486996","February 12, 2019-KB4486996 (OS Build 16299.967)","http://support.microsoft.com/kb/4486996","No LDR Only available","No LDR Only available","No LDR Only available","rEX","19-02Rollup"
"MpsSvc.dll","Net_Firewall","6.2.16299.967","1","6-Feb-19","GDR","4486996","February 12, 2019-KB4486996 (OS Build 16299.967)","http://support.microsoft.com/kb/4486996","No LDR Only available","No LDR Only available","No LDR Only available","rEX","19-02Rollup"
"qmgr.dll","Net_BiTS","7.8.16299.579","1","18-Jul-18","GDR","4486996","February 12, 2019-KB4486996 (OS Build 16299.967)","http://support.microsoft.com/kb/4486996","No LDR Only available","No LDR Only available","No LDR Only available","rEX","19-02Rollup"
"Vmswitch.sys","Hyper-V_Net","6.2.16299.936","1","5-Jan-19","GDR","4486996","February 12, 2019-KB4486996 (OS Build 16299.967)","http://support.microsoft.com/kb/4486996","No LDR Only available","No LDR Only available","No LDR Only available","rEX","19-02Rollup"
"Wnv.sys","Hyper-V_Net","6.2.16299.371","1","30-Mar-18","GDR","4486996","February 12, 2019-KB4486996 (OS Build 16299.967)","http://support.microsoft.com/kb/4486996","No LDR Only available","No LDR Only available","No LDR Only available","rEX","19-02Rollup"
"Vmms.exe","Hyper-V_Net","6.2.16299.637","1","9-Aug-18","GDR","4486996","February 12, 2019-KB4486996 (OS Build 16299.967)","http://support.microsoft.com/kb/4486996","No LDR Only available","No LDR Only available","No LDR Only available","rEX","19-02Rollup"
"Winnat.sys","Hyper-V_Net","6.2.16299.755","1","10-Oct-18","GDR","4486996","February 12, 2019-KB4486996 (OS Build 16299.967)","http://support.microsoft.com/kb/4486996","No LDR Only available","No LDR Only available","No LDR Only available","rEX","19-02Rollup"
"pvhdparser.sys","Hyper-V_Net","6.2.16299.371","1","30-Mar-18","GDR","4486996","February 12, 2019-KB4486996 (OS Build 16299.967)","http://support.microsoft.com/kb/4486996","No LDR Only available","No LDR Only available","No LDR Only available","rEX","19-02Rollup"
"4485448","Win2016_19_02_SvcStack_KB"," ","0","12-Feb-2019","GDR","4485448","Servicing stack update for Windows Server 2016 version 1709 and Windows 10 version 1709: February 12, 2019","http://support.microsoft.com/kb/4485448","KB only","KB only","KB Only"," ","No Rollup"
"4487021","Win2016_19_02_C_rollup_KB"," ","0","19-Feb-2019","GDR","4487021 (v1.0)","February 19, 2019-KB4487021 (OS Build 16299.1004)","http://support.microsoft.com/kb/4487021","KB only","KB only","KB Only"," ","19-02Rollup"
