"Binary","Component","Version","Prio","Published","Branch","Article","Title","Link","LDROnlyKB","LDROnlyTitle","LDROnlyLink","Comment","RollupInfo"
"Volsnap.sys","Cluster_Volsnap","6.2.17763.831","0","8-Oct-19","GDR","4550969","April 21, 2020-KB4550969 (OS Build 17763.1192)","http://support.microsoft.com/kb/4550969","KB only","KB only","KB only"," ","20-04Rollup"
"Csvflt.sys","Cluster_CSV","6.2.17763.529","0","21-May-19","GDR","4550969","April 21, 2020-KB4550969 (OS Build 17763.1192)","http://support.microsoft.com/kb/4550969","KB only","KB only","KB only"," ","20-04Rollup"
"Csvfs.sys","Cluster_CSV","6.2.17763.831","0","15-Oct-19","GDR","4550969","April 21, 2020-KB4550969 (OS Build 17763.1192)","http://support.microsoft.com/kb/4550969","KB only","KB only","KB only"," ","20-04Rollup"
"Vmswitch.sys","Hyper-V_Net","6.2.17763.1131","1","17-Mar-20","GDR","4550969","April 21, 2020-KB4550969 (OS Build 17763.1192)","http://support.microsoft.com/kb/4550969","KB only","KB only","KB only"," ","20-04Rollup"
"Wnv.sys","Hyper-V_Net","6.2.17763.864","1","17-Aug-19","GDR","4550969","April 21, 2020-KB4550969 (OS Build 17763.1192)","http://support.microsoft.com/kb/4550969","KB only","KB only","KB only"," ","20-04Rollup"
"Ndisimplatform.sys","Hyper-V_Net","6.2.17763.1","1","17-Jan-20","GDR","4550969","April 21, 2020-KB4550969 (OS Build 17763.1192)","http://support.microsoft.com/kb/4550969","KB only","KB only","KB only"," ","20-04Rollup"
"Vmms.exe","Hyper-V_Net","6.2.17763.1075","1","23-Jan-20","GDR","4550969","April 21, 2020-KB4550969 (OS Build 17763.1192)","http://support.microsoft.com/kb/4550969","KB only","KB only","KB only"," ","20-04Rollup"
"Winnat.sys","Hyper-V_Net","6.2.17763.1192","1","21-Apr-20","GDR","4550969","April 21, 2020-KB4550969 (OS Build 17763.1192)","http://support.microsoft.com/kb/4550969","KB only","KB only","KB only"," ","20-04Rollup"
"Vmbus.sys","Hyper-V_Net","6.2.17763.771","1","8-Oct-19","GDR","4550969","April 21, 2020-KB4550969 (OS Build 17763.1192)","http://support.microsoft.com/kb/4550969","KB only","KB only","KB only"," ","20-04Rollup"
"Rasapi32.dll","HNV_Net","6.2.17763.1007","1","23-Jan-20","GDR","4550969","April 21, 2020-KB4550969 (OS Build 17763.1192)","http://support.microsoft.com/kb/4550969","KB only","KB only","KB only"," ","20-04Rollup"
"Vmwp.exe","Hyper-V_app","6.2.17763.1075","1","23-Jan-20","GDR","4550969","April 21, 2020-KB4550969 (OS Build 17763.1192)","http://support.microsoft.com/kb/4550969","KB only","KB only","KB only"," ","20-04Rollup"
"4549947","Win2016RS5_20_04_SSU_KB"," ","0","14-Apr-2020","GDR","4549947","Servicing stack update for Windows 10, version 1809: April 14, 2020","http://support.microsoft.com/kb/4549947","KB only","KB only","KB Only"," ","No Rollup"
"4550969","Win2016RS5_20-04_C_rollup_KB"," ","0","21-Apr-2020","GDR","4550969 (v1.0)","April 21, 2020-KB4550969 (OS Build 17763.1192)","http://support.microsoft.com/kb/4550969","KB only","KB only","KB only"," ","20-04Rollup"
