"Binary","Component","Version","Prio","Published","Branch","Article","Title","Link","LDROnlyKB","LDROnlyTitle","LDROnlyLink","Comment","RollupInfo"
"Netlogon.dll","Dom_NETLOGON","6.1.7601.24535","0","5-Nov-19","LDR","4550964","April 14, 2020-KB4550964 (Monthly Rollup)","http://support.microsoft.com/kb/4550964","No LDR Only available","No LDR Only available","No LDR Only available","rEX","20-04Rollup"
"logoncli.dll","Dom_NETLOGON","6.1.7601.21934","0","02.03.2012","LDR","2684982 (v1.0)","The Lsass.exe process crashes on Windows Server 2008 R2-based domain controllers","http://support.microsoft.com/kb/2684982","2684982 (v1.0)","The Lsass.exe process crashes on Windows Server 2008 R2-based domain controllers","http://support.microsoft.com/kb/2684982"," ","16-04Rollup"
"Winlogon.exe","Dom_WINLOGON","6.1.7601.24514","0","14-Aug-19","LDR","4550964","April 14, 2020-KB4550964 (Monthly Rollup)","http://support.microsoft.com/kb/4550964","No LDR Only available","No LDR Only available","No LDR Only available","rEX","20-04Rollup"
"Kerberos.dll","Dom_KERBEROS","6.1.7601.24549","0","5-Feb-20","LDR","4550964","April 14, 2020-KB4550964 (Monthly Rollup)","http://support.microsoft.com/kb/4550964","No LDR Only available","No LDR Only available","No LDR Only available","rEX","20-04Rollup"
"Msv1_0.dll","Dom_NTLM","6.1.7601.24549","1","5-Feb-20","LDR","4550964","April 14, 2020-KB4550964 (Monthly Rollup)","http://support.microsoft.com/kb/4550964","No LDR Only available","No LDR Only available","No LDR Only available","rEX","20-04Rollup"
"Wldap32.dll","Dom_LDAPClient","6.1.7601.23889","0","11-Aug-17","LDR","4550964","April 14, 2020-KB4550964 (Monthly Rollup)","http://support.microsoft.com/kb/4550964","No LDR Only available","No LDR Only available","No LDR Only available","rEX","20-04Rollup"
"Lsass.exe","Dom_LSA","6.1.7601.24549","0","13-Feb-20","LDR","4550964","April 14, 2020-KB4550964 (Monthly Rollup)","http://support.microsoft.com/kb/4550964","No LDR Only available","No LDR Only available","No LDR Only available","rEX","20-04Rollup"
"Lsasrv.dll","Dom_LSA","6.1.7601.24549","0","13-Feb-20","LDR","4550964","April 14, 2020-KB4550964 (Monthly Rollup)","http://support.microsoft.com/kb/4550964","No LDR Only available","No LDR Only available","No LDR Only available","rEX","20-04Rollup"
"Ksecdd.sys","Dom_LSA","6.1.7601.24549","0","13-Feb-20","LDR","4550964","April 14, 2020-KB4550964 (Monthly Rollup)","http://support.microsoft.com/kb/4550964","No LDR Only available","No LDR Only available","No LDR Only available","rEX","20-04Rollup"
"Ksecpkg.sys","Dom_LSA","6.1.7601.24552","0","31-Mar-20","LDR","4550964","April 14, 2020-KB4550964 (Monthly Rollup)","http://support.microsoft.com/kb/4550964","No LDR Only available","No LDR Only available","No LDR Only available","rEX","20-04Rollup"
"Secur32.dll","Dom_LSA","6.1.7601.24552","0","31-Mar-20","LDR","4550964","April 14, 2020-KB4550964 (Monthly Rollup)","http://support.microsoft.com/kb/4550964","No LDR Only available","No LDR Only available","No LDR Only available","rEX","20-04Rollup"
"Sspicli.dll","Dom_LSA","6.1.7601.24552","0","31-Mar-20","LDR","4550964","April 14, 2020-KB4550964 (Monthly Rollup)","http://support.microsoft.com/kb/4550964","No LDR Only available","No LDR Only available","No LDR Only available","rEX","20-04Rollup"
"Sspisrv.dll","Dom_LSA","6.1.7601.24549","0","5-Feb-20","LDR","4550964","April 14, 2020-KB4550964 (Monthly Rollup)","http://support.microsoft.com/kb/4550964","No LDR Only available","No LDR Only available","No LDR Only available","rEX","20-04Rollup"
"Schannel.dll","Dom_LSA","6.1.7601.24552","0","31-Mar-20","LDR","4550964","April 14, 2020-KB4550964 (Monthly Rollup)","http://support.microsoft.com/kb/4550964","No LDR Only available","No LDR Only available","No LDR Only available","rEX","20-04Rollup"
"Scesrv.dll","Dom_SecAuditAndConfig","6.1.7601.24024","1","12-Jan-18","LDR","4550964","April 14, 2020-KB4550964 (Monthly Rollup)","http://support.microsoft.com/kb/4550964","No LDR Only available","No LDR Only available","No LDR Only available","rEX","20-04Rollup"
"aclui.dll","Dom_SecAuditAndConfig","6.1.7601.22587","1","01.02.2014","LDR","2928800 (v1.0)","Incorrect group name is displayed in folder permission list in Windows 7 or Windows Server 2008 R2","http://support.microsoft.com/kb/2928800","2928800 (v1.0)","Incorrect group name is displayed in folder permission list in Windows 7 or Windows Server 2008 R2","http://support.microsoft.com/kb/2928800"," ","16-04Rollup"
"Winscard.dll","Dom_SC_Provider","6.1.7601.24059","1","22-Feb-18","LDR","4550964","April 14, 2020-KB4550964 (Monthly Rollup)","http://support.microsoft.com/kb/4550964","No LDR Only available","No LDR Only available","No LDR Only available","rEX","20-04Rollup"
"Basecsp.dll","Dom_SC_Provider","6.1.7601.24080","1","6-Mar-18","LDR","4550964","April 14, 2020-KB4550964 (Monthly Rollup)","http://support.microsoft.com/kb/4550964","No LDR Only available","No LDR Only available","No LDR Only available","rEX","20-04Rollup"
"Scksp.dll","Dom_SC_Provider","6.1.7601.24080","1","6-Mar-18","LDR","4550964","April 14, 2020-KB4550964 (Monthly Rollup)","http://support.microsoft.com/kb/4550964","No LDR Only available","No LDR Only available","No LDR Only available","rEX","20-04Rollup"
"scardsvr.dll","Dom_SC_Srv","6.1.7601.22310","1","26.04.2013","LDR","2833914 (v2.0)","""Interactive Logon: Smart card removal behavior"" Group Policy setting doesn't work as expected in Windows 7 SP1 or Windows Server 2008 R2 SP1","http://support.microsoft.com/kb/2833914","2833914 (v2.0)","""Interactive Logon: Smart card removal behavior"" Group Policy setting doesn't work as expected in Windows 7 SP1 or Windows Server 2008 R2 SP1","http://support.microsoft.com/kb/2833914"," ","16-04Rollup"
"scfilter.sys","Dom_SC_Srv","6.1.7601.22310","1","26.04.2013","LDR","2833914 (v2.0)","""Interactive Logon: Smart card removal behavior"" Group Policy setting doesn't work as expected in Windows 7 SP1 or Windows Server 2008 R2 SP1","http://support.microsoft.com/kb/2833914","2833914 (v2.0)","""Interactive Logon: Smart card removal behavior"" Group Policy setting doesn't work as expected in Windows 7 SP1 or Windows Server 2008 R2 SP1","http://support.microsoft.com/kb/2833914"," ","16-04Rollup"
"certprop.dll","Dom_SC_Srv","6.1.7601.22310","1","26.04.2013","LDR","2833914 (v2.0)","""Interactive Logon: Smart card removal behavior"" Group Policy setting doesn't work as expected in Windows 7 SP1 or Windows Server 2008 R2 SP1","http://support.microsoft.com/kb/2833914","2833914 (v2.0)","""Interactive Logon: Smart card removal behavior"" Group Policy setting doesn't work as expected in Windows 7 SP1 or Windows Server 2008 R2 SP1","http://support.microsoft.com/kb/2833914"," ","16-04Rollup"
"Crypt32.dll","Dom_CRYPTO","6.1.7601.24542","1","10-Dec-19","LDR","4550964","April 14, 2020-KB4550964 (Monthly Rollup)","http://support.microsoft.com/kb/4550964","No LDR Only available","No LDR Only available","No LDR Only available","rEX","20-04Rollup"
"Cryptsvc.dll","Dom_CRYPTO","6.1.7601.24542","1","10-Dec-19","LDR","4550964","April 14, 2020-KB4550964 (Monthly Rollup)","http://support.microsoft.com/kb/4550964","No LDR Only available","No LDR Only available","No LDR Only available","rEX","20-04Rollup"
"Cryptnet.dll","Dom_CRYPTO","6.1.7601.24542","1","10-Dec-19","LDR","4550964","April 14, 2020-KB4550964 (Monthly Rollup)","http://support.microsoft.com/kb/4550964","No LDR Only available","No LDR Only available","No LDR Only available","rEX","20-04Rollup"
"Wintrust.dll","Dom_CRYPTO","6.1.7601.24542","1","10-Dec-19","LDR","4550964","April 14, 2020-KB4550964 (Monthly Rollup)","http://support.microsoft.com/kb/4550964","No LDR Only available","No LDR Only available","No LDR Only available","rEX","20-04Rollup"
"Cryptdll.dll","Dom_CRYPTO","6.1.7601.24432","1","5-Apr-19","LDR","4550964","April 14, 2020-KB4550964 (Monthly Rollup)","http://support.microsoft.com/kb/4550964","No LDR Only available","No LDR Only available","No LDR Only available","rEX","20-04Rollup"
"dimsroam.dll","Dom_DIMS","6.1.7601.22616","0","05.03.2014","LDRGDR","2871997 (v2.2)","Microsoft Security Advisory: Update to improve credentials protection and management: May 13, 2014","http://support.microsoft.com/kb/2871997","2520487 (v1.0)","AD DS database size increases significantly when the Credential Roaming feature is enabled in Windows 7 or in Windows Server 2008 R2","http://support.microsoft.com/kb/2520487","rEX","16-04Rollup"
"dimsjob.dll","Dom_DIMS","6.1.7601.22751","0","24.07.2014","LDR","2987452 (v1.0)","Performance issues when you use credential roaming on RD Session Host servers in Windows 7 or Windows Server 2008 R2","http://support.microsoft.com/kb/2987452","2987452 (v1.0)","Performance issues when you use credential roaming on RD Session Host servers in Windows 7 or Windows Server 2008 R2","http://support.microsoft.com/kb/2987452"," ","16-04Rollup"
"adprovider.dll","Dom_DIMS","6.1.7601.22616","0","05.03.2014","LDRGDR","2871997 (v2.2)","Microsoft Security Advisory: Update to improve credentials protection and management: May 13, 2014","http://support.microsoft.com/kb/2871997","2520487 (v1.0)","AD DS database size increases significantly when the Credential Roaming feature is enabled in Windows 7 or in Windows Server 2008 R2","http://support.microsoft.com/kb/2520487","rEX","16-04Rollup"
"capiprovider.dll","Dom_DIMS","6.1.7601.22616","0","05.03.2014","LDRGDR","2871997 (v2.2)","Microsoft Security Advisory: Update to improve credentials protection and management: May 13, 2014","http://support.microsoft.com/kb/2871997","2520487 (v1.0)","AD DS database size increases significantly when the Credential Roaming feature is enabled in Windows 7 or in Windows Server 2008 R2","http://support.microsoft.com/kb/2520487","rEX","16-04Rollup"
"cngprovider.dll","Dom_DIMS","6.1.7601.22616","0","05.03.2014","LDRGDR","2871997 (v2.2)","Microsoft Security Advisory: Update to improve credentials protection and management: May 13, 2014","http://support.microsoft.com/kb/2871997","2520487 (v1.0)","AD DS database size increases significantly when the Credential Roaming feature is enabled in Windows 7 or in Windows Server 2008 R2","http://support.microsoft.com/kb/2520487","rEX","16-04Rollup"
"dpapiprovider.dll","Dom_DIMS","6.1.7601.22616","0","05.03.2014","LDRGDR","2871997 (v2.2)","Microsoft Security Advisory: Update to improve credentials protection and management: May 13, 2014","http://support.microsoft.com/kb/2871997","2520487 (v1.0)","AD DS database size increases significantly when the Credential Roaming feature is enabled in Windows 7 or in Windows Server 2008 R2","http://support.microsoft.com/kb/2520487","rEX","16-04Rollup"
"wincredprovider.dll","Dom_DIMS","6.1.7601.22616","0","05.03.2014","LDRGDR","2871997 (v2.2)","Microsoft Security Advisory: Update to improve credentials protection and management: May 13, 2014","http://support.microsoft.com/kb/2871997","2520487 (v1.0)","AD DS database size increases significantly when the Credential Roaming feature is enabled in Windows 7 or in Windows Server 2008 R2","http://support.microsoft.com/kb/2520487","rEX","16-04Rollup"
"gpapi.dll","Dom_GPSVC","6.1.7601.23452","0","12.05.2016","LDR","3159398 (v1.0)","MS16-072: Description of the security update for Group Policy: June 14, 2016","http://support.microsoft.com/kb/3159398","3159398 (v1.0)","MS16-072: Description of the security update for Group Policy: June 14, 2016","http://support.microsoft.com/kb/3159398","rEX","No Rollup"
"gpsvc.dll","Dom_GPSVC","6.1.7601.23452","0","12.05.2016","LDR","3159398 (v1.0)","MS16-072: Description of the security update for Group Policy: June 14, 2016","http://support.microsoft.com/kb/3159398","3159398 (v1.0)","MS16-072: Description of the security update for Group Policy: June 14, 2016","http://support.microsoft.com/kb/3159398","rEX","No Rollup"
"gpmgmt.dll","Dom_GPSVC","6.1.7601.22814","0","20.09.2014","LDR","3001265 (v1.0)","""Access Denied"" error occurs but all child objects under protected OU are deleted in Windows 7 or Windows Server 2008 R","http://support.microsoft.com/kb/3001265","3001265 (v1.0)","""Access Denied"" error occurs but all child objects under protected OU are deleted in Windows 7 or Windows Server 2008 R","http://support.microsoft.com/kb/3001265"," ","16-04Rollup"
"Gprsop.dll","Dom_GPSVC","6.1.7601.23403","0","25-Mar-2016","LDR","3125574","Convenience roll-up update for Windows 7 SP1 and Windows Server 2008 R2 SP1","http://support.microsoft.com/kb/3125574","No LDR Only available","No LDR Only available","No LDR Only available","rEX","16-04Rollup"
"Userenv.dll","Dom_GPSVC","6.1.7601.24549","0","13-Feb-20","LDR","4550964","April 14, 2020-KB4550964 (Monthly Rollup)","http://support.microsoft.com/kb/4550964","No LDR Only available","No LDR Only available","No LDR Only available","rEX","20-04Rollup"
"gpprnext.dll","Dom_GPExt","6.1.7601.22137","0","13.08.2014","LDR","2775511 (v1.0)","An enterprise hotfix rollup is available for Windows 7 SP1 and Windows Server 2008 R2 SP1","http://support.microsoft.com/kb/2775511","2537549 (v1.0)","Cannot deploy a printer by using a GPO if read-only domain controllers are exclusively used in the domain environment in Windows 7 or in Windows Server 2008 R2","http://support.microsoft.com/kb/2537549","rEX","16-04Rollup"
"appmgmts.dll","Dom_GPExt","6.1.7601.22137","0","13.08.2014","LDR","2775511 (v1.0)","An enterprise hotfix rollup is available for Windows 7 SP1 and Windows Server 2008 R2 SP1","http://support.microsoft.com/kb/2775511","2537556 (v1.0)","When you use a GPO for application deployment in Windows 7 or in Windows Server 2008 R2, the deployment fails","http://support.microsoft.com/kb/2537556","rEX","16-04Rollup"
"gpprefcl.dll","Dom_GPP","6.1.7601.23452","0","12.05.2016","LDR","3159398 (v1.0)","MS16-072: Description of the security update for Group Policy: June 14, 2016","http://support.microsoft.com/kb/3159398","3159398 (v1.0)","MS16-072: Description of the security update for Group Policy: June 14, 2016","http://support.microsoft.com/kb/3159398","rEX","No Rollup"
"gpme.dll","Dom_GPP","6.1.7601.22605","0","19.02.2014","LDR","2928120 (v1.2)","MS14-025: Description of the security update for Group Policy Preferences for systems that have update 2919355 installed: May 13, 2014","http://support.microsoft.com/kb/2928120","No LDR Only available","No LDR Only available","No LDR Only available","rEX","16-04Rollup"
"gppref.dll","Dom_GPP","6.1.7601.22605","0","19.02.2014","LDRGDR","2928120 (v1.2)","MS14-025: Description of the security update for Group Policy Preferences for systems that have update 2919355 installed: May 13, 2014","http://support.microsoft.com/kb/2928120","2798787 (v1.0)","Name of Group Policy preferences for Internet Explorer are displayed incorrectly in Windows 7 or Windows Server 2008 R2","http://support.microsoft.com/kb/2798787","rEX","16-04Rollup"
"gpprefbr.dll","Dom_GPP","6.1.7601.22605","0","19.02.2014","LDR","2928120 (v1.2)","MS14-025: Description of the security update for Group Policy Preferences for systems that have update 2919355 installed: May 13, 2014","http://support.microsoft.com/kb/2928120","2928120 (v1.2)","MS14-025: Description of the security update for Group Policy Preferences for systems that have update 2919355 installed: May 13, 2014","http://support.microsoft.com/kb/2928120","rEX","16-04Rollup"
"gpprefcn.dll","Dom_GPP","6.1.7601.22605","0","19.02.2014","LDR","2928120 (v1.2)","MS14-025: Description of the security update for Group Policy Preferences for systems that have update 2919355 installed: May 13, 2014","http://support.microsoft.com/kb/2928120","2928120 (v1.2)","MS14-025: Description of the security update for Group Policy Preferences for systems that have update 2919355 installed: May 13, 2014","http://support.microsoft.com/kb/2928120","rEX","16-04Rollup"
"Gpregistrybrowser.dll","Dom_GPP","6.1.7601.23403","0","25-Mar-2016","LDR","3125574","Convenience roll-up update for Windows 7 SP1 and Windows Server 2008 R2 SP1","http://support.microsoft.com/kb/3125574","No LDR Only available","No LDR Only available","No LDR Only available","rEX","16-04Rollup"
"propshts.dll","Dom_GPP","6.1.7601.22605","0","19.02.2014","LDRGDR","2928120 (v1.2)","MS14-025: Description of the security update for Group Policy Preferences for systems that have update 2919355 installed: May 13, 2014","http://support.microsoft.com/kb/2928120","2798787 (v1.0)","Name of Group Policy preferences for Internet Explorer are displayed incorrectly in Windows 7 or Windows Server 2008 R2","http://support.microsoft.com/kb/2798787","rEX","16-04Rollup"
"Profprov.dll","Dom_ProfProc","6.1.7601.24549","0","5-Feb-20","LDR","4550964","April 14, 2020-KB4550964 (Monthly Rollup)","http://support.microsoft.com/kb/4550964","No LDR Only available","No LDR Only available","No LDR Only available","rEX","20-04Rollup"
"Profsvc.dll","Dom_ProfProc","6.1.7601.24549","0","13-Feb-20","LDR","4550964","April 14, 2020-KB4550964 (Monthly Rollup)","http://support.microsoft.com/kb/4550964","No LDR Only available","No LDR Only available","No LDR Only available","rEX","20-04Rollup"
"esent.dll","Dom_ESENT","6.1.7601.22448","0","11.09.2013","LDR","2878563 (v1.0)","Applications experience up to three seconds of AD DS or AD LDS query latency in Windows Server 2008 R2 SP1","http://support.microsoft.com/kb/2878563","2878563 (v1.0)","Applications experience up to three seconds of AD DS or AD LDS query latency in Windows Server 2008 R2 SP1","http://support.microsoft.com/kb/2878563"," ","16-04Rollup"
"Ntdsai.dll","Dom_NTDSAI","6.1.7601.24551","0","12-Mar-20","LDR","4550964","April 14, 2020-KB4550964 (Monthly Rollup)","http://support.microsoft.com/kb/4550964","No LDR Only available","No LDR Only available","No LDR Only available","rEX","20-04Rollup"
"Ntdsutil.exe","Dom_NTDSAI","6.1.7601.21931","0","28.02.2012","LDR","2642658 (v2.0)","You cannot create users, computers, or groups on a domain controller that is running Windows Server 2008 R2","http://support.microsoft.com/kb/2642658","2642658 (v2.0)","You cannot create users, computers, or groups on a domain controller that is running Windows Server 2008 R2","http://support.microsoft.com/kb/2642658","rEX","16-04Rollup"
"Samsrv.dll","Dom_SAMSRV","6.1.7601.23677","0","9-Feb-17","LDR","4550964","April 14, 2020-KB4550964 (Monthly Rollup)","http://support.microsoft.com/kb/4550964","No LDR Only available","No LDR Only available","No LDR Only available","rEX","20-04Rollup"
"Samlib.dll","Dom_SAMSRV","6.1.7601.23677","0","9-Feb-17","LDR","4550964","April 14, 2020-KB4550964 (Monthly Rollup)","http://support.microsoft.com/kb/4550964","No LDR Only available","No LDR Only available","No LDR Only available","rEX","20-04Rollup"
"Mrxsmb.sys","Net_SMB_Client","6.1.7601.24549","0","5-Feb-20","LDR","4550964","April 14, 2020-KB4550964 (Monthly Rollup)","http://support.microsoft.com/kb/4550964","No LDR Only available","No LDR Only available","No LDR Only available","rEX","20-04Rollup"
"Mrxsmb10.sys","Net_SMB_Client","6.1.7601.24552","0","31-Mar-20","LDR","4550964","April 14, 2020-KB4550964 (Monthly Rollup)","http://support.microsoft.com/kb/4550964","No LDR Only available","No LDR Only available","No LDR Only available","rEX","20-04Rollup"
"Mrxsmb20.sys","Net_SMB_Client","6.1.7601.24549","0","5-Feb-20","LDR","4550964","April 14, 2020-KB4550964 (Monthly Rollup)","http://support.microsoft.com/kb/4550964","No LDR Only available","No LDR Only available","No LDR Only available","rEX","20-04Rollup"
"Rdbss.sys","Net_SMB_Client","6.1.7601.24521","0","10-Sep-19","LDR","4550964","April 14, 2020-KB4550964 (Monthly Rollup)","http://support.microsoft.com/kb/4550964","No LDR Only available","No LDR Only available","No LDR Only available","rEX","20-04Rollup"
"Netbt.sys","Net_SMB_Client","6.1.7601.24394","0","21-Feb-19","LDR","4550964","April 14, 2020-KB4550964 (Monthly Rollup)","http://support.microsoft.com/kb/4550964","No LDR Only available","No LDR Only available","No LDR Only available","rEX","20-04Rollup"
"mup.sys","Net_SMB_Client","6.1.7601.23121","0","11.07.2015","LDR","3075623 (v1.0)","Configuring registry policy processing causes MUP to ignore Group Policy setting in Windows","http://support.microsoft.com/kb/3075623","3075623 (v1.0)","Configuring registry policy processing causes MUP to ignore Group Policy setting in Windows","http://support.microsoft.com/kb/3075623"," ","16-04Rollup"
"wkssvc.dll","Net_SMB_Client","6.1.7601.24136","0","25-Apr-18","LDR","4550964","April 14, 2020-KB4550964 (Monthly Rollup)","http://support.microsoft.com/kb/4550964","No LDR Only available","No LDR Only available","No LDR Only available","rEX","20-04Rollup"
"Tcpip.sys","Net_Protocol","6.1.7601.24498","0","13-Jul-19","LDR","4550964","April 14, 2020-KB4550964 (Monthly Rollup)","http://support.microsoft.com/kb/4550964","No LDR Only available","No LDR Only available","No LDR Only available","rEX","20-04Rollup"
"Afd.sys","Net_Protocol","6.1.7601.23761","0","4-Apr-17","LDR","4550964","April 14, 2020-KB4550964 (Monthly Rollup)","http://support.microsoft.com/kb/4550964","No LDR Only available","No LDR Only available","No LDR Only available","rEX","20-04Rollup"
"Netio.sys","Net_Protocol","6.1.7601.24498","0","13-Jul-19","LDR","4550964","April 14, 2020-KB4550964 (Monthly Rollup)","http://support.microsoft.com/kb/4550964","No LDR Only available","No LDR Only available","No LDR Only available","rEX","20-04Rollup"
"Ndis.sys","Net_Protocol","6.1.7601.24546","0","16-Jan-20","LDR","4550964","April 14, 2020-KB4550964 (Monthly Rollup)","http://support.microsoft.com/kb/4550964","No LDR Only available","No LDR Only available","No LDR Only available","rEX","20-04Rollup"
"netiohlp.dll","Net_Protocol","6.1.7601.22477","0","11.10.2013","LDR","2896146 (v1.0)","Packet loss occurs when MTU is below 576 and PMTU discovery is enabled on your Windows 7 SP1 or Windows Server 2008 R2 SP1","http://support.microsoft.com/kb/2896146","2896146 (v1.0)","Packet loss occurs when MTU is below 576 and PMTU discovery is enabled on your Windows 7 SP1 or Windows Server 2008 R2 SP1","http://support.microsoft.com/kb/2896146"," ","16-04Rollup"
"Tdx.sys","Net_Protocol","6.1.7601.23880","0","29-Jul-17","LDR","4550964","April 14, 2020-KB4550964 (Monthly Rollup)","http://support.microsoft.com/kb/4550964","No LDR Only available","No LDR Only available","No LDR Only available","rEX","20-04Rollup"
"Dfsc.sys","Net_DFS-N_Client","6.1.7601.24136","0","25-Apr-18","LDR","4550964","April 14, 2020-KB4550964 (Monthly Rollup)","http://support.microsoft.com/kb/4550964","No LDR Only available","No LDR Only available","No LDR Only available","rEX","20-04Rollup"
"Csc.sys","Net_CSC_Offline","6.1.7601.24197","0","29-Jun-18","LDR","4550964","April 14, 2020-KB4550964 (Monthly Rollup)","http://support.microsoft.com/kb/4550964","No LDR Only available","No LDR Only available","No LDR Only available","rEX","20-04Rollup"
"Cscapi.dll","Net_CSC_Offline","6.1.7601.24197","0","29-Jun-18","LDR","4550964","April 14, 2020-KB4550964 (Monthly Rollup)","http://support.microsoft.com/kb/4550964","No LDR Only available","No LDR Only available","No LDR Only available","rEX","20-04Rollup"
"Cscdll.dll","Net_CSC_Offline","6.1.7601.24197","0","29-Jun-18","LDR","4550964","April 14, 2020-KB4550964 (Monthly Rollup)","http://support.microsoft.com/kb/4550964","No LDR Only available","No LDR Only available","No LDR Only available","rEX","20-04Rollup"
"Cscsvc.dll","Net_CSC_Offline","6.1.7601.24549","0","13-Feb-20","LDR","4550964","April 14, 2020-KB4550964 (Monthly Rollup)","http://support.microsoft.com/kb/4550964","No LDR Only available","No LDR Only available","No LDR Only available","rEX","20-04Rollup"
"Cscmig.dll","Net_CSC_Offline","6.1.7601.24197","0","29-Jun-18","LDR","4550964","April 14, 2020-KB4550964 (Monthly Rollup)","http://support.microsoft.com/kb/4550964","No LDR Only available","No LDR Only available","No LDR Only available","rEX","20-04Rollup"
"cscui.dll","Net_CSC_Offline","6.1.7601.22699","0","23.05.2014","LDR","2967567 (v1.0)","Cannot access DFS root when the DFS path is offline and you log on to a Windows-based computer for the first time","http://support.microsoft.com/kb/2967567","2967567 (v1.0)","Cannot access DFS root when the DFS path is offline and you log on to a Windows-based computer for the first time","http://support.microsoft.com/kb/2967567"," ","16-04Rollup"
"Mrxdav.sys","Net_WebDAV","6.1.7601.23542","0","8-Sep-16","LDR","4550964","April 14, 2020-KB4550964 (Monthly Rollup)","http://support.microsoft.com/kb/4550964","No LDR Only available","No LDR Only available","No LDR Only available","rEX","20-04Rollup"
"Webclnt.dll","Net_WebDAV","6.1.7601.23542","0","8-Sep-16","LDR","4550964","April 14, 2020-KB4550964 (Monthly Rollup)","http://support.microsoft.com/kb/4550964","No LDR Only available","No LDR Only available","No LDR Only available","rEX","20-04Rollup"
"Davclnt.dll","Net_WebDAV","6.1.7601.23542","0","8-Sep-16","LDR","4550964","April 14, 2020-KB4550964 (Monthly Rollup)","http://support.microsoft.com/kb/4550964","No LDR Only available","No LDR Only available","No LDR Only available","rEX","20-04Rollup"
"Shell32.dll","Net_WebDAV","6.1.7601.24468","0","25-May-19","LDR","4550964","April 14, 2020-KB4550964 (Monthly Rollup)","http://support.microsoft.com/kb/4550964","No LDR Only available","No LDR Only available","No LDR Only available","rEX","20-04Rollup"
"Winhttp.dll","Net_WebDAV","6.1.7601.24000","0","1-Jan-18","LDR","4550964","April 14, 2020-KB4550964 (Monthly Rollup)","http://support.microsoft.com/kb/4550964","No LDR Only available","No LDR Only available","No LDR Only available","rEX","20-04Rollup"
"Dhcpcore.dll","Net_DHCP_Client","6.1.7601.24498","0","13-Jul-19","LDR","4550964","April 14, 2020-KB4550964 (Monthly Rollup)","http://support.microsoft.com/kb/4550964","No LDR Only available","No LDR Only available","No LDR Only available","rEX","20-04Rollup"
"Dhcpcsvc.dll","Net_DHCP_Client","6.1.7601.24498","0","13-Jul-19","LDR","4550964","April 14, 2020-KB4550964 (Monthly Rollup)","http://support.microsoft.com/kb/4550964","No LDR Only available","No LDR Only available","No LDR Only available","rEX","20-04Rollup"
"dnsapi.dll","Net_DNS_Client","6.1.7601.24168","0","8-Jun-18","LDR","4550964","April 14, 2020-KB4550964 (Monthly Rollup)","http://support.microsoft.com/kb/4550964","No LDR Only available","No LDR Only available","No LDR Only available","rEX","20-04Rollup"
"dnsrslvr.dll","Net_DNS_Client","6.1.7601.24168","0","8-Jun-18","LDR","4550964","April 14, 2020-KB4550964 (Monthly Rollup)","http://support.microsoft.com/kb/4550964","No LDR Only available","No LDR Only available","No LDR Only available","rEX","20-04Rollup"
"Dnscacheugc.exe","Net_DNS_Client","6.1.7601.24168","0","8-Jun-18","LDR","4550964","April 14, 2020-KB4550964 (Monthly Rollup)","http://support.microsoft.com/kb/4550964","No LDR Only available","No LDR Only available","No LDR Only available","rEX","20-04Rollup"
"Rpcss.dll","Net_RPC","6.1.7601.24537","1","15-Nov-19","LDR","4550964","April 14, 2020-KB4550964 (Monthly Rollup)","http://support.microsoft.com/kb/4550964","No LDR Only available","No LDR Only available","No LDR Only available","rEX","20-04Rollup"
"Rpchttp.dll","Net_RPC","6.1.7601.24552","1","31-Mar-20","LDR","4550964","April 14, 2020-KB4550964 (Monthly Rollup)","http://support.microsoft.com/kb/4550964","No LDR Only available","No LDR Only available","No LDR Only available","rEX","20-04Rollup"
"Rpcrt4.dll","Net_RPC","6.1.7601.24552","1","31-Mar-20","LDR","4550964","April 14, 2020-KB4550964 (Monthly Rollup)","http://support.microsoft.com/kb/4550964","No LDR Only available","No LDR Only available","No LDR Only available","rEX","20-04Rollup"
"Bfe.dll","Net_Ipsec_BFE","6.1.7601.24000","1","1-Jan-18","LDR","4550964","April 14, 2020-KB4550964 (Monthly Rollup)","http://support.microsoft.com/kb/4550964","No LDR Only available","No LDR Only available","No LDR Only available","rEX","20-04Rollup"
"Ikeext.dll","Net_Ipsec_BFE","6.1.7601.24000","1","1-Jan-18","LDR","4550964","April 14, 2020-KB4550964 (Monthly Rollup)","http://support.microsoft.com/kb/4550964","No LDR Only available","No LDR Only available","No LDR Only available","rEX","20-04Rollup"
"Fwpuclnt.dll","Net_Ipsec_BFE","6.1.7601.24000","1","1-Jan-18","LDR","4550964","April 14, 2020-KB4550964 (Monthly Rollup)","http://support.microsoft.com/kb/4550964","No LDR Only available","No LDR Only available","No LDR Only available","rEX","20-04Rollup"
"Iphlpsvc.dll","Net_DirectAccess_Client","6.1.7601.24535","1","5-Nov-19","LDR","4550964","April 14, 2020-KB4550964 (Monthly Rollup)","http://support.microsoft.com/kb/4550964","No LDR Only available","No LDR Only available","No LDR Only available","rEX","20-04Rollup"
"Iphlpsvcmigplugin.dll","Net_DirectAccess_Client","6.1.7601.24535","1","5-Nov-19","LDR","4550964","April 14, 2020-KB4550964 (Monthly Rollup)","http://support.microsoft.com/kb/4550964","No LDR Only available","No LDR Only available","No LDR Only available","rEX","20-04Rollup"
"Netcorehc.dll","Net_DirectAccess_Client","6.1.7601.24535","1","5-Nov-19","LDR","4550964","April 14, 2020-KB4550964 (Monthly Rollup)","http://support.microsoft.com/kb/4550964","No LDR Only available","No LDR Only available","No LDR Only available","rEX","20-04Rollup"
"daotpcredentialprovider.dll","Net_DirectAccess_Client","7.1.7601.22653","1","15.04.2014","LDR","2939489 (v2.0)","""HTTP 403"" or ""0x80040001"" error when you connect to a DirectAccess server from a DCA tool in Windows 7 SP1","http://support.microsoft.com/kb/2939489","2939489 (v2.0)","""HTTP 403"" or ""0x80040001"" error when you connect to a DirectAccess server from a DCA tool in Windows 7 SP1","http://support.microsoft.com/kb/2939489"," ","16-04Rollup"
"Rdpcore.dll","Net_DirectAccess_Client","6.1.7601.24548","1","5-Feb-20","LDR","4550964","April 14, 2020-KB4550964 (Monthly Rollup)","http://support.microsoft.com/kb/4550964","No LDR Only available","No LDR Only available","No LDR Only available","rEX","20-04Rollup"
"dot3svc.dll","Net_IEEE802.1x","6.1.7601.22137","1","13.08.2014","LDR","2775511 (v1.0)","An enterprise hotfix rollup is available for Windows 7 SP1 and Windows Server 2008 R2 SP1","http://support.microsoft.com/kb/2775511","2736878 (v1.0)","802.1X authentication fails after you connect a computer to a network in Windows 7 SP1 or Windows Server 2008 R2 SP1","http://support.microsoft.com/kb/2736878","rEX","16-04Rollup"
"rastls.dll","Net_IEEE802.1x","6.1.7601.22792","1","04.09.2014","LDRGDR","2977292 (v1.0)","Microsoft security advisory: Update for Microsoft EAP implementation that enables the use of TLS: October 14, 2014","http://support.microsoft.com/kb/2977292","2769121 (v1.0)","802.1X authentication fails on a Windows 7-based or Windows 2008 R2-based computer that has multiple certificates","http://support.microsoft.com/kb/2769121","rEX","16-04Rollup"
"wlansvc.dll","Net_WLAN_Client","6.1.7601.24495","1","28-Jun-19","LDR","4550964","April 14, 2020-KB4550964 (Monthly Rollup)","http://support.microsoft.com/kb/4550964","No LDR Only available","No LDR Only available","No LDR Only available","rEX","20-04Rollup"
"wlanmsm.dll","Net_WLAN_Client","6.1.7601.24495","1","28-Jun-19","LDR","4550964","April 14, 2020-KB4550964 (Monthly Rollup)","http://support.microsoft.com/kb/4550964","No LDR Only available","No LDR Only available","No LDR Only available","rEX","20-04Rollup"
"wlanapi.dll","Net_WLAN_Client","6.1.7601.24495","1","28-Jun-19","LDR","4550964","April 14, 2020-KB4550964 (Monthly Rollup)","http://support.microsoft.com/kb/4550964","No LDR Only available","No LDR Only available","No LDR Only available","rEX","20-04Rollup"
"wlansec.dll","Net_WLAN_Client","6.1.7601.24495","1","28-Jun-19","LDR","4550964","April 14, 2020-KB4550964 (Monthly Rollup)","http://support.microsoft.com/kb/4550964","No LDR Only available","No LDR Only available","No LDR Only available","rEX","20-04Rollup"
"wlanhlp.dll","Net_WLAN_Client","6.1.7601.24495","1","28-Jun-19","LDR","4550964","April 14, 2020-KB4550964 (Monthly Rollup)","http://support.microsoft.com/kb/4550964","No LDR Only available","No LDR Only available","No LDR Only available","rEX","20-04Rollup"
"netcfgx.dll","Net_Config","6.1.7601.22650","1","08.04.2014","LDRGDR","2846340 (v3.0)","Duplicate friendly names of network adapters are displayed in Windows 7, Windows 8, Windows Server 2008 R2, and Windows Server 2012","http://support.microsoft.com/kb/2846340","2928496 (v1.0)","Wmiprvse.exe freezes in Windows 7 or Windows Server 2008 R2","http://support.microsoft.com/kb/2928496"," ","16-04Rollup"
"rasapi32.dll","HNV_Net","6.1.7601.22276","1","11.03.2013","LDR","2826164 (v1.0)","The remote access connection status is connected after the connection times out in Windows 7 and Windows Server 2008 R2","http://support.microsoft.com/kb/2826164","2826164 (v1.0)","The remote access connection status is connected after the connection times out in Windows 7 and Windows Server 2008 R2","http://support.microsoft.com/kb/2826164"," ","16-04Rollup"
"tunnel.sys","Net_IPv6","6.1.7601.22214","1","11.01.2013","LDRGDR","2591271 (v2.0)","""0x0000007E"" Stop error when you restart a computer that is running Windows Server 2008 R2 or Windows 7","http://support.microsoft.com/kb/2591271","No LDR Only available","No LDR Only available","No LDR Only available"," ","16-04Rollup"
"Dhcpcore6.dll","Net_IPv6","6.1.7601.24498","1","13-Jul-19","LDR","4550964","April 14, 2020-KB4550964 (Monthly Rollup)","http://support.microsoft.com/kb/4550964","No LDR Only available","No LDR Only available","No LDR Only available","rEX","20-04Rollup"
"Dhcpcsvc6.dll","Net_IPv6","6.1.7601.24498","1","13-Jul-19","LDR","4550964","April 14, 2020-KB4550964 (Monthly Rollup)","http://support.microsoft.com/kb/4550964","No LDR Only available","No LDR Only available","No LDR Only available","rEX","20-04Rollup"
"webio.dll","Net_BranchCache","6.1.7601.23375","1","09.03.2016","LDR","3140245 (v1.0)","A new registry key enables TLS 1.1 and TLS 1.2 to default secure protocols in WinHTTP in Windows","http://support.microsoft.com/kb/3140245","3140245 (v1.0)","A new registry key enables TLS 1.1 and TLS 1.2 to default secure protocols in WinHTTP in Windows","http://support.microsoft.com/kb/3140245","rEX","16-04Rollup"
"smbhash.exe","Net_BranchCache","6.1.7601.21822","1","19.09.2011","LDR","2591402 (v1.0)","The BranchCache feature does not work for shared files that are opened in read/write mode in Windows 7 or in Windows Server 2008 R2","http://support.microsoft.com/kb/2591402","2591402 (v1.0)","The BranchCache feature does not work for shared files that are opened in read/write mode in Windows 7 or in Windows Server 2008 R2","http://support.microsoft.com/kb/2591402"," ","16-04Rollup"
"Mpsdrv.sys","Net_Firewall","6.1.7601.24231","1","10-Aug-18","LDR","4550964","April 14, 2020-KB4550964 (Monthly Rollup)","http://support.microsoft.com/kb/4550964","No LDR Only available","No LDR Only available","No LDR Only available","rEX","20-04Rollup"
"MpsSvc.dll","Net_Firewall","6.1.7601.24231","1","10-Aug-18","LDR","4550964","April 14, 2020-KB4550964 (Monthly Rollup)","http://support.microsoft.com/kb/4550964","No LDR Only available","No LDR Only available","No LDR Only available","rEX","20-04Rollup"
"Ntoskrnl.exe","Core_Kernel","6.1.7601.24552","0","5-Feb-20","LDR","4550964","April 14, 2020-KB4550964 (Monthly Rollup)","http://support.microsoft.com/kb/4550964","No LDR Only available","No LDR Only available","No LDR Only available","rEX","20-04Rollup"
"ntkrnlpa.exe","Core_Kernel","6.1.7601.24552","0","5-Feb-20","LDR","4550964","April 14, 2020-KB4550964 (Monthly Rollup)","http://support.microsoft.com/kb/4550964","No LDR Only available","No LDR Only available","No LDR Only available","rEX","20-04Rollup"
"crashdmp.sys","Core_Kernel","6.1.7601.22277","0","12.03.2013","LDRGDR","2826910 (v1.0)","Secondary dump data is limited to 256 MB in Windows 7 and Windows Server 2008 R2","http://support.microsoft.com/kb/2826910","No LDR Only available","No LDR Only available","No LDR Only available"," ","16-04Rollup"
"Ntdll.dll","Core_Kernel","6.1.7601.24552","0","31-Mar-20","LDR","4550964","April 14, 2020-KB4550964 (Monthly Rollup)","http://support.microsoft.com/kb/4550964","No LDR Only available","No LDR Only available","No LDR Only available","rEX","20-04Rollup"
"Hal.dll","Core_Kernel","6.1.7601.24552","0","31-Mar-20","LDR","4550964","April 14, 2020-KB4550964 (Monthly Rollup)","http://support.microsoft.com/kb/4550964","No LDR Only available","No LDR Only available","No LDR Only available","rEX","20-04Rollup"
"Fltmgr.sys","Core_Kernel","6.1.7601.24000","0","1-Jan-18","LDR","4550964","April 14, 2020-KB4550964 (Monthly Rollup)","http://support.microsoft.com/kb/4550964","No LDR Only available","No LDR Only available","No LDR Only available","rEX","20-04Rollup"
"win32k.sys","Core_Kernel","6.1.7601.24551","0","13-Feb-20","LDR","4550964","April 14, 2020-KB4550964 (Monthly Rollup)","http://support.microsoft.com/kb/4550964","No LDR Only available","No LDR Only available","No LDR Only available","rEX","20-04Rollup"
"Ntfs.sys","Core_FileSystem","6.1.7601.24549","0","13-Feb-20","LDR","4550964","April 14, 2020-KB4550964 (Monthly Rollup)","http://support.microsoft.com/kb/4550964","No LDR Only available","No LDR Only available","No LDR Only available","rEX","20-04Rollup"
"msiscsi.sys","Core_DiskSystem","6.1.7601.22647","0","04.04.2014","LDR","2957560 (v1.0)","Computer that is running Windows freezes after stress testing in iSCSI initiator for many hours","http://support.microsoft.com/kb/2957560","2957560 (v1.0)","Computer that is running Windows freezes after stress testing in iSCSI initiator for many hours","http://support.microsoft.com/kb/2957560","rEX","16-04Rollup"
"storport.sys","Core_DiskSystem","6.1.7601.23172","0","14.08.2015","LDRGDR","3087873 (v2.0)","""0x0000007E"" Stop error after you install hotfix 2990941 in Windows 7 SP1 or Windows Server 2008 R2 SP1","http://support.microsoft.com/kb/3087873","2769701 (v1.0)","Slow disk write performance when you use a back-end SAN on a computer that is running Windows Server 2008 R2","http://support.microsoft.com/kb/2769701","rEX","16-04Rollup"
"repdrvfs.dll","Core_DiskSystem","6.1.7601.22137","0","13.08.2014","LDR","2775511 (v1.0)","An enterprise hotfix rollup is available for Windows 7 SP1 and Windows Server 2008 R2 SP1","http://support.microsoft.com/kb/2775511","2617858 (v1.0)","Unexpectedly slow startup or logon process in Windows Server 2008 R2 or in Windows 7","http://support.microsoft.com/kb/2617858","rEX","16-04Rollup"
"Advapi32.dll","Core_Apps","6.1.7601.24552","0","31-Mar-20","LDR","4550964","April 14, 2020-KB4550964 (Monthly Rollup)","http://support.microsoft.com/kb/4550964","No LDR Only available","No LDR Only available","No LDR Only available","rEX","20-04Rollup"
"Mshtml.dll","IE_Client","11.0.9600.19671","0","10-Mar-20","LDR","4550964","April 14, 2020-KB4550964 (Monthly Rollup)","http://support.microsoft.com/kb/4550964","No LDR Only available","No LDR Only available","No LDR Only available","rEX","20-04Rollup"
"4537829","Win2008R2_20_02_SSU_KB"," ","0","11-Feb-2020","LDR","4537829","Servicing stack update for Windows 7 SP1 and Server 2008 R2 SP1: February 11, 2020","http://support.microsoft.com/kb/4537829","KB only","KB only","KB Only"," ","No Rollup"
"4538483","Win2008R2_20_02_ESU_KB"," ","0","11-Feb-2020","LDR","4538483","Extended Security Updates (ESU) Licensing Preparation Package for Windows 7 SP1 and Windows Server 2008 R2 SP1","http://support.microsoft.com/kb/4538483","KB only","KB only","KB Only"," ","No Rollup"
"3125574","Win2008R2_16_04B_rollup_KB"," ","0","07-May-2016","LDR","3125574 (v1.0)","Convenience roll-up update for Windows 7 SP1 and Windows Server 2008 R2 SP1","http://support.microsoft.com/kb/3125574","KB only","KB only","KB Only"," ","No Rollup"
"4550964","Win2008R2_20-04_B_rollup_KB"," ","0","14-Apr-2020","GDR","4550964 (v1.0)","April 14, 2020-KB4550964 (Monthly Rollup)","http://support.microsoft.com/kb/4550964","KB only","KB only","KB only"," ","20-04Rollup"
