<Profiles>
    <EventProvider Id="RRAS" Name="24989972-0967-4E21-A926-93854033638E" />
    <EventProvider Id="BFE" Name="106B464A-8043-46B1-8CB8-E92A0CD7A560" />
    <EventProvider Id="FWPKCLNT" Name="AD33FA19-F2D2-46D1-8F4C-E3C3087E45AD" />
    <EventProvider Id="FWPUCLNT" Name="5A1600D2-68E5-4DE7-BCF4-1C2D215FE0FE" />
    <EventProvider Id="IKEEXT" Name="106B464D-8043-46B1-8CB8-E92A0CD7A560" />
    <EventProvider Id="TCPIP_ServiceTrace" Name="EB004A05-9B1A-11D4-9123-0050047759BC" />
    <EventProvider Id="EAPHost_WPP" Name="5F31090B-D990-4e91-B16D-46121D0255AA" />
    <EventProvider Id="NetUx_WPP" Name="e6dec100-4e0f-4927-92be-e69d7c15c821" />
    <EventProvider Id="Microsoft-Windows-Networking-VPN-Plugin-Platform" Name="E5FC4A0F-7198-492F-9B0F-88FDCBFDED48" />
    <EventProvider Id="Microsoft.Windows.Networking.VpnCsp" Name="EFD89D89-6B12-4467-BBFA-8122C589E066" />
</Profiles>
